2026-10-10T00:08:14.0740020Z Current runner version: '2.337.0'
2026-10-10T00:08:14.0763351Z ##[group]Runner Image Provisioner
2026-10-10T00:08:14.0764445Z Hosted Compute Agent
2026-10-10T00:08:14.0765031Z Version: 20261002.596
2026-10-10T00:08:14.0765734Z Commit: c3d12f3313a95f25162a1503be624f3b0617f8c0
2026-10-10T00:08:14.0766485Z Build Date: 2026-10-02T22:28:27Z
2026-10-10T00:08:14.0767226Z Worker ID: {4cd87875-af18-4374-be4f-68c0fe90a579}
2026-10-10T00:08:14.0767959Z Region: centralus
2026-10-10T00:08:14.0768493Z Cloud: Azure
2026-10-10T00:08:14.0769076Z ##[endgroup]
2026-10-10T00:08:14.0770360Z ##[group]Operating System
2026-10-10T00:08:14.0770999Z Ubuntu
2026-10-10T00:08:14.0771519Z 24.04.5
2026-10-10T00:08:14.0772023Z LTS
2026-10-10T00:08:14.0772584Z ##[endgroup]
2026-10-10T00:08:14.0773128Z ##[group]Runner Image
2026-10-10T00:08:14.0773744Z Image: ubuntu-24.04
2026-10-10T00:08:14.0774815Z Version: 20261004.327.1
2026-10-10T00:08:14.0776180Z Included Software: https://github.com/actions/runner-images/blob/ubuntu24/20261004.327/images/ubuntu/Ubuntu2404-Readme.md
2026-10-10T00:08:14.0777842Z Image Release: https://github.com/actions/runner-images/releases/tag/ubuntu24%2F20261004.327
2026-10-10T00:08:14.0778872Z ##[endgroup]
2026-10-10T00:08:14.0780074Z ##[group]GITHUB_TOKEN Permissions
2026-10-10T00:08:14.0782151Z Actions: read
2026-10-10T00:08:14.0782742Z Contents: read
2026-10-10T00:08:14.0783293Z Metadata: read
2026-10-10T00:08:14.0783866Z ##[endgroup]
2026-10-10T00:08:14.0786086Z Secret source: Actions
2026-10-10T00:08:14.0787052Z Cache mode: write
2026-10-10T00:08:14.0787723Z Prepare workflow directory
2026-10-10T00:08:14.1186710Z Prepare all required actions
2026-10-10T00:08:14.1241594Z Getting action download info
2026-10-10T00:08:14.3879465Z Download action repository 'actions/checkout@v4' (SHA:11d5960a326750d5838078e36cf38b85af677262)
2026-10-10T00:08:14.4792841Z Download action repository 'actions/github-script@v7' (SHA:f28e40c7f34bde8b3046d885e986cb6290c5673b)
2026-10-10T00:08:14.8320210Z Download action repository 'actions/setup-node@v4' (SHA:49933ea5288caeca8642d1e84afbd3f7d6820020)
2026-10-10T00:08:14.9569201Z Download action repository 'leanprover/lean-action@v1' (SHA:f061402b660e0c34644504b324e830f2991d4865)
2026-10-10T00:08:15.1579717Z Download action repository 'actions/cache@v4' (SHA:0057852bfaa89a56745cba8c7296529d2fc39830)
2026-10-10T00:08:15.3073540Z Download action repository 'actions/upload-artifact@v4' (SHA:ea165f8d65b6e75b540449e92b4886f43607fa02)
2026-10-10T00:08:15.5711635Z Getting action download info
2026-10-10T00:08:15.6641516Z Download action repository 'actions/cache@caa296126883cff596d87d8935842f9db880ef25' (SHA:caa296126883cff596d87d8935842f9db880ef25)
2026-10-10T00:08:15.8899802Z Complete job name: compiler
2026-10-10T00:08:15.9672738Z ##[group]Run actions/checkout@v4
2026-10-10T00:08:15.9673470Z with:
2026-10-10T00:08:15.9673948Z   repository: dwijayuda/pskernel
2026-10-10T00:08:15.9676797Z   token: ***
2026-10-10T00:08:15.9677300Z   ssh-strict: true
2026-10-10T00:08:15.9677752Z   ssh-user: git
2026-10-10T00:08:15.9678246Z   persist-credentials: true
2026-10-10T00:08:15.9678744Z   clean: true
2026-10-10T00:08:15.9679201Z   sparse-checkout-cone-mode: true
2026-10-10T00:08:15.9679717Z   fetch-depth: 1
2026-10-10T00:08:15.9680152Z   fetch-tags: false
2026-10-10T00:08:15.9680574Z   show-progress: true
2026-10-10T00:08:15.9681039Z   lfs: false
2026-10-10T00:08:15.9681519Z   submodules: false
2026-10-10T00:08:15.9681987Z   set-safe-directory: true
2026-10-10T00:08:15.9682473Z   allow-unsafe-pr-checkout: false
2026-10-10T00:08:15.9683095Z ##[endgroup]
2026-10-10T00:08:16.0709427Z Syncing repository: dwijayuda/pskernel
2026-10-10T00:08:16.0712385Z ##[group]Getting Git version info
2026-10-10T00:08:16.0713635Z Working directory is '/home/runner/work/pskernel/pskernel'
2026-10-10T00:08:16.0715311Z [command]/usr/bin/git version
2026-10-10T00:08:16.0754814Z git version 2.55.0
2026-10-10T00:08:16.0775357Z ##[endgroup]
2026-10-10T00:08:16.0790046Z Temporarily overriding HOME='/home/runner/work/_temp/3d03dd9d-0335-4bef-936d-aafedbb01fc1' before making global git config changes
2026-10-10T00:08:16.0791710Z Adding repository directory to the temporary git global config as a safe directory
2026-10-10T00:08:16.0796012Z [command]/usr/bin/git config --global --add safe.directory /home/runner/work/pskernel/pskernel
2026-10-10T00:08:16.0858168Z Deleting the contents of '/home/runner/work/pskernel/pskernel'
2026-10-10T00:08:16.0863420Z ##[group]Initializing the repository
2026-10-10T00:08:16.0868751Z [command]/usr/bin/git init /home/runner/work/pskernel/pskernel
2026-10-10T00:08:16.0999664Z hint: Using 'master' as the name for the initial branch. This default branch name
2026-10-10T00:08:16.1001191Z hint: will change to "main" in Git 3.0. To configure the initial branch name
2026-10-10T00:08:16.1002595Z hint: to use in all of your new repositories, which will suppress this warning,
2026-10-10T00:08:16.1003697Z hint: call:
2026-10-10T00:08:16.1004627Z hint:
2026-10-10T00:08:16.1005667Z hint: 	git config --global init.defaultBranch <name>
2026-10-10T00:08:16.1006608Z hint:
2026-10-10T00:08:16.1007448Z hint: Names commonly chosen instead of 'master' are 'main', 'trunk' and
2026-10-10T00:08:16.1008752Z hint: 'development'. The just-created branch can be renamed via this command:
2026-10-10T00:08:16.1010180Z hint:
2026-10-10T00:08:16.1011240Z hint: 	git branch -m <name>
2026-10-10T00:08:16.1012108Z hint:
2026-10-10T00:08:16.1013165Z hint: Disable this message with "git config set advice.defaultBranchName false"
2026-10-10T00:08:16.1015110Z Initialized empty Git repository in /home/runner/work/pskernel/pskernel/.git/
2026-10-10T00:08:16.1021773Z [command]/usr/bin/git remote add origin https://github.com/dwijayuda/pskernel
2026-10-10T00:08:16.1083532Z ##[endgroup]
2026-10-10T00:08:16.1085502Z ##[group]Disabling automatic garbage collection
2026-10-10T00:08:16.1097603Z [command]/usr/bin/git config --local gc.auto 0
2026-10-10T00:08:16.1137852Z ##[endgroup]
2026-10-10T00:08:16.1139076Z ##[group]Setting up auth
2026-10-10T00:08:16.1146939Z [command]/usr/bin/git config --local --name-only --get-regexp core\.sshCommand
2026-10-10T00:08:16.1183035Z [command]/usr/bin/git submodule foreach --recursive sh -c "git config --local --name-only --get-regexp 'core\.sshCommand' && git config --local --unset-all 'core.sshCommand' || :"
2026-10-10T00:08:16.1615480Z [command]/usr/bin/git config --local --name-only --get-regexp http\.https\:\/\/github\.com\/\.extraheader
2026-10-10T00:08:16.1656068Z [command]/usr/bin/git submodule foreach --recursive sh -c "git config --local --name-only --get-regexp 'http\.https\:\/\/github\.com\/\.extraheader' && git config --local --unset-all 'http.https://github.com/.extraheader' || :"
2026-10-10T00:08:16.1839150Z [command]/usr/bin/git config --local --name-only --get-regexp ^includeIf\.gitdir:
2026-10-10T00:08:16.1868925Z [command]/usr/bin/git submodule foreach --recursive git config --local --show-origin --name-only --get-regexp remote.origin.url
2026-10-10T00:08:16.2057240Z [command]/usr/bin/git config --local http.https://github.com/.extraheader AUTHORIZATION: basic ***
2026-10-10T00:08:16.2096726Z ##[endgroup]
2026-10-10T00:08:16.2097726Z ##[group]Fetching the repository
2026-10-10T00:08:16.2106702Z [command]/usr/bin/git -c protocol.version=2 fetch --no-tags --prune --no-recurse-submodules --depth=1 origin +fb8f8076df3ed8708f927f88aa2d32febbfa89dc:refs/remotes/origin/psc0/strict-sh1-v1
2026-10-10T00:08:29.3033279Z From https://github.com/dwijayuda/pskernel
2026-10-10T00:08:29.3034314Z  * [new ref]           fb8f8076df3ed8708f927f88aa2d32febbfa89dc -> origin/psc0/strict-sh1-v1
2026-10-10T00:08:29.3046054Z ##[endgroup]
2026-10-10T00:08:29.3047338Z ##[group]Determining the checkout info
2026-10-10T00:08:29.3048415Z ##[endgroup]
2026-10-10T00:08:29.3048973Z [command]/usr/bin/git sparse-checkout disable
2026-10-10T00:08:29.3102816Z [command]/usr/bin/git config --local --unset-all extensions.worktreeConfig
2026-10-10T00:08:29.3136570Z ##[group]Checking out the ref
2026-10-10T00:08:29.3141287Z [command]/usr/bin/git checkout --progress --force -B psc0/strict-sh1-v1 refs/remotes/origin/psc0/strict-sh1-v1
2026-10-10T00:08:31.6106136Z Updating files:   7% (1515/20812)
2026-10-10T00:08:31.6173517Z Updating files:   7% (1518/20812)
2026-10-10T00:08:31.6271230Z Updating files:   8% (1665/20812)
2026-10-10T00:08:31.6460824Z Updating files:   9% (1874/20812)
2026-10-10T00:08:31.6640323Z Updating files:  10% (2082/20812)
2026-10-10T00:08:31.6933003Z Updating files:  11% (2290/20812)
2026-10-10T00:08:31.7021230Z Updating files:  12% (2498/20812)
2026-10-10T00:08:32.5105966Z Updating files:  13% (2706/20812)
2026-10-10T00:08:33.7218089Z Updating files:  13% (2863/20812)
2026-10-10T00:08:33.7238550Z Updating files:  13% (2866/20812)
2026-10-10T00:08:33.7328007Z Updating files:  14% (2914/20812)
2026-10-10T00:08:33.7391572Z Updating files:  15% (3122/20812)
2026-10-10T00:08:33.7481918Z Updating files:  16% (3330/20812)
2026-10-10T00:08:33.7623022Z Updating files:  17% (3539/20812)
2026-10-10T00:08:33.7713212Z Updating files:  18% (3747/20812)
2026-10-10T00:08:33.7861429Z Updating files:  19% (3955/20812)
2026-10-10T00:08:33.8186313Z Updating files:  20% (4163/20812)
2026-10-10T00:08:33.8383370Z Updating files:  21% (4371/20812)
2026-10-10T00:08:33.8472148Z Updating files:  22% (4579/20812)
2026-10-10T00:08:34.6536118Z Updating files:  23% (4787/20812)
2026-10-10T00:08:35.4728101Z Updating files:  23% (4933/20812)
2026-10-10T00:08:35.8667795Z Updating files:  23% (4935/20812)
2026-10-10T00:08:35.8751498Z Updating files:  24% (4995/20812)
2026-10-10T00:08:35.8812313Z Updating files:  25% (5203/20812)
2026-10-10T00:08:35.8901147Z Updating files:  26% (5412/20812)
2026-10-10T00:08:35.8989916Z Updating files:  27% (5620/20812)
2026-10-10T00:08:35.9071871Z Updating files:  28% (5828/20812)
2026-10-10T00:08:35.9983302Z Updating files:  29% (6036/20812)
2026-10-10T00:08:36.0157063Z Updating files:  30% (6244/20812)
2026-10-10T00:08:36.0289775Z Updating files:  31% (6452/20812)
2026-10-10T00:08:36.0423019Z Updating files:  32% (6660/20812)
2026-10-10T00:08:36.0575282Z Updating files:  33% (6868/20812)
2026-10-10T00:08:36.0704692Z Updating files:  34% (7077/20812)
2026-10-10T00:08:36.0835721Z Updating files:  35% (7285/20812)
2026-10-10T00:08:36.0971255Z Updating files:  36% (7493/20812)
2026-10-10T00:08:36.1105960Z Updating files:  37% (7701/20812)
2026-10-10T00:08:36.1211334Z Updating files:  38% (7909/20812)
2026-10-10T00:08:36.1349276Z Updating files:  39% (8117/20812)
2026-10-10T00:08:36.1571745Z Updating files:  40% (8325/20812)
2026-10-10T00:08:36.1674003Z Updating files:  41% (8533/20812)
2026-10-10T00:08:36.1771800Z Updating files:  42% (8742/20812)
2026-10-10T00:08:36.1871291Z Updating files:  43% (8950/20812)
2026-10-10T00:08:36.1961516Z Updating files:  44% (9158/20812)
2026-10-10T00:08:36.2383340Z Updating files:  45% (9366/20812)
2026-10-10T00:08:36.3390332Z Updating files:  46% (9574/20812)
2026-10-10T00:08:36.3726389Z Updating files:  46% (9676/20812)
2026-10-10T00:08:36.4400974Z Updating files:  47% (9782/20812)
2026-10-10T00:08:36.5422602Z Updating files:  48% (9990/20812)
2026-10-10T00:08:36.7532533Z Updating files:  49% (10198/20812)
2026-10-10T00:08:37.0544550Z Updating files:  50% (10406/20812)
2026-10-10T00:08:37.3397632Z Updating files:  51% (10615/20812)
2026-10-10T00:08:37.4056681Z Updating files:  51% (10777/20812)
2026-10-10T00:08:37.6791244Z Updating files:  52% (10823/20812)
2026-10-10T00:08:37.9692265Z Updating files:  53% (11031/20812)
2026-10-10T00:08:38.3430917Z Updating files:  54% (11239/20812)
2026-10-10T00:08:38.4732353Z Updating files:  54% (11391/20812)
2026-10-10T00:08:38.6941446Z Updating files:  55% (11447/20812)
2026-10-10T00:08:38.7753164Z Updating files:  56% (11655/20812)
2026-10-10T00:08:38.8637676Z Updating files:  57% (11863/20812)
2026-10-10T00:08:38.8694184Z Updating files:  58% (12071/20812)
2026-10-10T00:08:38.8738873Z Updating files:  59% (12280/20812)
2026-10-10T00:08:38.8795241Z Updating files:  60% (12488/20812)
2026-10-10T00:08:38.8855056Z Updating files:  61% (12696/20812)
2026-10-10T00:08:38.8906227Z Updating files:  62% (12904/20812)
2026-10-10T00:08:38.8986627Z Updating files:  63% (13112/20812)
2026-10-10T00:08:38.9060879Z Updating files:  64% (13320/20812)
2026-10-10T00:08:38.9132442Z Updating files:  65% (13528/20812)
2026-10-10T00:08:38.9204660Z Updating files:  66% (13736/20812)
2026-10-10T00:08:38.9265063Z Updating files:  67% (13945/20812)
2026-10-10T00:08:38.9325610Z Updating files:  68% (14153/20812)
2026-10-10T00:08:38.9381708Z Updating files:  69% (14361/20812)
2026-10-10T00:08:38.9435972Z Updating files:  70% (14569/20812)
2026-10-10T00:08:38.9497427Z Updating files:  71% (14777/20812)
2026-10-10T00:08:38.9564707Z Updating files:  72% (14985/20812)
2026-10-10T00:08:38.9616532Z Updating files:  73% (15193/20812)
2026-10-10T00:08:38.9713261Z Updating files:  74% (15401/20812)
2026-10-10T00:08:38.9767263Z Updating files:  75% (15609/20812)
2026-10-10T00:08:38.9823409Z Updating files:  76% (15818/20812)
2026-10-10T00:08:38.9877266Z Updating files:  77% (16026/20812)
2026-10-10T00:08:38.9937371Z Updating files:  78% (16234/20812)
2026-10-10T00:08:38.9998256Z Updating files:  79% (16442/20812)
2026-10-10T00:08:39.0077778Z Updating files:  80% (16650/20812)
2026-10-10T00:08:39.0133438Z Updating files:  81% (16858/20812)
2026-10-10T00:08:39.0179868Z Updating files:  82% (17066/20812)
2026-10-10T00:08:39.0227880Z Updating files:  83% (17274/20812)
2026-10-10T00:08:39.0273506Z Updating files:  84% (17483/20812)
2026-10-10T00:08:39.0317362Z Updating files:  85% (17691/20812)
2026-10-10T00:08:39.0358518Z Updating files:  86% (17899/20812)
2026-10-10T00:08:39.0385066Z Updating files:  87% (18107/20812)
2026-10-10T00:08:39.0413991Z Updating files:  88% (18315/20812)
2026-10-10T00:08:39.0445592Z Updating files:  89% (18523/20812)
2026-10-10T00:08:39.0710447Z Updating files:  90% (18731/20812)
2026-10-10T00:08:39.0916470Z Updating files:  91% (18939/20812)
2026-10-10T00:08:39.0968440Z Updating files:  92% (19148/20812)
2026-10-10T00:08:39.1022738Z Updating files:  93% (19356/20812)
2026-10-10T00:08:39.2686071Z Updating files:  94% (19564/20812)
2026-10-10T00:08:39.3433574Z Updating files:  95% (19772/20812)
2026-10-10T00:08:39.3635496Z Updating files:  95% (19958/20812)
2026-10-10T00:08:39.4381900Z Updating files:  96% (19980/20812)
2026-10-10T00:08:39.4634497Z Updating files:  97% (20188/20812)
2026-10-10T00:08:39.5348632Z Updating files:  98% (20396/20812)
2026-10-10T00:08:39.5850295Z Updating files:  99% (20604/20812)
2026-10-10T00:08:39.5850960Z Updating files: 100% (20812/20812)
2026-10-10T00:08:39.5851341Z Updating files: 100% (20812/20812), done.
2026-10-10T00:08:39.7591246Z Switched to a new branch 'psc0/strict-sh1-v1'
2026-10-10T00:08:39.7592148Z branch 'psc0/strict-sh1-v1' set up to track 'origin/psc0/strict-sh1-v1'.
2026-10-10T00:08:39.7656626Z ##[endgroup]
2026-10-10T00:08:39.7694381Z [command]/usr/bin/git log -1 --format=%H
2026-10-10T00:08:39.7718401Z fb8f8076df3ed8708f927f88aa2d32febbfa89dc
2026-10-10T00:08:39.9137060Z ##[group]Run actions/github-script@v7
2026-10-10T00:08:39.9137445Z with:
2026-10-10T00:08:39.9141825Z   script: const { mkdir, writeFile } = await import('node:fs/promises');
const path = await import('node:path');
const root = process.env.GITHUB_WORKSPACE + '/psc0';
const recovery = await import(root + '/scripts/sh1-native-seed-recovery.mjs');
const { selected, policySha256, recipeSha256 } = await recovery.readNativeSeedRecoveryPolicy({ root });
const directory = path.join(root, 'dist/sh1-seed-selection');
await mkdir(directory, { recursive: true });
await writeFile(path.join(directory, 'selected-native-recovery.json'), JSON.stringify({
  sourceRef: selected.sourceRef, identitySha256: selected.identitySha256,
  policySha256, recipeSha256, recipe: recovery.nativeSeedRecoveryRecipe,
  parentMetadataRetained: Boolean(selected.parent),
  parentExecutionRequired: false, typescriptVersion: '7.0.2',
}, null, 2) + '\n');
for (const [name, value] of Object.entries({
  mode: selected.mode,
  'full-qualification': process.env.PSC0_SH1_FULL_QUALIFICATION === 'true',
  'node-version': selected.nodeVersion,
  'source-ref': selected.sourceRef,
  'compiler-path': selected.compilerPath,
  'cache-key': selected.cacheKey,
  'cache-directory': selected.cacheDirectory,
  'artifact-run-id': selected.artifactRunId,
  'artifact-name': selected.artifactName,
  'recovery-typescript-version': '7.0.2',
  'has-parent': Boolean(selected.parent),
})) core.setOutput(name, value);

2026-10-10T00:08:39.9148883Z   github-token: ***
2026-10-10T00:08:39.9149211Z   debug: false
2026-10-10T00:08:39.9149596Z   user-agent: actions/github-script
2026-10-10T00:08:39.9150029Z   result-encoding: json
2026-10-10T00:08:39.9150372Z   retries: 0
2026-10-10T00:08:39.9150743Z   retry-exempt-status-codes: 400,401,403,404,422
2026-10-10T00:08:39.9151138Z env:
2026-10-10T00:08:39.9151444Z   PSC0_SH1_FULL_QUALIFICATION: true
2026-10-10T00:08:39.9151853Z ##[endgroup]
2026-10-10T00:08:40.0515884Z ##[group]Run actions/setup-node@v4
2026-10-10T00:08:40.0516254Z with:
2026-10-10T00:08:40.0516554Z   node-version: 22.23.3
2026-10-10T00:08:40.0516871Z   always-auth: false
2026-10-10T00:08:40.0517235Z   check-latest: false
2026-10-10T00:08:40.0519514Z   token: ***
2026-10-10T00:08:40.0519799Z ##[endgroup]
2026-10-10T00:08:40.2598360Z Found in cache @ /opt/hostedtoolcache/node/22.23.3/x64
2026-10-10T00:08:40.2603508Z ##[group]Environment details
2026-10-10T00:08:40.2612112Z (node:2265) [DEP0040] DeprecationWarning: The `punycode` module is deprecated. Please use a userland alternative instead.
2026-10-10T00:08:40.2613078Z (Use `node --trace-deprecation ...` to show where the warning was created)
2026-10-10T00:08:42.2485269Z node: v22.23.3
2026-10-10T00:08:42.2485879Z npm: 10.9.9
2026-10-10T00:08:42.2486632Z yarn: 1.22.22
2026-10-10T00:08:42.2487692Z ##[endgroup]
2026-10-10T00:08:42.2620813Z ##[group]Run node --max-old-space-size=8192 scripts/sh1-resource-policy.mjs --preflight dist/sh1/resource-policy-preflight.json
2026-10-10T00:08:42.2621816Z [36;1mnode --max-old-space-size=8192 scripts/sh1-resource-policy.mjs --preflight dist/sh1/resource-policy-preflight.json[0m
2026-10-10T00:08:42.2821981Z shell: /usr/bin/bash -e {0}
2026-10-10T00:08:42.2822361Z ##[endgroup]
2026-10-10T00:08:42.3453385Z PSC0_SH1_RESOURCE_POLICY: {"schemaVersion":1,"evidence":"generated-qualification-resource-preflight","command":"workflow-preflight","policy":{"id":"psc0-sh1-generated-qualification-resources/1","node":"v22.23.3","platform":"linux","architecture":"x64","oldSpaceMiB":8192,"minimumAvailableBytes":12884901888,"minimumHeapLimitBytes":8589934592,"maximumHeapLimitBytes":8858370048,"checkBoundary":"process-entry-before-generated-compiler-loading","automaticFallback":false,"semanticContractQualified":false},"node":"v22.23.3","platform":"linux","architecture":"x64","pid":2297,"passed":true,"strictSh1Qualified":false,"semanticContractQualified":false,"heap":{"explicitOldSpaceMiB":8192,"observedHeapLimitBytes":8640266240,"inheritedHeapOverride":false},"physical":{"totalBytes":16765378560,"availableBytes":15383207936},"nodeMemory":{"availableBytes":15383207936,"constrainedBytes":"18446744073709552000","bindingConstraintBytes":null},"cgroup":{"version":2,"membership":"/system.slice/hosted-compute-agent.service","mountRoot":"/","mountPoint":"/sys/fs/cgroup","visibility":"current-and-visible-ancestor-cgroups","observations":[{"directory":"/sys/fs/cgroup/system.slice/hosted-compute-agent.service","limitFile":"memory.max","limitBytes":"max","currentBytes":"3416006656","capacityBytes":16765378560,"availableBytes":16765378560},{"directory":"/sys/fs/cgroup/system.slice/hosted-compute-agent.service","limitFile":"memory.high","limitBytes":"max","currentBytes":"3416006656","capacityBytes":16765378560,"availableBytes":16765378560},{"directory":"/sys/fs/cgroup/system.slice","limitFile":"memory.max","limitBytes":"max","currentBytes":"5974384640","capacityBytes":16765378560,"availableBytes":16765378560},{"directory":"/sys/fs/cgroup/system.slice","limitFile":"memory.high","limitBytes":"max","currentBytes":"5974384640","capacityBytes":16765378560,"availableBytes":16765378560},{"directory":"/sys/fs/cgroup","globalRootWithoutMemoryController":true}]},"effectiveCapacityBytes":16765378560,"effectiveAvailableBytes":15383207936}
2026-10-10T00:08:42.3726053Z ##[group]Run leanprover/lean-action@v1
2026-10-10T00:08:42.3726490Z with:
2026-10-10T00:08:42.3726875Z   lake-package-directory: psc0
2026-10-10T00:08:42.3727251Z   auto-config: false
2026-10-10T00:08:42.3727565Z   build: false
2026-10-10T00:08:42.3727841Z   test: false
2026-10-10T00:08:42.3728175Z   use-github-cache: false
2026-10-10T00:08:42.3728535Z   use-mathlib-cache: false
2026-10-10T00:08:42.3728856Z   lint: default
2026-10-10T00:08:42.3729162Z   mk_all-check: false
2026-10-10T00:08:42.3729501Z   check-reservoir-eligibility: false
2026-10-10T00:08:42.3729878Z   leanchecker: false
2026-10-10T00:08:42.3730247Z   lean4checker: false
2026-10-10T00:08:42.3730565Z   nanoda: false
2026-10-10T00:08:42.3730886Z   nanoda-allow-sorry: true
2026-10-10T00:08:42.3731209Z   axiom-audit: false
2026-10-10T00:08:42.3731612Z   axiom-audit-allow: propext,Classical.choice,Quot.sound
2026-10-10T00:08:42.3732104Z   reinstall-transient-toolchain: false
2026-10-10T00:08:42.3732443Z ##[endgroup]
2026-10-10T00:08:42.3803433Z ##[start-action display=install elan;id=__leanprover_lean-action.__run]
2026-10-10T00:08:42.3833933Z ##[group]Run : Install Elan
2026-10-10T00:08:42.3834423Z [36;1m: Install Elan[0m
2026-10-10T00:08:42.3834824Z [36;1m${GITHUB_ACTION_PATH}/scripts/install_elan.sh[0m
2026-10-10T00:08:42.3877069Z shell: /usr/bin/bash --noprofile --norc -e -o pipefail {0}
2026-10-10T00:08:42.3877525Z ##[endgroup]
2026-10-10T00:08:42.3959591Z ##[group]Elan Installation Output
2026-10-10T00:08:42.4647942Z info: downloading installer
2026-10-10T00:08:44.0946792Z info: downloading https://releases.lean-lang.org/lean4/v4.34.0/lean-4.34.0-linux.tar.zst
2026-10-10T00:08:50.8701356Z info: installing /home/runner/.elan/toolchains/leanprover--lean4---v4.34.0
2026-10-10T00:09:01.2244915Z Lean (version 4.34.0, x86_64-unknown-linux-gnu, commit 293d5d0c0c3f3dded4688b3ccd6a33939ac5102b, Release)
2026-10-10T00:09:01.2677080Z Lake version 5.0.0-src+293d5d0 (Lean version 4.34.0)
2026-10-10T00:09:01.2701171Z ##[endgroup]
2026-10-10T00:09:01.2701550Z 
2026-10-10T00:09:01.2721254Z ##[end-action id=__leanprover_lean-action.__run;outcome=success;conclusion=success;duration_ms=18891]
2026-10-10T00:09:01.2726546Z ##[start-action display=configure `lean-action`;id=__leanprover_lean-action.config]
2026-10-10T00:09:01.4075835Z ##[group]Run : Configure Lean Action
2026-10-10T00:09:01.4076251Z [36;1m: Configure Lean Action[0m
2026-10-10T00:09:01.4076648Z [36;1m${GITHUB_ACTION_PATH}/scripts/config.sh[0m
2026-10-10T00:09:01.4117944Z shell: /usr/bin/bash --noprofile --norc -e -o pipefail {0}
2026-10-10T00:09:01.4118473Z env:
2026-10-10T00:09:01.4118836Z   AUTO_CONFIG: false
2026-10-10T00:09:01.4119167Z   BUILD: false
2026-10-10T00:09:01.4119452Z   TEST: false
2026-10-10T00:09:01.4119718Z   LINT: default
2026-10-10T00:09:01.4120034Z ##[endgroup]
2026-10-10T00:09:01.4511136Z ##[group]Configure lean-action
2026-10-10T00:09:01.4543876Z ##[end-action id=__leanprover_lean-action.config;outcome=success;conclusion=success;duration_ms=181]
2026-10-10T00:09:01.4547240Z ##[start-action display=reinstall transient toolchain;id=__leanprover_lean-action.__run_2]
2026-10-10T00:09:01.4554838Z ##[end-action id=__leanprover_lean-action.__run_2;outcome=skipped;conclusion=skipped;duration_ms=0]
2026-10-10T00:09:01.4558862Z ##[start-action display=ensure all files are imported;id=__leanprover_lean-action.mk_all]
2026-10-10T00:09:01.4563935Z ##[end-action id=__leanprover_lean-action.mk_all;outcome=skipped;conclusion=skipped;duration_ms=0]
2026-10-10T00:09:01.4566896Z ##[start-action display=Run actions/cache/restore@caa296126883cff596d87d8935842f9db880ef25;id=__leanprover_lean-action.__actions_cache]
2026-10-10T00:09:01.4571360Z ##[end-action id=__leanprover_lean-action.__actions_cache;outcome=skipped;conclusion=skipped;duration_ms=0]
2026-10-10T00:09:01.4573435Z ##[start-action display=detect mathlib;id=__leanprover_lean-action.detect-mathlib]
2026-10-10T00:09:01.4578410Z ##[end-action id=__leanprover_lean-action.detect-mathlib;outcome=skipped;conclusion=skipped;duration_ms=0]
2026-10-10T00:09:01.4580449Z ##[start-action display=get mathlib cache;id=__leanprover_lean-action.__run_3]
2026-10-10T00:09:01.4593494Z ##[end-action id=__leanprover_lean-action.__run_3;outcome=skipped;conclusion=skipped;duration_ms=0]
2026-10-10T00:09:01.4620550Z ##[start-action display=build dwijayuda/pskernel;id=__leanprover_lean-action.build]
2026-10-10T00:09:01.4627184Z ##[end-action id=__leanprover_lean-action.build;outcome=skipped;conclusion=skipped;duration_ms=0]
2026-10-10T00:09:01.4629678Z ##[start-action display=Run actions/cache/save@caa296126883cff596d87d8935842f9db880ef25;id=__leanprover_lean-action.__actions_cache_2]
2026-10-10T00:09:01.4634243Z ##[end-action id=__leanprover_lean-action.__actions_cache_2;outcome=skipped;conclusion=skipped;duration_ms=0]
2026-10-10T00:09:01.4638162Z ##[start-action display=test dwijayuda/pskernel;id=__leanprover_lean-action.test]
2026-10-10T00:09:01.4643658Z ##[end-action id=__leanprover_lean-action.test;outcome=skipped;conclusion=skipped;duration_ms=0]
2026-10-10T00:09:01.4647027Z ##[start-action display=lint dwijayuda/pskernel;id=__leanprover_lean-action.lint]
2026-10-10T00:09:01.4652219Z ##[end-action id=__leanprover_lean-action.lint;outcome=skipped;conclusion=skipped;duration_ms=0]
2026-10-10T00:09:01.4654560Z ##[start-action display=check reservoir eligibility;id=__leanprover_lean-action.__run_4]
2026-10-10T00:09:01.4659294Z ##[end-action id=__leanprover_lean-action.__run_4;outcome=skipped;conclusion=skipped;duration_ms=0]
2026-10-10T00:09:01.4662159Z ##[start-action display=check environment with leanchecker;id=__leanprover_lean-action.__run_5]
2026-10-10T00:09:01.4668427Z ##[end-action id=__leanprover_lean-action.__run_5;outcome=skipped;conclusion=skipped;duration_ms=0]
2026-10-10T00:09:01.4670918Z ##[start-action display=check environment with nanoda;id=__leanprover_lean-action.nanoda]
2026-10-10T00:09:01.4675269Z ##[end-action id=__leanprover_lean-action.nanoda;outcome=skipped;conclusion=skipped;duration_ms=0]
2026-10-10T00:09:01.4677989Z ##[start-action display=audit axioms with axiom-audit;id=__leanprover_lean-action.axiom-audit]
2026-10-10T00:09:01.4682023Z ##[end-action id=__leanprover_lean-action.axiom-audit;outcome=skipped;conclusion=skipped;duration_ms=0]
2026-10-10T00:09:01.4770497Z ##[group]Run npm install --prefix "$RUNNER_TEMP/psc0-typescript-7.0.2" --ignore-scripts --save-exact --no-audit --no-fund typescript@7.0.2
2026-10-10T00:09:01.4771515Z [36;1mnpm install --prefix "$RUNNER_TEMP/psc0-typescript-7.0.2" --ignore-scripts --save-exact --no-audit --no-fund typescript@7.0.2[0m
2026-10-10T00:09:01.4772189Z [36;1mnode --input-type=module <<'NODE'[0m
2026-10-10T00:09:01.4772584Z [36;1mimport assert from 'node:assert/strict';[0m
2026-10-10T00:09:01.4773202Z [36;1mimport { appendFileSync, copyFileSync, mkdirSync, readFileSync, realpathSync } from 'node:fs';[0m
2026-10-10T00:09:01.4773750Z [36;1mimport path from 'node:path';[0m
2026-10-10T00:09:01.4774417Z [36;1mimport { createRequire } from 'node:module';[0m
2026-10-10T00:09:01.4774894Z [36;1mimport { spawnSync } from 'node:child_process';[0m
2026-10-10T00:09:01.4775328Z [36;1mconst require = createRequire(import.meta.url);[0m
2026-10-10T00:09:01.4775961Z [36;1mconst directory = path.resolve('dist/typescript-profile/install');[0m
2026-10-10T00:09:01.4776457Z [36;1mmkdirSync(directory, { recursive: true });[0m
2026-10-10T00:09:01.4776859Z [36;1mconst version = '7.0.2';[0m
2026-10-10T00:09:01.4777357Z [36;1mconst prefix = path.join(process.env.RUNNER_TEMP, 'psc0-typescript-' + version);[0m
2026-10-10T00:09:01.4778028Z [36;1mconst manifestPath = require.resolve('typescript/package.json', { paths: [prefix] });[0m
2026-10-10T00:09:01.4778631Z [36;1mconst manifest = JSON.parse(readFileSync(manifestPath, 'utf8'));[0m
2026-10-10T00:09:01.4779114Z [36;1massert.equal(manifest.name, 'typescript');[0m
2026-10-10T00:09:01.4779545Z [36;1massert.equal(manifest.version, version);[0m
2026-10-10T00:09:01.4864913Z [36;1mconst bin = typeof manifest.bin === 'string' ? manifest.bin : manifest.bin?.tsc;[0m
2026-10-10T00:09:01.4865540Z [36;1massert.equal(typeof bin, 'string', 'PSC0_TYPESCRIPT_BIN_METADATA');[0m
2026-10-10T00:09:01.4866190Z [36;1mconst launcher = realpathSync(path.resolve(path.dirname(manifestPath), bin));[0m
2026-10-10T00:09:01.4866828Z [36;1mconst result = spawnSync(process.execPath, [launcher, '--version'], { encoding: 'utf8' });[0m
2026-10-10T00:09:01.4867461Z [36;1massert.equal(result.status, 0, result.stderr);[0m
2026-10-10T00:09:01.4867924Z [36;1massert.equal(result.stdout.trim(), 'Version ' + version);[0m
2026-10-10T00:09:01.4868483Z [36;1mappendFileSync(process.env.GITHUB_OUTPUT, 'current-cli=' + launcher + '\n');[0m
2026-10-10T00:09:01.4869192Z [36;1mcopyFileSync(path.join(prefix, 'package-lock.json'), path.join(directory, 'current-package-lock.json'));[0m
2026-10-10T00:09:01.4869877Z [36;1mcopyFileSync(manifestPath, path.join(directory, 'current-package.json'));[0m
2026-10-10T00:09:01.4870645Z [36;1mappendFileSync(process.env.GITHUB_ENV, 'PSC0_TSC=' + launcher + '\nPSC0_TYPESCRIPT_VERSION=' + version + '\n');[0m
2026-10-10T00:09:01.4871193Z [36;1mNODE[0m
2026-10-10T00:09:01.4911575Z shell: /usr/bin/bash --noprofile --norc -e -o pipefail {0}
2026-10-10T00:09:01.4912250Z ##[endgroup]
2026-10-10T00:09:03.9569120Z 
2026-10-10T00:09:03.9569928Z added 2 packages in 2s
2026-10-10T00:09:04.0778428Z ##[group]Run node scripts/check-typescript-profile.mjs --out dist/typescript-profile/contract
2026-10-10T00:09:04.0779096Z [36;1mnode scripts/check-typescript-profile.mjs --out dist/typescript-profile/contract[0m
2026-10-10T00:09:04.0819000Z shell: /usr/bin/bash -e {0}
2026-10-10T00:09:04.0819279Z env:
2026-10-10T00:09:04.0819662Z   PSC0_TSC: /home/runner/work/_temp/psc0-typescript-7.0.2/node_modules/typescript/bin/tsc
2026-10-10T00:09:04.0820112Z   PSC0_TYPESCRIPT_VERSION: 7.0.2
2026-10-10T00:09:04.0820367Z ##[endgroup]
2026-10-10T00:09:04.5990521Z PSC0_TYPESCRIPT_PROFILE: PASS {"mode":"installed-profile-contract","report":"/home/runner/work/pskernel/pskernel/psc0/dist/typescript-profile/contract/report.json","timings":[{"phase":"positional-source-with-unrelated-config","version":"7.0.2","elapsedMs":84.18006499999996}]}
2026-10-10T00:09:04.6903652Z ##[group]Run node --check scripts/typescript-cli.mjs
2026-10-10T00:09:04.6904468Z [36;1mnode --check scripts/typescript-cli.mjs[0m
2026-10-10T00:09:04.6904850Z [36;1mnode --check scripts/check-typescript-profile.mjs[0m
2026-10-10T00:09:04.6905258Z [36;1mnode --check scripts/native-typescript-cli.test.mjs[0m
2026-10-10T00:09:04.6905676Z [36;1mnode scripts/check-native-replay-host-source.mjs[0m
2026-10-10T00:09:04.6906059Z [36;1mnode --check scripts/sh1-resource-policy.mjs[0m
2026-10-10T00:09:04.6906407Z [36;1mnode --check scripts/sh1-qualify.mjs[0m
2026-10-10T00:09:04.6906732Z [36;1mnode --check scripts/sh1-capabilities.mjs[0m
2026-10-10T00:09:04.6907083Z [36;1mnode --check scripts/sh1-check-admissions.mjs[0m
2026-10-10T00:09:04.6907483Z [36;1mnode --check scripts/generated-preparation-session.mjs[0m
2026-10-10T00:09:04.6907870Z [36;1mnode --check scripts/original-ir-inventory.mjs[0m
2026-10-10T00:09:04.6908265Z [36;1mnode --check scripts/original-ir-carrier.mjs[0m
2026-10-10T00:09:04.6908641Z [36;1mnode --check scripts/sh1-ir-checker-conformance.mjs[0m
2026-10-10T00:09:04.6909014Z [36;1mnode --check scripts/sh1-strict-source.mjs[0m
2026-10-10T00:09:04.6909382Z [36;1mnode --check scripts/sh1-strict-source-conformance.mjs[0m
2026-10-10T00:09:04.6909777Z [36;1mnode --check scripts/sh1-strict-target-conformance.mjs[0m
2026-10-10T00:09:04.6910139Z [36;1mnode --check scripts/sh1-strict-evidence.mjs[0m
2026-10-10T00:09:04.6910510Z [36;1mnode --check scripts/sh1-strict-runtime-conformance.mjs[0m
2026-10-10T00:09:04.6910900Z [36;1mnode --check scripts/sh1-source-snapshot.mjs[0m
2026-10-10T00:09:04.6911224Z [36;1mnode --check scripts/sh1-seed-manifest.mjs[0m
2026-10-10T00:09:04.6911587Z [36;1mnode --check scripts/sh1-grammar-conformance.mjs[0m
2026-10-10T00:09:04.6912541Z [36;1mnode --check scripts/sh1-fresh-name-conformance.mjs[0m
2026-10-10T00:09:04.6912957Z [36;1mnode --check scripts/sh1-migration-worker-conformance.mjs[0m
2026-10-10T00:09:04.6913380Z [36;1mnode --check scripts/sh1-migration-worker-abi.mjs[0m
2026-10-10T00:09:04.6913762Z [36;1mnode --check scripts/sh1-projection-conformance.mjs[0m
2026-10-10T00:09:04.6914291Z [36;1mnode --check scripts/sh1-successor-seed.mjs[0m
2026-10-10T00:09:04.6914654Z [36;1mnode --check scripts/sh1-native-seed-recovery.mjs[0m
2026-10-10T00:09:04.6915016Z [36;1mnode --check scripts/sh1-successor-seed.test.mjs[0m
2026-10-10T00:09:04.6915380Z [36;1mnode --check scripts/proofscript-source.mjs[0m
2026-10-10T00:09:04.6915740Z [36;1mnode --check scripts/proofscript-source.test.mjs[0m
2026-10-10T00:09:04.6916115Z [36;1mnode --check scripts/checked-source-snapshot.mjs[0m
2026-10-10T00:09:04.6916503Z [36;1mnode --check scripts/checked-source-snapshot.test.mjs[0m
2026-10-10T00:09:04.6916911Z [36;1mnode --check scripts/checked-seed-session.test.mjs[0m
2026-10-10T00:09:04.6917263Z [36;1mnode --check scripts/checked-build.mjs[0m
2026-10-10T00:09:04.6917600Z [36;1mnode --check scripts/checked-build.test.mjs[0m
2026-10-10T00:09:04.6917971Z [36;1mnode --check scripts/checked-algebraic-build.test.mjs[0m
2026-10-10T00:09:04.6918368Z [36;1mnode --check scripts/checked-enum-build.test.mjs[0m
2026-10-10T00:09:04.6918754Z [36;1mnode --check scripts/checked-projection-build.test.mjs[0m
2026-10-10T00:09:04.6919138Z [36;1mnode --check scripts/checked-sum-build.test.mjs[0m
2026-10-10T00:09:04.6919503Z [36;1mnode --check scripts/checked-text-build.test.mjs[0m
2026-10-10T00:09:04.6919878Z [36;1mnode --check scripts/selfhost-source-workspace.mjs[0m
2026-10-10T00:09:04.6920282Z [36;1mnode --check scripts/selfhost-source-isolation-tests.mjs[0m
2026-10-10T00:09:04.6920705Z [36;1mnode --check scripts/native-workspace-isolation.test.mjs[0m
2026-10-10T00:09:04.6921092Z [36;1mnode --check scripts/compile-with-generated.mjs[0m
2026-10-10T00:09:04.6921480Z [36;1mnode --check scripts/emit-project-with-generated.mjs[0m
2026-10-10T00:09:04.6921875Z [36;1mnode --check scripts/reemit-project-with-generated.mjs[0m
2026-10-10T00:09:04.6922600Z [36;1mnode --check scripts/translate-with-generated.mjs[0m
2026-10-10T00:09:04.6923053Z [36;1mnode --check scripts/check-elab-term-selfhost-source-syntax.mjs[0m
2026-10-10T00:09:04.6923535Z [36;1mnode --check scripts/check-proofscript-binder-replay-source.mjs[0m
2026-10-10T00:09:04.6923996Z [36;1mnode scripts/check-elab-term-selfhost-source-syntax.mjs[0m
2026-10-10T00:09:04.6924562Z [36;1mnode scripts/check-proofscript-binder-replay-source.mjs[0m
2026-10-10T00:09:04.6924952Z [36;1mnode --check scripts/sh1-iterate.mjs[0m
2026-10-10T00:09:04.6925306Z [36;1mnode --check scripts/sh1-iteration-conformance.mjs[0m
2026-10-10T00:09:04.6925690Z [36;1mnode --check scripts/sh1-foundation-conformance.mjs[0m
2026-10-10T00:09:04.6926069Z [36;1mnode --check scripts/sh1-helper-conformance.mjs[0m
2026-10-10T00:09:04.6926465Z [36;1mnode --check scripts/sh1-generic-erasure-conformance.mjs[0m
2026-10-10T00:09:04.6926826Z [36;1mnode check-psc1-source.mjs[0m
2026-10-10T00:09:04.6927165Z [36;1mnode scripts/bootstrap-root-minimality-tests.mjs[0m
2026-10-10T00:09:04.6927563Z [36;1mnode scripts/check-modular-preparation-source.mjs[0m
2026-10-10T00:09:04.6969593Z shell: /usr/bin/bash -e {0}
2026-10-10T00:09:04.6969869Z env:
2026-10-10T00:09:04.6970241Z   PSC0_TSC: /home/runner/work/_temp/psc0-typescript-7.0.2/node_modules/typescript/bin/tsc
2026-10-10T00:09:04.6970663Z   PSC0_TYPESCRIPT_VERSION: 7.0.2
2026-10-10T00:09:04.6970912Z ##[endgroup]
2026-10-10T00:09:04.8336121Z PSC2_NATIVE_REPLAY_HOST_SOURCE: PASS (installed TypeScript 7 profile, exact payload transport and emission integrity)
2026-10-10T00:09:05.9055071Z PSC2_ELAB_TERM_SELFHOST_SOURCE_SYNTAX: PASS (invariant-safe projection, typed-binder accumulation and typed-binder closing recursion, typed projection-reference match, explicit projection-reference expectation, explicit character conversion, explicit typed-binder expectation, local list length, and explicit Option constructors)
2026-10-10T00:09:05.9408778Z PSC2_PROOFSCRIPT_BINDER_REPLAY_SOURCE: PASS (decreasing type parser, nested binders and generated workspace boundary)
2026-10-10T00:09:06.2043803Z PSC1_SOURCE_PROFILE: PASS (bootstrap; 69 portable modules across 12 source roots)
2026-10-10T00:09:06.2833519Z PSC2_BOOTSTRAP_ROOT_MINIMALITY: PASS (1 direct imports; 64 ordered closure modules; compiler-only=64)
2026-10-10T00:09:06.3209246Z PSC2_MODULAR_PREPARATION_SOURCE: PASS (ordered shared environment, origin companions, retained admission output and unchanged raw prepared/kernel gates)
2026-10-10T00:09:06.3287060Z ##[group]Run node --test scripts/sh1-successor-seed.test.mjs
2026-10-10T00:09:06.3287532Z [36;1mnode --test scripts/sh1-successor-seed.test.mjs[0m
2026-10-10T00:09:06.3330156Z shell: /usr/bin/bash -e {0}
2026-10-10T00:09:06.3330455Z env:
2026-10-10T00:09:06.3330827Z   PSC0_TSC: /home/runner/work/_temp/psc0-typescript-7.0.2/node_modules/typescript/bin/tsc
2026-10-10T00:09:06.3331249Z   PSC0_TYPESCRIPT_VERSION: 7.0.2
2026-10-10T00:09:06.3331497Z ##[endgroup]
2026-10-10T00:09:06.4279079Z TAP version 13
2026-10-10T00:09:07.1605943Z # PSC0_SH1_SUCCESSOR_CONTRACT: PASS (14 descriptor refusals, generation ancestry, evidence-stable identity, gated selection, cache authentication, unchanged v1 routing)
2026-10-10T00:09:07.1663462Z # Subtest: scripts/sh1-successor-seed.test.mjs
2026-10-10T00:09:07.1670135Z ok 1 - scripts/sh1-successor-seed.test.mjs
2026-10-10T00:09:07.1670764Z   ---
2026-10-10T00:09:07.1671085Z   duration_ms: 742.586113
2026-10-10T00:09:07.1671450Z   type: 'test'
2026-10-10T00:09:07.1671805Z   ...
2026-10-10T00:09:07.1672154Z 1..1
2026-10-10T00:09:07.1672421Z # tests 1
2026-10-10T00:09:07.1673719Z # suites 0
2026-10-10T00:09:07.1674450Z # pass 1
2026-10-10T00:09:07.1676440Z # fail 0
2026-10-10T00:09:07.1676779Z # cancelled 0
2026-10-10T00:09:07.1677305Z # skipped 0
2026-10-10T00:09:07.1677807Z # todo 0
2026-10-10T00:09:07.1678946Z # duration_ms 750.629648
2026-10-10T00:09:07.2080745Z ##[group]Run actions/cache/restore@v4
2026-10-10T00:09:07.2081054Z with:
2026-10-10T00:09:07.2081491Z   path: psc0/.selfhost-seeds/successors/47d88158e075f766f0d146ba3a13b28744c6e196d9844c71f4e52dc7351e2225
2026-10-10T00:09:07.2082211Z   key: psc0-sh1-successor-v1-47d88158e075f766f0d146ba3a13b28744c6e196d9844c71f4e52dc7351e2225
2026-10-10T00:09:07.2082700Z   enableCrossOsArchive: false
2026-10-10T00:09:07.2082982Z   fail-on-cache-miss: false
2026-10-10T00:09:07.2083238Z   lookup-only: false
2026-10-10T00:09:07.2083459Z env:
2026-10-10T00:09:07.2083815Z   PSC0_TSC: /home/runner/work/_temp/psc0-typescript-7.0.2/node_modules/typescript/bin/tsc
2026-10-10T00:09:07.2084502Z   PSC0_TYPESCRIPT_VERSION: 7.0.2
2026-10-10T00:09:07.2084770Z ##[endgroup]
2026-10-10T00:09:07.3225173Z (node:2981) [DEP0040] DeprecationWarning: The `punycode` module is deprecated. Please use a userland alternative instead.
2026-10-10T00:09:07.3226406Z (Use `node --trace-deprecation ...` to show where the warning was created)
2026-10-10T00:09:07.6264923Z Cache hit for: psc0-sh1-successor-v1-47d88158e075f766f0d146ba3a13b28744c6e196d9844c71f4e52dc7351e2225
2026-10-10T00:09:07.6359366Z (node:2981) [DEP0169] DeprecationWarning: `url.parse()` behavior is not standardized and prone to errors that have security implications. Use the WHATWG URL API instead. CVEs are not issued for `url.parse()` vulnerabilities.
2026-10-10T00:09:07.9241872Z Received 487319 of 487319 (100.0%), 2.7 MBs/sec
2026-10-10T00:09:07.9242433Z Cache Size: ~0 MB (487319 B)
2026-10-10T00:09:07.9270446Z [command]/usr/bin/tar -xf /home/runner/work/_temp/2f62d023-0bc8-471e-9365-e0435bda9ef1/cache.tzst -P -C /home/runner/work/pskernel/pskernel --use-compress-program unzstd
2026-10-10T00:09:07.9410768Z Cache restored successfully
2026-10-10T00:09:07.9485689Z Cache restored from key: psc0-sh1-successor-v1-47d88158e075f766f0d146ba3a13b28744c6e196d9844c71f4e52dc7351e2225
2026-10-10T00:09:07.9987354Z ##[group]Run actions/github-script@v7
2026-10-10T00:09:07.9987748Z with:
2026-10-10T00:09:07.9988962Z   script: const root = process.env.GITHUB_WORKSPACE + '/psc0';
const seeds = await import(root + '/scripts/sh1-successor-seed.mjs');
const selected = await seeds.readSelectedAuthoringSeed();
const valid = selected.mode === 'qualified' && await seeds.verifyAuthoringSeedCache(
  root + '/' + selected.cacheDirectory, selected.manifest);
core.setOutput('qualified-valid', valid);

2026-10-10T00:09:07.9992188Z   github-token: ***
2026-10-10T00:09:07.9992422Z   debug: false
2026-10-10T00:09:07.9992655Z   user-agent: actions/github-script
2026-10-10T00:09:07.9992943Z   result-encoding: json
2026-10-10T00:09:07.9993172Z   retries: 0
2026-10-10T00:09:07.9993413Z   retry-exempt-status-codes: 400,401,403,404,422
2026-10-10T00:09:07.9993705Z env:
2026-10-10T00:09:07.9994189Z   PSC0_TSC: /home/runner/work/_temp/psc0-typescript-7.0.2/node_modules/typescript/bin/tsc
2026-10-10T00:09:07.9994669Z   PSC0_TYPESCRIPT_VERSION: 7.0.2
2026-10-10T00:09:07.9994927Z ##[endgroup]
2026-10-10T00:09:08.2086638Z ##[group]Run node --input-type=module <<'NODE'
2026-10-10T00:09:08.2087044Z [36;1mnode --input-type=module <<'NODE'[0m
2026-10-10T00:09:08.2087355Z [36;1mimport assert from 'node:assert/strict';[0m
2026-10-10T00:09:08.2087669Z [36;1mimport path from 'node:path';[0m
2026-10-10T00:09:08.2087997Z [36;1mimport { spawnSync } from 'node:child_process';[0m
2026-10-10T00:09:08.2088540Z [36;1mimport { readSelectedAuthoringSeed, verifyAuthoringSeedCache } from './scripts/sh1-successor-seed.mjs';[0m
2026-10-10T00:09:08.2089095Z [36;1mconst selected = await readSelectedAuthoringSeed();[0m
2026-10-10T00:09:08.2089636Z [36;1massert(await verifyAuthoringSeedCache(path.resolve(selected.cacheDirectory), selected.manifest),[0m
2026-10-10T00:09:08.2090136Z [36;1m  'PSC0_SH1_SELECTED_CACHE_REQUIRED');[0m
2026-10-10T00:09:08.2090436Z [36;1mconst capture = args => {[0m
2026-10-10T00:09:08.2090786Z [36;1m  const result = spawnSync('lean', args, { encoding: 'utf8' });[0m
2026-10-10T00:09:08.2091220Z [36;1m  assert.equal(result.status, 0, result.stderr);[0m
2026-10-10T00:09:08.2091554Z [36;1m  return result.stdout.trim();[0m
2026-10-10T00:09:08.2091823Z [36;1m};[0m
2026-10-10T00:09:08.2092150Z [36;1mconst { typescript, ...expectedRuntime } = selected.manifest.toolchain;[0m
2026-10-10T00:09:08.2092662Z [36;1massert.equal(typescript, 'Version ' + selected.recoveryTypeScriptVersion);[0m
2026-10-10T00:09:08.2093079Z [36;1massert.deepEqual({[0m
2026-10-10T00:09:08.2093472Z [36;1m  node: process.version, platform: process.platform, architecture: process.arch,[0m
2026-10-10T00:09:08.2093960Z [36;1m  lean: capture(['--version']), leanGitHash: capture(['--githash']),[0m
2026-10-10T00:09:08.2094501Z [36;1m}, expectedRuntime, 'PSC0_SH1_SELECTED_EXECUTION_RUNTIME');[0m
2026-10-10T00:09:08.2094835Z [36;1mNODE[0m
2026-10-10T00:09:08.2135177Z shell: /usr/bin/bash -e {0}
2026-10-10T00:09:08.2135492Z env:
2026-10-10T00:09:08.2135891Z   PSC0_TSC: /home/runner/work/_temp/psc0-typescript-7.0.2/node_modules/typescript/bin/tsc
2026-10-10T00:09:08.2136330Z   PSC0_TYPESCRIPT_VERSION: 7.0.2
2026-10-10T00:09:08.2136583Z ##[endgroup]
2026-10-10T00:09:08.5264622Z ##[group]Run actions/cache/restore@v4
2026-10-10T00:09:08.5264927Z with:
2026-10-10T00:09:08.5265139Z   path: psc0/.lake/build
2026-10-10T00:09:08.5265803Z   key: psc0-sh1-current-v1-Linux-X64-345295c92e112d8a5f19f7c147c3db40b6f4598f2c2154577e66ac53440ca424-ts7.0.2-fb8f8076df3ed8708f927f88aa2d32febbfa89dc
2026-10-10T00:09:08.5266750Z   restore-keys: psc0-sh1-current-v1-Linux-X64-345295c92e112d8a5f19f7c147c3db40b6f4598f2c2154577e66ac53440ca424-

2026-10-10T00:09:08.5267288Z   enableCrossOsArchive: false
2026-10-10T00:09:08.5267547Z   fail-on-cache-miss: false
2026-10-10T00:09:08.5267792Z   lookup-only: false
2026-10-10T00:09:08.5268016Z env:
2026-10-10T00:09:08.5268369Z   PSC0_TSC: /home/runner/work/_temp/psc0-typescript-7.0.2/node_modules/typescript/bin/tsc
2026-10-10T00:09:08.5268923Z   PSC0_TYPESCRIPT_VERSION: 7.0.2
2026-10-10T00:09:08.5269175Z ##[endgroup]
2026-10-10T00:09:08.6335933Z (node:3052) [DEP0040] DeprecationWarning: The `punycode` module is deprecated. Please use a userland alternative instead.
2026-10-10T00:09:08.6338149Z (Use `node --trace-deprecation ...` to show where the warning was created)
2026-10-10T00:09:08.7695101Z Cache hit for restore-key: psc0-sh1-current-v1-Linux-X64-345295c92e112d8a5f19f7c147c3db40b6f4598f2c2154577e66ac53440ca424-ts7.0.2-9640e4ba5c89ebfb3dd0adf6783530212ae27409
2026-10-10T00:09:08.7796404Z (node:3052) [DEP0169] DeprecationWarning: `url.parse()` behavior is not standardized and prone to errors that have security implications. Use the WHATWG URL API instead. CVEs are not issued for `url.parse()` vulnerabilities.
2026-10-10T00:09:09.4755886Z Received 24180907 of 24180907 (100.0%), 39.9 MBs/sec
2026-10-10T00:09:09.4756520Z Cache Size: ~23 MB (24180907 B)
2026-10-10T00:09:09.4781914Z [command]/usr/bin/tar -xf /home/runner/work/_temp/a19964f4-c0dc-4f13-b4cd-2f18cac0c19c/cache.tzst -P -C /home/runner/work/pskernel/pskernel --use-compress-program unzstd
2026-10-10T00:09:09.6317903Z Cache restored successfully
2026-10-10T00:09:09.6401195Z Cache restored from key: psc0-sh1-current-v1-Linux-X64-345295c92e112d8a5f19f7c147c3db40b6f4598f2c2154577e66ac53440ca424-ts7.0.2-9640e4ba5c89ebfb3dd0adf6783530212ae27409
2026-10-10T00:09:09.6477298Z ##[group]Run lake build psc1 psc1_sh1_compile psc1_ir_check_tests psc1_tests psc1_translation_tests psc1_erasure_tests
2026-10-10T00:09:09.6478061Z [36;1mlake build psc1 psc1_sh1_compile psc1_ir_check_tests psc1_tests psc1_translation_tests psc1_erasure_tests[0m
2026-10-10T00:09:09.6518894Z shell: /usr/bin/bash -e {0}
2026-10-10T00:09:09.6519199Z env:
2026-10-10T00:09:09.6519597Z   PSC0_TSC: /home/runner/work/_temp/psc0-typescript-7.0.2/node_modules/typescript/bin/tsc
2026-10-10T00:09:09.6520055Z   PSC0_TYPESCRIPT_VERSION: 7.0.2
2026-10-10T00:09:09.6520334Z ##[endgroup]
2026-10-10T00:09:10.9712478Z ⚠ [3/153] Replayed Ps.Syntax.Cursor
2026-10-10T00:09:10.9713770Z warning: packages/syntax/src/Ps/Syntax/Cursor.lean:51:14: Variable name `head` is not explicitly referenced.
2026-10-10T00:09:10.9714599Z 
2026-10-10T00:09:10.9715460Z Hint: The binding can be removed (if unused) or named `_` (if used implicitly). Alternatively, prefix the name with `_` to silence this warning:
2026-10-10T00:09:10.9716465Z   [apply] _head
2026-10-10T00:09:10.9716676Z 
2026-10-10T00:09:10.9717163Z Note: This linter can be disabled with `set_option linter.unusedVariables false`
2026-10-10T00:09:10.9718311Z warning: packages/syntax/src/Ps/Syntax/Cursor.lean:51:19: Variable name `tail` is not explicitly referenced.
2026-10-10T00:09:10.9718929Z 
2026-10-10T00:09:10.9719758Z Hint: The binding can be removed (if unused) or named `_` (if used implicitly). Alternatively, prefix the name with `_` to silence this warning:
2026-10-10T00:09:10.9720665Z   [apply] _tail
2026-10-10T00:09:10.9720871Z 
2026-10-10T00:09:10.9721356Z Note: This linter can be disabled with `set_option linter.unusedVariables false`
2026-10-10T00:09:10.9722487Z warning: packages/syntax/src/Ps/Syntax/Cursor.lean:56:19: Variable name `rest` is not explicitly referenced.
2026-10-10T00:09:10.9723110Z 
2026-10-10T00:09:10.9723992Z Hint: The binding can be removed (if unused) or named `_` (if used implicitly). Alternatively, prefix the name with `_` to silence this warning:
2026-10-10T00:09:10.9725053Z   [apply] _rest
2026-10-10T00:09:10.9725258Z 
2026-10-10T00:09:10.9725739Z Note: This linter can be disabled with `set_option linter.unusedVariables false`
2026-10-10T00:09:10.9727133Z warning: packages/syntax/src/Ps/Syntax/Cursor.lean:89:14: Variable name `first` is not explicitly referenced.
2026-10-10T00:09:10.9727770Z 
2026-10-10T00:09:10.9728628Z Hint: The binding can be removed (if unused) or named `_` (if used implicitly). Alternatively, prefix the name with `_` to silence this warning:
2026-10-10T00:09:10.9729524Z   [apply] _first
2026-10-10T00:09:10.9730178Z 
2026-10-10T00:09:10.9730653Z Note: This linter can be disabled with `set_option linter.unusedVariables false`
2026-10-10T00:09:10.9731782Z warning: packages/syntax/src/Ps/Syntax/Cursor.lean:92:25: Variable name `tail` is not explicitly referenced.
2026-10-10T00:09:10.9732389Z 
2026-10-10T00:09:10.9733222Z Hint: The binding can be removed (if unused) or named `_` (if used implicitly). Alternatively, prefix the name with `_` to silence this warning:
2026-10-10T00:09:10.9734337Z   [apply] _tail
2026-10-10T00:09:10.9734551Z 
2026-10-10T00:09:10.9735040Z Note: This linter can be disabled with `set_option linter.unusedVariables false`
2026-10-10T00:09:10.9735925Z ⚠ [5/153] Replayed Ps.Syntax.Lexer
2026-10-10T00:09:10.9736860Z warning: packages/syntax/src/Ps/Syntax/Lexer.lean:89:11: Variable name `depth` is not explicitly referenced.
2026-10-10T00:09:10.9737488Z 
2026-10-10T00:09:10.9738318Z Hint: The binding can be removed (if unused) or named `_` (if used implicitly). Alternatively, prefix the name with `_` to silence this warning:
2026-10-10T00:09:10.9739293Z   [apply] _depth
2026-10-10T00:09:10.9739507Z 
2026-10-10T00:09:10.9739970Z Note: This linter can be disabled with `set_option linter.unusedVariables false`
2026-10-10T00:09:10.9741114Z warning: packages/syntax/src/Ps/Syntax/Lexer.lean:89:25: Variable name `remaining` is not explicitly referenced.
2026-10-10T00:09:10.9741741Z 
2026-10-10T00:09:10.9742872Z Hint: The binding can be removed (if unused) or named `_` (if used implicitly). Alternatively, prefix the name with `_` to silence this warning:
2026-10-10T00:09:10.9743766Z   [apply] _remaining
2026-10-10T00:09:10.9743989Z 
2026-10-10T00:09:10.9744500Z Note: This linter can be disabled with `set_option linter.unusedVariables false`
2026-10-10T00:09:10.9745354Z warning: packages/syntax/src/Ps/Syntax/Lexer.lean:406:11: Variable name `remaining` is not explicitly referenced.
2026-10-10T00:09:10.9745830Z 
2026-10-10T00:09:10.9746425Z Hint: The binding can be removed (if unused) or named `_` (if used implicitly). Alternatively, prefix the name with `_` to silence this warning:
2026-10-10T00:09:10.9747228Z   [apply] _remaining
2026-10-10T00:09:10.9747451Z 
2026-10-10T00:09:10.9747913Z Note: This linter can be disabled with `set_option linter.unusedVariables false`
2026-10-10T00:09:10.9749028Z warning: packages/syntax/src/Ps/Syntax/Lexer.lean:406:82: Variable name `charsRev` is not explicitly referenced.
2026-10-10T00:09:10.9749668Z 
2026-10-10T00:09:10.9750496Z Hint: The binding can be removed (if unused) or named `_` (if used implicitly). Alternatively, prefix the name with `_` to silence this warning:
2026-10-10T00:09:10.9751394Z   [apply] _charsRev
2026-10-10T00:09:10.9751609Z 
2026-10-10T00:09:10.9752066Z Note: This linter can be disabled with `set_option linter.unusedVariables false`
2026-10-10T00:09:10.9752906Z ⚠ [8/153] Replayed Ps.Syntax.ParserState
2026-10-10T00:09:10.9753908Z warning: packages/syntax/src/Ps/Syntax/ParserState.lean:30:20: Variable name `rest` is not explicitly referenced.
2026-10-10T00:09:10.9754708Z 
2026-10-10T00:09:10.9755534Z Hint: The binding can be removed (if unused) or named `_` (if used implicitly). Alternatively, prefix the name with `_` to silence this warning:
2026-10-10T00:09:10.9756430Z   [apply] _rest
2026-10-10T00:09:10.9756631Z 
2026-10-10T00:09:10.9757077Z Note: This linter can be disabled with `set_option linter.unusedVariables false`
2026-10-10T00:09:10.9757861Z ⚠ [20/153] Replayed Ps.Core.Abstract
2026-10-10T00:09:10.9758790Z warning: packages/core/src/Ps/Core/Abstract.lean:8:11: Variable name `depth` is not explicitly referenced.
2026-10-10T00:09:10.9759402Z 
2026-10-10T00:09:10.9760232Z Hint: The binding can be removed (if unused) or named `_` (if used implicitly). Alternatively, prefix the name with `_` to silence this warning:
2026-10-10T00:09:10.9761115Z   [apply] _depth
2026-10-10T00:09:10.9761327Z 
2026-10-10T00:09:10.9761792Z Note: This linter can be disabled with `set_option linter.unusedVariables false`
2026-10-10T00:09:10.9763116Z warning: packages/core/src/Ps/Core/Abstract.lean:16:11: Variable name `depth` is not explicitly referenced.
2026-10-10T00:09:10.9763720Z 
2026-10-10T00:09:10.9764663Z Hint: The binding can be removed (if unused) or named `_` (if used implicitly). Alternatively, prefix the name with `_` to silence this warning:
2026-10-10T00:09:10.9765565Z   [apply] _depth
2026-10-10T00:09:10.9765773Z 
2026-10-10T00:09:10.9766252Z Note: This linter can be disabled with `set_option linter.unusedVariables false`
2026-10-10T00:09:10.9767376Z warning: packages/core/src/Ps/Core/Abstract.lean:18:11: Variable name `depth` is not explicitly referenced.
2026-10-10T00:09:10.9767988Z 
2026-10-10T00:09:10.9768827Z Hint: The binding can be removed (if unused) or named `_` (if used implicitly). Alternatively, prefix the name with `_` to silence this warning:
2026-10-10T00:09:10.9769716Z   [apply] _depth
2026-10-10T00:09:10.9769925Z 
2026-10-10T00:09:10.9770402Z Note: This linter can be disabled with `set_option linter.unusedVariables false`
2026-10-10T00:09:10.9771530Z warning: packages/core/src/Ps/Core/Abstract.lean:20:11: Variable name `depth` is not explicitly referenced.
2026-10-10T00:09:10.9772157Z 
2026-10-10T00:09:10.9772993Z Hint: The binding can be removed (if unused) or named `_` (if used implicitly). Alternatively, prefix the name with `_` to silence this warning:
2026-10-10T00:09:10.9773881Z   [apply] _depth
2026-10-10T00:09:10.9774178Z 
2026-10-10T00:09:10.9774832Z Note: This linter can be disabled with `set_option linter.unusedVariables false`
2026-10-10T00:09:10.9775963Z warning: packages/core/src/Ps/Core/Abstract.lean:66:11: Variable name `depth` is not explicitly referenced.
2026-10-10T00:09:10.9776591Z 
2026-10-10T00:09:10.9777412Z Hint: The binding can be removed (if unused) or named `_` (if used implicitly). Alternatively, prefix the name with `_` to silence this warning:
2026-10-10T00:09:10.9778286Z   [apply] _depth
2026-10-10T00:09:10.9778488Z 
2026-10-10T00:09:10.9778953Z Note: This linter can be disabled with `set_option linter.unusedVariables false`
2026-10-10T00:09:10.9779781Z ⚠ [21/153] Replayed Ps.Core.Subst
2026-10-10T00:09:10.9780682Z warning: packages/core/src/Ps/Core/Subst.lean:14:11: Variable name `cutoff` is not explicitly referenced.
2026-10-10T00:09:10.9781281Z 
2026-10-10T00:09:10.9782092Z Hint: The binding can be removed (if unused) or named `_` (if used implicitly). Alternatively, prefix the name with `_` to silence this warning:
2026-10-10T00:09:10.9783005Z   [apply] _cutoff
2026-10-10T00:09:10.9783217Z 
2026-10-10T00:09:10.9783680Z Note: This linter can be disabled with `set_option linter.unusedVariables false`
2026-10-10T00:09:10.9784921Z warning: packages/core/src/Ps/Core/Subst.lean:16:11: Variable name `cutoff` is not explicitly referenced.
2026-10-10T00:09:10.9785524Z 
2026-10-10T00:09:10.9786338Z Hint: The binding can be removed (if unused) or named `_` (if used implicitly). Alternatively, prefix the name with `_` to silence this warning:
2026-10-10T00:09:10.9787231Z   [apply] _cutoff
2026-10-10T00:09:10.9787450Z 
2026-10-10T00:09:10.9787891Z Note: This linter can be disabled with `set_option linter.unusedVariables false`
2026-10-10T00:09:10.9788993Z warning: packages/core/src/Ps/Core/Subst.lean:18:11: Variable name `cutoff` is not explicitly referenced.
2026-10-10T00:09:10.9789589Z 
2026-10-10T00:09:10.9790403Z Hint: The binding can be removed (if unused) or named `_` (if used implicitly). Alternatively, prefix the name with `_` to silence this warning:
2026-10-10T00:09:10.9791311Z   [apply] _cutoff
2026-10-10T00:09:10.9791526Z 
2026-10-10T00:09:10.9791985Z Note: This linter can be disabled with `set_option linter.unusedVariables false`
2026-10-10T00:09:10.9793084Z warning: packages/core/src/Ps/Core/Subst.lean:20:11: Variable name `cutoff` is not explicitly referenced.
2026-10-10T00:09:10.9793679Z 
2026-10-10T00:09:10.9794624Z Hint: The binding can be removed (if unused) or named `_` (if used implicitly). Alternatively, prefix the name with `_` to silence this warning:
2026-10-10T00:09:10.9795717Z   [apply] _cutoff
2026-10-10T00:09:10.9795928Z 
2026-10-10T00:09:10.9796384Z Note: This linter can be disabled with `set_option linter.unusedVariables false`
2026-10-10T00:09:10.9797488Z warning: packages/core/src/Ps/Core/Subst.lean:66:11: Variable name `cutoff` is not explicitly referenced.
2026-10-10T00:09:10.9798082Z 
2026-10-10T00:09:10.9798921Z Hint: The binding can be removed (if unused) or named `_` (if used implicitly). Alternatively, prefix the name with `_` to silence this warning:
2026-10-10T00:09:10.9799800Z   [apply] _cutoff
2026-10-10T00:09:10.9800010Z 
2026-10-10T00:09:10.9800472Z Note: This linter can be disabled with `set_option linter.unusedVariables false`
2026-10-10T00:09:10.9801552Z warning: packages/core/src/Ps/Core/Subst.lean:94:11: Variable name `depth` is not explicitly referenced.
2026-10-10T00:09:10.9802158Z 
2026-10-10T00:09:10.9802986Z Hint: The binding can be removed (if unused) or named `_` (if used implicitly). Alternatively, prefix the name with `_` to silence this warning:
2026-10-10T00:09:10.9803867Z   [apply] _depth
2026-10-10T00:09:10.9804174Z 
2026-10-10T00:09:10.9804661Z Note: This linter can be disabled with `set_option linter.unusedVariables false`
2026-10-10T00:09:10.9805742Z warning: packages/core/src/Ps/Core/Subst.lean:96:11: Variable name `depth` is not explicitly referenced.
2026-10-10T00:09:10.9806329Z 
2026-10-10T00:09:10.9807256Z Hint: The binding can be removed (if unused) or named `_` (if used implicitly). Alternatively, prefix the name with `_` to silence this warning:
2026-10-10T00:09:10.9808147Z   [apply] _depth
2026-10-10T00:09:10.9808358Z 
2026-10-10T00:09:10.9808826Z Note: This linter can be disabled with `set_option linter.unusedVariables false`
2026-10-10T00:09:10.9809921Z warning: packages/core/src/Ps/Core/Subst.lean:98:11: Variable name `depth` is not explicitly referenced.
2026-10-10T00:09:10.9810535Z 
2026-10-10T00:09:10.9811357Z Hint: The binding can be removed (if unused) or named `_` (if used implicitly). Alternatively, prefix the name with `_` to silence this warning:
2026-10-10T00:09:10.9812249Z   [apply] _depth
2026-10-10T00:09:10.9812454Z 
2026-10-10T00:09:10.9812932Z Note: This linter can be disabled with `set_option linter.unusedVariables false`
2026-10-10T00:09:10.9814029Z warning: packages/core/src/Ps/Core/Subst.lean:100:11: Variable name `depth` is not explicitly referenced.
2026-10-10T00:09:10.9814736Z 
2026-10-10T00:09:10.9815624Z Hint: The binding can be removed (if unused) or named `_` (if used implicitly). Alternatively, prefix the name with `_` to silence this warning:
2026-10-10T00:09:10.9816521Z   [apply] _depth
2026-10-10T00:09:10.9816720Z 
2026-10-10T00:09:10.9817181Z Note: This linter can be disabled with `set_option linter.unusedVariables false`
2026-10-10T00:09:10.9818263Z warning: packages/core/src/Ps/Core/Subst.lean:146:11: Variable name `depth` is not explicitly referenced.
2026-10-10T00:09:10.9818851Z 
2026-10-10T00:09:10.9819671Z Hint: The binding can be removed (if unused) or named `_` (if used implicitly). Alternatively, prefix the name with `_` to silence this warning:
2026-10-10T00:09:10.9820563Z   [apply] _depth
2026-10-10T00:09:10.9820767Z 
2026-10-10T00:09:10.9821225Z Note: This linter can be disabled with `set_option linter.unusedVariables false`
2026-10-10T00:09:10.9822086Z ⚠ [32/153] Replayed Ps.Core.LevelSubst
2026-10-10T00:09:10.9823082Z warning: packages/core/src/Ps/Core/LevelSubst.lean:8:11: Variable name `arguments` is not explicitly referenced.
2026-10-10T00:09:10.9823732Z 
2026-10-10T00:09:10.9824570Z Hint: The binding can be removed (if unused) or named `_` (if used implicitly). Alternatively, prefix the name with `_` to silence this warning:
2026-10-10T00:09:10.9825268Z   [apply] _arguments
2026-10-10T00:09:10.9825442Z 
2026-10-10T00:09:10.9825791Z Note: This linter can be disabled with `set_option linter.unusedVariables false`
2026-10-10T00:09:10.9826656Z warning: packages/core/src/Ps/Core/LevelSubst.lean:9:13: Variable name `target` is not explicitly referenced.
2026-10-10T00:09:10.9827310Z 
2026-10-10T00:09:10.9828309Z Hint: The binding can be removed (if unused) or named `_` (if used implicitly). Alternatively, prefix the name with `_` to silence this warning:
2026-10-10T00:09:10.9829221Z   [apply] _target
2026-10-10T00:09:10.9829418Z 
2026-10-10T00:09:10.9829877Z Note: This linter can be disabled with `set_option linter.unusedVariables false`
2026-10-10T00:09:10.9830680Z ⚠ [33/153] Replayed Ps.Meta.LevelContext
2026-10-10T00:09:10.9831690Z warning: packages/meta/src/Ps/Meta/LevelContext.lean:59:4: Variable name `assignment` is not explicitly referenced.
2026-10-10T00:09:10.9832377Z 
2026-10-10T00:09:10.9833224Z Hint: The binding can be removed (if unused) or named `_` (if used implicitly). Alternatively, prefix the name with `_` to silence this warning:
2026-10-10T00:09:10.9834228Z   [apply] _assignment
2026-10-10T00:09:10.9834466Z 
2026-10-10T00:09:10.9834954Z Note: This linter can be disabled with `set_option linter.unusedVariables false`
2026-10-10T00:09:10.9835729Z ⚠ [38/153] Replayed Ps.Meta.Unify
2026-10-10T00:09:10.9836698Z warning: packages/meta/src/Ps/Meta/Unify.lean:90:11: Variable name `environment` is not explicitly referenced.
2026-10-10T00:09:10.9837287Z 
2026-10-10T00:09:10.9838146Z Hint: The binding can be removed (if unused) or named `_` (if used implicitly). Alternatively, prefix the name with `_` to silence this warning:
2026-10-10T00:09:10.9839008Z   [apply] _environment
2026-10-10T00:09:10.9839206Z 
2026-10-10T00:09:10.9839859Z Note: This linter can be disabled with `set_option linter.unusedVariables false`
2026-10-10T00:09:10.9840898Z warning: packages/meta/src/Ps/Meta/Unify.lean:91:11: Variable name `localContext` is not explicitly referenced.
2026-10-10T00:09:10.9841495Z 
2026-10-10T00:09:10.9842310Z Hint: The binding can be removed (if unused) or named `_` (if used implicitly). Alternatively, prefix the name with `_` to silence this warning:
2026-10-10T00:09:10.9843225Z   [apply] _localContext
2026-10-10T00:09:10.9843456Z 
2026-10-10T00:09:10.9843919Z Note: This linter can be disabled with `set_option linter.unusedVariables false`
2026-10-10T00:09:10.9845176Z warning: packages/meta/src/Ps/Meta/Unify.lean:93:11: Variable name `left` is not explicitly referenced.
2026-10-10T00:09:10.9845818Z 
2026-10-10T00:09:10.9846646Z Hint: The binding can be removed (if unused) or named `_` (if used implicitly). Alternatively, prefix the name with `_` to silence this warning:
2026-10-10T00:09:10.9847542Z   [apply] _left
2026-10-10T00:09:10.9847776Z 
2026-10-10T00:09:10.9848266Z Note: This linter can be disabled with `set_option linter.unusedVariables false`
2026-10-10T00:09:10.9849354Z warning: packages/meta/src/Ps/Meta/Unify.lean:94:11: Variable name `right` is not explicitly referenced.
2026-10-10T00:09:10.9849955Z 
2026-10-10T00:09:10.9850782Z Hint: The binding can be removed (if unused) or named `_` (if used implicitly). Alternatively, prefix the name with `_` to silence this warning:
2026-10-10T00:09:10.9851677Z   [apply] _right
2026-10-10T00:09:10.9851892Z 
2026-10-10T00:09:10.9852355Z Note: This linter can be disabled with `set_option linter.unusedVariables false`
2026-10-10T00:09:10.9853466Z warning: packages/meta/src/Ps/Meta/Unify.lean:178:17: Variable name `leftName` is not explicitly referenced.
2026-10-10T00:09:10.9854177Z 
2026-10-10T00:09:10.9855033Z Hint: The binding can be removed (if unused) or named `_` (if used implicitly). Alternatively, prefix the name with `_` to silence this warning:
2026-10-10T00:09:10.9855950Z   [apply] _leftName
2026-10-10T00:09:10.9856173Z 
2026-10-10T00:09:10.9856641Z Note: This linter can be disabled with `set_option linter.unusedVariables false`
2026-10-10T00:09:10.9857759Z warning: packages/meta/src/Ps/Meta/Unify.lean:207:21: Variable name `leftName` is not explicitly referenced.
2026-10-10T00:09:10.9858362Z 
2026-10-10T00:09:10.9859190Z Hint: The binding can be removed (if unused) or named `_` (if used implicitly). Alternatively, prefix the name with `_` to silence this warning:
2026-10-10T00:09:10.9860094Z   [apply] _leftName
2026-10-10T00:09:10.9860481Z 
2026-10-10T00:09:10.9861132Z Note: This linter can be disabled with `set_option linter.unusedVariables false`
2026-10-10T00:09:10.9862003Z ⚠ [41/153] Replayed Ps.Elab.Literal
2026-10-10T00:09:10.9862957Z warning: packages/elab/src/Ps/Elab/Literal.lean:166:11: Variable name `chars` is not explicitly referenced.
2026-10-10T00:09:10.9863574Z 
2026-10-10T00:09:10.9864455Z Hint: The binding can be removed (if unused) or named `_` (if used implicitly). Alternatively, prefix the name with `_` to silence this warning:
2026-10-10T00:09:10.9865305Z   [apply] _chars
2026-10-10T00:09:10.9865498Z 
2026-10-10T00:09:10.9865906Z Note: This linter can be disabled with `set_option linter.unusedVariables false`
2026-10-10T00:09:10.9866936Z warning: packages/elab/src/Ps/Elab/Literal.lean:167:13: Variable name `charsRev` is not explicitly referenced.
2026-10-10T00:09:10.9867509Z 
2026-10-10T00:09:10.9868229Z Hint: The binding can be removed (if unused) or named `_` (if used implicitly). Alternatively, prefix the name with `_` to silence this warning:
2026-10-10T00:09:10.9869057Z   [apply] _charsRev
2026-10-10T00:09:10.9869248Z 
2026-10-10T00:09:10.9869644Z Note: This linter can be disabled with `set_option linter.unusedVariables false`
2026-10-10T00:09:10.9870362Z ⚠ [42/153] Replayed Ps.Elab.Term
2026-10-10T00:09:10.9871167Z warning: packages/elab/src/Ps/Elab/Term.lean:2890:11: Variable name `context` is not explicitly referenced.
2026-10-10T00:09:10.9871744Z 
2026-10-10T00:09:10.9872674Z Hint: The binding can be removed (if unused) or named `_` (if used implicitly). Alternatively, prefix the name with `_` to silence this warning:
2026-10-10T00:09:10.9873566Z   [apply] _context
2026-10-10T00:09:10.9873783Z 
2026-10-10T00:09:10.9874357Z Note: This linter can be disabled with `set_option linter.unusedVariables false`
2026-10-10T00:09:10.9875454Z warning: packages/elab/src/Ps/Elab/Term.lean:2891:13: Variable name `recursion` is not explicitly referenced.
2026-10-10T00:09:10.9876047Z 
2026-10-10T00:09:10.9876761Z Hint: The binding can be removed (if unused) or named `_` (if used implicitly). Alternatively, prefix the name with `_` to silence this warning:
2026-10-10T00:09:10.9877511Z   [apply] _recursion
2026-10-10T00:09:10.9877690Z 
2026-10-10T00:09:10.9878061Z Note: This linter can be disabled with `set_option linter.unusedVariables false`
2026-10-10T00:09:10.9878979Z warning: packages/elab/src/Ps/Elab/Term.lean:2892:15: Variable name `index` is not explicitly referenced.
2026-10-10T00:09:10.9879522Z 
2026-10-10T00:09:10.9880226Z Hint: The binding can be removed (if unused) or named `_` (if used implicitly). Alternatively, prefix the name with `_` to silence this warning:
2026-10-10T00:09:10.9881009Z   [apply] _index
2026-10-10T00:09:10.9881193Z 
2026-10-10T00:09:10.9881585Z Note: This linter can be disabled with `set_option linter.unusedVariables false`
2026-10-10T00:09:10.9882321Z ⚠ [51/153] Replayed Ps.BackendTs.Expr
2026-10-10T00:09:10.9883200Z warning: packages/backend-ts/src/Ps/BackendTs/Expr.lean:631:32: Variable name `fieldName` is not explicitly referenced.
2026-10-10T00:09:10.9883829Z 
2026-10-10T00:09:10.9884712Z Hint: The binding can be removed (if unused) or named `_` (if used implicitly). Alternatively, prefix the name with `_` to silence this warning:
2026-10-10T00:09:10.9885577Z   [apply] _fieldName
2026-10-10T00:09:10.9885782Z 
2026-10-10T00:09:10.9886196Z Note: This linter can be disabled with `set_option linter.unusedVariables false`
2026-10-10T00:09:10.9886955Z ⚠ [55/153] Replayed Ps.CompilerIr.Check
2026-10-10T00:09:10.9887888Z warning: packages/compiler-ir/src/Ps/CompilerIr/Check.lean:690:27: Variable name `scope` is not explicitly referenced.
2026-10-10T00:09:10.9888518Z 
2026-10-10T00:09:10.9889284Z Hint: The binding can be removed (if unused) or named `_` (if used implicitly). Alternatively, prefix the name with `_` to silence this warning:
2026-10-10T00:09:10.9890471Z   [apply] _scope
2026-10-10T00:09:10.9890750Z 
2026-10-10T00:09:10.9891207Z Note: This linter can be disabled with `set_option linter.unusedVariables false`
2026-10-10T00:09:10.9892736Z ⚠ [59/153] Replayed Ps.Host.TypeScriptCompiler
2026-10-10T00:09:10.9893797Z warning: host/src/Ps/Host/TypeScriptCompiler.lean:15:10: `String.dropRight` has been deprecated: Use `String.dropEnd` instead
2026-10-10T00:09:10.9894592Z 
2026-10-10T00:09:10.9895003Z Note: The updated constant has a different type:
2026-10-10T00:09:10.9895891Z   String → Nat → String.Slice
2026-10-10T00:09:10.9896580Z instead of
2026-10-10T00:09:10.9897318Z   String → Nat → String
2026-10-10T00:09:10.9897976Z ⚠ [119/153] Replayed BootstrapTests
2026-10-10T00:09:10.9898831Z warning: test/BootstrapTests.lean:335:10: Variable name `id` is not explicitly referenced.
2026-10-10T00:09:10.9899345Z 
2026-10-10T00:09:10.9900089Z Hint: The binding can be removed (if unused) or named `_` (if used implicitly). Alternatively, prefix the name with `_` to silence this warning:
2026-10-10T00:09:10.9900966Z   [apply] _id
2026-10-10T00:09:10.9901209Z 
2026-10-10T00:09:10.9901637Z Note: This linter can be disabled with `set_option linter.unusedVariables false`
2026-10-10T00:09:12.4730817Z ⚠ [126/153] Built Ps.Erasure.Expr (1.5s)
2026-10-10T00:09:12.4732216Z warning: packages/erasure/src/Ps/Erasure/Expr.lean:1080:21: Variable name `name` is not explicitly referenced.
2026-10-10T00:09:12.4733058Z 
2026-10-10T00:09:12.4735172Z Hint: The binding can be removed (if unused) or named `_` (if used implicitly). Alternatively, prefix the name with `_` to silence this warning:
2026-10-10T00:09:12.4736167Z   [apply] _name
2026-10-10T00:09:12.4736392Z 
2026-10-10T00:09:12.4736875Z Note: This linter can be disabled with `set_option linter.unusedVariables false`
2026-10-10T00:09:12.8735938Z ✔ [128/153] Built Ps.Erasure.Definition (408ms)
2026-10-10T00:09:13.3777597Z ✔ [130/153] Built Ps.Compiler.Api (466ms)
2026-10-10T00:09:13.7786207Z ✔ [132/153] Built Ps.BackendTs.Checked (399ms)
2026-10-10T00:09:13.7806153Z ✔ [134/153] Built ErasureTests (907ms)
2026-10-10T00:09:14.2789146Z ✔ [137/153] Built Ps.Compiler.Sh1 (951ms)
2026-10-10T00:09:14.3792622Z ⚠ [139/153] Built IrCheckerTests (598ms)
2026-10-10T00:09:14.3793305Z warning: test/IrCheckerTests.lean:47:42: Variable name `emptyResult` is not explicitly referenced.
2026-10-10T00:09:14.3793675Z 
2026-10-10T00:09:14.3794369Z Hint: The binding can be removed (if unused) or named `_` (if used implicitly). Alternatively, prefix the name with `_` to silence this warning:
2026-10-10T00:09:14.3794953Z   [apply] _emptyResult
2026-10-10T00:09:14.3795158Z 
2026-10-10T00:09:14.3795453Z Note: This linter can be disabled with `set_option linter.unusedVariables false`
2026-10-10T00:09:14.5806057Z ✔ [142/153] Built Ps.BackendTs.Sh1 (287ms)
2026-10-10T00:09:14.8818739Z ✔ [144/153] Built Ps.BackendTs.Compiler (309ms)
2026-10-10T00:09:15.1829256Z ⚠ [146/153] Built StrictSourceCompile (566ms)
2026-10-10T00:09:15.1830507Z warning: scripts/StrictSourceCompile.lean:111:38: `String.dropRight` has been deprecated: Use `String.dropEnd` instead
2026-10-10T00:09:15.1831197Z 
2026-10-10T00:09:15.1831497Z Note: The updated constant has a different type:
2026-10-10T00:09:15.1832183Z   String → Nat → String.Slice
2026-10-10T00:09:15.1832570Z instead of
2026-10-10T00:09:15.1832945Z   String → Nat → String
2026-10-10T00:09:15.2830105Z ⚠ [149/153] Built Ps.Host.CompilerDriver (397ms)
2026-10-10T00:09:15.2830934Z warning: host/src/Ps/Host/CompilerDriver.lean:118:23: `String.dropRight` has been deprecated: Use `String.dropEnd` instead
2026-10-10T00:09:15.2831374Z 
2026-10-10T00:09:15.2831612Z Note: The updated constant has a different type:
2026-10-10T00:09:15.2831995Z   String → Nat → String.Slice
2026-10-10T00:09:15.2832263Z instead of
2026-10-10T00:09:15.2832529Z   String → Nat → String
2026-10-10T00:09:15.5832978Z ✔ [151/153] Built Main (309ms)
2026-10-10T00:09:15.5996973Z Build completed successfully (153 jobs).
2026-10-10T00:09:15.6291938Z ##[group]Run regression_status=0
2026-10-10T00:09:15.6292290Z [36;1mregression_status=0[0m
2026-10-10T00:09:15.6292679Z [36;1mfor target in psc1_tests psc1_translation_tests psc1_erasure_tests; do[0m
2026-10-10T00:09:15.6293277Z [36;1m  if ! lake exe "$target"; then regression_status=1; fi[0m
2026-10-10T00:09:15.6293603Z [36;1mdone[0m
2026-10-10T00:09:15.6293833Z [36;1mexit "$regression_status"[0m
2026-10-10T00:09:15.6334248Z shell: /usr/bin/bash -e {0}
2026-10-10T00:09:15.6334667Z env:
2026-10-10T00:09:15.6335067Z   PSC0_TSC: /home/runner/work/_temp/psc0-typescript-7.0.2/node_modules/typescript/bin/tsc
2026-10-10T00:09:15.6335512Z   PSC0_TYPESCRIPT_VERSION: 7.0.2
2026-10-10T00:09:15.6335781Z ##[endgroup]
2026-10-10T00:09:16.1026242Z ⚠ [4/76] Replayed Ps.Syntax.Cursor
2026-10-10T00:09:16.1027364Z warning: packages/syntax/src/Ps/Syntax/Cursor.lean:51:14: Variable name `head` is not explicitly referenced.
2026-10-10T00:09:16.1027986Z 
2026-10-10T00:09:16.1028869Z Hint: The binding can be removed (if unused) or named `_` (if used implicitly). Alternatively, prefix the name with `_` to silence this warning:
2026-10-10T00:09:16.1029574Z   [apply] _head
2026-10-10T00:09:16.1029719Z 
2026-10-10T00:09:16.1030029Z Note: This linter can be disabled with `set_option linter.unusedVariables false`
2026-10-10T00:09:16.1030707Z warning: packages/syntax/src/Ps/Syntax/Cursor.lean:51:19: Variable name `tail` is not explicitly referenced.
2026-10-10T00:09:16.1031074Z 
2026-10-10T00:09:16.1031558Z Hint: The binding can be removed (if unused) or named `_` (if used implicitly). Alternatively, prefix the name with `_` to silence this warning:
2026-10-10T00:09:16.1032088Z   [apply] _tail
2026-10-10T00:09:16.1032221Z 
2026-10-10T00:09:16.1032507Z Note: This linter can be disabled with `set_option linter.unusedVariables false`
2026-10-10T00:09:16.1033171Z warning: packages/syntax/src/Ps/Syntax/Cursor.lean:56:19: Variable name `rest` is not explicitly referenced.
2026-10-10T00:09:16.1033535Z 
2026-10-10T00:09:16.1034026Z Hint: The binding can be removed (if unused) or named `_` (if used implicitly). Alternatively, prefix the name with `_` to silence this warning:
2026-10-10T00:09:16.1034861Z   [apply] _rest
2026-10-10T00:09:16.1035006Z 
2026-10-10T00:09:16.1035289Z Note: This linter can be disabled with `set_option linter.unusedVariables false`
2026-10-10T00:09:16.1035953Z warning: packages/syntax/src/Ps/Syntax/Cursor.lean:89:14: Variable name `first` is not explicitly referenced.
2026-10-10T00:09:16.1036322Z 
2026-10-10T00:09:16.1036806Z Hint: The binding can be removed (if unused) or named `_` (if used implicitly). Alternatively, prefix the name with `_` to silence this warning:
2026-10-10T00:09:16.1037333Z   [apply] _first
2026-10-10T00:09:16.1037471Z 
2026-10-10T00:09:16.1037748Z Note: This linter can be disabled with `set_option linter.unusedVariables false`
2026-10-10T00:09:16.1038403Z warning: packages/syntax/src/Ps/Syntax/Cursor.lean:92:25: Variable name `tail` is not explicitly referenced.
2026-10-10T00:09:16.1038766Z 
2026-10-10T00:09:16.1039251Z Hint: The binding can be removed (if unused) or named `_` (if used implicitly). Alternatively, prefix the name with `_` to silence this warning:
2026-10-10T00:09:16.1039781Z   [apply] _tail
2026-10-10T00:09:16.1039911Z 
2026-10-10T00:09:16.1040188Z Note: This linter can be disabled with `set_option linter.unusedVariables false`
2026-10-10T00:09:16.1040680Z ⚠ [6/76] Replayed Ps.Syntax.Lexer
2026-10-10T00:09:16.1041243Z warning: packages/syntax/src/Ps/Syntax/Lexer.lean:89:11: Variable name `depth` is not explicitly referenced.
2026-10-10T00:09:16.1041608Z 
2026-10-10T00:09:16.1042081Z Hint: The binding can be removed (if unused) or named `_` (if used implicitly). Alternatively, prefix the name with `_` to silence this warning:
2026-10-10T00:09:16.1042609Z   [apply] _depth
2026-10-10T00:09:16.1042741Z 
2026-10-10T00:09:16.1043013Z Note: This linter can be disabled with `set_option linter.unusedVariables false`
2026-10-10T00:09:16.1043949Z warning: packages/syntax/src/Ps/Syntax/Lexer.lean:89:25: Variable name `remaining` is not explicitly referenced.
2026-10-10T00:09:16.1044423Z 
2026-10-10T00:09:16.1044902Z Hint: The binding can be removed (if unused) or named `_` (if used implicitly). Alternatively, prefix the name with `_` to silence this warning:
2026-10-10T00:09:16.1045573Z   [apply] _remaining
2026-10-10T00:09:16.1045717Z 
2026-10-10T00:09:16.1045989Z Note: This linter can be disabled with `set_option linter.unusedVariables false`
2026-10-10T00:09:16.1046669Z warning: packages/syntax/src/Ps/Syntax/Lexer.lean:406:11: Variable name `remaining` is not explicitly referenced.
2026-10-10T00:09:16.1047047Z 
2026-10-10T00:09:16.1047519Z Hint: The binding can be removed (if unused) or named `_` (if used implicitly). Alternatively, prefix the name with `_` to silence this warning:
2026-10-10T00:09:16.1048059Z   [apply] _remaining
2026-10-10T00:09:16.1048199Z 
2026-10-10T00:09:16.1048471Z Note: This linter can be disabled with `set_option linter.unusedVariables false`
2026-10-10T00:09:16.1049152Z warning: packages/syntax/src/Ps/Syntax/Lexer.lean:406:82: Variable name `charsRev` is not explicitly referenced.
2026-10-10T00:09:16.1049522Z 
2026-10-10T00:09:16.1049992Z Hint: The binding can be removed (if unused) or named `_` (if used implicitly). Alternatively, prefix the name with `_` to silence this warning:
2026-10-10T00:09:16.1050529Z   [apply] _charsRev
2026-10-10T00:09:16.1050670Z 
2026-10-10T00:09:16.1050937Z Note: This linter can be disabled with `set_option linter.unusedVariables false`
2026-10-10T00:09:16.1051433Z ⚠ [8/76] Replayed Ps.Syntax.ParserState
2026-10-10T00:09:16.1052031Z warning: packages/syntax/src/Ps/Syntax/ParserState.lean:30:20: Variable name `rest` is not explicitly referenced.
2026-10-10T00:09:16.1052418Z 
2026-10-10T00:09:16.1052897Z Hint: The binding can be removed (if unused) or named `_` (if used implicitly). Alternatively, prefix the name with `_` to silence this warning:
2026-10-10T00:09:16.1053417Z   [apply] _rest
2026-10-10T00:09:16.1053555Z 
2026-10-10T00:09:16.1053829Z Note: This linter can be disabled with `set_option linter.unusedVariables false`
2026-10-10T00:09:16.1054513Z ⚠ [14/76] Replayed Ps.Core.Abstract
2026-10-10T00:09:16.1055090Z warning: packages/core/src/Ps/Core/Abstract.lean:8:11: Variable name `depth` is not explicitly referenced.
2026-10-10T00:09:16.1055459Z 
2026-10-10T00:09:16.1055936Z Hint: The binding can be removed (if unused) or named `_` (if used implicitly). Alternatively, prefix the name with `_` to silence this warning:
2026-10-10T00:09:16.1056464Z   [apply] _depth
2026-10-10T00:09:16.1056596Z 
2026-10-10T00:09:16.1056862Z Note: This linter can be disabled with `set_option linter.unusedVariables false`
2026-10-10T00:09:16.1057511Z warning: packages/core/src/Ps/Core/Abstract.lean:16:11: Variable name `depth` is not explicitly referenced.
2026-10-10T00:09:16.1057867Z 
2026-10-10T00:09:16.1058348Z Hint: The binding can be removed (if unused) or named `_` (if used implicitly). Alternatively, prefix the name with `_` to silence this warning:
2026-10-10T00:09:16.1058872Z   [apply] _depth
2026-10-10T00:09:16.1059000Z 
2026-10-10T00:09:16.1059268Z Note: This linter can be disabled with `set_option linter.unusedVariables false`
2026-10-10T00:09:16.1059924Z warning: packages/core/src/Ps/Core/Abstract.lean:18:11: Variable name `depth` is not explicitly referenced.
2026-10-10T00:09:16.1060277Z 
2026-10-10T00:09:16.1060757Z Hint: The binding can be removed (if unused) or named `_` (if used implicitly). Alternatively, prefix the name with `_` to silence this warning:
2026-10-10T00:09:16.1061275Z   [apply] _depth
2026-10-10T00:09:16.1061403Z 
2026-10-10T00:09:16.1061678Z Note: This linter can be disabled with `set_option linter.unusedVariables false`
2026-10-10T00:09:16.1062321Z warning: packages/core/src/Ps/Core/Abstract.lean:20:11: Variable name `depth` is not explicitly referenced.
2026-10-10T00:09:16.1062676Z 
2026-10-10T00:09:16.1063328Z Hint: The binding can be removed (if unused) or named `_` (if used implicitly). Alternatively, prefix the name with `_` to silence this warning:
2026-10-10T00:09:16.1064155Z   [apply] _depth
2026-10-10T00:09:16.1064345Z 
2026-10-10T00:09:16.1064752Z Note: This linter can be disabled with `set_option linter.unusedVariables false`
2026-10-10T00:09:16.1065844Z warning: packages/core/src/Ps/Core/Abstract.lean:66:11: Variable name `depth` is not explicitly referenced.
2026-10-10T00:09:16.1066354Z 
2026-10-10T00:09:16.1067049Z Hint: The binding can be removed (if unused) or named `_` (if used implicitly). Alternatively, prefix the name with `_` to silence this warning:
2026-10-10T00:09:16.1067694Z   [apply] _depth
2026-10-10T00:09:16.1067830Z 
2026-10-10T00:09:16.1068109Z Note: This linter can be disabled with `set_option linter.unusedVariables false`
2026-10-10T00:09:16.1068625Z ⚠ [22/76] Replayed Ps.Meta.LevelContext
2026-10-10T00:09:16.1069233Z warning: packages/meta/src/Ps/Meta/LevelContext.lean:59:4: Variable name `assignment` is not explicitly referenced.
2026-10-10T00:09:16.1069620Z 
2026-10-10T00:09:16.1070218Z Hint: The binding can be removed (if unused) or named `_` (if used implicitly). Alternatively, prefix the name with `_` to silence this warning:
2026-10-10T00:09:16.1070846Z   [apply] _assignment
2026-10-10T00:09:16.1070995Z 
2026-10-10T00:09:16.1071277Z Note: This linter can be disabled with `set_option linter.unusedVariables false`
2026-10-10T00:09:16.1071752Z ⚠ [24/76] Replayed Ps.Core.LevelSubst
2026-10-10T00:09:16.1072327Z warning: packages/core/src/Ps/Core/LevelSubst.lean:8:11: Variable name `arguments` is not explicitly referenced.
2026-10-10T00:09:16.1072699Z 
2026-10-10T00:09:16.1073182Z Hint: The binding can be removed (if unused) or named `_` (if used implicitly). Alternatively, prefix the name with `_` to silence this warning:
2026-10-10T00:09:16.1073709Z   [apply] _arguments
2026-10-10T00:09:16.1073854Z 
2026-10-10T00:09:16.1074327Z Note: This linter can be disabled with `set_option linter.unusedVariables false`
2026-10-10T00:09:16.1075302Z warning: packages/core/src/Ps/Core/LevelSubst.lean:9:13: Variable name `target` is not explicitly referenced.
2026-10-10T00:09:16.1075847Z 
2026-10-10T00:09:16.1076595Z Hint: The binding can be removed (if unused) or named `_` (if used implicitly). Alternatively, prefix the name with `_` to silence this warning:
2026-10-10T00:09:16.1077136Z   [apply] _target
2026-10-10T00:09:16.1077276Z 
2026-10-10T00:09:16.1077557Z Note: This linter can be disabled with `set_option linter.unusedVariables false`
2026-10-10T00:09:16.1078076Z ⚠ [25/76] Replayed Ps.Core.Subst
2026-10-10T00:09:16.1078849Z warning: packages/core/src/Ps/Core/Subst.lean:14:11: Variable name `cutoff` is not explicitly referenced.
2026-10-10T00:09:16.1079282Z 
2026-10-10T00:09:16.1079784Z Hint: The binding can be removed (if unused) or named `_` (if used implicitly). Alternatively, prefix the name with `_` to silence this warning:
2026-10-10T00:09:16.1080335Z   [apply] _cutoff
2026-10-10T00:09:16.1080463Z 
2026-10-10T00:09:16.1080757Z Note: This linter can be disabled with `set_option linter.unusedVariables false`
2026-10-10T00:09:16.1081415Z warning: packages/core/src/Ps/Core/Subst.lean:16:11: Variable name `cutoff` is not explicitly referenced.
2026-10-10T00:09:16.1081764Z 
2026-10-10T00:09:16.1082260Z Hint: The binding can be removed (if unused) or named `_` (if used implicitly). Alternatively, prefix the name with `_` to silence this warning:
2026-10-10T00:09:16.1082813Z   [apply] _cutoff
2026-10-10T00:09:16.1082940Z 
2026-10-10T00:09:16.1083219Z Note: This linter can be disabled with `set_option linter.unusedVariables false`
2026-10-10T00:09:16.1083881Z warning: packages/core/src/Ps/Core/Subst.lean:18:11: Variable name `cutoff` is not explicitly referenced.
2026-10-10T00:09:16.1084337Z 
2026-10-10T00:09:16.1084833Z Hint: The binding can be removed (if unused) or named `_` (if used implicitly). Alternatively, prefix the name with `_` to silence this warning:
2026-10-10T00:09:16.1085371Z   [apply] _cutoff
2026-10-10T00:09:16.1085495Z 
2026-10-10T00:09:16.1085884Z Note: This linter can be disabled with `set_option linter.unusedVariables false`
2026-10-10T00:09:16.1086535Z warning: packages/core/src/Ps/Core/Subst.lean:20:11: Variable name `cutoff` is not explicitly referenced.
2026-10-10T00:09:16.1086881Z 
2026-10-10T00:09:16.1087454Z Hint: The binding can be removed (if unused) or named `_` (if used implicitly). Alternatively, prefix the name with `_` to silence this warning:
2026-10-10T00:09:16.1087982Z   [apply] _cutoff
2026-10-10T00:09:16.1088107Z 
2026-10-10T00:09:16.1088384Z Note: This linter can be disabled with `set_option linter.unusedVariables false`
2026-10-10T00:09:16.1089028Z warning: packages/core/src/Ps/Core/Subst.lean:66:11: Variable name `cutoff` is not explicitly referenced.
2026-10-10T00:09:16.1089367Z 
2026-10-10T00:09:16.1089843Z Hint: The binding can be removed (if unused) or named `_` (if used implicitly). Alternatively, prefix the name with `_` to silence this warning:
2026-10-10T00:09:16.1090371Z   [apply] _cutoff
2026-10-10T00:09:16.1090494Z 
2026-10-10T00:09:16.1090814Z Note: This linter can be disabled with `set_option linter.unusedVariables false`
2026-10-10T00:09:16.1091484Z warning: packages/core/src/Ps/Core/Subst.lean:94:11: Variable name `depth` is not explicitly referenced.
2026-10-10T00:09:16.1091831Z 
2026-10-10T00:09:16.1092317Z Hint: The binding can be removed (if unused) or named `_` (if used implicitly). Alternatively, prefix the name with `_` to silence this warning:
2026-10-10T00:09:16.1092852Z   [apply] _depth
2026-10-10T00:09:16.1092987Z 
2026-10-10T00:09:16.1093258Z Note: This linter can be disabled with `set_option linter.unusedVariables false`
2026-10-10T00:09:16.1093900Z warning: packages/core/src/Ps/Core/Subst.lean:96:11: Variable name `depth` is not explicitly referenced.
2026-10-10T00:09:16.1094335Z 
2026-10-10T00:09:16.1094819Z Hint: The binding can be removed (if unused) or named `_` (if used implicitly). Alternatively, prefix the name with `_` to silence this warning:
2026-10-10T00:09:16.1095350Z   [apply] _depth
2026-10-10T00:09:16.1095481Z 
2026-10-10T00:09:16.1095754Z Note: This linter can be disabled with `set_option linter.unusedVariables false`
2026-10-10T00:09:16.1096392Z warning: packages/core/src/Ps/Core/Subst.lean:98:11: Variable name `depth` is not explicitly referenced.
2026-10-10T00:09:16.1096741Z 
2026-10-10T00:09:16.1097214Z Hint: The binding can be removed (if unused) or named `_` (if used implicitly). Alternatively, prefix the name with `_` to silence this warning:
2026-10-10T00:09:16.1097743Z   [apply] _depth
2026-10-10T00:09:16.1097877Z 
2026-10-10T00:09:16.1098143Z Note: This linter can be disabled with `set_option linter.unusedVariables false`
2026-10-10T00:09:16.1098788Z warning: packages/core/src/Ps/Core/Subst.lean:100:11: Variable name `depth` is not explicitly referenced.
2026-10-10T00:09:16.1099136Z 
2026-10-10T00:09:16.1099615Z Hint: The binding can be removed (if unused) or named `_` (if used implicitly). Alternatively, prefix the name with `_` to silence this warning:
2026-10-10T00:09:16.1100147Z   [apply] _depth
2026-10-10T00:09:16.1100279Z 
2026-10-10T00:09:16.1100547Z Note: This linter can be disabled with `set_option linter.unusedVariables false`
2026-10-10T00:09:16.1101191Z warning: packages/core/src/Ps/Core/Subst.lean:146:11: Variable name `depth` is not explicitly referenced.
2026-10-10T00:09:16.1101539Z 
2026-10-10T00:09:16.1102012Z Hint: The binding can be removed (if unused) or named `_` (if used implicitly). Alternatively, prefix the name with `_` to silence this warning:
2026-10-10T00:09:16.1102542Z   [apply] _depth
2026-10-10T00:09:16.1102669Z 
2026-10-10T00:09:16.1102936Z Note: This linter can be disabled with `set_option linter.unusedVariables false`
2026-10-10T00:09:16.1103426Z ⚠ [28/76] Replayed Ps.Meta.Unify
2026-10-10T00:09:16.1103971Z warning: packages/meta/src/Ps/Meta/Unify.lean:90:11: Variable name `environment` is not explicitly referenced.
2026-10-10T00:09:16.1104426Z 
2026-10-10T00:09:16.1104989Z Hint: The binding can be removed (if unused) or named `_` (if used implicitly). Alternatively, prefix the name with `_` to silence this warning:
2026-10-10T00:09:16.1105530Z   [apply] _environment
2026-10-10T00:09:16.1105678Z 
2026-10-10T00:09:16.1105956Z Note: This linter can be disabled with `set_option linter.unusedVariables false`
2026-10-10T00:09:16.1106688Z warning: packages/meta/src/Ps/Meta/Unify.lean:91:11: Variable name `localContext` is not explicitly referenced.
2026-10-10T00:09:16.1107059Z 
2026-10-10T00:09:16.1107542Z Hint: The binding can be removed (if unused) or named `_` (if used implicitly). Alternatively, prefix the name with `_` to silence this warning:
2026-10-10T00:09:16.1108080Z   [apply] _localContext
2026-10-10T00:09:16.1108231Z 
2026-10-10T00:09:16.1108511Z Note: This linter can be disabled with `set_option linter.unusedVariables false`
2026-10-10T00:09:16.1109148Z warning: packages/meta/src/Ps/Meta/Unify.lean:93:11: Variable name `left` is not explicitly referenced.
2026-10-10T00:09:16.1109500Z 
2026-10-10T00:09:16.1109985Z Hint: The binding can be removed (if unused) or named `_` (if used implicitly). Alternatively, prefix the name with `_` to silence this warning:
2026-10-10T00:09:16.1110506Z   [apply] _left
2026-10-10T00:09:16.1110641Z 
2026-10-10T00:09:16.1110918Z Note: This linter can be disabled with `set_option linter.unusedVariables false`
2026-10-10T00:09:16.1111565Z warning: packages/meta/src/Ps/Meta/Unify.lean:94:11: Variable name `right` is not explicitly referenced.
2026-10-10T00:09:16.1111916Z 
2026-10-10T00:09:16.1112401Z Hint: The binding can be removed (if unused) or named `_` (if used implicitly). Alternatively, prefix the name with `_` to silence this warning:
2026-10-10T00:09:16.1112922Z   [apply] _right
2026-10-10T00:09:16.1113056Z 
2026-10-10T00:09:16.1113332Z Note: This linter can be disabled with `set_option linter.unusedVariables false`
2026-10-10T00:09:16.1113989Z warning: packages/meta/src/Ps/Meta/Unify.lean:178:17: Variable name `leftName` is not explicitly referenced.
2026-10-10T00:09:16.1114550Z 
2026-10-10T00:09:16.1115191Z Hint: The binding can be removed (if unused) or named `_` (if used implicitly). Alternatively, prefix the name with `_` to silence this warning:
2026-10-10T00:09:16.1116015Z   [apply] _leftName
2026-10-10T00:09:16.1116202Z 
2026-10-10T00:09:16.1116589Z Note: This linter can be disabled with `set_option linter.unusedVariables false`
2026-10-10T00:09:16.1117488Z warning: packages/meta/src/Ps/Meta/Unify.lean:207:21: Variable name `leftName` is not explicitly referenced.
2026-10-10T00:09:16.1118002Z 
2026-10-10T00:09:16.1118759Z Hint: The binding can be removed (if unused) or named `_` (if used implicitly). Alternatively, prefix the name with `_` to silence this warning:
2026-10-10T00:09:16.1119901Z   [apply] _leftName
2026-10-10T00:09:16.1120219Z 
2026-10-10T00:09:16.1120777Z Note: This linter can be disabled with `set_option linter.unusedVariables false`
2026-10-10T00:09:16.1121915Z ⚠ [33/76] Replayed Ps.Elab.Literal
2026-10-10T00:09:16.1122995Z warning: packages/elab/src/Ps/Elab/Literal.lean:166:11: Variable name `chars` is not explicitly referenced.
2026-10-10T00:09:16.1123759Z 
2026-10-10T00:09:16.1124866Z Hint: The binding can be removed (if unused) or named `_` (if used implicitly). Alternatively, prefix the name with `_` to silence this warning:
2026-10-10T00:09:16.1125980Z   [apply] _chars
2026-10-10T00:09:16.1126264Z 
2026-10-10T00:09:16.1126698Z Note: This linter can be disabled with `set_option linter.unusedVariables false`
2026-10-10T00:09:16.1127722Z warning: packages/elab/src/Ps/Elab/Literal.lean:167:13: Variable name `charsRev` is not explicitly referenced.
2026-10-10T00:09:16.1128289Z 
2026-10-10T00:09:16.1129017Z Hint: The binding can be removed (if unused) or named `_` (if used implicitly). Alternatively, prefix the name with `_` to silence this warning:
2026-10-10T00:09:16.1129836Z   [apply] _charsRev
2026-10-10T00:09:16.1130043Z 
2026-10-10T00:09:16.1130464Z Note: This linter can be disabled with `set_option linter.unusedVariables false`
2026-10-10T00:09:16.1131231Z ⚠ [34/76] Replayed Ps.Elab.Term
2026-10-10T00:09:16.1132263Z warning: packages/elab/src/Ps/Elab/Term.lean:2890:11: Variable name `context` is not explicitly referenced.
2026-10-10T00:09:16.1132825Z 
2026-10-10T00:09:16.1133565Z Hint: The binding can be removed (if unused) or named `_` (if used implicitly). Alternatively, prefix the name with `_` to silence this warning:
2026-10-10T00:09:16.1134702Z   [apply] _context
2026-10-10T00:09:16.1134907Z 
2026-10-10T00:09:16.1135331Z Note: This linter can be disabled with `set_option linter.unusedVariables false`
2026-10-10T00:09:16.1136343Z warning: packages/elab/src/Ps/Elab/Term.lean:2891:13: Variable name `recursion` is not explicitly referenced.
2026-10-10T00:09:16.1136894Z 
2026-10-10T00:09:16.1137615Z Hint: The binding can be removed (if unused) or named `_` (if used implicitly). Alternatively, prefix the name with `_` to silence this warning:
2026-10-10T00:09:16.1138414Z   [apply] _recursion
2026-10-10T00:09:16.1138605Z 
2026-10-10T00:09:16.1139038Z Note: This linter can be disabled with `set_option linter.unusedVariables false`
2026-10-10T00:09:16.1140077Z warning: packages/elab/src/Ps/Elab/Term.lean:2892:15: Variable name `index` is not explicitly referenced.
2026-10-10T00:09:16.1140618Z 
2026-10-10T00:09:16.1141362Z Hint: The binding can be removed (if unused) or named `_` (if used implicitly). Alternatively, prefix the name with `_` to silence this warning:
2026-10-10T00:09:16.1142203Z   [apply] _index
2026-10-10T00:09:16.1142401Z 
2026-10-10T00:09:16.1142816Z Note: This linter can be disabled with `set_option linter.unusedVariables false`
2026-10-10T00:09:16.1143584Z ⚠ [38/76] Replayed BootstrapTests
2026-10-10T00:09:16.1144490Z warning: test/BootstrapTests.lean:335:10: Variable name `id` is not explicitly referenced.
2026-10-10T00:09:16.1145009Z 
2026-10-10T00:09:16.1145742Z Hint: The binding can be removed (if unused) or named `_` (if used implicitly). Alternatively, prefix the name with `_` to silence this warning:
2026-10-10T00:09:16.1146541Z   [apply] _id
2026-10-10T00:09:16.1146734Z 
2026-10-10T00:09:16.1147176Z Note: This linter can be disabled with `set_option linter.unusedVariables false`
2026-10-10T00:09:16.1165543Z PSC1_TEST_PASS: dual-source core elaboration
2026-10-10T00:09:16.1167906Z PSC1_TEST_PASS: dual-source binder kinds elaboration
2026-10-10T00:09:16.1168975Z PSC1_TEST_PASS: dual-source simple parse
2026-10-10T00:09:16.1169781Z PSC1_TEST_PASS: dual-source binder application parse
2026-10-10T00:09:16.1170633Z PSC1_TEST_PASS: dual-source binder kinds parse
2026-10-10T00:09:16.1171455Z PSC1_TEST_PASS: dual-source typed lambda parse
2026-10-10T00:09:16.1172308Z PSC1_TEST_PASS: dual-source typed lambda elaboration
2026-10-10T00:09:16.1173193Z PSC1_TEST_PASS: structure stops before partial def
2026-10-10T00:09:16.1174019Z PSC1_TEST_PASS: Lean list literal sugar
2026-10-10T00:09:16.1174838Z PSC1_TEST_PASS: Lean list pattern sugar
2026-10-10T00:09:16.1175656Z PSC1_TEST_PASS: repeated wildcard match binders
2026-10-10T00:09:16.1176320Z PSC1_TEST_PASS: Lean Nat match sugar
2026-10-10T00:09:16.1177104Z PSC1_TEST_PASS: Lean grouped typed binders
2026-10-10T00:09:16.1177699Z PSC1_TEST_PASS: lambda match uses expected type
2026-10-10T00:09:16.1178309Z PSC1_TEST_PASS: two-argument equation definition
2026-10-10T00:09:16.1178875Z PSC1_TEST_PASS: dual-source Pi parse
2026-10-10T00:09:16.1179482Z PSC1_TEST_PASS: dual-source Pi lambda declaration
2026-10-10T00:09:16.1180084Z PSC1_TEST_PASS: dual-source annotated let
2026-10-10T00:09:16.1180735Z PSC1_TEST_PASS: dual-source inferred let
2026-10-10T00:09:16.1181307Z PSC1_TEST_PASS: dual-source Bool literal
2026-10-10T00:09:16.1181876Z PSC1_TEST_PASS: dual-source if
2026-10-10T00:09:16.1182466Z PSC1_TEST_PASS: inductive metadata lookup
2026-10-10T00:09:16.1183122Z PSC1_TEST_PASS: bootstrap List/Option type constructors
2026-10-10T00:09:16.1183764Z PSC1_TEST_PASS: positive nested recursive field
2026-10-10T00:09:16.1184613Z PSC1_TEST_PASS: reject negative nested recursive field
2026-10-10T00:09:16.1185379Z PSC1_TEST_PASS: Lean product inside application parse
2026-10-10T00:09:16.1186225Z PSC1_TEST_PASS: dual-source basic match parse
2026-10-10T00:09:16.1186855Z PSC1_TEST_PASS: Lean nested match dedent parse
2026-10-10T00:09:16.1187471Z PSC1_TEST_PASS: constructor match pattern parse
2026-10-10T00:09:16.1188107Z PSC1_TEST_PASS: dual-source basic match elaboration
2026-10-10T00:09:16.1188844Z PSC1_TEST_PASS: dual-source field match elaboration
2026-10-10T00:09:16.1189432Z PSC1_TEST_PASS: defeq beta under forall
2026-10-10T00:09:16.1190006Z PSC1_TEST_PASS: dual-source inductive enum parse
2026-10-10T00:09:16.1190627Z PSC1_TEST_PASS: dual-source inductive field parse
2026-10-10T00:09:16.1191362Z PSC1_TEST_PASS: dual-source inductive enum elaboration
2026-10-10T00:09:16.1192031Z PSC1_TEST_PASS: dual-source inductive field elaboration
2026-10-10T00:09:16.1192682Z PSC1_TEST_PASS: dual-source Type Prop elaboration
2026-10-10T00:09:16.1193294Z PSC1_TEST_PASS: dual-source parametric inductive
2026-10-10T00:09:16.1193918Z PSC1_TEST_PASS: Lean implicit constructor elaborates
2026-10-10T00:09:16.1194728Z PSC1_TEST_PASS: ProofScript implicit constructor elaborates
2026-10-10T00:09:16.1195430Z PSC1_TEST_PASS: Lean implicit constructor application
2026-10-10T00:09:16.1196169Z PSC1_TEST_PASS: ProofScript implicit constructor application
2026-10-10T00:09:16.1196938Z PSC1_TEST_PASS: dual-source implicit constructor application
2026-10-10T00:09:16.1197593Z PSC1_TEST_PASS: dual-source structural recursion
2026-10-10T00:09:16.1198253Z PSC1_TEST_PASS: dual-source controlled partial definition
2026-10-10T00:09:16.1198940Z PSC1_TEST_PASS: reject non-decreasing structural recursion
2026-10-10T00:09:16.1199659Z PSC1_TEST_PASS: reject changed invariant structural recursion
2026-10-10T00:09:16.1200277Z PSC1_TEST_PASS: dual-source String literal
2026-10-10T00:09:16.1200837Z PSC1_TEST_PASS: reject invalid String escapes
2026-10-10T00:09:16.1201380Z PSC1_TEST_PASS: dual-source grouping
2026-10-10T00:09:16.1201881Z PSC1_TEST_PASS: dual-source Unit
2026-10-10T00:09:16.1202418Z PSC1_TEST_PASS: Lean parenthesized application
2026-10-10T00:09:16.1202975Z PSC1_TEST_PASS: dual-source Char literal
2026-10-10T00:09:16.1203511Z PSC1_TEST_PASS: reject invalid Char escapes
2026-10-10T00:09:16.1204174Z PSC1_TEST_PASS: ProofScript explicit Unit call
2026-10-10T00:09:16.1204836Z PSC1_TEST_PASS: ProofScript accepts spaced call
2026-10-10T00:09:16.1205530Z PSC1_TEST_PASS: ProofScript empty call preserves no arguments
2026-10-10T00:09:16.1206263Z PSC1_TEST_PASS: ProofScript empty call rejected by elaboration
2026-10-10T00:09:16.1206949Z PSC1_TEST_PASS: Lean interleaved binder kinds parse
2026-10-10T00:09:16.1207604Z PSC1_TEST_PASS: Lean interleaved binder kinds elaboration
2026-10-10T00:09:16.1208362Z PSC1_TEST_PASS: ProofScript rejects interleaved declaration binders
2026-10-10T00:09:16.1209043Z PSC1_TEST_PASS: lexer UTF-8 byte offsets
2026-10-10T00:09:16.1209560Z PSC1_TEST_PASS: lexer nested trivia
2026-10-10T00:09:16.1210014Z PSC1_TEST_PASS: module graph
2026-10-10T00:09:16.1210500Z PSC1_TEST_PASS: global instance synthesis
2026-10-10T00:09:16.1211047Z PSC1_TEST_PASS: generic instance synthesis
2026-10-10T00:09:16.1211609Z PSC1_TEST_PASS: dependent instance synthesis
2026-10-10T00:09:16.1212207Z PSC1_TEST_PASS: local instance synthesis
2026-10-10T00:09:16.1212734Z PSC1_TEST_PASS: transactional unification
2026-10-10T00:09:16.1213277Z PSC1_TEST_PASS: binder-info unification
2026-10-10T00:09:16.1213832Z PSC1_TEST_PASS: level metavariable unification
2026-10-10T00:09:16.1214531Z PSC1_TEST_PASS: scoped metavariable assignment
2026-10-10T00:09:16.1215107Z PSC1_TEST_PASS: reject out-of-scope assignment
2026-10-10T00:09:16.1215611Z PSC1_TEST_PASS: beta WHNF
2026-10-10T00:09:16.1216052Z PSC1_TEST_PASS: infer identity
2026-10-10T00:09:16.1216487Z PSC1_BOOTSTRAP_TESTS: PASS
2026-10-10T00:09:16.5543641Z ⚠ [3/32] Replayed Ps.Syntax.Cursor
2026-10-10T00:09:16.5544850Z warning: packages/syntax/src/Ps/Syntax/Cursor.lean:51:14: Variable name `head` is not explicitly referenced.
2026-10-10T00:09:16.5545254Z 
2026-10-10T00:09:16.5546260Z Hint: The binding can be removed (if unused) or named `_` (if used implicitly). Alternatively, prefix the name with `_` to silence this warning:
2026-10-10T00:09:16.5546830Z   [apply] _head
2026-10-10T00:09:16.5546977Z 
2026-10-10T00:09:16.5547275Z Note: This linter can be disabled with `set_option linter.unusedVariables false`
2026-10-10T00:09:16.5548083Z warning: packages/syntax/src/Ps/Syntax/Cursor.lean:51:19: Variable name `tail` is not explicitly referenced.
2026-10-10T00:09:16.5548457Z 
2026-10-10T00:09:16.5548951Z Hint: The binding can be removed (if unused) or named `_` (if used implicitly). Alternatively, prefix the name with `_` to silence this warning:
2026-10-10T00:09:16.5549491Z   [apply] _tail
2026-10-10T00:09:16.5549628Z 
2026-10-10T00:09:16.5550011Z Note: This linter can be disabled with `set_option linter.unusedVariables false`
2026-10-10T00:09:16.5550675Z warning: packages/syntax/src/Ps/Syntax/Cursor.lean:56:19: Variable name `rest` is not explicitly referenced.
2026-10-10T00:09:16.5551076Z 
2026-10-10T00:09:16.5551618Z Hint: The binding can be removed (if unused) or named `_` (if used implicitly). Alternatively, prefix the name with `_` to silence this warning:
2026-10-10T00:09:16.5552150Z   [apply] _rest
2026-10-10T00:09:16.5552281Z 
2026-10-10T00:09:16.5552565Z Note: This linter can be disabled with `set_option linter.unusedVariables false`
2026-10-10T00:09:16.5553237Z warning: packages/syntax/src/Ps/Syntax/Cursor.lean:89:14: Variable name `first` is not explicitly referenced.
2026-10-10T00:09:16.5553609Z 
2026-10-10T00:09:16.5554206Z Hint: The binding can be removed (if unused) or named `_` (if used implicitly). Alternatively, prefix the name with `_` to silence this warning:
2026-10-10T00:09:16.5554753Z   [apply] _first
2026-10-10T00:09:16.5554892Z 
2026-10-10T00:09:16.5555175Z Note: This linter can be disabled with `set_option linter.unusedVariables false`
2026-10-10T00:09:16.5555839Z warning: packages/syntax/src/Ps/Syntax/Cursor.lean:92:25: Variable name `tail` is not explicitly referenced.
2026-10-10T00:09:16.5556204Z 
2026-10-10T00:09:16.5556691Z Hint: The binding can be removed (if unused) or named `_` (if used implicitly). Alternatively, prefix the name with `_` to silence this warning:
2026-10-10T00:09:16.5557220Z   [apply] _tail
2026-10-10T00:09:16.5557356Z 
2026-10-10T00:09:16.5557635Z Note: This linter can be disabled with `set_option linter.unusedVariables false`
2026-10-10T00:09:16.5558157Z ⚠ [5/32] Replayed Ps.Syntax.Lexer
2026-10-10T00:09:16.5558715Z warning: packages/syntax/src/Ps/Syntax/Lexer.lean:89:11: Variable name `depth` is not explicitly referenced.
2026-10-10T00:09:16.5559079Z 
2026-10-10T00:09:16.5559568Z Hint: The binding can be removed (if unused) or named `_` (if used implicitly). Alternatively, prefix the name with `_` to silence this warning:
2026-10-10T00:09:16.5560187Z   [apply] _depth
2026-10-10T00:09:16.5560327Z 
2026-10-10T00:09:16.5560613Z Note: This linter can be disabled with `set_option linter.unusedVariables false`
2026-10-10T00:09:16.5561294Z warning: packages/syntax/src/Ps/Syntax/Lexer.lean:89:25: Variable name `remaining` is not explicitly referenced.
2026-10-10T00:09:16.5561671Z 
2026-10-10T00:09:16.5562146Z Hint: The binding can be removed (if unused) or named `_` (if used implicitly). Alternatively, prefix the name with `_` to silence this warning:
2026-10-10T00:09:16.5562685Z   [apply] _remaining
2026-10-10T00:09:16.5562835Z 
2026-10-10T00:09:16.5563115Z Note: This linter can be disabled with `set_option linter.unusedVariables false`
2026-10-10T00:09:16.5563791Z warning: packages/syntax/src/Ps/Syntax/Lexer.lean:406:11: Variable name `remaining` is not explicitly referenced.
2026-10-10T00:09:16.5564257Z 
2026-10-10T00:09:16.5564755Z Hint: The binding can be removed (if unused) or named `_` (if used implicitly). Alternatively, prefix the name with `_` to silence this warning:
2026-10-10T00:09:16.5565288Z   [apply] _remaining
2026-10-10T00:09:16.5565429Z 
2026-10-10T00:09:16.5565709Z Note: This linter can be disabled with `set_option linter.unusedVariables false`
2026-10-10T00:09:16.5566459Z warning: packages/syntax/src/Ps/Syntax/Lexer.lean:406:82: Variable name `charsRev` is not explicitly referenced.
2026-10-10T00:09:16.5566840Z 
2026-10-10T00:09:16.5567319Z Hint: The binding can be removed (if unused) or named `_` (if used implicitly). Alternatively, prefix the name with `_` to silence this warning:
2026-10-10T00:09:16.5567919Z   [apply] _charsRev
2026-10-10T00:09:16.5568062Z 
2026-10-10T00:09:16.5568342Z Note: This linter can be disabled with `set_option linter.unusedVariables false`
2026-10-10T00:09:16.5568849Z ⚠ [8/32] Replayed Ps.Syntax.ParserState
2026-10-10T00:09:16.5569459Z warning: packages/syntax/src/Ps/Syntax/ParserState.lean:30:20: Variable name `rest` is not explicitly referenced.
2026-10-10T00:09:16.5569848Z 
2026-10-10T00:09:16.5570432Z Hint: The binding can be removed (if unused) or named `_` (if used implicitly). Alternatively, prefix the name with `_` to silence this warning:
2026-10-10T00:09:16.5571082Z   [apply] _rest
2026-10-10T00:09:16.5571245Z 
2026-10-10T00:09:16.5571606Z Note: This linter can be disabled with `set_option linter.unusedVariables false`
2026-10-10T00:09:16.5647860Z PSC1_TRANSLATION_PASS: unsupported ProofScript do rejected
2026-10-10T00:09:16.5649270Z PSC1_TRANSLATION_PASS: explicit compiler effect calls preserve translation
2026-10-10T00:09:16.5650421Z PSC1_TRANSLATION_PASS: explicit Unit argument survives canonical printing
2026-10-10T00:09:16.5651462Z PSC1_TRANSLATION_PASS: grouped and dependent ProofScript binder types
2026-10-10T00:09:16.5652446Z PSC1_TRANSLATION_PASS: nested function binder canonical round trip
2026-10-10T00:09:16.5653379Z PSC1_TRANSLATION_PASS: complex application .lean <-> .ps
2026-10-10T00:09:16.5654344Z PSC1_TRANSLATION_PASS: partial def .lean <-> .ps
2026-10-10T00:09:16.5655054Z PSC1_TRANSLATION_PASS: structure .lean <-> .ps
2026-10-10T00:09:16.5655727Z PSC1_TRANSLATION_PASS: .lean -> .ps -> .lean
2026-10-10T00:09:16.5656359Z PSC1_TRANSLATION_PASS: .ps -> .lean -> .ps
2026-10-10T00:09:17.0112002Z ⚠ [3/96] Replayed Ps.Syntax.Cursor
2026-10-10T00:09:17.0112734Z warning: packages/syntax/src/Ps/Syntax/Cursor.lean:51:14: Variable name `head` is not explicitly referenced.
2026-10-10T00:09:17.0113121Z 
2026-10-10T00:09:17.0113638Z Hint: The binding can be removed (if unused) or named `_` (if used implicitly). Alternatively, prefix the name with `_` to silence this warning:
2026-10-10T00:09:17.0114491Z   [apply] _head
2026-10-10T00:09:17.0114750Z 
2026-10-10T00:09:17.0115054Z Note: This linter can be disabled with `set_option linter.unusedVariables false`
2026-10-10T00:09:17.0115743Z warning: packages/syntax/src/Ps/Syntax/Cursor.lean:51:19: Variable name `tail` is not explicitly referenced.
2026-10-10T00:09:17.0116116Z 
2026-10-10T00:09:17.0116675Z Hint: The binding can be removed (if unused) or named `_` (if used implicitly). Alternatively, prefix the name with `_` to silence this warning:
2026-10-10T00:09:17.0117216Z   [apply] _tail
2026-10-10T00:09:17.0117350Z 
2026-10-10T00:09:17.0117640Z Note: This linter can be disabled with `set_option linter.unusedVariables false`
2026-10-10T00:09:17.0118304Z warning: packages/syntax/src/Ps/Syntax/Cursor.lean:56:19: Variable name `rest` is not explicitly referenced.
2026-10-10T00:09:17.0118671Z 
2026-10-10T00:09:17.0119166Z Hint: The binding can be removed (if unused) or named `_` (if used implicitly). Alternatively, prefix the name with `_` to silence this warning:
2026-10-10T00:09:17.0119700Z   [apply] _rest
2026-10-10T00:09:17.0119829Z 
2026-10-10T00:09:17.0120107Z Note: This linter can be disabled with `set_option linter.unusedVariables false`
2026-10-10T00:09:17.0120773Z warning: packages/syntax/src/Ps/Syntax/Cursor.lean:89:14: Variable name `first` is not explicitly referenced.
2026-10-10T00:09:17.0121143Z 
2026-10-10T00:09:17.0121631Z Hint: The binding can be removed (if unused) or named `_` (if used implicitly). Alternatively, prefix the name with `_` to silence this warning:
2026-10-10T00:09:17.0122164Z   [apply] _first
2026-10-10T00:09:17.0122301Z 
2026-10-10T00:09:17.0122872Z Note: This linter can be disabled with `set_option linter.unusedVariables false`
2026-10-10T00:09:17.0123543Z warning: packages/syntax/src/Ps/Syntax/Cursor.lean:92:25: Variable name `tail` is not explicitly referenced.
2026-10-10T00:09:17.0124043Z 
2026-10-10T00:09:17.0124854Z Hint: The binding can be removed (if unused) or named `_` (if used implicitly). Alternatively, prefix the name with `_` to silence this warning:
2026-10-10T00:09:17.0125383Z   [apply] _tail
2026-10-10T00:09:17.0125519Z 
2026-10-10T00:09:17.0125801Z Note: This linter can be disabled with `set_option linter.unusedVariables false`
2026-10-10T00:09:17.0126293Z ⚠ [5/96] Replayed Ps.Syntax.Lexer
2026-10-10T00:09:17.0126858Z warning: packages/syntax/src/Ps/Syntax/Lexer.lean:89:11: Variable name `depth` is not explicitly referenced.
2026-10-10T00:09:17.0127213Z 
2026-10-10T00:09:17.0127699Z Hint: The binding can be removed (if unused) or named `_` (if used implicitly). Alternatively, prefix the name with `_` to silence this warning:
2026-10-10T00:09:17.0128237Z   [apply] _depth
2026-10-10T00:09:17.0128376Z 
2026-10-10T00:09:17.0128648Z Note: This linter can be disabled with `set_option linter.unusedVariables false`
2026-10-10T00:09:17.0129318Z warning: packages/syntax/src/Ps/Syntax/Lexer.lean:89:25: Variable name `remaining` is not explicitly referenced.
2026-10-10T00:09:17.0129692Z 
2026-10-10T00:09:17.0130168Z Hint: The binding can be removed (if unused) or named `_` (if used implicitly). Alternatively, prefix the name with `_` to silence this warning:
2026-10-10T00:09:17.0130706Z   [apply] _remaining
2026-10-10T00:09:17.0130853Z 
2026-10-10T00:09:17.0131122Z Note: This linter can be disabled with `set_option linter.unusedVariables false`
2026-10-10T00:09:17.0131798Z warning: packages/syntax/src/Ps/Syntax/Lexer.lean:406:11: Variable name `remaining` is not explicitly referenced.
2026-10-10T00:09:17.0132175Z 
2026-10-10T00:09:17.0132653Z Hint: The binding can be removed (if unused) or named `_` (if used implicitly). Alternatively, prefix the name with `_` to silence this warning:
2026-10-10T00:09:17.0133189Z   [apply] _remaining
2026-10-10T00:09:17.0133334Z 
2026-10-10T00:09:17.0133603Z Note: This linter can be disabled with `set_option linter.unusedVariables false`
2026-10-10T00:09:17.0134454Z warning: packages/syntax/src/Ps/Syntax/Lexer.lean:406:82: Variable name `charsRev` is not explicitly referenced.
2026-10-10T00:09:17.0134833Z 
2026-10-10T00:09:17.0135308Z Hint: The binding can be removed (if unused) or named `_` (if used implicitly). Alternatively, prefix the name with `_` to silence this warning:
2026-10-10T00:09:17.0135845Z   [apply] _charsRev
2026-10-10T00:09:17.0135986Z 
2026-10-10T00:09:17.0136255Z Note: This linter can be disabled with `set_option linter.unusedVariables false`
2026-10-10T00:09:17.0136755Z ⚠ [8/96] Replayed Ps.Syntax.ParserState
2026-10-10T00:09:17.0137352Z warning: packages/syntax/src/Ps/Syntax/ParserState.lean:30:20: Variable name `rest` is not explicitly referenced.
2026-10-10T00:09:17.0137741Z 
2026-10-10T00:09:17.0138227Z Hint: The binding can be removed (if unused) or named `_` (if used implicitly). Alternatively, prefix the name with `_` to silence this warning:
2026-10-10T00:09:17.0138743Z   [apply] _rest
2026-10-10T00:09:17.0138875Z 
2026-10-10T00:09:17.0139155Z Note: This linter can be disabled with `set_option linter.unusedVariables false`
2026-10-10T00:09:17.0139606Z ⚠ [19/96] Replayed Ps.Core.Abstract
2026-10-10T00:09:17.0140167Z warning: packages/core/src/Ps/Core/Abstract.lean:8:11: Variable name `depth` is not explicitly referenced.
2026-10-10T00:09:17.0140522Z 
2026-10-10T00:09:17.0140994Z Hint: The binding can be removed (if unused) or named `_` (if used implicitly). Alternatively, prefix the name with `_` to silence this warning:
2026-10-10T00:09:17.0141524Z   [apply] _depth
2026-10-10T00:09:17.0141657Z 
2026-10-10T00:09:17.0141923Z Note: This linter can be disabled with `set_option linter.unusedVariables false`
2026-10-10T00:09:17.0142663Z warning: packages/core/src/Ps/Core/Abstract.lean:16:11: Variable name `depth` is not explicitly referenced.
2026-10-10T00:09:17.0143024Z 
2026-10-10T00:09:17.0143498Z Hint: The binding can be removed (if unused) or named `_` (if used implicitly). Alternatively, prefix the name with `_` to silence this warning:
2026-10-10T00:09:17.0144194Z   [apply] _depth
2026-10-10T00:09:17.0144336Z 
2026-10-10T00:09:17.0144616Z Note: This linter can be disabled with `set_option linter.unusedVariables false`
2026-10-10T00:09:17.0145276Z warning: packages/core/src/Ps/Core/Abstract.lean:18:11: Variable name `depth` is not explicitly referenced.
2026-10-10T00:09:17.0145639Z 
2026-10-10T00:09:17.0146111Z Hint: The binding can be removed (if unused) or named `_` (if used implicitly). Alternatively, prefix the name with `_` to silence this warning:
2026-10-10T00:09:17.0146641Z   [apply] _depth
2026-10-10T00:09:17.0146773Z 
2026-10-10T00:09:17.0147043Z Note: This linter can be disabled with `set_option linter.unusedVariables false`
2026-10-10T00:09:17.0147707Z warning: packages/core/src/Ps/Core/Abstract.lean:20:11: Variable name `depth` is not explicitly referenced.
2026-10-10T00:09:17.0148067Z 
2026-10-10T00:09:17.0148540Z Hint: The binding can be removed (if unused) or named `_` (if used implicitly). Alternatively, prefix the name with `_` to silence this warning:
2026-10-10T00:09:17.0149260Z   [apply] _depth
2026-10-10T00:09:17.0149468Z 
2026-10-10T00:09:17.0149848Z Note: This linter can be disabled with `set_option linter.unusedVariables false`
2026-10-10T00:09:17.0150804Z warning: packages/core/src/Ps/Core/Abstract.lean:66:11: Variable name `depth` is not explicitly referenced.
2026-10-10T00:09:17.0151323Z 
2026-10-10T00:09:17.0152000Z Hint: The binding can be removed (if unused) or named `_` (if used implicitly). Alternatively, prefix the name with `_` to silence this warning:
2026-10-10T00:09:17.0152772Z   [apply] _depth
2026-10-10T00:09:17.0152956Z 
2026-10-10T00:09:17.0153240Z Note: This linter can be disabled with `set_option linter.unusedVariables false`
2026-10-10T00:09:17.0153756Z ⚠ [20/96] Replayed Ps.Core.Subst
2026-10-10T00:09:17.0154603Z warning: packages/core/src/Ps/Core/Subst.lean:14:11: Variable name `cutoff` is not explicitly referenced.
2026-10-10T00:09:17.0154971Z 
2026-10-10T00:09:17.0155468Z Hint: The binding can be removed (if unused) or named `_` (if used implicitly). Alternatively, prefix the name with `_` to silence this warning:
2026-10-10T00:09:17.0156025Z   [apply] _cutoff
2026-10-10T00:09:17.0156171Z 
2026-10-10T00:09:17.0156459Z Note: This linter can be disabled with `set_option linter.unusedVariables false`
2026-10-10T00:09:17.0157120Z warning: packages/core/src/Ps/Core/Subst.lean:16:11: Variable name `cutoff` is not explicitly referenced.
2026-10-10T00:09:17.0157482Z 
2026-10-10T00:09:17.0157972Z Hint: The binding can be removed (if unused) or named `_` (if used implicitly). Alternatively, prefix the name with `_` to silence this warning:
2026-10-10T00:09:17.0158512Z   [apply] _cutoff
2026-10-10T00:09:17.0158651Z 
2026-10-10T00:09:17.0158936Z Note: This linter can be disabled with `set_option linter.unusedVariables false`
2026-10-10T00:09:17.0159589Z warning: packages/core/src/Ps/Core/Subst.lean:18:11: Variable name `cutoff` is not explicitly referenced.
2026-10-10T00:09:17.0159942Z 
2026-10-10T00:09:17.0160436Z Hint: The binding can be removed (if unused) or named `_` (if used implicitly). Alternatively, prefix the name with `_` to silence this warning:
2026-10-10T00:09:17.0160978Z   [apply] _cutoff
2026-10-10T00:09:17.0161102Z 
2026-10-10T00:09:17.0161382Z Note: This linter can be disabled with `set_option linter.unusedVariables false`
2026-10-10T00:09:17.0162029Z warning: packages/core/src/Ps/Core/Subst.lean:20:11: Variable name `cutoff` is not explicitly referenced.
2026-10-10T00:09:17.0162374Z 
2026-10-10T00:09:17.0162869Z Hint: The binding can be removed (if unused) or named `_` (if used implicitly). Alternatively, prefix the name with `_` to silence this warning:
2026-10-10T00:09:17.0163410Z   [apply] _cutoff
2026-10-10T00:09:17.0163535Z 
2026-10-10T00:09:17.0163909Z Note: This linter can be disabled with `set_option linter.unusedVariables false`
2026-10-10T00:09:17.0164735Z warning: packages/core/src/Ps/Core/Subst.lean:66:11: Variable name `cutoff` is not explicitly referenced.
2026-10-10T00:09:17.0165158Z 
2026-10-10T00:09:17.0165650Z Hint: The binding can be removed (if unused) or named `_` (if used implicitly). Alternatively, prefix the name with `_` to silence this warning:
2026-10-10T00:09:17.0166180Z   [apply] _cutoff
2026-10-10T00:09:17.0166307Z 
2026-10-10T00:09:17.0166586Z Note: This linter can be disabled with `set_option linter.unusedVariables false`
2026-10-10T00:09:17.0167285Z warning: packages/core/src/Ps/Core/Subst.lean:94:11: Variable name `depth` is not explicitly referenced.
2026-10-10T00:09:17.0167633Z 
2026-10-10T00:09:17.0168118Z Hint: The binding can be removed (if unused) or named `_` (if used implicitly). Alternatively, prefix the name with `_` to silence this warning:
2026-10-10T00:09:17.0168650Z   [apply] _depth
2026-10-10T00:09:17.0168773Z 
2026-10-10T00:09:17.0169056Z Note: This linter can be disabled with `set_option linter.unusedVariables false`
2026-10-10T00:09:17.0169695Z warning: packages/core/src/Ps/Core/Subst.lean:96:11: Variable name `depth` is not explicitly referenced.
2026-10-10T00:09:17.0170036Z 
2026-10-10T00:09:17.0170520Z Hint: The binding can be removed (if unused) or named `_` (if used implicitly). Alternatively, prefix the name with `_` to silence this warning:
2026-10-10T00:09:17.0171047Z   [apply] _depth
2026-10-10T00:09:17.0171171Z 
2026-10-10T00:09:17.0171448Z Note: This linter can be disabled with `set_option linter.unusedVariables false`
2026-10-10T00:09:17.0172136Z warning: packages/core/src/Ps/Core/Subst.lean:98:11: Variable name `depth` is not explicitly referenced.
2026-10-10T00:09:17.0172596Z 
2026-10-10T00:09:17.0173251Z Hint: The binding can be removed (if unused) or named `_` (if used implicitly). Alternatively, prefix the name with `_` to silence this warning:
2026-10-10T00:09:17.0174140Z   [apply] _depth
2026-10-10T00:09:17.0174341Z 
2026-10-10T00:09:17.0174773Z Note: This linter can be disabled with `set_option linter.unusedVariables false`
2026-10-10T00:09:17.0175804Z warning: packages/core/src/Ps/Core/Subst.lean:100:11: Variable name `depth` is not explicitly referenced.
2026-10-10T00:09:17.0176375Z 
2026-10-10T00:09:17.0177182Z Hint: The binding can be removed (if unused) or named `_` (if used implicitly). Alternatively, prefix the name with `_` to silence this warning:
2026-10-10T00:09:17.0178035Z   [apply] _depth
2026-10-10T00:09:17.0178213Z 
2026-10-10T00:09:17.0178663Z Note: This linter can be disabled with `set_option linter.unusedVariables false`
2026-10-10T00:09:17.0179724Z warning: packages/core/src/Ps/Core/Subst.lean:146:11: Variable name `depth` is not explicitly referenced.
2026-10-10T00:09:17.0180312Z 
2026-10-10T00:09:17.0181080Z Hint: The binding can be removed (if unused) or named `_` (if used implicitly). Alternatively, prefix the name with `_` to silence this warning:
2026-10-10T00:09:17.0181953Z   [apply] _depth
2026-10-10T00:09:17.0182150Z 
2026-10-10T00:09:17.0182592Z Note: This linter can be disabled with `set_option linter.unusedVariables false`
2026-10-10T00:09:17.0183422Z ⚠ [23/96] Replayed Ps.Core.LevelSubst
2026-10-10T00:09:17.0184449Z warning: packages/core/src/Ps/Core/LevelSubst.lean:8:11: Variable name `arguments` is not explicitly referenced.
2026-10-10T00:09:17.0184937Z 
2026-10-10T00:09:17.0185428Z Hint: The binding can be removed (if unused) or named `_` (if used implicitly). Alternatively, prefix the name with `_` to silence this warning:
2026-10-10T00:09:17.0185957Z   [apply] _arguments
2026-10-10T00:09:17.0186102Z 
2026-10-10T00:09:17.0186384Z Note: This linter can be disabled with `set_option linter.unusedVariables false`
2026-10-10T00:09:17.0187048Z warning: packages/core/src/Ps/Core/LevelSubst.lean:9:13: Variable name `target` is not explicitly referenced.
2026-10-10T00:09:17.0187415Z 
2026-10-10T00:09:17.0188043Z Hint: The binding can be removed (if unused) or named `_` (if used implicitly). Alternatively, prefix the name with `_` to silence this warning:
2026-10-10T00:09:17.0188618Z   [apply] _target
2026-10-10T00:09:17.0188765Z 
2026-10-10T00:09:17.0189042Z Note: This linter can be disabled with `set_option linter.unusedVariables false`
2026-10-10T00:09:17.0189654Z ⚠ [24/96] Replayed Ps.Meta.LevelContext
2026-10-10T00:09:17.0190253Z warning: packages/meta/src/Ps/Meta/LevelContext.lean:59:4: Variable name `assignment` is not explicitly referenced.
2026-10-10T00:09:17.0190647Z 
2026-10-10T00:09:17.0191132Z Hint: The binding can be removed (if unused) or named `_` (if used implicitly). Alternatively, prefix the name with `_` to silence this warning:
2026-10-10T00:09:17.0191672Z   [apply] _assignment
2026-10-10T00:09:17.0191823Z 
2026-10-10T00:09:17.0192106Z Note: This linter can be disabled with `set_option linter.unusedVariables false`
2026-10-10T00:09:17.0192564Z ⚠ [29/96] Replayed Ps.Meta.Unify
2026-10-10T00:09:17.0193136Z warning: packages/meta/src/Ps/Meta/Unify.lean:90:11: Variable name `environment` is not explicitly referenced.
2026-10-10T00:09:17.0193508Z 
2026-10-10T00:09:17.0193980Z Hint: The binding can be removed (if unused) or named `_` (if used implicitly). Alternatively, prefix the name with `_` to silence this warning:
2026-10-10T00:09:17.0194820Z   [apply] _environment
2026-10-10T00:09:17.0194974Z 
2026-10-10T00:09:17.0195247Z Note: This linter can be disabled with `set_option linter.unusedVariables false`
2026-10-10T00:09:17.0195969Z warning: packages/meta/src/Ps/Meta/Unify.lean:91:11: Variable name `localContext` is not explicitly referenced.
2026-10-10T00:09:17.0196430Z 
2026-10-10T00:09:17.0197122Z Hint: The binding can be removed (if unused) or named `_` (if used implicitly). Alternatively, prefix the name with `_` to silence this warning:
2026-10-10T00:09:17.0197890Z   [apply] _localContext
2026-10-10T00:09:17.0198071Z 
2026-10-10T00:09:17.0198410Z Note: This linter can be disabled with `set_option linter.unusedVariables false`
2026-10-10T00:09:17.0199299Z warning: packages/meta/src/Ps/Meta/Unify.lean:93:11: Variable name `left` is not explicitly referenced.
2026-10-10T00:09:17.0199842Z 
2026-10-10T00:09:17.0200492Z Hint: The binding can be removed (if unused) or named `_` (if used implicitly). Alternatively, prefix the name with `_` to silence this warning:
2026-10-10T00:09:17.0201390Z   [apply] _left
2026-10-10T00:09:17.0201580Z 
2026-10-10T00:09:17.0201975Z Note: This linter can be disabled with `set_option linter.unusedVariables false`
2026-10-10T00:09:17.0202929Z warning: packages/meta/src/Ps/Meta/Unify.lean:94:11: Variable name `right` is not explicitly referenced.
2026-10-10T00:09:17.0203450Z 
2026-10-10T00:09:17.0204320Z Hint: The binding can be removed (if unused) or named `_` (if used implicitly). Alternatively, prefix the name with `_` to silence this warning:
2026-10-10T00:09:17.0205447Z   [apply] _right
2026-10-10T00:09:17.0205761Z 
2026-10-10T00:09:17.0206429Z Note: This linter can be disabled with `set_option linter.unusedVariables false`
2026-10-10T00:09:17.0207598Z warning: packages/meta/src/Ps/Meta/Unify.lean:178:17: Variable name `leftName` is not explicitly referenced.
2026-10-10T00:09:17.0208289Z 
2026-10-10T00:09:17.0209475Z Hint: The binding can be removed (if unused) or named `_` (if used implicitly). Alternatively, prefix the name with `_` to silence this warning:
2026-10-10T00:09:17.0210417Z   [apply] _leftName
2026-10-10T00:09:17.0210611Z 
2026-10-10T00:09:17.0211018Z Note: This linter can be disabled with `set_option linter.unusedVariables false`
2026-10-10T00:09:17.0212186Z warning: packages/meta/src/Ps/Meta/Unify.lean:207:21: Variable name `leftName` is not explicitly referenced.
2026-10-10T00:09:17.0212877Z 
2026-10-10T00:09:17.0213542Z Hint: The binding can be removed (if unused) or named `_` (if used implicitly). Alternatively, prefix the name with `_` to silence this warning:
2026-10-10T00:09:17.0214480Z   [apply] _leftName
2026-10-10T00:09:17.0214687Z 
2026-10-10T00:09:17.0215398Z Note: This linter can be disabled with `set_option linter.unusedVariables false`
2026-10-10T00:09:17.0216306Z ⚠ [32/96] Replayed Ps.Elab.Literal
2026-10-10T00:09:17.0217205Z warning: packages/elab/src/Ps/Elab/Literal.lean:166:11: Variable name `chars` is not explicitly referenced.
2026-10-10T00:09:17.0217946Z 
2026-10-10T00:09:17.0218597Z Hint: The binding can be removed (if unused) or named `_` (if used implicitly). Alternatively, prefix the name with `_` to silence this warning:
2026-10-10T00:09:17.0219338Z   [apply] _chars
2026-10-10T00:09:17.0219523Z 
2026-10-10T00:09:17.0220003Z Note: This linter can be disabled with `set_option linter.unusedVariables false`
2026-10-10T00:09:17.0221075Z warning: packages/elab/src/Ps/Elab/Literal.lean:167:13: Variable name `charsRev` is not explicitly referenced.
2026-10-10T00:09:17.0221589Z 
2026-10-10T00:09:17.0222246Z Hint: The binding can be removed (if unused) or named `_` (if used implicitly). Alternatively, prefix the name with `_` to silence this warning:
2026-10-10T00:09:17.0223016Z   [apply] _charsRev
2026-10-10T00:09:17.0223203Z 
2026-10-10T00:09:17.0223608Z Note: This linter can be disabled with `set_option linter.unusedVariables false`
2026-10-10T00:09:17.0224663Z ⚠ [33/96] Replayed Ps.Elab.Term
2026-10-10T00:09:17.0225659Z warning: packages/elab/src/Ps/Elab/Term.lean:2890:11: Variable name `context` is not explicitly referenced.
2026-10-10T00:09:17.0226241Z 
2026-10-10T00:09:17.0226971Z Hint: The binding can be removed (if unused) or named `_` (if used implicitly). Alternatively, prefix the name with `_` to silence this warning:
2026-10-10T00:09:17.0227791Z   [apply] _context
2026-10-10T00:09:17.0227998Z 
2026-10-10T00:09:17.0228412Z Note: This linter can be disabled with `set_option linter.unusedVariables false`
2026-10-10T00:09:17.0229398Z warning: packages/elab/src/Ps/Elab/Term.lean:2891:13: Variable name `recursion` is not explicitly referenced.
2026-10-10T00:09:17.0229953Z 
2026-10-10T00:09:17.0230696Z Hint: The binding can be removed (if unused) or named `_` (if used implicitly). Alternatively, prefix the name with `_` to silence this warning:
2026-10-10T00:09:17.0231499Z   [apply] _recursion
2026-10-10T00:09:17.0231708Z 
2026-10-10T00:09:17.0232122Z Note: This linter can be disabled with `set_option linter.unusedVariables false`
2026-10-10T00:09:17.0233112Z warning: packages/elab/src/Ps/Elab/Term.lean:2892:15: Variable name `index` is not explicitly referenced.
2026-10-10T00:09:17.0233642Z 
2026-10-10T00:09:17.0234590Z Hint: The binding can be removed (if unused) or named `_` (if used implicitly). Alternatively, prefix the name with `_` to silence this warning:
2026-10-10T00:09:17.0235403Z   [apply] _index
2026-10-10T00:09:17.0235598Z 
2026-10-10T00:09:17.0236013Z Note: This linter can be disabled with `set_option linter.unusedVariables false`
2026-10-10T00:09:17.0236756Z ⚠ [39/96] Replayed Ps.Erasure.Expr
2026-10-10T00:09:17.0237593Z warning: packages/erasure/src/Ps/Erasure/Expr.lean:1080:21: Variable name `name` is not explicitly referenced.
2026-10-10T00:09:17.0238164Z 
2026-10-10T00:09:17.0238932Z Hint: The binding can be removed (if unused) or named `_` (if used implicitly). Alternatively, prefix the name with `_` to silence this warning:
2026-10-10T00:09:17.0239753Z   [apply] _name
2026-10-10T00:09:17.0239951Z 
2026-10-10T00:09:17.0240381Z Note: This linter can be disabled with `set_option linter.unusedVariables false`
2026-10-10T00:09:17.0241136Z ⚠ [46/96] Replayed Ps.BackendTs.Expr
2026-10-10T00:09:17.0242080Z warning: packages/backend-ts/src/Ps/BackendTs/Expr.lean:631:32: Variable name `fieldName` is not explicitly referenced.
2026-10-10T00:09:17.0242702Z 
2026-10-10T00:09:17.0243433Z Hint: The binding can be removed (if unused) or named `_` (if used implicitly). Alternatively, prefix the name with `_` to silence this warning:
2026-10-10T00:09:17.0244409Z   [apply] _fieldName
2026-10-10T00:09:17.0244639Z 
2026-10-10T00:09:17.0245059Z Note: This linter can be disabled with `set_option linter.unusedVariables false`
2026-10-10T00:09:17.0293626Z PSC1_ERASURE_PASS: dual-source Lean-native identity
2026-10-10T00:09:17.0294915Z PSC1_ERASURE_PASS: dual-source Lean-native generic identity
2026-10-10T00:09:17.0295543Z PSC1_ERASURE_PASS: dual-source Lean-native let
2026-10-10T00:09:17.0296307Z PSC1_ERASURE_PASS: dual-source Lean-native if
2026-10-10T00:09:17.0296835Z PSC1_ERASURE_PASS: dual-source Lean-native Maybe match
2026-10-10T00:09:17.0297293Z PSC1_ERASURE_PASS: dual-source Lean-native structure projection
2026-10-10T00:09:17.0297785Z PSC1_ERASURE_PASS: dual-source Lean-native structural recursion
2026-10-10T00:09:17.0298199Z PSC1_ERASURE_PASS: dual-source Lean-native Int
2026-10-10T00:09:17.0298603Z PSC1_ERASURE_PASS: dual-source Lean-native Array basics
2026-10-10T00:09:17.0299009Z PSC1_ERASURE_PASS: dual-source Lean-native Array map
2026-10-10T00:09:17.0299416Z PSC1_ERASURE_PASS: dual-source Lean-native Array foldl
2026-10-10T00:09:17.0299853Z PSC1_ERASURE_PASS: dual-source Lean-native Array higher-order
2026-10-10T00:09:17.0300328Z PSC1_ERASURE_PASS: dual-source Lean-native partial application
2026-10-10T00:09:17.0300782Z PSC1_ERASURE_PASS: dual-source Lean-native text primitives
2026-10-10T00:09:17.0301271Z PSC1_ERASURE_PASS: dual-source Lean-native String raw-position bridge
2026-10-10T00:09:17.0301773Z PSC1_ERASURE_PASS: dual-source Lean-native controlled partial def
2026-10-10T00:09:17.0302157Z PSC1_ERASURE_TESTS: PASS
2026-10-10T00:09:17.0684567Z ##[group]Run lake build psc2_lean_checked_seed
2026-10-10T00:09:17.0685132Z [36;1mlake build psc2_lean_checked_seed[0m
2026-10-10T00:09:17.0725847Z shell: /usr/bin/bash -e {0}
2026-10-10T00:09:17.0726144Z env:
2026-10-10T00:09:17.0726527Z   PSC0_TSC: /home/runner/work/_temp/psc0-typescript-7.0.2/node_modules/typescript/bin/tsc
2026-10-10T00:09:17.0726973Z   PSC0_TYPESCRIPT_VERSION: 7.0.2
2026-10-10T00:09:17.0727233Z ##[endgroup]
2026-10-10T00:09:17.5926135Z info: psc2LeanChecked: no previous manifest, creating one from scratch
2026-10-10T00:09:17.5926931Z info: updating toolchain to 'leanprover/lean4:v4.34.0'
2026-10-10T00:09:17.5927315Z info: restarting Lake via Elan
2026-10-10T00:09:17.9178954Z info: psc2LeanChecked: no previous manifest, creating one from scratch
2026-10-10T00:09:17.9179569Z info: toolchain not updated; already up-to-date
2026-10-10T00:09:18.9089716Z ⚠ [4/145] Replayed Ps.Syntax.Cursor
2026-10-10T00:09:18.9091196Z warning: packages/syntax/src/Ps/Syntax/Cursor.lean:51:14: Variable name `head` is not explicitly referenced.
2026-10-10T00:09:18.9091861Z 
2026-10-10T00:09:18.9092719Z Hint: The binding can be removed (if unused) or named `_` (if used implicitly). Alternatively, prefix the name with `_` to silence this warning:
2026-10-10T00:09:18.9093648Z   [apply] _head
2026-10-10T00:09:18.9093859Z 
2026-10-10T00:09:18.9094491Z Note: This linter can be disabled with `set_option linter.unusedVariables false`
2026-10-10T00:09:18.9095645Z warning: packages/syntax/src/Ps/Syntax/Cursor.lean:51:19: Variable name `tail` is not explicitly referenced.
2026-10-10T00:09:18.9096281Z 
2026-10-10T00:09:18.9097088Z Hint: The binding can be removed (if unused) or named `_` (if used implicitly). Alternatively, prefix the name with `_` to silence this warning:
2026-10-10T00:09:18.9097970Z   [apply] _tail
2026-10-10T00:09:18.9098176Z 
2026-10-10T00:09:18.9098630Z Note: This linter can be disabled with `set_option linter.unusedVariables false`
2026-10-10T00:09:18.9099783Z warning: packages/syntax/src/Ps/Syntax/Cursor.lean:56:19: Variable name `rest` is not explicitly referenced.
2026-10-10T00:09:18.9100401Z 
2026-10-10T00:09:18.9101196Z Hint: The binding can be removed (if unused) or named `_` (if used implicitly). Alternatively, prefix the name with `_` to silence this warning:
2026-10-10T00:09:18.9102100Z   [apply] _rest
2026-10-10T00:09:18.9102303Z 
2026-10-10T00:09:18.9102770Z Note: This linter can be disabled with `set_option linter.unusedVariables false`
2026-10-10T00:09:18.9103900Z warning: packages/syntax/src/Ps/Syntax/Cursor.lean:89:14: Variable name `first` is not explicitly referenced.
2026-10-10T00:09:18.9104744Z 
2026-10-10T00:09:18.9105553Z Hint: The binding can be removed (if unused) or named `_` (if used implicitly). Alternatively, prefix the name with `_` to silence this warning:
2026-10-10T00:09:18.9106445Z   [apply] _first
2026-10-10T00:09:18.9106654Z 
2026-10-10T00:09:18.9107109Z Note: This linter can be disabled with `set_option linter.unusedVariables false`
2026-10-10T00:09:18.9108554Z warning: packages/syntax/src/Ps/Syntax/Cursor.lean:92:25: Variable name `tail` is not explicitly referenced.
2026-10-10T00:09:18.9109119Z 
2026-10-10T00:09:18.9109924Z Hint: The binding can be removed (if unused) or named `_` (if used implicitly). Alternatively, prefix the name with `_` to silence this warning:
2026-10-10T00:09:18.9110818Z   [apply] _tail
2026-10-10T00:09:18.9111017Z 
2026-10-10T00:09:18.9111469Z Note: This linter can be disabled with `set_option linter.unusedVariables false`
2026-10-10T00:09:18.9112340Z ⚠ [6/145] Replayed Ps.Syntax.Lexer
2026-10-10T00:09:18.9113251Z warning: packages/syntax/src/Ps/Syntax/Lexer.lean:89:11: Variable name `depth` is not explicitly referenced.
2026-10-10T00:09:18.9113869Z 
2026-10-10T00:09:18.9114689Z Hint: The binding can be removed (if unused) or named `_` (if used implicitly). Alternatively, prefix the name with `_` to silence this warning:
2026-10-10T00:09:18.9115372Z   [apply] _depth
2026-10-10T00:09:18.9115554Z 
2026-10-10T00:09:18.9116149Z Note: This linter can be disabled with `set_option linter.unusedVariables false`
2026-10-10T00:09:18.9117218Z warning: packages/syntax/src/Ps/Syntax/Lexer.lean:89:25: Variable name `remaining` is not explicitly referenced.
2026-10-10T00:09:18.9117848Z 
2026-10-10T00:09:18.9118662Z Hint: The binding can be removed (if unused) or named `_` (if used implicitly). Alternatively, prefix the name with `_` to silence this warning:
2026-10-10T00:09:18.9119525Z   [apply] _remaining
2026-10-10T00:09:18.9119741Z 
2026-10-10T00:09:18.9120189Z Note: This linter can be disabled with `set_option linter.unusedVariables false`
2026-10-10T00:09:18.9121324Z warning: packages/syntax/src/Ps/Syntax/Lexer.lean:406:11: Variable name `remaining` is not explicitly referenced.
2026-10-10T00:09:18.9121959Z 
2026-10-10T00:09:18.9122761Z Hint: The binding can be removed (if unused) or named `_` (if used implicitly). Alternatively, prefix the name with `_` to silence this warning:
2026-10-10T00:09:18.9123664Z   [apply] _remaining
2026-10-10T00:09:18.9123892Z 
2026-10-10T00:09:18.9124461Z Note: This linter can be disabled with `set_option linter.unusedVariables false`
2026-10-10T00:09:18.9125687Z warning: packages/syntax/src/Ps/Syntax/Lexer.lean:406:82: Variable name `charsRev` is not explicitly referenced.
2026-10-10T00:09:18.9126329Z 
2026-10-10T00:09:18.9127138Z Hint: The binding can be removed (if unused) or named `_` (if used implicitly). Alternatively, prefix the name with `_` to silence this warning:
2026-10-10T00:09:18.9128011Z   [apply] _charsRev
2026-10-10T00:09:18.9128220Z 
2026-10-10T00:09:18.9128673Z Note: This linter can be disabled with `set_option linter.unusedVariables false`
2026-10-10T00:09:18.9129510Z ⚠ [9/145] Replayed Ps.Syntax.ParserState
2026-10-10T00:09:18.9130492Z warning: packages/syntax/src/Ps/Syntax/ParserState.lean:30:20: Variable name `rest` is not explicitly referenced.
2026-10-10T00:09:18.9131146Z 
2026-10-10T00:09:18.9131974Z Hint: The binding can be removed (if unused) or named `_` (if used implicitly). Alternatively, prefix the name with `_` to silence this warning:
2026-10-10T00:09:18.9132869Z   [apply] _rest
2026-10-10T00:09:18.9133062Z 
2026-10-10T00:09:18.9133511Z Note: This linter can be disabled with `set_option linter.unusedVariables false`
2026-10-10T00:09:18.9134345Z ⚠ [21/145] Replayed Ps.Core.Abstract
2026-10-10T00:09:18.9135080Z warning: packages/core/src/Ps/Core/Abstract.lean:8:11: Variable name `depth` is not explicitly referenced.
2026-10-10T00:09:18.9135557Z 
2026-10-10T00:09:18.9136222Z Hint: The binding can be removed (if unused) or named `_` (if used implicitly). Alternatively, prefix the name with `_` to silence this warning:
2026-10-10T00:09:18.9137094Z   [apply] _depth
2026-10-10T00:09:18.9137290Z 
2026-10-10T00:09:18.9137745Z Note: This linter can be disabled with `set_option linter.unusedVariables false`
2026-10-10T00:09:18.9138836Z warning: packages/core/src/Ps/Core/Abstract.lean:16:11: Variable name `depth` is not explicitly referenced.
2026-10-10T00:09:18.9139638Z 
2026-10-10T00:09:18.9140466Z Hint: The binding can be removed (if unused) or named `_` (if used implicitly). Alternatively, prefix the name with `_` to silence this warning:
2026-10-10T00:09:18.9141340Z   [apply] _depth
2026-10-10T00:09:18.9141545Z 
2026-10-10T00:09:18.9141990Z Note: This linter can be disabled with `set_option linter.unusedVariables false`
2026-10-10T00:09:18.9143076Z warning: packages/core/src/Ps/Core/Abstract.lean:18:11: Variable name `depth` is not explicitly referenced.
2026-10-10T00:09:18.9143686Z 
2026-10-10T00:09:18.9144681Z Hint: The binding can be removed (if unused) or named `_` (if used implicitly). Alternatively, prefix the name with `_` to silence this warning:
2026-10-10T00:09:18.9145550Z   [apply] _depth
2026-10-10T00:09:18.9145752Z 
2026-10-10T00:09:18.9146205Z Note: This linter can be disabled with `set_option linter.unusedVariables false`
2026-10-10T00:09:18.9147295Z warning: packages/core/src/Ps/Core/Abstract.lean:20:11: Variable name `depth` is not explicitly referenced.
2026-10-10T00:09:18.9148032Z 
2026-10-10T00:09:18.9148841Z Hint: The binding can be removed (if unused) or named `_` (if used implicitly). Alternatively, prefix the name with `_` to silence this warning:
2026-10-10T00:09:18.9149728Z   [apply] _depth
2026-10-10T00:09:18.9149925Z 
2026-10-10T00:09:18.9150371Z Note: This linter can be disabled with `set_option linter.unusedVariables false`
2026-10-10T00:09:18.9151455Z warning: packages/core/src/Ps/Core/Abstract.lean:66:11: Variable name `depth` is not explicitly referenced.
2026-10-10T00:09:18.9152057Z 
2026-10-10T00:09:18.9152878Z Hint: The binding can be removed (if unused) or named `_` (if used implicitly). Alternatively, prefix the name with `_` to silence this warning:
2026-10-10T00:09:18.9153743Z   [apply] _depth
2026-10-10T00:09:18.9153943Z 
2026-10-10T00:09:18.9154504Z Note: This linter can be disabled with `set_option linter.unusedVariables false`
2026-10-10T00:09:18.9155319Z ⚠ [22/145] Replayed Ps.Core.Subst
2026-10-10T00:09:18.9156230Z warning: packages/core/src/Ps/Core/Subst.lean:14:11: Variable name `cutoff` is not explicitly referenced.
2026-10-10T00:09:18.9156810Z 
2026-10-10T00:09:18.9157627Z Hint: The binding can be removed (if unused) or named `_` (if used implicitly). Alternatively, prefix the name with `_` to silence this warning:
2026-10-10T00:09:18.9158506Z   [apply] _cutoff
2026-10-10T00:09:18.9158703Z 
2026-10-10T00:09:18.9159146Z Note: This linter can be disabled with `set_option linter.unusedVariables false`
2026-10-10T00:09:18.9160294Z warning: packages/core/src/Ps/Core/Subst.lean:16:11: Variable name `cutoff` is not explicitly referenced.
2026-10-10T00:09:18.9160881Z 
2026-10-10T00:09:18.9161696Z Hint: The binding can be removed (if unused) or named `_` (if used implicitly). Alternatively, prefix the name with `_` to silence this warning:
2026-10-10T00:09:18.9162575Z   [apply] _cutoff
2026-10-10T00:09:18.9162768Z 
2026-10-10T00:09:18.9163224Z Note: This linter can be disabled with `set_option linter.unusedVariables false`
2026-10-10T00:09:18.9164415Z warning: packages/core/src/Ps/Core/Subst.lean:18:11: Variable name `cutoff` is not explicitly referenced.
2026-10-10T00:09:18.9165009Z 
2026-10-10T00:09:18.9165833Z Hint: The binding can be removed (if unused) or named `_` (if used implicitly). Alternatively, prefix the name with `_` to silence this warning:
2026-10-10T00:09:18.9166709Z   [apply] _cutoff
2026-10-10T00:09:18.9166899Z 
2026-10-10T00:09:18.9167351Z Note: This linter can be disabled with `set_option linter.unusedVariables false`
2026-10-10T00:09:18.9168441Z warning: packages/core/src/Ps/Core/Subst.lean:20:11: Variable name `cutoff` is not explicitly referenced.
2026-10-10T00:09:18.9169020Z 
2026-10-10T00:09:18.9169834Z Hint: The binding can be removed (if unused) or named `_` (if used implicitly). Alternatively, prefix the name with `_` to silence this warning:
2026-10-10T00:09:18.9170707Z   [apply] _cutoff
2026-10-10T00:09:18.9170901Z 
2026-10-10T00:09:18.9171350Z Note: This linter can be disabled with `set_option linter.unusedVariables false`
2026-10-10T00:09:18.9172584Z warning: packages/core/src/Ps/Core/Subst.lean:66:11: Variable name `cutoff` is not explicitly referenced.
2026-10-10T00:09:18.9173169Z 
2026-10-10T00:09:18.9173968Z Hint: The binding can be removed (if unused) or named `_` (if used implicitly). Alternatively, prefix the name with `_` to silence this warning:
2026-10-10T00:09:18.9174834Z   [apply] _cutoff
2026-10-10T00:09:18.9175039Z 
2026-10-10T00:09:18.9175489Z Note: This linter can be disabled with `set_option linter.unusedVariables false`
2026-10-10T00:09:18.9176569Z warning: packages/core/src/Ps/Core/Subst.lean:94:11: Variable name `depth` is not explicitly referenced.
2026-10-10T00:09:18.9177149Z 
2026-10-10T00:09:18.9177958Z Hint: The binding can be removed (if unused) or named `_` (if used implicitly). Alternatively, prefix the name with `_` to silence this warning:
2026-10-10T00:09:18.9178840Z   [apply] _depth
2026-10-10T00:09:18.9179044Z 
2026-10-10T00:09:18.9179606Z Note: This linter can be disabled with `set_option linter.unusedVariables false`
2026-10-10T00:09:18.9180695Z warning: packages/core/src/Ps/Core/Subst.lean:96:11: Variable name `depth` is not explicitly referenced.
2026-10-10T00:09:18.9181278Z 
2026-10-10T00:09:18.9182088Z Hint: The binding can be removed (if unused) or named `_` (if used implicitly). Alternatively, prefix the name with `_` to silence this warning:
2026-10-10T00:09:18.9182968Z   [apply] _depth
2026-10-10T00:09:18.9183167Z 
2026-10-10T00:09:18.9183604Z Note: This linter can be disabled with `set_option linter.unusedVariables false`
2026-10-10T00:09:18.9184796Z warning: packages/core/src/Ps/Core/Subst.lean:98:11: Variable name `depth` is not explicitly referenced.
2026-10-10T00:09:18.9185378Z 
2026-10-10T00:09:18.9186174Z Hint: The binding can be removed (if unused) or named `_` (if used implicitly). Alternatively, prefix the name with `_` to silence this warning:
2026-10-10T00:09:18.9187037Z   [apply] _depth
2026-10-10T00:09:18.9187243Z 
2026-10-10T00:09:18.9187696Z Note: This linter can be disabled with `set_option linter.unusedVariables false`
2026-10-10T00:09:18.9188773Z warning: packages/core/src/Ps/Core/Subst.lean:100:11: Variable name `depth` is not explicitly referenced.
2026-10-10T00:09:18.9189364Z 
2026-10-10T00:09:18.9190163Z Hint: The binding can be removed (if unused) or named `_` (if used implicitly). Alternatively, prefix the name with `_` to silence this warning:
2026-10-10T00:09:18.9191037Z   [apply] _depth
2026-10-10T00:09:18.9191232Z 
2026-10-10T00:09:18.9191666Z Note: This linter can be disabled with `set_option linter.unusedVariables false`
2026-10-10T00:09:18.9192746Z warning: packages/core/src/Ps/Core/Subst.lean:146:11: Variable name `depth` is not explicitly referenced.
2026-10-10T00:09:18.9193336Z 
2026-10-10T00:09:18.9194231Z Hint: The binding can be removed (if unused) or named `_` (if used implicitly). Alternatively, prefix the name with `_` to silence this warning:
2026-10-10T00:09:18.9195116Z   [apply] _depth
2026-10-10T00:09:18.9195329Z 
2026-10-10T00:09:18.9195782Z Note: This linter can be disabled with `set_option linter.unusedVariables false`
2026-10-10T00:09:18.9196629Z ⚠ [33/145] Replayed Ps.Core.LevelSubst
2026-10-10T00:09:18.9197577Z warning: packages/core/src/Ps/Core/LevelSubst.lean:8:11: Variable name `arguments` is not explicitly referenced.
2026-10-10T00:09:18.9198213Z 
2026-10-10T00:09:18.9199008Z Hint: The binding can be removed (if unused) or named `_` (if used implicitly). Alternatively, prefix the name with `_` to silence this warning:
2026-10-10T00:09:18.9199868Z   [apply] _arguments
2026-10-10T00:09:18.9200091Z 
2026-10-10T00:09:18.9200544Z Note: This linter can be disabled with `set_option linter.unusedVariables false`
2026-10-10T00:09:18.9201654Z warning: packages/core/src/Ps/Core/LevelSubst.lean:9:13: Variable name `target` is not explicitly referenced.
2026-10-10T00:09:18.9202287Z 
2026-10-10T00:09:18.9203101Z Hint: The binding can be removed (if unused) or named `_` (if used implicitly). Alternatively, prefix the name with `_` to silence this warning:
2026-10-10T00:09:18.9204241Z   [apply] _target
2026-10-10T00:09:18.9204457Z 
2026-10-10T00:09:18.9204907Z Note: This linter can be disabled with `set_option linter.unusedVariables false`
2026-10-10T00:09:18.9205662Z ⚠ [34/145] Replayed Ps.Meta.LevelContext
2026-10-10T00:09:18.9206598Z warning: packages/meta/src/Ps/Meta/LevelContext.lean:59:4: Variable name `assignment` is not explicitly referenced.
2026-10-10T00:09:18.9207198Z 
2026-10-10T00:09:18.9207935Z Hint: The binding can be removed (if unused) or named `_` (if used implicitly). Alternatively, prefix the name with `_` to silence this warning:
2026-10-10T00:09:18.9208732Z   [apply] _assignment
2026-10-10T00:09:18.9208931Z 
2026-10-10T00:09:18.9209356Z Note: This linter can be disabled with `set_option linter.unusedVariables false`
2026-10-10T00:09:18.9210085Z ⚠ [39/145] Replayed Ps.Meta.Unify
2026-10-10T00:09:18.9211008Z warning: packages/meta/src/Ps/Meta/Unify.lean:90:11: Variable name `environment` is not explicitly referenced.
2026-10-10T00:09:18.9211641Z 
2026-10-10T00:09:18.9212559Z Hint: The binding can be removed (if unused) or named `_` (if used implicitly). Alternatively, prefix the name with `_` to silence this warning:
2026-10-10T00:09:18.9213456Z   [apply] _environment
2026-10-10T00:09:18.9213684Z 
2026-10-10T00:09:18.9214220Z Note: This linter can be disabled with `set_option linter.unusedVariables false`
2026-10-10T00:09:18.9215283Z warning: packages/meta/src/Ps/Meta/Unify.lean:91:11: Variable name `localContext` is not explicitly referenced.
2026-10-10T00:09:18.9215904Z 
2026-10-10T00:09:18.9216703Z Hint: The binding can be removed (if unused) or named `_` (if used implicitly). Alternatively, prefix the name with `_` to silence this warning:
2026-10-10T00:09:18.9217583Z   [apply] _localContext
2026-10-10T00:09:18.9217815Z 
2026-10-10T00:09:18.9218253Z Note: This linter can be disabled with `set_option linter.unusedVariables false`
2026-10-10T00:09:18.9219331Z warning: packages/meta/src/Ps/Meta/Unify.lean:93:11: Variable name `left` is not explicitly referenced.
2026-10-10T00:09:18.9219928Z 
2026-10-10T00:09:18.9220723Z Hint: The binding can be removed (if unused) or named `_` (if used implicitly). Alternatively, prefix the name with `_` to silence this warning:
2026-10-10T00:09:18.9221590Z   [apply] _left
2026-10-10T00:09:18.9221790Z 
2026-10-10T00:09:18.9222233Z Note: This linter can be disabled with `set_option linter.unusedVariables false`
2026-10-10T00:09:18.9223311Z warning: packages/meta/src/Ps/Meta/Unify.lean:94:11: Variable name `right` is not explicitly referenced.
2026-10-10T00:09:18.9223890Z 
2026-10-10T00:09:18.9224832Z Hint: The binding can be removed (if unused) or named `_` (if used implicitly). Alternatively, prefix the name with `_` to silence this warning:
2026-10-10T00:09:18.9225701Z   [apply] _right
2026-10-10T00:09:18.9225906Z 
2026-10-10T00:09:18.9226357Z Note: This linter can be disabled with `set_option linter.unusedVariables false`
2026-10-10T00:09:18.9227470Z warning: packages/meta/src/Ps/Meta/Unify.lean:178:17: Variable name `leftName` is not explicitly referenced.
2026-10-10T00:09:18.9228131Z 
2026-10-10T00:09:18.9228948Z Hint: The binding can be removed (if unused) or named `_` (if used implicitly). Alternatively, prefix the name with `_` to silence this warning:
2026-10-10T00:09:18.9229827Z   [apply] _leftName
2026-10-10T00:09:18.9230039Z 
2026-10-10T00:09:18.9230487Z Note: This linter can be disabled with `set_option linter.unusedVariables false`
2026-10-10T00:09:18.9231556Z warning: packages/meta/src/Ps/Meta/Unify.lean:207:21: Variable name `leftName` is not explicitly referenced.
2026-10-10T00:09:18.9232159Z 
2026-10-10T00:09:18.9232954Z Hint: The binding can be removed (if unused) or named `_` (if used implicitly). Alternatively, prefix the name with `_` to silence this warning:
2026-10-10T00:09:18.9233760Z   [apply] _leftName
2026-10-10T00:09:18.9233949Z 
2026-10-10T00:09:18.9234493Z Note: This linter can be disabled with `set_option linter.unusedVariables false`
2026-10-10T00:09:18.9235424Z ⚠ [42/145] Replayed Ps.Elab.Literal
2026-10-10T00:09:18.9236250Z warning: packages/elab/src/Ps/Elab/Literal.lean:166:11: Variable name `chars` is not explicitly referenced.
2026-10-10T00:09:18.9236811Z 
2026-10-10T00:09:18.9237552Z Hint: The binding can be removed (if unused) or named `_` (if used implicitly). Alternatively, prefix the name with `_` to silence this warning:
2026-10-10T00:09:18.9238354Z   [apply] _chars
2026-10-10T00:09:18.9238526Z 
2026-10-10T00:09:18.9238925Z Note: This linter can be disabled with `set_option linter.unusedVariables false`
2026-10-10T00:09:18.9239952Z warning: packages/elab/src/Ps/Elab/Literal.lean:167:13: Variable name `charsRev` is not explicitly referenced.
2026-10-10T00:09:18.9240554Z 
2026-10-10T00:09:18.9241261Z Hint: The binding can be removed (if unused) or named `_` (if used implicitly). Alternatively, prefix the name with `_` to silence this warning:
2026-10-10T00:09:18.9242038Z   [apply] _charsRev
2026-10-10T00:09:18.9242215Z 
2026-10-10T00:09:18.9242753Z Note: This linter can be disabled with `set_option linter.unusedVariables false`
2026-10-10T00:09:18.9243470Z ⚠ [43/145] Replayed Ps.Elab.Term
2026-10-10T00:09:18.9244350Z warning: packages/elab/src/Ps/Elab/Term.lean:2890:11: Variable name `context` is not explicitly referenced.
2026-10-10T00:09:18.9244900Z 
2026-10-10T00:09:18.9245634Z Hint: The binding can be removed (if unused) or named `_` (if used implicitly). Alternatively, prefix the name with `_` to silence this warning:
2026-10-10T00:09:18.9246381Z   [apply] _context
2026-10-10T00:09:18.9246550Z 
2026-10-10T00:09:18.9246933Z Note: This linter can be disabled with `set_option linter.unusedVariables false`
2026-10-10T00:09:18.9247904Z warning: packages/elab/src/Ps/Elab/Term.lean:2891:13: Variable name `recursion` is not explicitly referenced.
2026-10-10T00:09:18.9248474Z 
2026-10-10T00:09:18.9249218Z Hint: The binding can be removed (if unused) or named `_` (if used implicitly). Alternatively, prefix the name with `_` to silence this warning:
2026-10-10T00:09:18.9250038Z   [apply] _recursion
2026-10-10T00:09:18.9250243Z 
2026-10-10T00:09:18.9250650Z Note: This linter can be disabled with `set_option linter.unusedVariables false`
2026-10-10T00:09:18.9251633Z warning: packages/elab/src/Ps/Elab/Term.lean:2892:15: Variable name `index` is not explicitly referenced.
2026-10-10T00:09:18.9252204Z 
2026-10-10T00:09:18.9253106Z Hint: The binding can be removed (if unused) or named `_` (if used implicitly). Alternatively, prefix the name with `_` to silence this warning:
2026-10-10T00:09:18.9254021Z   [apply] _index
2026-10-10T00:09:18.9254353Z 
2026-10-10T00:09:18.9254785Z Note: This linter can be disabled with `set_option linter.unusedVariables false`
2026-10-10T00:09:18.9255529Z ⚠ [48/145] Replayed Ps.Erasure.Expr
2026-10-10T00:09:18.9256322Z warning: packages/erasure/src/Ps/Erasure/Expr.lean:1080:21: Variable name `name` is not explicitly referenced.
2026-10-10T00:09:18.9256828Z 
2026-10-10T00:09:18.9257509Z Hint: The binding can be removed (if unused) or named `_` (if used implicitly). Alternatively, prefix the name with `_` to silence this warning:
2026-10-10T00:09:18.9258272Z   [apply] _name
2026-10-10T00:09:18.9258453Z 
2026-10-10T00:09:18.9258861Z Note: This linter can be disabled with `set_option linter.unusedVariables false`
2026-10-10T00:09:18.9259612Z ⚠ [55/145] Replayed Ps.BackendTs.Expr
2026-10-10T00:09:18.9260626Z warning: packages/backend-ts/src/Ps/BackendTs/Expr.lean:631:32: Variable name `fieldName` is not explicitly referenced.
2026-10-10T00:09:18.9261246Z 
2026-10-10T00:09:18.9261897Z Hint: The binding can be removed (if unused) or named `_` (if used implicitly). Alternatively, prefix the name with `_` to silence this warning:
2026-10-10T00:09:18.9262647Z   [apply] _fieldName
2026-10-10T00:09:18.9262863Z 
2026-10-10T00:09:18.9263253Z Note: This linter can be disabled with `set_option linter.unusedVariables false`
2026-10-10T00:09:18.9263966Z ⚠ [59/145] Replayed Ps.CompilerIr.Check
2026-10-10T00:09:18.9264948Z warning: packages/compiler-ir/src/Ps/CompilerIr/Check.lean:690:27: Variable name `scope` is not explicitly referenced.
2026-10-10T00:09:18.9265501Z 
2026-10-10T00:09:18.9265995Z Hint: The binding can be removed (if unused) or named `_` (if used implicitly). Alternatively, prefix the name with `_` to silence this warning:
2026-10-10T00:09:18.9266540Z   [apply] _scope
2026-10-10T00:09:18.9266669Z 
2026-10-10T00:09:18.9266948Z Note: This linter can be disabled with `set_option linter.unusedVariables false`
2026-10-10T00:09:19.2095371Z ✔ [131/145] Built PsKernelLean.Error (288ms)
2026-10-10T00:09:19.4100240Z ✔ [132/145] Built PsKernelLean.Error:c.o (200ms)
2026-10-10T00:09:19.9131736Z ✔ [133/145] Built PsKernelLean.Convert (787ms)
2026-10-10T00:09:20.2129248Z ✔ [134/145] Built PsKernelLean.Convert:c.o (307ms)
2026-10-10T00:09:20.9176161Z ✔ [135/145] Built PsKernelLean.Protocol (962ms)
2026-10-10T00:09:20.9185269Z ✔ [136/145] Built PsKernelLean.Prelude (941ms)
2026-10-10T00:09:21.3162083Z ✔ [137/145] Built PsKernelLean.Prelude:c.o (471ms)
2026-10-10T00:09:21.4163562Z ✔ [138/145] Built PsKernelLean.Protocol:c.o (500ms)
2026-10-10T00:09:21.8167644Z ✔ [139/145] Built PsKernelLean.Admission (864ms)
2026-10-10T00:09:21.9168779Z ✔ [140/145] Built PsKernelLean.Admission:c.o (94ms)
2026-10-10T00:09:22.5186244Z ✔ [141/145] Built Ps.Host.LeanChecked (754ms)
2026-10-10T00:09:22.6176922Z ✔ [142/145] Built Ps.Host.LeanChecked:c.o (96ms)
2026-10-10T00:09:23.5186530Z ⚠ [143/145] Built LeanCheckedSeed (948ms)
2026-10-10T00:09:23.5187750Z warning: ../scripts/LeanCheckedSeed.lean:108:13: `String.trim` has been deprecated: Use `String.trimAscii` instead
2026-10-10T00:09:23.5188441Z 
2026-10-10T00:09:23.5188733Z Note: The updated constant has a different type:
2026-10-10T00:09:23.5189330Z   String → String.Slice
2026-10-10T00:09:23.5189678Z instead of
2026-10-10T00:09:23.5189995Z   String → String
2026-10-10T00:09:23.5190913Z warning: ../scripts/LeanCheckedSeed.lean:111:18: `String.trim` has been deprecated: Use `String.trimAscii` instead
2026-10-10T00:09:23.5191641Z 
2026-10-10T00:09:23.5191965Z Note: The updated constant has a different type:
2026-10-10T00:09:23.5192516Z   String → String.Slice
2026-10-10T00:09:23.5192882Z instead of
2026-10-10T00:09:23.5193242Z   String → String
2026-10-10T00:09:23.9181241Z ✔ [144/145] Built LeanCheckedSeed:c.o (467ms)
2026-10-10T00:09:24.6189761Z ✔ [145/145] Built psc2_lean_checked_seed:exe (648ms)
2026-10-10T00:09:24.6352495Z Build completed successfully (145 jobs).
2026-10-10T00:09:24.6818747Z ##[group]Run test -x lean-checked/.lake/build/bin/psc2_lean_checked_seed
2026-10-10T00:09:24.6819268Z [36;1mtest -x lean-checked/.lake/build/bin/psc2_lean_checked_seed[0m
2026-10-10T00:09:24.6819736Z [36;1mnpm run --workspace @proofscript/pskernel-lean-wasm verify:prebuilt[0m
2026-10-10T00:09:24.6820433Z [36;1mnode --test scripts/proofscript-source.test.mjs scripts/checked-source-snapshot.test.mjs scripts/checked-seed-session.test.mjs[0m
2026-10-10T00:09:24.6821240Z [36;1mnode --test --test-name-pattern='^actual PS build (rejects|resolves|prepares)' scripts/checked-build.test.mjs[0m
2026-10-10T00:09:24.6821870Z [36;1mnode scripts/selfhost-source-isolation-tests.mjs[0m
2026-10-10T00:09:24.6822276Z [36;1mnode scripts/native-workspace-isolation.test.mjs[0m
2026-10-10T00:09:24.6862337Z shell: /usr/bin/bash -e {0}
2026-10-10T00:09:24.6862643Z env:
2026-10-10T00:09:24.6863029Z   PSC0_TSC: /home/runner/work/_temp/psc0-typescript-7.0.2/node_modules/typescript/bin/tsc
2026-10-10T00:09:24.6863517Z   PSC0_TYPESCRIPT_VERSION: 7.0.2
2026-10-10T00:09:24.6863783Z ##[endgroup]
2026-10-10T00:09:24.8059561Z 
2026-10-10T00:09:24.8060263Z > @proofscript/pskernel-lean-wasm@4.34.0 verify:prebuilt
2026-10-10T00:09:24.8060939Z > node host/verify-prebuilt.mjs
2026-10-10T00:09:24.8061210Z 
2026-10-10T00:09:24.8448034Z PSC2_LEAN_KERNEL_WASM_PREBUILT_VERIFY: PASS 2177471 bytes 1b21b2483df7e8de7542873c24eaff2501539b1b
2026-10-10T00:09:24.8983926Z TAP version 13
2026-10-10T00:09:25.2095894Z # Subtest: real lean module session emits only after the explicit Wasm check
2026-10-10T00:09:25.2105627Z ok 1 - real lean module session emits only after the explicit Wasm check
2026-10-10T00:09:25.2106659Z   ---
2026-10-10T00:09:25.2107120Z   duration_ms: 268.207595
2026-10-10T00:09:25.2107590Z   type: 'test'
2026-10-10T00:09:25.2107981Z   ...
2026-10-10T00:09:25.2537003Z # Subtest: real lean module session blocks emission on rejection
2026-10-10T00:09:25.2537971Z ok 2 - real lean module session blocks emission on rejection
2026-10-10T00:09:25.2538620Z   ---
2026-10-10T00:09:25.2539101Z   duration_ms: 44.327305
2026-10-10T00:09:25.2539556Z   type: 'test'
2026-10-10T00:09:25.2539907Z   ...
2026-10-10T00:09:25.4423390Z # Subtest: real ps module session emits only after the explicit Wasm check
2026-10-10T00:09:25.4433040Z ok 3 - real ps module session emits only after the explicit Wasm check
2026-10-10T00:09:25.4433703Z   ---
2026-10-10T00:09:25.4434411Z   duration_ms: 188.34456
2026-10-10T00:09:25.4434880Z   type: 'test'
2026-10-10T00:09:25.4435287Z   ...
2026-10-10T00:09:25.4814637Z # Subtest: real ps module session blocks emission on rejection
2026-10-10T00:09:25.4815678Z ok 4 - real ps module session blocks emission on rejection
2026-10-10T00:09:25.4817948Z   ---
2026-10-10T00:09:25.4818270Z   duration_ms: 38.724561
2026-10-10T00:09:25.4818647Z   type: 'test'
2026-10-10T00:09:25.4818935Z   ...
2026-10-10T00:09:25.4819507Z # Subtest: module partition must exactly reproduce the immutable source
2026-10-10T00:09:25.4820401Z ok 5 - module partition must exactly reproduce the immutable source
2026-10-10T00:09:25.4820955Z   ---
2026-10-10T00:09:25.4821272Z   duration_ms: 0.461715
2026-10-10T00:09:25.4821620Z   type: 'test'
2026-10-10T00:09:25.4821940Z   ...
2026-10-10T00:09:25.4888355Z # Subtest: standalone source snapshot does not reread changed files
2026-10-10T00:09:25.4889270Z ok 6 - standalone source snapshot does not reread changed files
2026-10-10T00:09:25.4889630Z   ---
2026-10-10T00:09:25.4889860Z   duration_ms: 26.824295
2026-10-10T00:09:25.4890146Z   type: 'test'
2026-10-10T00:09:25.4890393Z   ...
2026-10-10T00:09:25.4890730Z # Subtest: PS dependency cannot be shadowed by Lean sibling
2026-10-10T00:09:25.4891782Z ok 7 - PS dependency cannot be shadowed by Lean sibling
2026-10-10T00:09:25.4892457Z   ---
2026-10-10T00:09:25.4892799Z   duration_ms: 6.08664
2026-10-10T00:09:25.4893142Z   type: 'test'
2026-10-10T00:09:25.4893468Z   ...
2026-10-10T00:09:25.4894435Z # Subtest: missing PS dependency cannot fall back to Lean
2026-10-10T00:09:25.4895197Z ok 8 - missing PS dependency cannot fall back to Lean
2026-10-10T00:09:25.4895730Z   ---
2026-10-10T00:09:25.4896053Z   duration_ms: 4.01064
2026-10-10T00:09:25.4896439Z   type: 'test'
2026-10-10T00:09:25.4896738Z   ...
2026-10-10T00:09:25.4897053Z # Subtest: cycles rejected
2026-10-10T00:09:25.4897507Z ok 9 - cycles rejected
2026-10-10T00:09:25.4897816Z   ---
2026-10-10T00:09:25.4898096Z   duration_ms: 3.49044
2026-10-10T00:09:25.4898489Z   type: 'test'
2026-10-10T00:09:25.4898776Z   ...
2026-10-10T00:09:25.4899182Z # Subtest: symlink dependency escape rejected
2026-10-10T00:09:25.4899689Z ok 10 - symlink dependency escape rejected
2026-10-10T00:09:25.4900102Z   ---
2026-10-10T00:09:25.4900395Z   duration_ms: 3.139023
2026-10-10T00:09:25.4900743Z   type: 'test'
2026-10-10T00:09:25.4901022Z   ...
2026-10-10T00:09:25.4901518Z # Subtest: generated manifest is verified by the same production resolver
2026-10-10T00:09:25.4902065Z ok 11 - generated manifest is verified by the same production resolver
2026-10-10T00:09:25.4902419Z   ---
2026-10-10T00:09:25.4902627Z   duration_ms: 6.133097
2026-10-10T00:09:25.4902865Z   type: 'test'
2026-10-10T00:09:25.4903082Z   ...
2026-10-10T00:09:25.4903404Z # Subtest: PS snapshot requires an actual parser adapter
2026-10-10T00:09:25.4904000Z ok 12 - PS snapshot requires an actual parser adapter
2026-10-10T00:09:25.4905249Z   ---
2026-10-10T00:09:25.4905530Z   duration_ms: 4.584683
2026-10-10T00:09:25.4905839Z   type: 'test'
2026-10-10T00:09:25.4906193Z   ...
2026-10-10T00:09:25.4907614Z # Subtest: PS snapshot validates raw import bytes before dependency access
2026-10-10T00:09:25.4908683Z ok 13 - PS snapshot validates raw import bytes before dependency access
2026-10-10T00:09:25.4909170Z   ---
2026-10-10T00:09:25.4909455Z   duration_ms: 3.556543
2026-10-10T00:09:25.4909773Z   type: 'test'
2026-10-10T00:09:25.4910039Z   ...
2026-10-10T00:09:25.4910582Z # Subtest: PS import cycles retain their dependency error
2026-10-10T00:09:25.4911016Z ok 14 - PS import cycles retain their dependency error
2026-10-10T00:09:25.4911356Z   ---
2026-10-10T00:09:25.4911633Z   duration_ms: 6.280978
2026-10-10T00:09:25.4911939Z   type: 'test'
2026-10-10T00:09:25.4912219Z   ...
2026-10-10T00:09:25.4912817Z # Subtest: generated source adapter delegates complete raw source and AST import names
2026-10-10T00:09:25.4913731Z ok 15 - generated source adapter delegates complete raw source and AST import names
2026-10-10T00:09:25.4914422Z   ---
2026-10-10T00:09:25.4914698Z   duration_ms: 1.714375
2026-10-10T00:09:25.4915004Z   type: 'test'
2026-10-10T00:09:25.4915281Z   ...
2026-10-10T00:09:25.4915867Z # Subtest: generated parser errors and missing parser API cannot become empty imports
2026-10-10T00:09:25.4916862Z ok 16 - generated parser errors and missing parser API cannot become empty imports
2026-10-10T00:09:25.4917427Z   ---
2026-10-10T00:09:25.4917698Z   duration_ms: 0.598976
2026-10-10T00:09:25.4918010Z   type: 'test'
2026-10-10T00:09:25.4918272Z   ...
2026-10-10T00:09:25.4918855Z # Subtest: generated import-list shape failure cannot silently hide a dependency
2026-10-10T00:09:25.4919692Z ok 17 - generated import-list shape failure cannot silently hide a dependency
2026-10-10T00:09:25.4920222Z   ---
2026-10-10T00:09:25.4920528Z   duration_ms: 0.228552
2026-10-10T00:09:25.4920834Z   type: 'test'
2026-10-10T00:09:25.4921100Z   ...
2026-10-10T00:09:25.4921805Z # Subtest: current PS host refuses historical and mismatched compiler grammar identities before parsing
2026-10-10T00:09:25.4922877Z ok 18 - current PS host refuses historical and mismatched compiler grammar identities before parsing
2026-10-10T00:09:25.4923521Z   ---
2026-10-10T00:09:25.4923783Z   duration_ms: 0.370066
2026-10-10T00:09:25.4924188Z   type: 'test'
2026-10-10T00:09:25.4924473Z   ...
2026-10-10T00:09:25.4925146Z # Subtest: reusable PS preparation rejects old and mismatched grammars before compiler operations
2026-10-10T00:09:25.4926280Z ok 19 - reusable PS preparation rejects old and mismatched grammars before compiler operations
2026-10-10T00:09:25.4926895Z   ---
2026-10-10T00:09:25.4927167Z   duration_ms: 1.30635
2026-10-10T00:09:25.4927479Z   type: 'test'
2026-10-10T00:09:25.4927758Z   ...
2026-10-10T00:09:25.4928281Z # Subtest: reusable current PS preparation binds grammar in cold and warm receipts
2026-10-10T00:09:25.4928852Z ok 20 - reusable current PS preparation binds grammar in cold and warm receipts
2026-10-10T00:09:25.4929214Z   ---
2026-10-10T00:09:25.4929429Z   duration_ms: 1.867978
2026-10-10T00:09:25.4929662Z   type: 'test'
2026-10-10T00:09:25.4929881Z   ...
2026-10-10T00:09:25.4930336Z # Subtest: reusable historical Lean preparation retains its receipt and warm state after PS refusal
2026-10-10T00:09:25.4931020Z ok 21 - reusable historical Lean preparation retains its receipt and warm state after PS refusal
2026-10-10T00:09:25.4931484Z   ---
2026-10-10T00:09:25.4931698Z   duration_ms: 1.140862
2026-10-10T00:09:25.4931927Z   type: 'test'
2026-10-10T00:09:25.4932133Z   ...
2026-10-10T00:09:25.4932609Z # Subtest: actual native parser discovers commented imports and preserves legal literal/comment bytes
2026-10-10T00:09:25.4933297Z ok 22 - actual native parser discovers commented imports and preserves legal literal/comment bytes
2026-10-10T00:09:25.4933728Z   ---
2026-10-10T00:09:25.4933937Z   duration_ms: 62.014842
2026-10-10T00:09:25.4934333Z   type: 'test'
2026-10-10T00:09:25.4934542Z   ...
2026-10-10T00:09:25.4934862Z # Subtest: actual native parser rejects semicolon import
2026-10-10T00:09:25.4935272Z ok 23 - actual native parser rejects semicolon import
2026-10-10T00:09:25.4935667Z   ---
2026-10-10T00:09:25.4935880Z   duration_ms: 48.839795
2026-10-10T00:09:25.4936112Z   type: 'test'
2026-10-10T00:09:25.4936327Z   ...
2026-10-10T00:09:25.4936627Z # Subtest: actual native parser rejects tab in import
2026-10-10T00:09:25.4937019Z ok 24 - actual native parser rejects tab in import
2026-10-10T00:09:25.4937309Z   ---
2026-10-10T00:09:25.4937521Z   duration_ms: 45.386162
2026-10-10T00:09:25.4937757Z   type: 'test'
2026-10-10T00:09:25.4937960Z   ...
2026-10-10T00:09:25.4938447Z # Subtest: actual native parser rejects lone CR in import
2026-10-10T00:09:25.4938982Z ok 25 - actual native parser rejects lone CR in import
2026-10-10T00:09:25.4939377Z   ---
2026-10-10T00:09:25.4939648Z   duration_ms: 40.274904
2026-10-10T00:09:25.4939974Z   type: 'test'
2026-10-10T00:09:25.4940269Z   ...
2026-10-10T00:09:25.4940704Z # Subtest: actual native parser rejects old declaration separator
2026-10-10T00:09:25.4941263Z ok 26 - actual native parser rejects old declaration separator
2026-10-10T00:09:25.4941762Z   ---
2026-10-10T00:09:25.4942063Z   duration_ms: 53.626694
2026-10-10T00:09:25.4942409Z   type: 'test'
2026-10-10T00:09:25.4942708Z   ...
2026-10-10T00:09:25.4943259Z # Subtest: PS file reads reject malformed UTF-8 and retain a leading BOM for the lexer
2026-10-10T00:09:25.4943991Z ok 27 - PS file reads reject malformed UTF-8 and retain a leading BOM for the lexer
2026-10-10T00:09:25.4944570Z   ---
2026-10-10T00:09:25.4944861Z   duration_ms: 14.464978
2026-10-10T00:09:25.4945130Z   type: 'test'
2026-10-10T00:09:25.4945365Z   ...
2026-10-10T00:09:25.4945597Z 1..27
2026-10-10T00:09:25.4945797Z # tests 27
2026-10-10T00:09:25.4946011Z # suites 0
2026-10-10T00:09:25.4946295Z # pass 27
2026-10-10T00:09:25.4946730Z # fail 0
2026-10-10T00:09:25.4947095Z # cancelled 0
2026-10-10T00:09:25.4947353Z # skipped 0
2026-10-10T00:09:25.4947564Z # todo 0
2026-10-10T00:09:25.4947784Z # duration_ms 607.430131
2026-10-10T00:09:25.5370141Z TAP version 13
2026-10-10T00:09:25.7588144Z # Subtest: actual PS build rejects semicolon import before dependency lookup
2026-10-10T00:09:25.7595011Z ok 1 - actual PS build rejects semicolon import before dependency lookup
2026-10-10T00:09:25.7624996Z   ---
2026-10-10T00:09:25.7626939Z   duration_ms: 177.415525
2026-10-10T00:09:25.7627563Z   type: 'test'
2026-10-10T00:09:25.7627993Z   ...
2026-10-10T00:09:25.9311284Z # Subtest: actual PS build rejects tab in import before dependency lookup
2026-10-10T00:09:25.9312884Z ok 2 - actual PS build rejects tab in import before dependency lookup
2026-10-10T00:09:25.9313980Z   ---
2026-10-10T00:09:25.9314491Z   duration_ms: 172.559691
2026-10-10T00:09:25.9314850Z   type: 'test'
2026-10-10T00:09:25.9315075Z   ...
2026-10-10T00:09:26.1027465Z # Subtest: actual PS build resolves a commented unused import and cannot ignore a missing file
2026-10-10T00:09:26.1029007Z ok 3 - actual PS build resolves a commented unused import and cannot ignore a missing file
2026-10-10T00:09:26.1029881Z   ---
2026-10-10T00:09:26.1030705Z   duration_ms: 171.042974
2026-10-10T00:09:26.1031158Z   type: 'test'
2026-10-10T00:09:26.1031438Z   ...
2026-10-10T00:09:26.5158995Z # Subtest: actual PS build prepares complete imported modules in dependency order
2026-10-10T00:09:26.5160077Z ok 4 - actual PS build prepares complete imported modules in dependency order
2026-10-10T00:09:26.5160718Z   ---
2026-10-10T00:09:26.5161075Z   duration_ms: 413.78189
2026-10-10T00:09:26.5161477Z   type: 'test'
2026-10-10T00:09:26.5161823Z   ...
2026-10-10T00:09:26.5244314Z 1..4
2026-10-10T00:09:26.5244663Z # tests 4
2026-10-10T00:09:26.5245064Z # suites 0
2026-10-10T00:09:26.5245343Z # pass 4
2026-10-10T00:09:26.5245601Z # fail 0
2026-10-10T00:09:26.5245875Z # cancelled 0
2026-10-10T00:09:26.5246174Z # skipped 0
2026-10-10T00:09:26.5246446Z # todo 0
2026-10-10T00:09:26.5246751Z # duration_ms 997.915768
2026-10-10T00:09:26.7316005Z PSC2_SELFHOST_SOURCE_ISOLATION_CASE: PASS nested generated workspace without stdlib
2026-10-10T00:09:26.8991262Z PSC2_SELFHOST_SOURCE_ISOLATION_CASE: PASS isolated generated workspace without stdlib
2026-10-10T00:09:27.0622861Z PSC2_SELFHOST_SOURCE_ISOLATION_CASE: PASS stale Lean sibling cannot shadow canonical PS
2026-10-10T00:09:27.1123796Z PSC2_SELFHOST_SOURCE_ISOLATION_CASE: PASS tampered source bytes
2026-10-10T00:09:27.1644243Z PSC2_SELFHOST_SOURCE_ISOLATION_CASE: PASS missing PS cannot fall back to Lean
2026-10-10T00:09:27.2153723Z PSC2_SELFHOST_SOURCE_ISOLATION_CASE: PASS unlisted imported source
2026-10-10T00:09:27.2665714Z PSC2_SELFHOST_SOURCE_ISOLATION_CASE: PASS manifest includes unreachable source
2026-10-10T00:09:27.3162911Z PSC2_SELFHOST_SOURCE_ISOLATION_CASE: PASS manifest entry mismatch
2026-10-10T00:09:27.3646065Z PSC2_SELFHOST_SOURCE_ISOLATION_CASE: PASS malformed manifest cannot fall back to parent
2026-10-10T00:09:27.4142128Z PSC2_SELFHOST_SOURCE_ISOLATION_CASE: PASS generation tag mismatch
2026-10-10T00:09:27.4615011Z PSC2_SELFHOST_SOURCE_ISOLATION_CASE: PASS ambiguous generation manifests
2026-10-10T00:09:27.5131914Z PSC2_SELFHOST_SOURCE_ISOLATION_CASE: PASS symlink cannot escape generated root
2026-10-10T00:09:27.5647110Z PSC2_SELFHOST_SOURCE_ISOLATION_CASE: PASS cyclic source imports
2026-10-10T00:09:27.7308370Z PSC2_SELFHOST_SOURCE_ISOLATION_CASE: PASS selfhost generation manifest accepted
2026-10-10T00:09:27.7332995Z PSC2_SELFHOST_SOURCE_ISOLATION: PASS (14 passed; 0 platform skips; compiler double and pinned TypeScript)
2026-10-10T00:09:27.8071467Z PSC2_NATIVE_WORKSPACE_ISOLATION: PASS (bootstrap, selfhost and project roots without stdlib; original sources rejected)
2026-10-10T00:09:27.8181421Z ##[group]Run node scripts/selfhost-replay-runtime.test.mjs
2026-10-10T00:09:27.8182088Z [36;1mnode scripts/selfhost-replay-runtime.test.mjs[0m
2026-10-10T00:09:27.8182912Z [36;1mnode scripts/checked-erasure-name-index.test.mjs[0m
2026-10-10T00:09:27.8226014Z shell: /usr/bin/bash -e {0}
2026-10-10T00:09:27.8226318Z env:
2026-10-10T00:09:27.8226708Z   PSC0_TSC: /home/runner/work/_temp/psc0-typescript-7.0.2/node_modules/typescript/bin/tsc
2026-10-10T00:09:27.8227175Z   PSC0_TYPESCRIPT_VERSION: 7.0.2
2026-10-10T00:09:27.8227448Z ##[endgroup]
2026-10-10T00:09:28.1818873Z PSC2_NATIVE_TYPESCRIPT_CLI: PASS (exact profile, unrelated config, installed override and PATH discovery, precompile rejection and no fallback)
2026-10-10T00:09:28.2209402Z PSC2_NATIVE_WORKSPACE_ISOLATION: PASS (bootstrap, selfhost and project roots without stdlib; original sources rejected)
2026-10-10T00:09:31.0658572Z PSC2_SELFHOST_REPLAY_RUNTIME: PASS (strict TypeScript; 20000-step recursion, function results, name collisions, generic lists and exact UTF-8 positions)
2026-10-10T00:09:31.1193564Z TAP version 13
2026-10-10T00:09:32.3481616Z # Subtest: generated erasure indexes preserve collisions, structured names, precedence and output reservations
2026-10-10T00:09:32.3489290Z ok 1 - generated erasure indexes preserve collisions, structured names, precedence and output reservations
2026-10-10T00:09:32.3489997Z   ---
2026-10-10T00:09:32.3490324Z   duration_ms: 1229.350242
2026-10-10T00:09:32.3490726Z   type: 'test'
2026-10-10T00:09:32.3491016Z   ...
2026-10-10T00:09:32.3501191Z 1..1
2026-10-10T00:09:32.3503727Z # tests 1
2026-10-10T00:09:32.3504628Z # suites 0
2026-10-10T00:09:32.3505196Z # pass 1
2026-10-10T00:09:32.3506468Z # fail 0
2026-10-10T00:09:32.3508200Z # cancelled 0
2026-10-10T00:09:32.3509435Z # skipped 0
2026-10-10T00:09:32.3509904Z # todo 0
2026-10-10T00:09:32.3511379Z # duration_ms 1235.702981
2026-10-10T00:09:32.3658575Z ##[group]Run node --input-type=module <<'NODE'
2026-10-10T00:09:32.3659028Z [36;1mnode --input-type=module <<'NODE'[0m
2026-10-10T00:09:32.3659343Z [36;1mimport assert from 'node:assert/strict';[0m
2026-10-10T00:09:32.3659724Z [36;1mimport { mkdir, writeFile } from 'node:fs/promises';[0m
2026-10-10T00:09:32.3660069Z [36;1mimport path from 'node:path';[0m
2026-10-10T00:09:32.3660483Z [36;1mimport { readSelectedAuthoringSeed } from './scripts/sh1-successor-seed.mjs';[0m
2026-10-10T00:09:32.3661030Z [36;1mimport { loadGeneratedCompiler } from './scripts/sh1-source-snapshot.mjs';[0m
2026-10-10T00:09:32.3661639Z [36;1mimport { valueTag } from './scripts/sh1-capabilities.mjs';[0m
2026-10-10T00:09:32.3662187Z [36;1mimport { runMigrationWorkerConformance } from './scripts/sh1-migration-worker-conformance.mjs';[0m
2026-10-10T00:09:32.3662916Z [36;1mimport { migrationWorkerAbiProbeSource, runMigrationWorkerAbiProbe } from './scripts/sh1-migration-worker-abi.mjs';[0m
2026-10-10T00:09:32.3663550Z [36;1mconst selected = await readSelectedAuthoringSeed();[0m
2026-10-10T00:09:32.3663938Z [36;1massert.equal(selected.mode, 'qualified');[0m
2026-10-10T00:09:32.3664678Z [36;1massert.equal(selected.manifest.kind, 'psc0-qualified-successor-seed');[0m
2026-10-10T00:09:32.3665243Z [36;1mconst loaded = await loadGeneratedCompiler(path.resolve(selected.compilerPath), {[0m
2026-10-10T00:09:32.3665815Z [36;1m  expectedSha256: selected.manifest.expectedArtifacts.javascriptSha256,[0m
2026-10-10T00:09:32.3666221Z [36;1m});[0m
2026-10-10T00:09:32.3666473Z [36;1mawait mkdir('dist/sh1', { recursive: true });[0m
2026-10-10T00:09:32.3666961Z [36;1mawait writeFile('dist/sh1/worker-abi-probe.lean', migrationWorkerAbiProbeSource, 'utf8');[0m
2026-10-10T00:09:32.3667442Z [36;1mconst started = performance.now();[0m
2026-10-10T00:09:32.3667856Z [36;1mconst report = runMigrationWorkerConformance(loaded.compiler, valueTag);[0m
2026-10-10T00:09:32.3668275Z [36;1massert.equal(report.cases, 87);[0m
2026-10-10T00:09:32.3668674Z [36;1mconst abiProbe = runMigrationWorkerAbiProbe(loaded.compiler, valueTag);[0m
2026-10-10T00:09:32.3669137Z [36;1massert.equal(abiProbe.signatureTypeAnnotations, 12);[0m
2026-10-10T00:09:32.3669581Z [36;1massert.equal(abiProbe.typedGenericPartialWrappers, 12);[0m
2026-10-10T00:09:32.3670077Z [36;1massert.equal(abiProbe.currentSourceCoreOrIrCompared, false);[0m
2026-10-10T00:09:32.3670470Z [36;1mconst receipt = {[0m
2026-10-10T00:09:32.3670892Z [36;1m  schemaVersion: 1, evidence: 'migration-fixture-authenticated-reference-preflight',[0m
2026-10-10T00:09:32.3671489Z [36;1m  recipeSourceRef: process.env.GITHUB_SHA, referenceSourceRef: selected.sourceRef,[0m
2026-10-10T00:09:32.3671970Z [36;1m  referenceCompilerSha256: loaded.compilerSha256,[0m
2026-10-10T00:09:32.3672370Z [36;1m  selectedSeedIdentitySha256: selected.identitySha256,[0m
2026-10-10T00:09:32.3672836Z [36;1m  elapsedMs: performance.now() - started, report, abiProbe, passed: true,[0m
2026-10-10T00:09:32.3673336Z [36;1m  compilerBuilt: false, currentSourceQualifiedByThisCheck: false,[0m
2026-10-10T00:09:32.3673705Z [36;1m};[0m
2026-10-10T00:09:32.3674004Z [36;1mawait writeFile('dist/sh1/worker-harness-reference.json',[0m
2026-10-10T00:09:32.3674685Z [36;1m  JSON.stringify(receipt, null, 2) + '\n', 'utf8');[0m
2026-10-10T00:09:32.3675213Z [36;1mconsole.log('PSC0_SH1_WORKER_HARNESS_REFERENCE: ' + JSON.stringify(receipt));[0m
2026-10-10T00:09:32.3675605Z [36;1mNODE[0m
2026-10-10T00:09:32.3717394Z shell: /usr/bin/bash -e {0}
2026-10-10T00:09:32.3717699Z env:
2026-10-10T00:09:32.3718104Z   PSC0_TSC: /home/runner/work/_temp/psc0-typescript-7.0.2/node_modules/typescript/bin/tsc
2026-10-10T00:09:32.3718545Z   PSC0_TYPESCRIPT_VERSION: 7.0.2
2026-10-10T00:09:32.3718805Z ##[endgroup]
2026-10-10T00:09:34.0359678Z PSC0_SH1_WORKER_HARNESS_REFERENCE: {"schemaVersion":1,"evidence":"migration-fixture-authenticated-reference-preflight","recipeSourceRef":"fb8f8076df3ed8708f927f88aa2d32febbfa89dc","referenceSourceRef":"fe2560aba0f347b1caf8d000d371464642d44f23","referenceCompilerSha256":"70db0131fa3af62f7193576407ad529be10df2f4296c712f53f7c31f42209061","selectedSeedIdentitySha256":"47d88158e075f766f0d146ba3a13b28744c6e196d9844c71f4e52dc7351e2225","elapsedMs":1407.6964460000002,"report":{"schemaVersion":1,"evidence":"finite-migration-worker-generated-export-conformance","cases":87,"families":[{"family":"F1","workerCases":44,"wrapperCases":7,"observations":[{"name":"local-zero-fresh","result":"x$0"},{"name":"local-zero-colliding","result":"x$7"},{"name":"local-first-free","result":"x$7"},{"name":"local-exhaustion-can-collide","result":"x$8"},{"name":"local-global-collision-chain","result":"x$9"},{"name":"local-global-only-collision","result":"x$5"},{"name":"local-duplicates-consume-one-candidate","result":"x$6"},{"name":"local-future-collision-does-not-skip-free","result":"x$7"},{"name":"local-arbitrary-base","result":"é_$3"},{"name":"local-large-nat-index","result":"x$9007199254740993"},{"name":"eta-zero","result":["error","fuelExhausted"]},{"name":"eta-first-free","result":["ok","__ps_eta_4"]},{"name":"eta-used-exhausts","result":["error","fuelExhausted"]},{"name":"eta-used-collision","result":["ok","__ps_eta_5"]},{"name":"eta-body-collision","result":["ok","__ps_eta_5"]},{"name":"eta-used-and-body-chain","result":["ok","__ps_eta_6"]},{"name":"eta-lambda-binder-counts","result":["ok","__ps_eta_5"]},{"name":"eta-let-binder-counts","result":["ok","__ps_eta_5"]},{"name":"eta-record-label-does-not-count","result":["ok","__ps_eta_4"]},{"name":"eta-last-inspected-depth","result":["ok","__ps_eta_4"]},{"name":"eta-conservative-depth-exhaustion","result":["error","fuelExhausted"]},{"name":"eta-zero-with-deep-body","result":["error","fuelExhausted"]},{"name":"eta-large-nat-index","result":["ok","__ps_eta_9007199254740993"]},{"name":"match-zero","result":"__ps$match$overflow"},{"name":"match-zero-colliding-overflow","result":"__ps$match$overflow"},{"name":"match-first-free","result":"__ps$match$7"},{"name":"match-collision-exhausts","result":"__ps$match$overflow"},{"name":"match-collision-chain","result":"__ps$match$9"},{"name":"match-lambda-binder-counts","result":"__ps$match$8"},{"name":"match-record-label-does-not-count","result":"__ps$match$7"},{"name":"match-last-inspected-depth","result":"__ps$match$7"},{"name":"match-conservative-depth-exhaustion","result":"__ps$match$overflow"},{"name":"match-large-nat-index","result":"__ps$match$9007199254740993"},{"name":"internal-zero","result":["poverflow","8"]},{"name":"internal-zero-colliding-overflow","result":["poverflow","8"]},{"name":"internal-first-free","result":["p7","8"]},{"name":"internal-one-collision-exhausts","result":["poverflow","9"]},{"name":"internal-all-collisions-exhaust","result":["poverflow","11"]},{"name":"internal-first-free-after-chain","result":["p9","10"]},{"name":"internal-duplicate-used-names","result":["p8","9"]},{"name":"internal-future-collision-does-not-skip-free","result":["p7","8"]},{"name":"internal-empty-prefix","result":["2","3"]},{"name":"internal-arbitrary-prefix","result":["é_$8","9"]},{"name":"internal-large-nat-index","result":["p9007199254740993","9007199254740994"]},{"name":"wrapper-reserved-arguments","result":"_arguments"},{"name":"wrapper-reserved-eval-collision","result":"_eval$3"},{"name":"wrapper-underscore-fallback","result":"tmp$12"},{"name":"wrapper-sanitized-global-collision","result":"x_y$3"},{"name":"wrapper-match-argument-order","result":"__ps$match$8"},{"name":"wrapper-internal-argument-order","result":["p9","10"]},{"name":"wrapper-eta-parameter-order","result":["__ps_eta_1","__ps_eta_2"]}],"observationSha256":"637829f32a117a029b9f95bb7e19313239ca3ea42977f62961102534c785aa2b"},{"family":"F2","cases":36,"observations":[{"name":"preparation-empty-state","result":{"sourceKind":"lean","declarationsRev":[{"tag":"definitionDecl","levelParams":[],"name":{"tag":"str","parent":{"tag":"anonymous"},"value":"f2Prefix"},"type":{"tag":"constE","levels":[],"name":{"tag":"str","parent":{"tag":"anonymous"},"value":"Nat"}},"value":{"tag":"lit","value":{"tag":"natural","value":"11"}}}],"environment":{"declarationCount":82,"addedNewestFirst":["f2Prefix"],"declarations":[{"tag":"definitionDecl","levelParams":[],"name":{"tag":"str","parent":{"tag":"anonymous"},"value":"f2Prefix"},"type":{"tag":"constE","levels":[],"name":{"tag":"str","parent":{"tag":"anonymous"},"value":"Nat"}},"value":{"tag":"lit","value":{"tag":"natural","value":"11"}}}]}}},{"name":"preparation-ordered-dependencies","result":{"sourceKind":"lean","declarationsRev":[{"tag":"definitionDecl","levelParams":[],"name":{"tag":"str","parent":{"tag":"anonymous"},"value":"f2Last"},"type":{"tag":"constE","levels":[],"name":{"tag":"str","parent":{"tag":"anonymous"},"value":"Nat"}},"value":{"tag":"constE","levels":[],"name":{"tag":"str","parent":{"tag":"anonymous"},"value":"f2Next"}}},{"tag":"definitionDecl","levelParams":[],"name":{"tag":"str","parent":{"tag":"anonymous"},"value":"f2Next"},"type":{"tag":"constE","levels":[],"name":{"tag":"str","parent":{"tag":"anonymous"},"value":"Nat"}},"value":{"tag":"constE","levels":[],"name":{"tag":"str","parent":{"tag":"anonymous"},"value":"f2Base"}}},{"tag":"definitionDecl","levelParams":[],"name":{"tag":"str","parent":{"tag":"anonymous"},"value":"f2Base"},"type":{"tag":"constE","levels":[],"name":{"tag":"str","parent":{"tag":"anonymous"},"value":"Nat"}},"value":{"tag":"lit","value":{"tag":"natural","value":"17"}}},{"tag":"definitionDecl","levelParams":[],"name":{"tag":"str","parent":{"tag":"anonymous"},"value":"f2Prefix"},"type":{"tag":"constE","levels":[],"name":{"tag":"str","parent":{"tag":"anonymous"},"value":"Nat"}},"value":{"tag":"lit","value":{"tag":"natural","value":"11"}}}],"environment":{"declarationCount":85,"addedNewestFirst":["f2Last","f2Next","f2Base","f2Prefix"],"declarations":[{"tag":"definitionDecl","levelParams":[],"name":{"tag":"str","parent":{"tag":"anonymous"},"value":"f2Last"},"type":{"tag":"constE","levels":[],"name":{"tag":"str","parent":{"tag":"anonymous"},"value":"Nat"}},"value":{"tag":"constE","levels":[],"name":{"tag":"str","parent":{"tag":"anonymous"},"value":"f2Next"}}},{"tag":"definitionDecl","levelParams":[],"name":{"tag":"str","parent":{"tag":"anonymous"},"value":"f2Next"},"type":{"tag":"constE","levels":[],"name":{"tag":"str","parent":{"tag":"anonymous"},"value":"Nat"}},"value":{"tag":"constE","levels":[],"name":{"tag":"str","parent":{"tag":"anonymous"},"value":"f2Base"}}},{"tag":"definitionDecl","levelParams":[],"name":{"tag":"str","parent":{"tag":"anonymous"},"value":"f2Base"},"type":{"tag":"constE","levels":[],"name":{"tag":"str","parent":{"tag":"anonymous"},"value":"Nat"}},"value":{"tag":"lit","value":{"tag":"natural","value":"17"}}},{"tag":"definitionDecl","levelParams":[],"name":{"tag":"str","parent":{"tag":"anonymous"},"value":"f2Prefix"},"type":{"tag":"constE","levels":[],"name":{"tag":"str","parent":{"tag":"anonymous"},"value":"Nat"}},"value":{"tag":"lit","value":{"tag":"natural","value":"11"}}}]}}},{"name":"preparation-first-parse-error","result":{"tag":"leanFrontend","error":{"tag":"parse","error":{"tag":"expectedText","actual":"","expected":"term","span":{"start":{"byteOffset":"22","column":"1","line":"2"},"stop":{"byteOffset":"22","column":"1","line":"2"}}}}}},{"name":"preparation-middle-elaboration-error","result":{"tag":"elaboration","error":{"tag":"unknownName","name":{"tag":"str","parent":{"tag":"anonymous"},"value":"f2MissingSecond"}}}},{"name":"preparation-parsed-step-correspondence","result":{"sourceKind":"lean","declarationsRev":[{"tag":"definitionDecl","levelParams":[],"name":{"tag":"str","parent":{"tag":"anonymous"},"value":"f2Last"},"type":{"tag":"constE","levels":[],"name":{"tag":"str","parent":{"tag":"anonymous"},"value":"Nat"}},"value":{"tag":"constE","levels":[],"name":{"tag":"str","parent":{"tag":"anonymous"},"value":"f2Next"}}},{"tag":"definitionDecl","levelParams":[],"name":{"tag":"str","parent":{"tag":"anonymous"},"value":"f2Next"},"type":{"tag":"constE","levels":[],"name":{"tag":"str","parent":{"tag":"anonymous"},"value":"Nat"}},"value":{"tag":"constE","levels":[],"name":{"tag":"str","parent":{"tag":"anonymous"},"value":"f2Base"}}},{"tag":"definitionDecl","levelParams":[],"name":{"tag":"str","parent":{"tag":"anonymous"},"value":"f2Base"},"type":{"tag":"constE","levels":[],"name":{"tag":"str","parent":{"tag":"anonymous"},"value":"Nat"}},"value":{"tag":"lit","value":{"tag":"natural","value":"17"}}},{"tag":"definitionDecl","levelParams":[],"name":{"tag":"str","parent":{"tag":"anonymous"},"value":"f2Prefix"},"type":{"tag":"constE","levels":[],"name":{"tag":"str","parent":{"tag":"anonymous"},"value":"Nat"}},"value":{"tag":"lit","value":{"tag":"natural","value":"11"}}}],"environment":{"declarationCount":85,"addedNewestFirst":["f2Last","f2Next","f2Base","f2Prefix"],"declarations":[{"tag":"definitionDecl","levelParams":[],"name":{"tag":"str","parent":{"tag":"anonymous"},"value":"f2Last"},"type":{"tag":"constE","levels":[],"name":{"tag":"str","parent":{"tag":"anonymous"},"value":"Nat"}},"value":{"tag":"constE","levels":[],"name":{"tag":"str","parent":{"tag":"anonymous"},"value":"f2Next"}}},{"tag":"definitionDecl","levelParams":[],"name":{"tag":"str","parent":{"tag":"anonymous"},"value":"f2Next"},"type":{"tag":"constE","levels":[],"name":{"tag":"str","parent":{"tag":"anonymous"},"value":"Nat"}},"value":{"tag":"constE","levels":[],"name":{"tag":"str","parent":{"tag":"anonymous"},"value":"f2Base"}}},{"tag":"definitionDecl","levelParams":[],"name":{"tag":"str","parent":{"tag":"anonymous"},"value":"f2Base"},"type":{"tag":"constE","levels":[],"name":{"tag":"str","parent":{"tag":"anonymous"},"value":"Nat"}},"value":{"tag":"lit","value":{"tag":"natural","value":"17"}}},{"tag":"definitionDecl","levelParams":[],"name":{"tag":"str","parent":{"tag":"anonymous"},"value":"f2Prefix"},"type":{"tag":"constE","levels":[],"name":{"tag":"str","parent":{"tag":"anonymous"},"value":"Nat"}},"value":{"tag":"lit","value":{"tag":"natural","value":"11"}}}]}}},{"name":"add-empty-environment","result":{"declarationCount":82,"addedNewestFirst":["f2Prefix"],"declarations":[{"tag":"definitionDecl","levelParams":[],"name":{"tag":"str","parent":{"tag":"anonymous"},"value":"f2Prefix"},"type":{"tag":"constE","levels":[],"name":{"tag":"str","parent":{"tag":"anonymous"},"value":"Nat"}},"value":{"tag":"lit","value":{"tag":"natural","value":"11"}}}]}},{"name":"add-ordered-declarations","result":{"declarationCount":84,"addedNewestFirst":["f2Second","f2First","f2Prefix"],"declarations":[{"tag":"definitionDecl","levelParams":[],"name":{"tag":"str","parent":{"tag":"anonymous"},"value":"f2Second"},"type":{"tag":"constE","levels":[],"name":{"tag":"str","parent":{"tag":"anonymous"},"value":"Nat"}},"value":{"tag":"lit","value":{"tag":"natural","value":"23"}}},{"tag":"definitionDecl","levelParams":[],"name":{"tag":"str","parent":{"tag":"anonymous"},"value":"f2First"},"type":{"tag":"constE","levels":[],"name":{"tag":"str","parent":{"tag":"anonymous"},"value":"Nat"}},"value":{"tag":"lit","value":{"tag":"natural","value":"17"}}},{"tag":"definitionDecl","levelParams":[],"name":{"tag":"str","parent":{"tag":"anonymous"},"value":"f2Prefix"},"type":{"tag":"constE","levels":[],"name":{"tag":"str","parent":{"tag":"anonymous"},"value":"Nat"}},"value":{"tag":"lit","value":{"tag":"natural","value":"11"}}}]}},{"name":"add-duplicate-initial","result":{"tag":"duplicateDeclaration","name":{"tag":"str","parent":{"tag":"anonymous"},"value":"f2Prefix"}}},{"name":"add-duplicate-earlier-input","result":{"tag":"duplicateDeclaration","name":{"tag":"str","parent":{"tag":"anonymous"},"value":"f2First"}}},{"name":"add-owned-bootstrap-replacement","result":[{"name":"Prod","environment":{"declarationCount":1,"addedNewestFirst":["Prod"],"declarations":[{"tag":"definitionDecl","levelParams":[],"name":{"tag":"str","parent":{"tag":"anonymous"},"value":"Prod"},"type":{"tag":"constE","levels":[],"name":{"tag":"str","parent":{"tag":"anonymous"},"value":"Nat"}},"value":{"tag":"lit","value":{"tag":"natural","value":"7"}}}]},"rejection":{"tag":"duplicateDeclaration","name":{"tag":"str","parent":{"tag":"anonymous"},"value":"Prod"}}},{"name":"List","environment":{"declarationCount":1,"addedNewestFirst":["List"],"declarations":[{"tag":"definitionDecl","levelParams":[],"name":{"tag":"str","parent":{"tag":"anonymous"},"value":"List"},"type":{"tag":"constE","levels":[],"name":{"tag":"str","parent":{"tag":"anonymous"},"value":"Nat"}},"value":{"tag":"lit","value":{"tag":"natural","value":"7"}}}]},"rejection":{"tag":"duplicateDeclaration","name":{"tag":"str","parent":{"tag":"anonymous"},"value":"List"}}},{"name":"Option","environment":{"declarationCount":1,"addedNewestFirst":["Option"],"declarations":[{"tag":"definitionDecl","levelParams":[],"name":{"tag":"str","parent":{"tag":"anonymous"},"value":"Option"},"type":{"tag":"constE","levels":[],"name":{"tag":"str","parent":{"tag":"anonymous"},"value":"Nat"}},"value":{"tag":"lit","value":{"tag":"natural","value":"7"}}}]},"rejection":{"tag":"duplicateDeclaration","name":{"tag":"str","parent":{"tag":"anonymous"},"value":"Option"}}}]},{"name":"elab-empty-reverse-accumulator","result":{"declarations":[{"tag":"definitionDecl","levelParams":[],"name":{"tag":"str","parent":{"tag":"anonymous"},"value":"f2Prefix"},"type":{"tag":"constE","levels":[],"name":{"tag":"str","parent":{"tag":"anonymous"},"value":"Nat"}},"value":{"tag":"lit","value":{"tag":"natural","value":"11"}}},{"tag":"definitionDecl","levelParams":[],"name":{"tag":"str","parent":{"tag":"anonymous"},"value":"f2First"},"type":{"tag":"constE","levels":[],"name":{"tag":"str","parent":{"tag":"anonymous"},"value":"Nat"}},"value":{"tag":"lit","value":{"tag":"natural","value":"17"}}},{"tag":"definitionDecl","levelParams":[],"name":{"tag":"str","parent":{"tag":"anonymous"},"value":"f2Second"},"type":{"tag":"constE","levels":[],"name":{"tag":"str","parent":{"tag":"anonymous"},"value":"Nat"}},"value":{"tag":"lit","value":{"tag":"natural","value":"23"}}}],"environment":{"declarationCount":84,"addedNewestFirst":["f2Second","f2First","f2Prefix"],"declarations":[{"tag":"definitionDecl","levelParams":[],"name":{"tag":"str","parent":{"tag":"anonymous"},"value":"f2Second"},"type":{"tag":"constE","levels":[],"name":{"tag":"str","parent":{"tag":"anonymous"},"value":"Nat"}},"value":{"tag":"lit","value":{"tag":"natural","value":"23"}}},{"tag":"definitionDecl","levelParams":[],"name":{"tag":"str","parent":{"tag":"anonymous"},"value":"f2First"},"type":{"tag":"constE","levels":[],"name":{"tag":"str","parent":{"tag":"anonymous"},"value":"Nat"}},"value":{"tag":"lit","value":{"tag":"natural","value":"17"}}},{"tag":"definitionDecl","levelParams":[],"name":{"tag":"str","parent":{"tag":"anonymous"},"value":"f2Prefix"},"type":{"tag":"constE","levels":[],"name":{"tag":"str","parent":{"tag":"anonymous"},"value":"Nat"}},"value":{"tag":"lit","value":{"tag":"natural","value":"11"}}}]}}},{"name":"elab-ordered-batches","result":{"declarations":[{"tag":"definitionDecl","levelParams":[],"name":{"tag":"str","parent":{"tag":"anonymous"},"value":"f2Prefix"},"type":{"tag":"constE","levels":[],"name":{"tag":"str","parent":{"tag":"anonymous"},"value":"Nat"}},"value":{"tag":"lit","value":{"tag":"natural","value":"11"}}},{"tag":"inductiveDecl","info":{"constructors":[{"tag":"str","parent":{"tag":"str","parent":{"tag":"anonymous"},"value":"F2Cell"},"value":"mk"}],"isStructure":true,"levelParams":[],"name":{"tag":"str","parent":{"tag":"anonymous"},"value":"F2Cell"},"numIndices":"0","numParams":"0","type":{"tag":"sortE","level":{"tag":"succ","of":{"tag":"zero"}}}}},{"tag":"constructorDecl","info":{"constructorIndex":"0","inductiveName":{"tag":"str","parent":{"tag":"anonymous"},"value":"F2Cell"},"levelParams":[],"name":{"tag":"str","parent":{"tag":"str","parent":{"tag":"anonymous"},"value":"F2Cell"},"value":"mk"},"numFields":"1","numParams":"0","recursiveFields":[],"type":{"tag":"forallE","binder":{"tag":"explicit"},"body":{"tag":"constE","levels":[],"name":{"tag":"str","parent":{"tag":"anonymous"},"value":"F2Cell"}},"name":{"tag":"str","parent":{"tag":"anonymous"},"value":"value"},"type":{"tag":"constE","levels":[],"name":{"tag":"str","parent":{"tag":"anonymous"},"value":"Nat"}}}}},{"tag":"recursorDecl","info":{"inductiveNames":[{"tag":"str","parent":{"tag":"anonymous"},"value":"F2Cell"}],"levelParams":[{"tag":"str","parent":{"tag":"anonymous"},"value":"u"}],"name":{"tag":"str","parent":{"tag":"str","parent":{"tag":"anonymous"},"value":"F2Cell"},"value":"rec"},"numIndices":"0","numMinors":"1","numMotives":"1","numParams":"0","type":{"tag":"forallE","binder":{"tag":"explicit"},"body":{"tag":"forallE","binder":{"tag":"explicit"},"body":{"tag":"forallE","binder":{"tag":"explicit"},"body":{"tag":"app","arg":{"tag":"bvar","index":"0"},"fn":{"tag":"bvar","index":"2"}},"name":{"tag":"str","parent":{"tag":"anonymous"},"value":"_major"},"type":{"tag":"constE","levels":[],"name":{"tag":"str","parent":{"tag":"anonymous"},"value":"F2Cell"}}},"name":{"tag":"num","parent":{"tag":"str","parent":{"tag":"anonymous"},"value":"_minor"},"value":"0"},"type":{"tag":"forallE","binder":{"tag":"explicit"},"body":{"tag":"app","arg":{"tag":"app","arg":{"tag":"bvar","index":"0"},"fn":{"tag":"constE","levels":[],"name":{"tag":"str","parent":{"tag":"str","parent":{"tag":"anonymous"},"value":"F2Cell"},"value":"mk"}}},"fn":{"tag":"bvar","index":"1"}},"name":{"tag":"str","parent":{"tag":"anonymous"},"value":"value"},"type":{"tag":"constE","levels":[],"name":{"tag":"str","parent":{"tag":"anonymous"},"value":"Nat"}}}},"name":{"tag":"str","parent":{"tag":"anonymous"},"value":"_motive"},"type":{"tag":"forallE","binder":{"tag":"explicit"},"body":{"tag":"sortE","level":{"tag":"param","name":{"tag":"str","parent":{"tag":"anonymous"},"value":"u"}}},"name":{"tag":"str","parent":{"tag":"anonymous"},"value":"_major"},"type":{"tag":"constE","levels":[],"name":{"tag":"str","parent":{"tag":"anonymous"},"value":"F2Cell"}}}}}},{"tag":"definitionDecl","levelParams":[],"name":{"tag":"str","parent":{"tag":"anonymous"},"value":"f2Cell"},"type":{"tag":"constE","levels":[],"name":{"tag":"str","parent":{"tag":"anonymous"},"value":"F2Cell"}},"value":{"tag":"app","arg":{"tag":"lit","value":{"tag":"natural","value":"31"}},"fn":{"tag":"constE","levels":[],"name":{"tag":"str","parent":{"tag":"str","parent":{"tag":"anonymous"},"value":"F2Cell"},"value":"mk"}}}},{"tag":"definitionDecl","levelParams":[],"name":{"tag":"str","parent":{"tag":"anonymous"},"value":"f2Read"},"type":{"tag":"constE","levels":[],"name":{"tag":"str","parent":{"tag":"anonymous"},"value":"Nat"}},"value":{"tag":"proj","index":"0","typeName":{"tag":"str","parent":{"tag":"anonymous"},"value":"F2Cell"},"value":{"tag":"constE","levels":[],"name":{"tag":"str","parent":{"tag":"anonymous"},"value":"f2Cell"}}}}],"environment":{"declarationCount":87,"addedNewestFirst":["f2Read","f2Cell","F2Cell.rec","F2Cell.mk","F2Cell","f2Prefix"],"declarations":[{"tag":"definitionDecl","levelParams":[],"name":{"tag":"str","parent":{"tag":"anonymous"},"value":"f2Read"},"type":{"tag":"constE","levels":[],"name":{"tag":"str","parent":{"tag":"anonymous"},"value":"Nat"}},"value":{"tag":"proj","index":"0","typeName":{"tag":"str","parent":{"tag":"anonymous"},"value":"F2Cell"},"value":{"tag":"constE","levels":[],"name":{"tag":"str","parent":{"tag":"anonymous"},"value":"f2Cell"}}}},{"tag":"definitionDecl","levelParams":[],"name":{"tag":"str","parent":{"tag":"anonymous"},"value":"f2Cell"},"type":{"tag":"constE","levels":[],"name":{"tag":"str","parent":{"tag":"anonymous"},"value":"F2Cell"}},"value":{"tag":"app","arg":{"tag":"lit","value":{"tag":"natural","value":"31"}},"fn":{"tag":"constE","levels":[],"name":{"tag":"str","parent":{"tag":"str","parent":{"tag":"anonymous"},"value":"F2Cell"},"value":"mk"}}}},{"tag":"recursorDecl","info":{"inductiveNames":[{"tag":"str","parent":{"tag":"anonymous"},"value":"F2Cell"}],"levelParams":[{"tag":"str","parent":{"tag":"anonymous"},"value":"u"}],"name":{"tag":"str","parent":{"tag":"str","parent":{"tag":"anonymous"},"value":"F2Cell"},"value":"rec"},"numIndices":"0","numMinors":"1","numMotives":"1","numParams":"0","type":{"tag":"forallE","binder":{"tag":"explicit"},"body":{"tag":"forallE","binder":{"tag":"explicit"},"body":{"tag":"forallE","binder":{"tag":"explicit"},"body":{"tag":"app","arg":{"tag":"bvar","index":"0"},"fn":{"tag":"bvar","index":"2"}},"name":{"tag":"str","parent":{"tag":"anonymous"},"value":"_major"},"type":{"tag":"constE","levels":[],"name":{"tag":"str","parent":{"tag":"anonymous"},"value":"F2Cell"}}},"name":{"tag":"num","parent":{"tag":"str","parent":{"tag":"anonymous"},"value":"_minor"},"value":"0"},"type":{"tag":"forallE","binder":{"tag":"explicit"},"body":{"tag":"app","arg":{"tag":"app","arg":{"tag":"bvar","index":"0"},"fn":{"tag":"constE","levels":[],"name":{"tag":"str","parent":{"tag":"str","parent":{"tag":"anonymous"},"value":"F2Cell"},"value":"mk"}}},"fn":{"tag":"bvar","index":"1"}},"name":{"tag":"str","parent":{"tag":"anonymous"},"value":"value"},"type":{"tag":"constE","levels":[],"name":{"tag":"str","parent":{"tag":"anonymous"},"value":"Nat"}}}},"name":{"tag":"str","parent":{"tag":"anonymous"},"value":"_motive"},"type":{"tag":"forallE","binder":{"tag":"explicit"},"body":{"tag":"sortE","level":{"tag":"param","name":{"tag":"str","parent":{"tag":"anonymous"},"value":"u"}}},"name":{"tag":"str","parent":{"tag":"anonymous"},"value":"_major"},"type":{"tag":"constE","levels":[],"name":{"tag":"str","parent":{"tag":"anonymous"},"value":"F2Cell"}}}}}},{"tag":"constructorDecl","info":{"constructorIndex":"0","inductiveName":{"tag":"str","parent":{"tag":"anonymous"},"value":"F2Cell"},"levelParams":[],"name":{"tag":"str","parent":{"tag":"str","parent":{"tag":"anonymous"},"value":"F2Cell"},"value":"mk"},"numFields":"1","numParams":"0","recursiveFields":[],"type":{"tag":"forallE","binder":{"tag":"explicit"},"body":{"tag":"constE","levels":[],"name":{"tag":"str","parent":{"tag":"anonymous"},"value":"F2Cell"}},"name":{"tag":"str","parent":{"tag":"anonymous"},"value":"value"},"type":{"tag":"constE","levels":[],"name":{"tag":"str","parent":{"tag":"anonymous"},"value":"Nat"}}}}},{"tag":"inductiveDecl","info":{"constructors":[{"tag":"str","parent":{"tag":"str","parent":{"tag":"anonymous"},"value":"F2Cell"},"value":"mk"}],"isStructure":true,"levelParams":[],"name":{"tag":"str","parent":{"tag":"anonymous"},"value":"F2Cell"},"numIndices":"0","numParams":"0","type":{"tag":"sortE","level":{"tag":"succ","of":{"tag":"zero"}}}}},{"tag":"definitionDecl","levelParams":[],"name":{"tag":"str","parent":{"tag":"anonymous"},"value":"f2Prefix"},"type":{"tag":"constE","levels":[],"name":{"tag":"str","parent":{"tag":"anonymous"},"value":"Nat"}},"value":{"tag":"lit","value":{"tag":"natural","value":"11"}}}]}}},{"name":"elab-first-failure","result":{"tag":"unknownName","name":{"tag":"str","parent":{"tag":"anonymous"},"value":"f2MissingFirst"}}},{"name":"elab-duplicate-before-tail-failure","result":{"tag":"duplicateDeclaration","name":{"tag":"str","parent":{"tag":"anonymous"},"value":"f2Prefix"}}},{"name":"names-empty-state","result":{"used":["usedBefore"],"entriesRev":[["before","before_output"]]}},{"name":"names-kind-whitelist","result":{"used":["F2ChoiceA","f2Theorem","f2Partial","f2First","usedBefore"],"entriesRev":[["F2ChoiceA","F2ChoiceA"],["f2Theorem","f2Theorem"],["f2Partial","f2Partial"],["f2First","f2First"],["before","before_output"]]}},{"name":"names-sanitizing-collisions","result":{"used":["a_b____","a_b___","a_b__","a_b","a_b_"],"entriesRev":[["a.b","a_b____"],["a_b","a_b___"],["a.b","a_b__"],["before","before_output"]]}},{"name":"names-prefix-and-fallback","result":{"used":["decl","_1name"],"entriesRev":[["","decl"],["1name","_1name"]]}},{"name":"erase-empty-reverse-accumulator","result":[{"body":{"tag":"literal","value":{"tag":"natural","value":"5"}},"name":"keptA","parameters":[],"resultType":{"tag":"primitive","name":{"tag":"nat"}},"typeParameters":[]},{"body":{"tag":"literal","value":{"tag":"natural","value":"6"}},"name":"keptB","parameters":[],"resultType":{"tag":"primitive","name":{"tag":"nat"}},"typeParameters":[]}]},{"name":"erase-definition-and-partial","result":[{"body":{"tag":"literal","value":{"tag":"natural","value":"5"}},"name":"keptA","parameters":[],"resultType":{"tag":"primitive","name":{"tag":"nat"}},"typeParameters":[]},{"body":{"tag":"literal","value":{"tag":"natural","value":"17"}},"name":"runtime_first","parameters":[],"resultType":{"tag":"primitive","name":{"tag":"nat"}},"typeParameters":[]},{"body":{"tag":"literal","value":{"tag":"natural","value":"29"}},"name":"runtime_partial","parameters":[],"resultType":{"tag":"primitive","name":{"tag":"nat"}},"typeParameters":[]}]},{"name":"erase-proof-omission","result":[{"body":{"tag":"literal","value":{"tag":"natural","value":"17"}},"name":"runtime_first","parameters":[],"resultType":{"tag":"primitive","name":{"tag":"nat"}},"typeParameters":[]},{"body":{"tag":"literal","value":{"tag":"natural","value":"23"}},"name":"f2Second","parameters":[],"resultType":{"tag":"primitive","name":{"tag":"nat"}},"typeParameters":[]}]},{"name":"erase-skipped-variants","result":[{"body":{"tag":"literal","value":{"tag":"natural","value":"17"}},"name":"runtime_first","parameters":[],"resultType":{"tag":"primitive","name":{"tag":"nat"}},"typeParameters":[]}]},{"name":"erase-first-refusal","result":{"tag":"unknownLocal","id":"701"}},{"name":"structures-empty-reverse-accumulator","result":{"ir":[{"fields":[],"name":"keptRecordA","typeParameters":[]},{"fields":[],"name":"keptRecordB","typeParameters":[]}],"scope":{"currentDefinition":{"tag":"some","value":{"name":"keptDefinition","runtimeParameters":["keptRuntime"],"typeArgumentsRev":[]}},"declarationNames":{"byCore":{"tag":"branch","left":{"tag":"branch","left":{"tag":"branch","left":{"tag":"branch","left":{"tag":"empty"},"right":{"tag":"branch","left":{"tag":"branch","left":{"tag":"empty"},"right":{"tag":"branch","left":{"tag":"branch","left":{"tag":"empty"},"right":{"tag":"branch","left":{"tag":"branch","left":{"tag":"branch","left":{"tag":"empty"},"right":{"tag":"branch","left":{"tag":"empty"},"right":{"tag":"branch","left":{"tag":"branch","left":{"tag":"empty"},"right":{"tag":"branch","left":{"tag":"branch","left":{"tag":"empty"},"right":{"tag":"bucket","entries":[{"fst":{"tag":"str","parent":{"tag":"anonymous"},"value":"F2RecordB"},"snd":"record_B"}]}},"right":{"tag":"empty"}}},"right":{"tag":"empty"}}}},"right":{"tag":"empty"}},"right":{"tag":"empty"}}},"right":{"tag":"empty"}}},"right":{"tag":"empty"}}},"right":{"tag":"empty"}},"right":{"tag":"branch","left":{"tag":"empty"},"right":{"tag":"branch","left":{"tag":"empty"},"right":{"tag":"branch","left":{"tag":"branch","left":{"tag":"branch","left":{"tag":"empty"},"right":{"tag":"branch","left":{"tag":"empty"},"right":{"tag":"branch","left":{"tag":"branch","left":{"tag":"empty"},"right":{"tag":"branch","left":{"tag":"branch","left":{"tag":"empty"},"right":{"tag":"branch","left":{"tag":"empty"},"right":{"tag":"branch","left":{"tag":"empty"},"right":{"tag":"branch","left":{"tag":"branch","left":{"tag":"empty"},"right":{"tag":"bucket","entries":[{"fst":{"tag":"str","parent":{"tag":"anonymous"},"value":"F2ChoiceA"},"snd":"choice_A"}]}},"right":{"tag":"empty"}}}}},"right":{"tag":"empty"}}},"right":{"tag":"empty"}}}},"right":{"tag":"empty"}},"right":{"tag":"empty"}}}}},"right":{"tag":"branch","left":{"tag":"empty"},"right":{"tag":"branch","left":{"tag":"empty"},"right":{"tag":"branch","left":{"tag":"branch","left":{"tag":"branch","left":{"tag":"empty"},"right":{"tag":"branch","left":{"tag":"branch","left":{"tag":"empty"},"right":{"tag":"branch","left":{"tag":"branch","left":{"tag":"branch","left":{"tag":"empty"},"right":{"tag":"branch","left":{"tag":"empty"},"right":{"tag":"branch","left":{"tag":"branch","left":{"tag":"empty"},"right":{"tag":"branch","left":{"tag":"branch","left":{"tag":"empty"},"right":{"tag":"bucket","entries":[{"fst":{"tag":"str","parent":{"tag":"anonymous"},"value":"F2RecordA"},"snd":"record_A"}]}},"right":{"tag":"empty"}}},"right":{"tag":"empty"}}}},"right":{"tag":"empty"}},"right":{"tag":"empty"}}},"right":{"tag":"empty"}}},"right":{"tag":"empty"}},"right":{"tag":"branch","left":{"tag":"branch","left":{"tag":"branch","left":{"tag":"empty"},"right":{"tag":"branch","left":{"tag":"empty"},"right":{"tag":"branch","left":{"tag":"branch","left":{"tag":"empty"},"right":{"tag":"branch","left":{"tag":"branch","left":{"tag":"empty"},"right":{"tag":"branch","left":{"tag":"empty"},"right":{"tag":"branch","left":{"tag":"empty"},"right":{"tag":"branch","left":{"tag":"branch","left":{"tag":"empty"},"right":{"tag":"bucket","entries":[{"fst":{"tag":"str","parent":{"tag":"anonymous"},"value":"F2ChoiceB"},"snd":"choice_B"}]}},"right":{"tag":"empty"}}}}},"right":{"tag":"empty"}}},"right":{"tag":"empty"}}}},"right":{"tag":"empty"}},"right":{"tag":"empty"}}}}}},"byOutput":{"tag":"branch","left":{"tag":"branch","left":{"tag":"branch","left":{"tag":"branch","left":{"tag":"branch","left":{"tag":"branch","left":{"tag":"branch","left":{"tag":"empty"},"right":{"tag":"branch","left":{"tag":"empty"},"right":{"tag":"branch","left":{"tag":"empty"},"right":{"tag":"branch","left":{"tag":"empty"},"right":{"tag":"branch","left":{"tag":"empty"},"right":{"tag":"branch","left":{"tag":"empty"},"right":{"tag":"branch","left":{"tag":"empty"},"right":{"tag":"branch","left":{"tag":"empty"},"right":{"tag":"branch","left":{"tag":"branch","left":{"tag":"bucket","entries":[{"fst":{"tag":"str","parent":{"tag":"anonymous"},"value":"record_A"},"snd":true}]},"right":{"tag":"empty"}},"right":{"tag":"empty"}}}}}}}}}},"right":{"tag":"empty"}},"right":{"tag":"empty"}},"right":{"tag":"branch","left":{"tag":"branch","left":{"tag":"branch","left":{"tag":"branch","left":{"tag":"empty"},"right":{"tag":"branch","left":{"tag":"branch","left":{"tag":"empty"},"right":{"tag":"branch","left":{"tag":"empty"},"right":{"tag":"branch","left":{"tag":"branch","left":{"tag":"empty"},"right":{"tag":"branch","left":{"tag":"empty"},"right":{"tag":"branch","left":{"tag":"empty"},"right":{"tag":"branch","left":{"tag":"empty"},"right":{"tag":"bucket","entries":[{"fst":{"tag":"str","parent":{"tag":"anonymous"},"value":"choice_A"},"snd":true}]}}}}},"right":{"tag":"empty"}}}},"right":{"tag":"empty"}}},"right":{"tag":"empty"}},"right":{"tag":"empty"}},"right":{"tag":"empty"}}},"right":{"tag":"empty"}},"right":{"tag":"empty"}},"right":{"tag":"branch","left":{"tag":"branch","left":{"tag":"branch","left":{"tag":"branch","left":{"tag":"branch","left":{"tag":"branch","left":{"tag":"empty"},"right":{"tag":"branch","left":{"tag":"empty"},"right":{"tag":"branch","left":{"tag":"empty"},"right":{"tag":"branch","left":{"tag":"empty"},"right":{"tag":"branch","left":{"tag":"empty"},"right":{"tag":"branch","left":{"tag":"empty"},"right":{"tag":"branch","left":{"tag":"empty"},"right":{"tag":"branch","left":{"tag":"empty"},"right":{"tag":"branch","left":{"tag":"branch","left":{"tag":"bucket","entries":[{"fst":{"tag":"str","parent":{"tag":"anonymous"},"value":"record_B"},"snd":true}]},"right":{"tag":"empty"}},"right":{"tag":"empty"}}}}}}}}}},"right":{"tag":"empty"}},"right":{"tag":"empty"}},"right":{"tag":"branch","left":{"tag":"branch","left":{"tag":"branch","left":{"tag":"branch","left":{"tag":"empty"},"right":{"tag":"branch","left":{"tag":"branch","left":{"tag":"empty"},"right":{"tag":"branch","left":{"tag":"empty"},"right":{"tag":"branch","left":{"tag":"branch","left":{"tag":"empty"},"right":{"tag":"branch","left":{"tag":"empty"},"right":{"tag":"branch","left":{"tag":"empty"},"right":{"tag":"branch","left":{"tag":"empty"},"right":{"tag":"bucket","entries":[{"fst":{"tag":"str","parent":{"tag":"anonymous"},"value":"choice_B"},"snd":true}]}}}}},"right":{"tag":"empty"}}}},"right":{"tag":"empty"}}},"right":{"tag":"empty"}},"right":{"tag":"empty"}},"right":{"tag":"empty"}}},"right":{"tag":"empty"}},"right":{"tag":"empty"}}},"count":"4"},"erasedLocals":[],"localContext":{"declarations":[{"tag":"binding","binder":{"tag":"explicit"},"id":"0","type":{"tag":"constE","levels":[],"name":{"tag":"str","parent":{"tag":"anonymous"},"value":"Nat"}},"userName":{"tag":"str","parent":{"tag":"anonymous"},"value":"keptLocal"}}],"nextId":"1"},"runtimeConstructors":{"tag":"empty"},"runtimeExpressions":[{"fst":"0","snd":{"tag":"var","name":"keptRuntime"}}],"runtimeLocals":[{"fst":"0","snd":"keptRuntime"}],"runtimeRecursors":{"tag":"branch","left":{"tag":"empty"},"right":{"tag":"branch","left":{"tag":"branch","left":{"tag":"branch","left":{"tag":"branch","left":{"tag":"branch","left":{"tag":"empty"},"right":{"tag":"branch","left":{"tag":"empty"},"right":{"tag":"branch","left":{"tag":"empty"},"right":{"tag":"branch","left":{"tag":"empty"},"right":{"tag":"branch","left":{"tag":"empty"},"right":{"tag":"branch","left":{"tag":"branch","left":{"tag":"branch","left":{"tag":"branch","left":{"tag":"empty"},"right":{"tag":"branch","left":{"tag":"branch","left":{"tag":"bucket","entries":[{"fst":{"tag":"str","parent":{"tag":"str","parent":{"tag":"anonymous"},"value":"Nat"},"value":"rec"},"snd":{"constructors":[{"coreName":{"tag":"str","parent":{"tag":"str","parent":{"tag":"anonymous"},"value":"Nat"},"value":"zero"},"fields":[],"inductiveName":"Nat","name":"zero","numParams":"0"},{"coreName":{"tag":"str","parent":{"tag":"str","parent":{"tag":"anonymous"},"value":"Nat"},"value":"succ"},"fields":[{"name":"predecessor","recursive":true,"sourceIndex":"0","type":{"tag":"primitive","name":{"tag":"nat"}}}],"inductiveName":"Nat","name":"succ","numParams":"0"}],"coreName":{"tag":"str","parent":{"tag":"anonymous"},"value":"Nat"},"name":"Nat","numParams":"0","recursorName":{"tag":"str","parent":{"tag":"str","parent":{"tag":"anonymous"},"value":"Nat"},"value":"rec"},"typeParameters":[]}}]},"right":{"tag":"empty"}},"right":{"tag":"empty"}}},"right":{"tag":"empty"}},"right":{"tag":"empty"}},"right":{"tag":"empty"}}}}}}},"right":{"tag":"empty"}},"right":{"tag":"empty"}},"right":{"tag":"empty"}},"right":{"tag":"empty"}}},"runtimeStructureConstructors":{"tag":"empty"},"runtimeStructures":{"tag":"empty"},"typeLocals":[]}}},{"name":"structures-mixed-stream","result":{"ir":[{"fields":[],"name":"keptRecordA","typeParameters":[]},{"fields":[{"name":"value","type":{"tag":"primitive","name":{"tag":"nat"}}}],"name":"record_A","typeParameters":[]},{"fields":[{"name":"prior","type":{"tag":"named","arguments":[],"name":"record_A"}}],"name":"record_B","typeParameters":[]}],"runtimeStructures":[{"constructorName":{"tag":"str","parent":{"tag":"str","parent":{"tag":"anonymous"},"value":"F2RecordA"},"value":"mk"},"coreName":{"tag":"str","parent":{"tag":"anonymous"},"value":"F2RecordA"},"fields":[{"name":"value","projectionIndex":"0","sourceIndex":"0","type":{"tag":"primitive","name":{"tag":"nat"}}}],"name":"record_A","numParams":"0","typeParameters":[]},{"constructorName":{"tag":"str","parent":{"tag":"str","parent":{"tag":"anonymous"},"value":"F2RecordB"},"value":"mk"},"coreName":{"tag":"str","parent":{"tag":"anonymous"},"value":"F2RecordB"},"fields":[{"name":"prior","projectionIndex":"0","sourceIndex":"0","type":{"tag":"named","arguments":[],"name":"record_A"}}],"name":"record_B","numParams":"0","typeParameters":[]}]}},{"name":"structures-threaded-scope","result":{"ir":[{"fields":[],"name":"keptRecordA","typeParameters":[]},{"fields":[],"name":"keptRecordB","typeParameters":[]},{"fields":[{"name":"prior","type":{"tag":"named","arguments":[],"name":"record_A"}}],"name":"record_B","typeParameters":[]}],"runtimeStructures":[{"constructorName":{"tag":"str","parent":{"tag":"str","parent":{"tag":"anonymous"},"value":"F2RecordA"},"value":"mk"},"coreName":{"tag":"str","parent":{"tag":"anonymous"},"value":"F2RecordA"},"fields":[{"name":"value","projectionIndex":"0","sourceIndex":"0","type":{"tag":"primitive","name":{"tag":"nat"}}}],"name":"record_A","numParams":"0","typeParameters":[]},{"constructorName":{"tag":"str","parent":{"tag":"str","parent":{"tag":"anonymous"},"value":"F2RecordB"},"value":"mk"},"coreName":{"tag":"str","parent":{"tag":"anonymous"},"value":"F2RecordB"},"fields":[{"name":"prior","projectionIndex":"0","sourceIndex":"0","type":{"tag":"named","arguments":[],"name":"record_A"}}],"name":"record_B","numParams":"0","typeParameters":[]}]}},{"name":"structures-first-refusal","result":{"tag":"unknownConstant","name":{"tag":"str","parent":{"tag":"str","parent":{"tag":"anonymous"},"value":"F2RecordA"},"value":"missingFirst"}}},{"name":"inductives-empty-reverse-accumulator","result":{"ir":[{"constructors":[],"name":"keptChoiceA","typeParameters":[]},{"constructors":[],"name":"keptChoiceB","typeParameters":[]}],"scope":{"currentDefinition":{"tag":"some","value":{"name":"keptDefinition","runtimeParameters":["keptRuntime"],"typeArgumentsRev":[]}},"declarationNames":{"byCore":{"tag":"branch","left":{"tag":"branch","left":{"tag":"branch","left":{"tag":"branch","left":{"tag":"empty"},"right":{"tag":"branch","left":{"tag":"branch","left":{"tag":"empty"},"right":{"tag":"branch","left":{"tag":"branch","left":{"tag":"empty"},"right":{"tag":"branch","left":{"tag":"branch","left":{"tag":"branch","left":{"tag":"empty"},"right":{"tag":"branch","left":{"tag":"empty"},"right":{"tag":"branch","left":{"tag":"branch","left":{"tag":"empty"},"right":{"tag":"branch","left":{"tag":"branch","left":{"tag":"empty"},"right":{"tag":"bucket","entries":[{"fst":{"tag":"str","parent":{"tag":"anonymous"},"value":"F2RecordB"},"snd":"record_B"}]}},"right":{"tag":"empty"}}},"right":{"tag":"empty"}}}},"right":{"tag":"empty"}},"right":{"tag":"empty"}}},"right":{"tag":"empty"}}},"right":{"tag":"empty"}}},"right":{"tag":"empty"}},"right":{"tag":"branch","left":{"tag":"empty"},"right":{"tag":"branch","left":{"tag":"empty"},"right":{"tag":"branch","left":{"tag":"branch","left":{"tag":"branch","left":{"tag":"empty"},"right":{"tag":"branch","left":{"tag":"empty"},"right":{"tag":"branch","left":{"tag":"branch","left":{"tag":"empty"},"right":{"tag":"branch","left":{"tag":"branch","left":{"tag":"empty"},"right":{"tag":"branch","left":{"tag":"empty"},"right":{"tag":"branch","left":{"tag":"empty"},"right":{"tag":"branch","left":{"tag":"branch","left":{"tag":"empty"},"right":{"tag":"bucket","entries":[{"fst":{"tag":"str","parent":{"tag":"anonymous"},"value":"F2ChoiceA"},"snd":"choice_A"}]}},"right":{"tag":"empty"}}}}},"right":{"tag":"empty"}}},"right":{"tag":"empty"}}}},"right":{"tag":"empty"}},"right":{"tag":"empty"}}}}},"right":{"tag":"branch","left":{"tag":"empty"},"right":{"tag":"branch","left":{"tag":"empty"},"right":{"tag":"branch","left":{"tag":"branch","left":{"tag":"branch","left":{"tag":"empty"},"right":{"tag":"branch","left":{"tag":"branch","left":{"tag":"empty"},"right":{"tag":"branch","left":{"tag":"branch","left":{"tag":"branch","left":{"tag":"empty"},"right":{"tag":"branch","left":{"tag":"empty"},"right":{"tag":"branch","left":{"tag":"branch","left":{"tag":"empty"},"right":{"tag":"branch","left":{"tag":"branch","left":{"tag":"empty"},"right":{"tag":"bucket","entries":[{"fst":{"tag":"str","parent":{"tag":"anonymous"},"value":"F2RecordA"},"snd":"record_A"}]}},"right":{"tag":"empty"}}},"right":{"tag":"empty"}}}},"right":{"tag":"empty"}},"right":{"tag":"empty"}}},"right":{"tag":"empty"}}},"right":{"tag":"empty"}},"right":{"tag":"branch","left":{"tag":"branch","left":{"tag":"branch","left":{"tag":"empty"},"right":{"tag":"branch","left":{"tag":"empty"},"right":{"tag":"branch","left":{"tag":"branch","left":{"tag":"empty"},"right":{"tag":"branch","left":{"tag":"branch","left":{"tag":"empty"},"right":{"tag":"branch","left":{"tag":"empty"},"right":{"tag":"branch","left":{"tag":"empty"},"right":{"tag":"branch","left":{"tag":"branch","left":{"tag":"empty"},"right":{"tag":"bucket","entries":[{"fst":{"tag":"str","parent":{"tag":"anonymous"},"value":"F2ChoiceB"},"snd":"choice_B"}]}},"right":{"tag":"empty"}}}}},"right":{"tag":"empty"}}},"right":{"tag":"empty"}}}},"right":{"tag":"empty"}},"right":{"tag":"empty"}}}}}},"byOutput":{"tag":"branch","left":{"tag":"branch","left":{"tag":"branch","left":{"tag":"branch","left":{"tag":"branch","left":{"tag":"branch","left":{"tag":"branch","left":{"tag":"empty"},"right":{"tag":"branch","left":{"tag":"empty"},"right":{"tag":"branch","left":{"tag":"empty"},"right":{"tag":"branch","left":{"tag":"empty"},"right":{"tag":"branch","left":{"tag":"empty"},"right":{"tag":"branch","left":{"tag":"empty"},"right":{"tag":"branch","left":{"tag":"empty"},"right":{"tag":"branch","left":{"tag":"empty"},"right":{"tag":"branch","left":{"tag":"branch","left":{"tag":"bucket","entries":[{"fst":{"tag":"str","parent":{"tag":"anonymous"},"value":"record_A"},"snd":true}]},"right":{"tag":"empty"}},"right":{"tag":"empty"}}}}}}}}}},"right":{"tag":"empty"}},"right":{"tag":"empty"}},"right":{"tag":"branch","left":{"tag":"branch","left":{"tag":"branch","left":{"tag":"branch","left":{"tag":"empty"},"right":{"tag":"branch","left":{"tag":"branch","left":{"tag":"empty"},"right":{"tag":"branch","left":{"tag":"empty"},"right":{"tag":"branch","left":{"tag":"branch","left":{"tag":"empty"},"right":{"tag":"branch","left":{"tag":"empty"},"right":{"tag":"branch","left":{"tag":"empty"},"right":{"tag":"branch","left":{"tag":"empty"},"right":{"tag":"bucket","entries":[{"fst":{"tag":"str","parent":{"tag":"anonymous"},"value":"choice_A"},"snd":true}]}}}}},"right":{"tag":"empty"}}}},"right":{"tag":"empty"}}},"right":{"tag":"empty"}},"right":{"tag":"empty"}},"right":{"tag":"empty"}}},"right":{"tag":"empty"}},"right":{"tag":"empty"}},"right":{"tag":"branch","left":{"tag":"branch","left":{"tag":"branch","left":{"tag":"branch","left":{"tag":"branch","left":{"tag":"branch","left":{"tag":"empty"},"right":{"tag":"branch","left":{"tag":"empty"},"right":{"tag":"branch","left":{"tag":"empty"},"right":{"tag":"branch","left":{"tag":"empty"},"right":{"tag":"branch","left":{"tag":"empty"},"right":{"tag":"branch","left":{"tag":"empty"},"right":{"tag":"branch","left":{"tag":"empty"},"right":{"tag":"branch","left":{"tag":"empty"},"right":{"tag":"branch","left":{"tag":"branch","left":{"tag":"bucket","entries":[{"fst":{"tag":"str","parent":{"tag":"anonymous"},"value":"record_B"},"snd":true}]},"right":{"tag":"empty"}},"right":{"tag":"empty"}}}}}}}}}},"right":{"tag":"empty"}},"right":{"tag":"empty"}},"right":{"tag":"branch","left":{"tag":"branch","left":{"tag":"branch","left":{"tag":"branch","left":{"tag":"empty"},"right":{"tag":"branch","left":{"tag":"branch","left":{"tag":"empty"},"right":{"tag":"branch","left":{"tag":"empty"},"right":{"tag":"branch","left":{"tag":"branch","left":{"tag":"empty"},"right":{"tag":"branch","left":{"tag":"empty"},"right":{"tag":"branch","left":{"tag":"empty"},"right":{"tag":"branch","left":{"tag":"empty"},"right":{"tag":"bucket","entries":[{"fst":{"tag":"str","parent":{"tag":"anonymous"},"value":"choice_B"},"snd":true}]}}}}},"right":{"tag":"empty"}}}},"right":{"tag":"empty"}}},"right":{"tag":"empty"}},"right":{"tag":"empty"}},"right":{"tag":"empty"}}},"right":{"tag":"empty"}},"right":{"tag":"empty"}}},"count":"4"},"erasedLocals":[],"localContext":{"declarations":[{"tag":"binding","binder":{"tag":"explicit"},"id":"0","type":{"tag":"constE","levels":[],"name":{"tag":"str","parent":{"tag":"anonymous"},"value":"Nat"}},"userName":{"tag":"str","parent":{"tag":"anonymous"},"value":"keptLocal"}}],"nextId":"1"},"runtimeConstructors":{"tag":"empty"},"runtimeExpressions":[{"fst":"0","snd":{"tag":"var","name":"keptRuntime"}}],"runtimeLocals":[{"fst":"0","snd":"keptRuntime"}],"runtimeRecursors":{"tag":"branch","left":{"tag":"empty"},"right":{"tag":"branch","left":{"tag":"branch","left":{"tag":"branch","left":{"tag":"branch","left":{"tag":"branch","left":{"tag":"empty"},"right":{"tag":"branch","left":{"tag":"empty"},"right":{"tag":"branch","left":{"tag":"empty"},"right":{"tag":"branch","left":{"tag":"empty"},"right":{"tag":"branch","left":{"tag":"empty"},"right":{"tag":"branch","left":{"tag":"branch","left":{"tag":"branch","left":{"tag":"branch","left":{"tag":"empty"},"right":{"tag":"branch","left":{"tag":"branch","left":{"tag":"bucket","entries":[{"fst":{"tag":"str","parent":{"tag":"str","parent":{"tag":"anonymous"},"value":"Nat"},"value":"rec"},"snd":{"constructors":[{"coreName":{"tag":"str","parent":{"tag":"str","parent":{"tag":"anonymous"},"value":"Nat"},"value":"zero"},"fields":[],"inductiveName":"Nat","name":"zero","numParams":"0"},{"coreName":{"tag":"str","parent":{"tag":"str","parent":{"tag":"anonymous"},"value":"Nat"},"value":"succ"},"fields":[{"name":"predecessor","recursive":true,"sourceIndex":"0","type":{"tag":"primitive","name":{"tag":"nat"}}}],"inductiveName":"Nat","name":"succ","numParams":"0"}],"coreName":{"tag":"str","parent":{"tag":"anonymous"},"value":"Nat"},"name":"Nat","numParams":"0","recursorName":{"tag":"str","parent":{"tag":"str","parent":{"tag":"anonymous"},"value":"Nat"},"value":"rec"},"typeParameters":[]}}]},"right":{"tag":"empty"}},"right":{"tag":"empty"}}},"right":{"tag":"empty"}},"right":{"tag":"empty"}},"right":{"tag":"empty"}}}}}}},"right":{"tag":"empty"}},"right":{"tag":"empty"}},"right":{"tag":"empty"}},"right":{"tag":"empty"}}},"runtimeStructureConstructors":{"tag":"empty"},"runtimeStructures":{"tag":"empty"},"typeLocals":[]}}},{"name":"inductives-mixed-stream","result":{"ir":[{"constructors":[],"name":"keptChoiceA","typeParameters":[]},{"constructors":[{"fields":[],"name":"first"},{"fields":[],"name":"second"}],"name":"choice_A","typeParameters":[]},{"constructors":[{"fields":[{"name":"prior","type":{"tag":"named","arguments":[],"name":"choice_A"}}],"name":"wrap"}],"name":"choice_B","typeParameters":[]}],"runtime":{"recursors":[{"constructors":[{"coreName":{"tag":"str","parent":{"tag":"str","parent":{"tag":"anonymous"},"value":"F2ChoiceA"},"value":"first"},"fields":[],"inductiveName":"choice_A","name":"first","numParams":"0"},{"coreName":{"tag":"str","parent":{"tag":"str","parent":{"tag":"anonymous"},"value":"F2ChoiceA"},"value":"second"},"fields":[],"inductiveName":"choice_A","name":"second","numParams":"0"}],"coreName":{"tag":"str","parent":{"tag":"anonymous"},"value":"F2ChoiceA"},"name":"choice_A","numParams":"0","recursorName":{"tag":"str","parent":{"tag":"str","parent":{"tag":"anonymous"},"value":"F2ChoiceA"},"value":"rec"},"typeParameters":[]},{"constructors":[{"coreName":{"tag":"str","parent":{"tag":"str","parent":{"tag":"anonymous"},"value":"F2ChoiceB"},"value":"wrap"},"fields":[{"name":"prior","recursive":false,"sourceIndex":"0","type":{"tag":"named","arguments":[],"name":"choice_A"}}],"inductiveName":"choice_B","name":"wrap","numParams":"0"}],"coreName":{"tag":"str","parent":{"tag":"anonymous"},"value":"F2ChoiceB"},"name":"choice_B","numParams":"0","recursorName":{"tag":"str","parent":{"tag":"str","parent":{"tag":"anonymous"},"value":"F2ChoiceB"},"value":"rec"},"typeParameters":[]}],"constructors":[{"coreName":{"tag":"str","parent":{"tag":"str","parent":{"tag":"anonymous"},"value":"F2ChoiceA"},"value":"first"},"fields":[],"inductiveName":"choice_A","name":"first","numParams":"0"},{"coreName":{"tag":"str","parent":{"tag":"str","parent":{"tag":"anonymous"},"value":"F2ChoiceA"},"value":"second"},"fields":[],"inductiveName":"choice_A","name":"second","numParams":"0"},{"coreName":{"tag":"str","parent":{"tag":"str","parent":{"tag":"anonymous"},"value":"F2ChoiceB"},"value":"wrap"},"fields":[{"name":"prior","recursive":false,"sourceIndex":"0","type":{"tag":"named","arguments":[],"name":"choice_A"}}],"inductiveName":"choice_B","name":"wrap","numParams":"0"}]}}},{"name":"inductives-threaded-scope","result":{"ir":[{"constructors":[],"name":"keptChoiceA","typeParameters":[]},{"constructors":[],"name":"keptChoiceB","typeParameters":[]},{"constructors":[{"fields":[{"name":"prior","type":{"tag":"named","arguments":[],"name":"choice_A"}}],"name":"wrap"}],"name":"choice_B","typeParameters":[]}],"runtime":{"recursors":[{"constructors":[{"coreName":{"tag":"str","parent":{"tag":"str","parent":{"tag":"anonymous"},"value":"F2ChoiceA"},"value":"first"},"fields":[],"inductiveName":"choice_A","name":"first","numParams":"0"},{"coreName":{"tag":"str","parent":{"tag":"str","parent":{"tag":"anonymous"},"value":"F2ChoiceA"},"value":"second"},"fields":[],"inductiveName":"choice_A","name":"second","numParams":"0"}],"coreName":{"tag":"str","parent":{"tag":"anonymous"},"value":"F2ChoiceA"},"name":"choice_A","numParams":"0","recursorName":{"tag":"str","parent":{"tag":"str","parent":{"tag":"anonymous"},"value":"F2ChoiceA"},"value":"rec"},"typeParameters":[]},{"constructors":[{"coreName":{"tag":"str","parent":{"tag":"str","parent":{"tag":"anonymous"},"value":"F2ChoiceB"},"value":"wrap"},"fields":[{"name":"prior","recursive":false,"sourceIndex":"0","type":{"tag":"named","arguments":[],"name":"choice_A"}}],"inductiveName":"choice_B","name":"wrap","numParams":"0"}],"coreName":{"tag":"str","parent":{"tag":"anonymous"},"value":"F2ChoiceB"},"name":"choice_B","numParams":"0","recursorName":{"tag":"str","parent":{"tag":"str","parent":{"tag":"anonymous"},"value":"F2ChoiceB"},"value":"rec"},"typeParameters":[]}],"constructors":[{"coreName":{"tag":"str","parent":{"tag":"str","parent":{"tag":"anonymous"},"value":"F2ChoiceA"},"value":"first"},"fields":[],"inductiveName":"choice_A","name":"first","numParams":"0"},{"coreName":{"tag":"str","parent":{"tag":"str","parent":{"tag":"anonymous"},"value":"F2ChoiceA"},"value":"second"},"fields":[],"inductiveName":"choice_A","name":"second","numParams":"0"},{"coreName":{"tag":"str","parent":{"tag":"str","parent":{"tag":"anonymous"},"value":"F2ChoiceB"},"value":"wrap"},"fields":[{"name":"prior","recursive":false,"sourceIndex":"0","type":{"tag":"named","arguments":[],"name":"choice_A"}}],"inductiveName":"choice_B","name":"wrap","numParams":"0"}]}}},{"name":"inductives-first-refusal","result":{"tag":"unknownConstant","name":{"tag":"str","parent":{"tag":"str","parent":{"tag":"anonymous"},"value":"F2ChoiceA"},"value":"missingFirst"}}},{"name":"symbols-empty-state","result":{"used":["usedBefore"],"nextIndex":"3","entriesRev":[["before","usedBefore"]]}},{"name":"symbols-collision-and-index","result":{"used":["p6","p4","p3","p5"],"nextIndex":"7","entriesRev":[["beta","p6"],["alpha","p4"],["prior","p3"]]}},{"name":"symbols-duplicate-source-names","result":{"used":["p1","p0"],"nextIndex":"2","entriesRev":[["duplicate","p1"],["duplicate","p0"]]}},{"name":"symbols-brand-wrapper","result":[["keptRecordA","__ps$brand$1"],["keptRecordB","__ps$brand$2"]]},{"name":"symbols-tag-wrapper","result":[["keptChoiceA","__ps$tag$1"],["keptChoiceB","__ps$tag$2"]]}],"observationSha256":"8ff7547b87a96a8d2f7cc964e08b2b050fc3344b4b2309f66fac0566e8247d59"}],"observationSha256":"697616ab48daf77a44b90ce20085432593ddce9a06fdad124a5a898ece3621be","scope":{"eachCompilerOwnsAllTaggedInputs":true,"irRecordsUseExistingCompilerFactories":true,"copiedRecordsRetainOwningCompilerBrands":true,"hostStructuralFixtureRecords":["PsErasureNameState","PsTsSymbolMapState","PsErasureCurrentDefinition"],"hostStructuralFixtureBoundary":"Explicit unbranded non-IR host records with owning-compiler tagged children; their exercised paths project fields or reset the marker, and do not inspect brands. They are not compiler-created branded records and never enter original-IR carrier checking.","independentExplicitExpectations":true,"saturatedPublicArgumentOrderChecked":true,"completePublicTypes":"separate migration ABI gate","pscPartialApplications":"separate typed migration ABI probes","performanceImprovementClaimed":false,"exhaustiveForAllInputs":false,"kernelChecked":false}},"abiProbe":{"schemaVersion":1,"evidence":"isolated-migration-signature-and-partial-probe","sourceSha256":"b8a51317306f4803aaba1a7553999aa41599861d5d0677a2d8f8686f69a3f41b","sourceKind":"lean","abstractTypeDeclarations":19,"abstractTypeNames":["PsCompilerError","PsCompilerPreparationState","PsDeclaration","PsElabError","PsElabModuleResult","PsEnvironment","PsErasureError","PsErasureNameState","PsErasureScope","PsPreparedInductivesResult","PsPreparedStructuresResult","PsSyntaxDeclaration","PsTsFreshNameResult","PsTsSymbolMapState","PsVerifiedIrDeclaration","PsVerifiedIrExpr","PsVerifiedIrInductive","PsVerifiedIrParameter","PsVerifiedIrStructure"],"signatureTypeAnnotations":12,"typedGenericPartialWrappers":12,"declarationCount":69,"referenceTypes":[{"name":"psErasureLocalNameWithFuel","completePublicType":"PsErasureScope -> String -> Nat -> Nat -> String","coreType":["forallE",[["binder",["explicit",[]]],["body",["forallE",[["binder",["explicit",[]]],["body",["forallE",[["binder",["explicit",[]]],["body",["forallE",[["binder",["explicit",[]]],["body",["constE",[["levels",["nil",[]]],["name",["str",[["parent",["anonymous",[]]],["value","String"]]]]]]],["type",["constE",[["levels",["nil",[]]],["name",["str",[["parent",["anonymous",[]]],["value","Nat"]]]]]]]]]],["type",["constE",[["levels",["nil",[]]],["name",["str",[["parent",["anonymous",[]]],["value","Nat"]]]]]]]]]],["type",["constE",[["levels",["nil",[]]],["name",["str",[["parent",["anonymous",[]]],["value","String"]]]]]]]]]],["type",["constE",[["levels",["nil",[]]],["name",["str",[["parent",["anonymous",[]]],["value","PsErasureScope"]]]]]]]]],"originalOuterArguments":3,"partialApplicationType":"Nat -> String","genericPartialWrapperElaborated":true},{"name":"psErasureEtaNameWithFuel","completePublicType":"PsVerifiedIrExpr -> List PsVerifiedIrParameter -> Nat -> Nat -> Except PsErasureError String","coreType":["forallE",[["binder",["explicit",[]]],["body",["forallE",[["binder",["explicit",[]]],["body",["forallE",[["binder",["explicit",[]]],["body",["forallE",[["binder",["explicit",[]]],["body",["app",[["arg",["constE",[["levels",["nil",[]]],["name",["str",[["parent",["anonymous",[]]],["value","String"]]]]]]],["fn",["app",[["arg",["constE",[["levels",["nil",[]]],["name",["str",[["parent",["anonymous",[]]],["value","PsErasureError"]]]]]]],["fn",["constE",[["levels",["nil",[]]],["name",["str",[["parent",["anonymous",[]]],["value","Except"]]]]]]]]]]]]],["type",["constE",[["levels",["nil",[]]],["name",["str",[["parent",["anonymous",[]]],["value","Nat"]]]]]]]]]],["type",["constE",[["levels",["nil",[]]],["name",["str",[["parent",["anonymous",[]]],["value","Nat"]]]]]]]]]],["type",["app",[["arg",["constE",[["levels",["nil",[]]],["name",["str",[["parent",["anonymous",[]]],["value","PsVerifiedIrParameter"]]]]]]],["fn",["constE",[["levels",["nil",[]]],["name",["str",[["parent",["anonymous",[]]],["value","List"]]]]]]]]]]]]],["type",["constE",[["levels",["nil",[]]],["name",["str",[["parent",["anonymous",[]]],["value","PsVerifiedIrExpr"]]]]]]]]],"originalOuterArguments":3,"partialApplicationType":"Nat -> Except PsErasureError String","genericPartialWrapperElaborated":true},{"name":"psTsFreshMatchTempWorker","completePublicType":"PsVerifiedIrExpr -> Nat -> Nat -> String","coreType":["forallE",[["binder",["explicit",[]]],["body",["forallE",[["binder",["explicit",[]]],["body",["forallE",[["binder",["explicit",[]]],["body",["constE",[["levels",["nil",[]]],["name",["str",[["parent",["anonymous",[]]],["value","String"]]]]]]],["type",["constE",[["levels",["nil",[]]],["name",["str",[["parent",["anonymous",[]]],["value","Nat"]]]]]]]]]],["type",["constE",[["levels",["nil",[]]],["name",["str",[["parent",["anonymous",[]]],["value","Nat"]]]]]]]]]],["type",["constE",[["levels",["nil",[]]],["name",["str",[["parent",["anonymous",[]]],["value","PsVerifiedIrExpr"]]]]]]]]],"originalOuterArguments":2,"partialApplicationType":"Nat -> String","genericPartialWrapperElaborated":true},{"name":"psTsFreshInternalWorker","completePublicType":"List String -> String -> Nat -> Nat -> PsTsFreshNameResult","coreType":["forallE",[["binder",["explicit",[]]],["body",["forallE",[["binder",["explicit",[]]],["body",["forallE",[["binder",["explicit",[]]],["body",["forallE",[["binder",["explicit",[]]],["body",["constE",[["levels",["nil",[]]],["name",["str",[["parent",["anonymous",[]]],["value","PsTsFreshNameResult"]]]]]]],["type",["constE",[["levels",["nil",[]]],["name",["str",[["parent",["anonymous",[]]],["value","Nat"]]]]]]]]]],["type",["constE",[["levels",["nil",[]]],["name",["str",[["parent",["anonymous",[]]],["value","Nat"]]]]]]]]]],["type",["constE",[["levels",["nil",[]]],["name",["str",[["parent",["anonymous",[]]],["value","String"]]]]]]]]]],["type",["app",[["arg",["constE",[["levels",["nil",[]]],["name",["str",[["parent",["anonymous",[]]],["value","String"]]]]]]],["fn",["constE",[["levels",["nil",[]]],["name",["str",[["parent",["anonymous",[]]],["value","List"]]]]]]]]]]]],"originalOuterArguments":3,"partialApplicationType":"Nat -> PsTsFreshNameResult","genericPartialWrapperElaborated":true},{"name":"psCompilerPreparationSourcesWorker","completePublicType":"List String -> PsCompilerPreparationState -> Except PsCompilerError PsCompilerPreparationState","coreType":["forallE",[["binder",["explicit",[]]],["body",["forallE",[["binder",["explicit",[]]],["body",["app",[["arg",["constE",[["levels",["nil",[]]],["name",["str",[["parent",["anonymous",[]]],["value","PsCompilerPreparationState"]]]]]]],["fn",["app",[["arg",["constE",[["levels",["nil",[]]],["name",["str",[["parent",["anonymous",[]]],["value","PsCompilerError"]]]]]]],["fn",["constE",[["levels",["nil",[]]],["name",["str",[["parent",["anonymous",[]]],["value","Except"]]]]]]]]]]]]],["type",["constE",[["levels",["nil",[]]],["name",["str",[["parent",["anonymous",[]]],["value","PsCompilerPreparationState"]]]]]]]]]],["type",["app",[["arg",["constE",[["levels",["nil",[]]],["name",["str",[["parent",["anonymous",[]]],["value","String"]]]]]]],["fn",["constE",[["levels",["nil",[]]],["name",["str",[["parent",["anonymous",[]]],["value","List"]]]]]]]]]]]],"originalOuterArguments":1,"partialApplicationType":"PsCompilerPreparationState -> Except PsCompilerError PsCompilerPreparationState","genericPartialWrapperElaborated":true},{"name":"psAddDeclarationListWorker","completePublicType":"List PsDeclaration -> PsEnvironment -> Except PsElabError PsEnvironment","coreType":["forallE",[["binder",["explicit",[]]],["body",["forallE",[["binder",["explicit",[]]],["body",["app",[["arg",["constE",[["levels",["nil",[]]],["name",["str",[["parent",["anonymous",[]]],["value","PsEnvironment"]]]]]]],["fn",["app",[["arg",["constE",[["levels",["nil",[]]],["name",["str",[["parent",["anonymous",[]]],["value","PsElabError"]]]]]]],["fn",["constE",[["levels",["nil",[]]],["name",["str",[["parent",["anonymous",[]]],["value","Except"]]]]]]]]]]]]],["type",["constE",[["levels",["nil",[]]],["name",["str",[["parent",["anonymous",[]]],["value","PsEnvironment"]]]]]]]]]],["type",["app",[["arg",["constE",[["levels",["nil",[]]],["name",["str",[["parent",["anonymous",[]]],["value","PsDeclaration"]]]]]]],["fn",["constE",[["levels",["nil",[]]],["name",["str",[["parent",["anonymous",[]]],["value","List"]]]]]]]]]]]],"originalOuterArguments":1,"partialApplicationType":"PsEnvironment -> Except PsElabError PsEnvironment","genericPartialWrapperElaborated":true},{"name":"psElabDeclarationsWorker","completePublicType":"List PsSyntaxDeclaration -> PsEnvironment -> List PsDeclaration -> Except PsElabError PsElabModuleResult","coreType":["forallE",[["binder",["explicit",[]]],["body",["forallE",[["binder",["explicit",[]]],["body",["forallE",[["binder",["explicit",[]]],["body",["app",[["arg",["constE",[["levels",["nil",[]]],["name",["str",[["parent",["anonymous",[]]],["value","PsElabModuleResult"]]]]]]],["fn",["app",[["arg",["constE",[["levels",["nil",[]]],["name",["str",[["parent",["anonymous",[]]],["value","PsElabError"]]]]]]],["fn",["constE",[["levels",["nil",[]]],["name",["str",[["parent",["anonymous",[]]],["value","Except"]]]]]]]]]]]]],["type",["app",[["arg",["constE",[["levels",["nil",[]]],["name",["str",[["parent",["anonymous",[]]],["value","PsDeclaration"]]]]]]],["fn",["constE",[["levels",["nil",[]]],["name",["str",[["parent",["anonymous",[]]],["value","List"]]]]]]]]]]]]],["type",["constE",[["levels",["nil",[]]],["name",["str",[["parent",["anonymous",[]]],["value","PsEnvironment"]]]]]]]]]],["type",["app",[["arg",["constE",[["levels",["nil",[]]],["name",["str",[["parent",["anonymous",[]]],["value","PsSyntaxDeclaration"]]]]]]],["fn",["constE",[["levels",["nil",[]]],["name",["str",[["parent",["anonymous",[]]],["value","List"]]]]]]]]]]]],"originalOuterArguments":1,"partialApplicationType":"PsEnvironment -> List PsDeclaration -> Except PsElabError PsElabModuleResult","genericPartialWrapperElaborated":true},{"name":"psBuildErasureDeclarationNamesWorker","completePublicType":"List PsDeclaration -> PsErasureNameState -> PsErasureNameState","coreType":["forallE",[["binder",["explicit",[]]],["body",["forallE",[["binder",["explicit",[]]],["body",["constE",[["levels",["nil",[]]],["name",["str",[["parent",["anonymous",[]]],["value","PsErasureNameState"]]]]]]],["type",["constE",[["levels",["nil",[]]],["name",["str",[["parent",["anonymous",[]]],["value","PsErasureNameState"]]]]]]]]]],["type",["app",[["arg",["constE",[["levels",["nil",[]]],["name",["str",[["parent",["anonymous",[]]],["value","PsDeclaration"]]]]]]],["fn",["constE",[["levels",["nil",[]]],["name",["str",[["parent",["anonymous",[]]],["value","List"]]]]]]]]]]]],"originalOuterArguments":1,"partialApplicationType":"PsErasureNameState -> PsErasureNameState","genericPartialWrapperElaborated":true},{"name":"psEraseDefinitionsLoopWorker","completePublicType":"PsEnvironment -> PsErasureScope -> List PsDeclaration -> List PsVerifiedIrDeclaration -> Except PsErasureError (List PsVerifiedIrDeclaration)","coreType":["forallE",[["binder",["explicit",[]]],["body",["forallE",[["binder",["explicit",[]]],["body",["forallE",[["binder",["explicit",[]]],["body",["forallE",[["binder",["explicit",[]]],["body",["app",[["arg",["app",[["arg",["constE",[["levels",["nil",[]]],["name",["str",[["parent",["anonymous",[]]],["value","PsVerifiedIrDeclaration"]]]]]]],["fn",["constE",[["levels",["nil",[]]],["name",["str",[["parent",["anonymous",[]]],["value","List"]]]]]]]]]],["fn",["app",[["arg",["constE",[["levels",["nil",[]]],["name",["str",[["parent",["anonymous",[]]],["value","PsErasureError"]]]]]]],["fn",["constE",[["levels",["nil",[]]],["name",["str",[["parent",["anonymous",[]]],["value","Except"]]]]]]]]]]]]],["type",["app",[["arg",["constE",[["levels",["nil",[]]],["name",["str",[["parent",["anonymous",[]]],["value","PsVerifiedIrDeclaration"]]]]]]],["fn",["constE",[["levels",["nil",[]]],["name",["str",[["parent",["anonymous",[]]],["value","List"]]]]]]]]]]]]],["type",["app",[["arg",["constE",[["levels",["nil",[]]],["name",["str",[["parent",["anonymous",[]]],["value","PsDeclaration"]]]]]]],["fn",["constE",[["levels",["nil",[]]],["name",["str",[["parent",["anonymous",[]]],["value","List"]]]]]]]]]]]]],["type",["constE",[["levels",["nil",[]]],["name",["str",[["parent",["anonymous",[]]],["value","PsErasureScope"]]]]]]]]]],["type",["constE",[["levels",["nil",[]]],["name",["str",[["parent",["anonymous",[]]],["value","PsEnvironment"]]]]]]]]],"originalOuterArguments":3,"partialApplicationType":"List PsVerifiedIrDeclaration -> Except PsErasureError (List PsVerifiedIrDeclaration)","genericPartialWrapperElaborated":true},{"name":"psPrepareRuntimeStructures","completePublicType":"PsEnvironment -> List PsDeclaration -> List PsDeclaration -> PsErasureScope -> List PsVerifiedIrStructure -> Except PsErasureError PsPreparedStructuresResult","coreType":["forallE",[["binder",["explicit",[]]],["body",["forallE",[["binder",["explicit",[]]],["body",["forallE",[["binder",["explicit",[]]],["body",["forallE",[["binder",["explicit",[]]],["body",["forallE",[["binder",["explicit",[]]],["body",["app",[["arg",["constE",[["levels",["nil",[]]],["name",["str",[["parent",["anonymous",[]]],["value","PsPreparedStructuresResult"]]]]]]],["fn",["app",[["arg",["constE",[["levels",["nil",[]]],["name",["str",[["parent",["anonymous",[]]],["value","PsErasureError"]]]]]]],["fn",["constE",[["levels",["nil",[]]],["name",["str",[["parent",["anonymous",[]]],["value","Except"]]]]]]]]]]]]],["type",["app",[["arg",["constE",[["levels",["nil",[]]],["name",["str",[["parent",["anonymous",[]]],["value","PsVerifiedIrStructure"]]]]]]],["fn",["constE",[["levels",["nil",[]]],["name",["str",[["parent",["anonymous",[]]],["value","List"]]]]]]]]]]]]],["type",["constE",[["levels",["nil",[]]],["name",["str",[["parent",["anonymous",[]]],["value","PsErasureScope"]]]]]]]]]],["type",["app",[["arg",["constE",[["levels",["nil",[]]],["name",["str",[["parent",["anonymous",[]]],["value","PsDeclaration"]]]]]]],["fn",["constE",[["levels",["nil",[]]],["name",["str",[["parent",["anonymous",[]]],["value","List"]]]]]]]]]]]]],["type",["app",[["arg",["constE",[["levels",["nil",[]]],["name",["str",[["parent",["anonymous",[]]],["value","PsDeclaration"]]]]]]],["fn",["constE",[["levels",["nil",[]]],["name",["str",[["parent",["anonymous",[]]],["value","List"]]]]]]]]]]]]],["type",["constE",[["levels",["nil",[]]],["name",["str",[["parent",["anonymous",[]]],["value","PsEnvironment"]]]]]]]]],"originalOuterArguments":3,"partialApplicationType":"PsErasureScope -> List PsVerifiedIrStructure -> Except PsErasureError PsPreparedStructuresResult","genericPartialWrapperElaborated":true},{"name":"psPrepareRuntimeInductives","completePublicType":"PsEnvironment -> List PsDeclaration -> List PsDeclaration -> PsErasureScope -> List PsVerifiedIrInductive -> Except PsErasureError PsPreparedInductivesResult","coreType":["forallE",[["binder",["explicit",[]]],["body",["forallE",[["binder",["explicit",[]]],["body",["forallE",[["binder",["explicit",[]]],["body",["forallE",[["binder",["explicit",[]]],["body",["forallE",[["binder",["explicit",[]]],["body",["app",[["arg",["constE",[["levels",["nil",[]]],["name",["str",[["parent",["anonymous",[]]],["value","PsPreparedInductivesResult"]]]]]]],["fn",["app",[["arg",["constE",[["levels",["nil",[]]],["name",["str",[["parent",["anonymous",[]]],["value","PsErasureError"]]]]]]],["fn",["constE",[["levels",["nil",[]]],["name",["str",[["parent",["anonymous",[]]],["value","Except"]]]]]]]]]]]]],["type",["app",[["arg",["constE",[["levels",["nil",[]]],["name",["str",[["parent",["anonymous",[]]],["value","PsVerifiedIrInductive"]]]]]]],["fn",["constE",[["levels",["nil",[]]],["name",["str",[["parent",["anonymous",[]]],["value","List"]]]]]]]]]]]]],["type",["constE",[["levels",["nil",[]]],["name",["str",[["parent",["anonymous",[]]],["value","PsErasureScope"]]]]]]]]]],["type",["app",[["arg",["constE",[["levels",["nil",[]]],["name",["str",[["parent",["anonymous",[]]],["value","PsDeclaration"]]]]]]],["fn",["constE",[["levels",["nil",[]]],["name",["str",[["parent",["anonymous",[]]],["value","List"]]]]]]]]]]]]],["type",["app",[["arg",["constE",[["levels",["nil",[]]],["name",["str",[["parent",["anonymous",[]]],["value","PsDeclaration"]]]]]]],["fn",["constE",[["levels",["nil",[]]],["name",["str",[["parent",["anonymous",[]]],["value","List"]]]]]]]]]]]]],["type",["constE",[["levels",["nil",[]]],["name",["str",[["parent",["anonymous",[]]],["value","PsEnvironment"]]]]]]]]],"originalOuterArguments":3,"partialApplicationType":"PsErasureScope -> List PsVerifiedIrInductive -> Except PsErasureError PsPreparedInductivesResult","genericPartialWrapperElaborated":true},{"name":"psTsBuildSymbolMap","completePublicType":"String -> List String -> PsTsSymbolMapState -> PsTsSymbolMapState","coreType":["forallE",[["binder",["explicit",[]]],["body",["forallE",[["binder",["explicit",[]]],["body",["forallE",[["binder",["explicit",[]]],["body",["constE",[["levels",["nil",[]]],["name",["str",[["parent",["anonymous",[]]],["value","PsTsSymbolMapState"]]]]]]],["type",["constE",[["levels",["nil",[]]],["name",["str",[["parent",["anonymous",[]]],["value","PsTsSymbolMapState"]]]]]]]]]],["type",["app",[["arg",["constE",[["levels",["nil",[]]],["name",["str",[["parent",["anonymous",[]]],["value","String"]]]]]]],["fn",["constE",[["levels",["nil",[]]],["name",["str",[["parent",["anonymous",[]]],["value","List"]]]]]]]]]]]]],["type",["constE",[["levels",["nil",[]]],["name",["str",[["parent",["anonymous",[]]],["value","String"]]]]]]]]],"originalOuterArguments":2,"partialApplicationType":"PsTsSymbolMapState -> PsTsSymbolMapState","genericPartialWrapperElaborated":true}],"referenceTypeSha256":"a65845d1f9f30b55f1b8b3599c264ae39e4c35fe7c84367575ea6b504644ab82","phase":"elaboration-and-admission-encoding","mergedIntoAuthoritativeClosure":false,"erasedOrEmitted":false,"runtimeExecuted":false,"currentSourceCoreOrIrCompared":false,"fullBaselineClosurePreparedAgain":false},"passed":true,"compilerBuilt":false,"currentSourceQualifiedByThisCheck":false}
2026-10-10T00:09:34.0748175Z ##[group]Run node scripts/sh1-qualify.mjs native-candidate --native .lake/build/bin/psc1 --out dist/sh1/development
2026-10-10T00:09:34.0748967Z [36;1mnode scripts/sh1-qualify.mjs native-candidate --native .lake/build/bin/psc1 --out dist/sh1/development[0m
2026-10-10T00:09:34.0789305Z shell: /usr/bin/bash -e {0}
2026-10-10T00:09:34.0789577Z env:
2026-10-10T00:09:34.0789951Z   PSC0_TSC: /home/runner/work/_temp/psc0-typescript-7.0.2/node_modules/typescript/bin/tsc
2026-10-10T00:09:34.0790395Z   PSC0_TYPESCRIPT_VERSION: 7.0.2
2026-10-10T00:09:34.0790649Z ##[endgroup]
2026-10-10T00:09:42.3193066Z PSC0_SH1_STRICT_SOURCE_NATIVE: {"schemaVersion":1,"evidence":"native-atomic-source-and-target-enforcement","sourceKind":"lean","sourcePolicy":{"profile":"PSC0-SH/1","enforcementVersion":1,"sourceKind":"lean","accepted":true,"traversalComplete":true,"moduleCount":64,"sourceBytes":1266025,"inputBytes":1267104,"importCount":149,"options":{"maxModules":1024,"maxInputBytes":16777216,"maxSyntaxSteps":5000000,"maxTypeSteps":1000000,"maxTermSteps":5000000},"stats":{"visitedSteps":148646,"typeSteps":17937,"termSteps":58252,"declarationCount":1705,"theoremCount":0}},"targetPolicy":{"policy":"psc0-sh1-ts-target/1","accepted":true,"traversalComplete":true,"visitedSteps":1663720},"originalIr":{"schemaVersion":1,"kind":"psc0-native-original-ir-check","accepted":true,"traversalComplete":true,"visitedSteps":828190,"expressionCount":64829,"findingCount":0,"retainedFindingCount":0,"omittedFindingDetails":0,"sameOriginalIrCheckedBeforeEmission":true,"strictSh1Qualified":false},"sourceOrigins":{"policy":"psc0-declaration-origins/1","actualParsedModulesRetained":64,"moduleCount":64,"sourceDeclarationCount":1705,"coreDeclarationCount":2568,"normalizationCount":50,"modules":[{"moduleName":["Ps","Foundation","Source"],"coreStart":0,"batches":[{"sourceIndex":0,"sourceName":["PsSourcePos"],"span":{"start":{"byteOffset":0,"line":1,"column":1},"stop":{"byteOffset":74,"line":4,"column":15}},"coreStart":0,"members":[{"index":0,"name":[["str","PsSourcePos"]],"role":"structureType"},{"index":1,"name":[["str","PsSourcePos"],["str","mk"]],"role":"constructor"},{"index":2,"name":[["str","PsSourcePos"],["str","rec"]],"role":"recursor"}],"normalization":null},{"sourceIndex":1,"sourceName":["PsSourceSpan"],"span":{"start":{"byteOffset":76,"line":6,"column":1},"stop":{"byteOffset":147,"line":8,"column":21}},"coreStart":3,"members":[{"index":0,"name":[["str","PsSourceSpan"]],"role":"structureType"},{"index":1,"name":[["str","PsSourceSpan"],["str","mk"]],"role":"constructor"},{"index":2,"name":[["str","PsSourceSpan"],["str","rec"]],"role":"recursor"}],"normalization":null}]},{"moduleName":["Ps","Syntax","Cursor"],"coreStart":6,"batches":[{"sourceIndex":0,"sourceName":["PsLexCursor"],"span":{"start":{"byteOffset":29,"line":3,"column":1},"stop":{"byteOffset":105,"line":5,"column":25}},"coreStart":6,"members":[{"index":0,"name":[["str","PsLexCursor"]],"role":"structureType"},{"index":1,"name":[["str","PsLexCursor"],["str","mk"]],"role":"constructor"},{"index":2,"name":[["str","PsLexCursor"],["str","rec"]],"role":"recursor"}],"normalization":null},{"sourceIndex":1,"sourceName":["PsLexStep"],"span":{"start":{"byteOffset":107,"line":7,"column":1},"stop":{"byteOffset":169,"line":9,"column":23}},"coreStart":9,"members":[{"index":0,"name":[["str","PsLexStep"]],"role":"structureType"},{"index":1,"name":[["str","PsLexStep"],["str","mk"]],"role":"constructor"},{"index":2,"name":[["str","PsLexStep"],["str","rec"]],"role":"recursor"}],"normalization":null},{"sourceIndex":2,"sourceName":["psLexStringToListFromWithFuel"],"span":{"start":{"byteOffset":171,"line":11,"column":1},"stop":{"byteOffset":1030,"line":34,"column":41}},"coreStart":12,"members":[{"index":0,"name":[["str","psLexStringToListFromWithFuel"]],"role":"sourceDeclaration"}],"normalization":null},{"sourceIndex":3,"sourceName":["psLexStringToListFrom"],"span":{"start":{"byteOffset":1033,"line":36,"column":1},"stop":{"byteOffset":1196,"line":37,"column":88}},"coreStart":13,"members":[{"index":0,"name":[["str","psLexStringToListFrom"]],"role":"sourceDeclaration"}],"normalization":null},{"sourceIndex":4,"sourceName":["psLexStringToList"],"span":{"start":{"byteOffset":1198,"line":39,"column":1},"stop":{"byteOffset":1285,"line":40,"column":33}},"coreStart":14,"members":[{"index":0,"name":[["str","psLexStringToList"]],"role":"sourceDeclaration"}],"normalization":null},{"sourceIndex":5,"sourceName":["psLexCursorFromString"],"span":{"start":{"byteOffset":1287,"line":42,"column":1},"stop":{"byteOffset":1457,"line":46,"column":4}},"coreStart":15,"members":[{"index":0,"name":[["str","psLexCursorFromString"]],"role":"sourceDeclaration"}],"normalization":null},{"sourceIndex":6,"sourceName":["psLexCursorDone"],"span":{"start":{"byteOffset":1459,"line":48,"column":1},"stop":{"byteOffset":1595,"line":51,"column":33}},"coreStart":16,"members":[{"index":0,"name":[["str","psLexCursorDone"]],"role":"sourceDeclaration"}],"normalization":null},{"sourceIndex":7,"sourceName":["psLexCursorPeek"],"span":{"start":{"byteOffset":1597,"line":53,"column":1},"stop":{"byteOffset":1758,"line":56,"column":44}},"coreStart":17,"members":[{"index":0,"name":[["str","psLexCursorPeek"]],"role":"sourceDeclaration"}],"normalization":null},{"sourceIndex":8,"sourceName":["psLexAdvancePosition"],"span":{"start":{"byteOffset":1760,"line":58,"column":1},"stop":{"byteOffset":2223,"line":72,"column":6}},"coreStart":18,"members":[{"index":0,"name":[["str","psLexAdvancePosition"]],"role":"sourceDeclaration"}],"normalization":null},{"sourceIndex":9,"sourceName":["psLexCursorAdvance"],"span":{"start":{"byteOffset":2225,"line":74,"column":1},"stop":{"byteOffset":2548,"line":84,"column":8}},"coreStart":19,"members":[{"index":0,"name":[["str","psLexCursorAdvance"]],"role":"sourceDeclaration"}],"normalization":null},{"sourceIndex":10,"sourceName":["psLexCursorPeekSecond"],"span":{"start":{"byteOffset":2550,"line":86,"column":1},"stop":{"byteOffset":2807,"line":92,"column":52}},"coreStart":20,"members":[{"index":0,"name":[["str","psLexCursorPeekSecond"]],"role":"sourceDeclaration"}],"normalization":null}]},{"moduleName":["Ps","Syntax","Token"],"coreStart":21,"batches":[{"sourceIndex":0,"sourceName":["PsTokenKind"],"span":{"start":{"byteOffset":29,"line":3,"column":1},"stop":{"byteOffset":134,"line":9,"column":15}},"coreStart":21,"members":[{"index":0,"name":[["str","PsTokenKind"]],"role":"inductiveType"},{"index":1,"name":[["str","PsTokenKind"],["str","identifier"]],"role":"constructor"},{"index":2,"name":[["str","PsTokenKind"],["str","natural"]],"role":"constructor"},{"index":3,"name":[["str","PsTokenKind"],["str","string"]],"role":"constructor"},{"index":4,"name":[["str","PsTokenKind"],["str","character"]],"role":"constructor"},{"index":5,"name":[["str","PsTokenKind"],["str","symbol"]],"role":"constructor"},{"index":6,"name":[["str","PsTokenKind"],["str","endOfInput"]],"role":"constructor"},{"index":7,"name":[["str","PsTokenKind"],["str","rec"]],"role":"recursor"}],"normalization":null},{"sourceIndex":1,"sourceName":["psTokenKindEq"],"span":{"start":{"byteOffset":136,"line":11,"column":1},"stop":{"byteOffset":874,"line":38,"column":19}},"coreStart":29,"members":[{"index":0,"name":[["str","psTokenKindEq"]],"role":"sourceDeclaration"}],"normalization":null},{"sourceIndex":2,"sourceName":["PsToken"],"span":{"start":{"byteOffset":876,"line":40,"column":1},"stop":{"byteOffset":958,"line":43,"column":22}},"coreStart":30,"members":[{"index":0,"name":[["str","PsToken"]],"role":"structureType"},{"index":1,"name":[["str","PsToken"],["str","mk"]],"role":"constructor"},{"index":2,"name":[["str","PsToken"],["str","rec"]],"role":"recursor"}],"normalization":null}]},{"moduleName":["Ps","Syntax","Lexer"],"coreStart":33,"batches":[{"sourceIndex":0,"sourceName":["PsLexError"],"span":{"start":{"byteOffset":48,"line":4,"column":1},"stop":{"byteOffset":336,"line":10,"column":58}},"coreStart":33,"members":[{"index":0,"name":[["str","PsLexError"]],"role":"inductiveType"},{"index":1,"name":[["str","PsLexError"],["str","unterminatedBlockComment"]],"role":"constructor"},{"index":2,"name":[["str","PsLexError"],["str","unterminatedString"]],"role":"constructor"},{"index":3,"name":[["str","PsLexError"],["str","newlineInString"]],"role":"constructor"},{"index":4,"name":[["str","PsLexError"],["str","unterminatedCharacter"]],"role":"constructor"},{"index":5,"name":[["str","PsLexError"],["str","fuelExhausted"]],"role":"constructor"},{"index":6,"name":[["str","PsLexError"],["str","invalidSource"]],"role":"constructor"},{"index":7,"name":[["str","PsLexError"],["str","rec"]],"role":"recursor"}],"normalization":null},{"sourceIndex":1,"sourceName":["PsLexRead"],"span":{"start":{"byteOffset":338,"line":12,"column":1},"stop":{"byteOffset":409,"line":14,"column":23}},"coreStart":41,"members":[{"index":0,"name":[["str","PsLexRead"]],"role":"structureType"},{"index":1,"name":[["str","PsLexRead"],["str","mk"]],"role":"constructor"},{"index":2,"name":[["str","PsLexRead"],["str","rec"]],"role":"recursor"}],"normalization":null},{"sourceIndex":2,"sourceName":["psLexSpan"],"span":{"start":{"byteOffset":411,"line":16,"column":1},"stop":{"byteOffset":520,"line":17,"column":35}},"coreStart":44,"members":[{"index":0,"name":[["str","psLexSpan"]],"role":"sourceDeclaration"}],"normalization":null},{"sourceIndex":3,"sourceName":["psLexString"],"span":{"start":{"byteOffset":522,"line":19,"column":1},"stop":{"byteOffset":682,"line":23,"column":42}},"coreStart":45,"members":[{"index":0,"name":[["str","psLexString"]],"role":"sourceDeclaration"}],"normalization":null},{"sourceIndex":4,"sourceName":["psLexAdvanceChar"],"span":{"start":{"byteOffset":684,"line":25,"column":1},"stop":{"byteOffset":797,"line":26,"column":37}},"coreStart":46,"members":[{"index":0,"name":[["str","psLexAdvanceChar"]],"role":"sourceDeclaration"}],"normalization":null},{"sourceIndex":5,"sourceName":["psLexAdvanceTwo"],"span":{"start":{"byteOffset":799,"line":28,"column":1},"stop":{"byteOffset":963,"line":32,"column":60}},"coreStart":47,"members":[{"index":0,"name":[["str","psLexAdvanceTwo"]],"role":"sourceDeclaration"}],"normalization":null},{"sourceIndex":6,"sourceName":["psLexListLength"],"span":{"start":{"byteOffset":966,"line":35,"column":1},"stop":{"byteOffset":1117,"line":39,"column":38}},"coreStart":48,"members":[{"index":0,"name":[["str","psLexListLength"]],"role":"sourceDeclaration"}],"normalization":null},{"sourceIndex":7,"sourceName":["psLexCharEq"],"span":{"start":{"byteOffset":1120,"line":41,"column":1},"stop":{"byteOffset":1220,"line":42,"column":46}},"coreStart":49,"members":[{"index":0,"name":[["str","psLexCharEq"]],"role":"sourceDeclaration"}],"normalization":null},{"sourceIndex":8,"sourceName":["psLexNatBetween"],"span":{"start":{"byteOffset":1223,"line":44,"column":1},"stop":{"byteOffset":1349,"line":48,"column":10}},"coreStart":50,"members":[{"index":0,"name":[["str","psLexNatBetween"]],"role":"sourceDeclaration"}],"normalization":null},{"sourceIndex":9,"sourceName":["psLexWhitespace"],"span":{"start":{"byteOffset":1351,"line":50,"column":1},"stop":{"byteOffset":1559,"line":58,"column":26}},"coreStart":51,"members":[{"index":0,"name":[["str","psLexWhitespace"]],"role":"sourceDeclaration"}],"normalization":null},{"sourceIndex":10,"sourceName":["psLexSkipLineComment"],"span":{"start":{"byteOffset":1561,"line":60,"column":1},"stop":{"byteOffset":2151,"line":78,"column":44}},"coreStart":52,"members":[{"index":0,"name":[["str","psLexSkipLineComment"]],"role":"sourceDeclaration"}],"normalization":null},{"sourceIndex":11,"sourceName":["psLexSkipBlockCommentWithFuel"],"span":{"start":{"byteOffset":2154,"line":80,"column":1},"stop":{"byteOffset":4735,"line":154,"column":53}},"coreStart":53,"members":[{"index":0,"name":[["str","psLexSkipBlockCommentWithFuel"]],"role":"sourceDeclaration"}],"normalization":null},{"sourceIndex":12,"sourceName":["psLexSkipBlockComment"],"span":{"start":{"byteOffset":4738,"line":156,"column":1},"stop":{"byteOffset":5026,"line":167,"column":13}},"coreStart":54,"members":[{"index":0,"name":[["str","psLexSkipBlockComment"]],"role":"sourceDeclaration"}],"normalization":null},{"sourceIndex":13,"sourceName":["psLexSkipTriviaWithFuel"],"span":{"start":{"byteOffset":5028,"line":169,"column":1},"stop":{"byteOffset":8225,"line":257,"column":20}},"coreStart":55,"members":[{"index":0,"name":[["str","psLexSkipTriviaWithFuel"]],"role":"sourceDeclaration"}],"normalization":null},{"sourceIndex":14,"sourceName":["psLexSkipTrivia"],"span":{"start":{"byteOffset":8227,"line":259,"column":1},"stop":{"byteOffset":8423,"line":262,"column":85}},"coreStart":56,"members":[{"index":0,"name":[["str","psLexSkipTrivia"]],"role":"sourceDeclaration"}],"normalization":null},{"sourceIndex":15,"sourceName":["psLexLetterLike"],"span":{"start":{"byteOffset":8425,"line":264,"column":1},"stop":{"byteOffset":9154,"line":291,"column":33}},"coreStart":57,"members":[{"index":0,"name":[["str","psLexLetterLike"]],"role":"sourceDeclaration"}],"normalization":null},{"sourceIndex":16,"sourceName":["psLexNumericSubscript"],"span":{"start":{"byteOffset":9156,"line":293,"column":1},"stop":{"byteOffset":9251,"line":294,"column":46}},"coreStart":58,"members":[{"index":0,"name":[["str","psLexNumericSubscript"]],"role":"sourceDeclaration"}],"normalization":null},{"sourceIndex":17,"sourceName":["psLexSubscriptAlnum"],"span":{"start":{"byteOffset":9253,"line":296,"column":1},"stop":{"byteOffset":9523,"line":305,"column":23}},"coreStart":59,"members":[{"index":0,"name":[["str","psLexSubscriptAlnum"]],"role":"sourceDeclaration"}],"normalization":null},{"sourceIndex":18,"sourceName":["psLexAsciiAlpha"],"span":{"start":{"byteOffset":9525,"line":307,"column":1},"stop":{"byteOffset":9690,"line":312,"column":32}},"coreStart":60,"members":[{"index":0,"name":[["str","psLexAsciiAlpha"]],"role":"sourceDeclaration"}],"normalization":null},{"sourceIndex":19,"sourceName":["psLexDigit"],"span":{"start":{"byteOffset":9692,"line":314,"column":1},"stop":{"byteOffset":9772,"line":315,"column":42}},"coreStart":61,"members":[{"index":0,"name":[["str","psLexDigit"]],"role":"sourceDeclaration"}],"normalization":null},{"sourceIndex":20,"sourceName":["psLexIdentifierStart"],"span":{"start":{"byteOffset":9774,"line":317,"column":1},"stop":{"byteOffset":9939,"line":323,"column":25}},"coreStart":62,"members":[{"index":0,"name":[["str","psLexIdentifierStart"]],"role":"sourceDeclaration"}],"normalization":null},{"sourceIndex":21,"sourceName":["psLexIdentifierContinue"],"span":{"start":{"byteOffset":9941,"line":325,"column":1},"stop":{"byteOffset":10334,"line":341,"column":29}},"coreStart":63,"members":[{"index":0,"name":[["str","psLexIdentifierContinue"]],"role":"sourceDeclaration"}],"normalization":null},{"sourceIndex":22,"sourceName":["psLexNaturalContinue"],"span":{"start":{"byteOffset":10336,"line":343,"column":1},"stop":{"byteOffset":10451,"line":347,"column":25}},"coreStart":64,"members":[{"index":0,"name":[["str","psLexNaturalContinue"]],"role":"sourceDeclaration"}],"normalization":null},{"sourceIndex":23,"sourceName":["psLexReadIdentifier"],"span":{"start":{"byteOffset":10453,"line":349,"column":1},"stop":{"byteOffset":11254,"line":371,"column":12}},"coreStart":65,"members":[{"index":0,"name":[["str","psLexReadIdentifier"]],"role":"sourceDeclaration"}],"normalization":null},{"sourceIndex":24,"sourceName":["psLexReadNatural"],"span":{"start":{"byteOffset":11256,"line":373,"column":1},"stop":{"byteOffset":12048,"line":395,"column":12}},"coreStart":66,"members":[{"index":0,"name":[["str","psLexReadNatural"]],"role":"sourceDeclaration"}],"normalization":null},{"sourceIndex":25,"sourceName":["psLexReadStringBodyWithFuel"],"span":{"start":{"byteOffset":12050,"line":397,"column":1},"stop":{"byteOffset":14299,"line":460,"column":41}},"coreStart":67,"members":[{"index":0,"name":[["str","psLexReadStringBodyWithFuel"]],"role":"sourceDeclaration"}],"normalization":null},{"sourceIndex":26,"sourceName":["psLexReadStringBody"],"span":{"start":{"byteOffset":14302,"line":462,"column":1},"stop":{"byteOffset":14596,"line":473,"column":13}},"coreStart":68,"members":[{"index":0,"name":[["str","psLexReadStringBody"]],"role":"sourceDeclaration"}],"normalization":null},{"sourceIndex":27,"sourceName":["psLexHexDigit"],"span":{"start":{"byteOffset":14598,"line":475,"column":1},"stop":{"byteOffset":14812,"line":482,"column":31}},"coreStart":69,"members":[{"index":0,"name":[["str","psLexHexDigit"]],"role":"sourceDeclaration"}],"normalization":null},{"sourceIndex":28,"sourceName":["psLexCharacterEscapeAllowed"],"span":{"start":{"byteOffset":14814,"line":484,"column":1},"stop":{"byteOffset":15123,"line":496,"column":25}},"coreStart":70,"members":[{"index":0,"name":[["str","psLexCharacterEscapeAllowed"]],"role":"sourceDeclaration"}],"normalization":null},{"sourceIndex":29,"sourceName":["psLexCharacterError"],"span":{"start":{"byteOffset":15125,"line":498,"column":1},"stop":{"byteOffset":15305,"line":503,"column":32}},"coreStart":71,"members":[{"index":0,"name":[["str","psLexCharacterError"]],"role":"sourceDeclaration"}],"normalization":null},{"sourceIndex":30,"sourceName":["psLexReadCharacterHex2"],"span":{"start":{"byteOffset":15309,"line":505,"column":1},"stop":{"byteOffset":17080,"line":549,"column":51}},"coreStart":72,"members":[{"index":0,"name":[["str","psLexReadCharacterHex2"]],"role":"sourceDeclaration"}],"normalization":null},{"sourceIndex":31,"sourceName":["psLexReadCharacterHex4"],"span":{"start":{"byteOffset":17082,"line":551,"column":1},"stop":{"byteOffset":20159,"line":613,"column":51}},"coreStart":73,"members":[{"index":0,"name":[["str","psLexReadCharacterHex4"]],"role":"sourceDeclaration"}],"normalization":null},{"sourceIndex":32,"sourceName":["psLexReadCharacterBody"],"span":{"start":{"byteOffset":20161,"line":615,"column":1},"stop":{"byteOffset":22909,"line":693,"column":49}},"coreStart":74,"members":[{"index":0,"name":[["str","psLexReadCharacterBody"]],"role":"sourceDeclaration"}],"normalization":null},{"sourceIndex":33,"sourceName":["psLexPairEq"],"span":{"start":{"byteOffset":22912,"line":695,"column":1},"stop":{"byteOffset":23089,"line":700,"column":10}},"coreStart":75,"members":[{"index":0,"name":[["str","psLexPairEq"]],"role":"sourceDeclaration"}],"normalization":null},{"sourceIndex":34,"sourceName":["psLexIsTwoCharSymbol"],"span":{"start":{"byteOffset":23091,"line":702,"column":1},"stop":{"byteOffset":23879,"line":728,"column":37}},"coreStart":76,"members":[{"index":0,"name":[["str","psLexIsTwoCharSymbol"]],"role":"sourceDeclaration"}],"normalization":null},{"sourceIndex":35,"sourceName":["psLexTokenFromRead"],"span":{"start":{"byteOffset":23881,"line":730,"column":1},"stop":{"byteOffset":24102,"line":738,"column":4}},"coreStart":77,"members":[{"index":0,"name":[["str","psLexTokenFromRead"]],"role":"sourceDeclaration"}],"normalization":null},{"sourceIndex":36,"sourceName":["psLexReadToken"],"span":{"start":{"byteOffset":24104,"line":740,"column":1},"stop":{"byteOffset":29072,"line":893,"column":30}},"coreStart":78,"members":[{"index":0,"name":[["str","psLexReadToken"]],"role":"sourceDeclaration"}],"normalization":null},{"sourceIndex":37,"sourceName":["psLexAllWorker"],"span":{"start":{"byteOffset":29075,"line":895,"column":1},"stop":{"byteOffset":30784,"line":940,"column":54}},"coreStart":79,"members":[{"index":0,"name":[["str","psLexAllWorker"]],"role":"sourceDeclaration"}],"normalization":null},{"sourceIndex":38,"sourceName":["psLexAllWithFuel"],"span":{"start":{"byteOffset":30787,"line":942,"column":1},"stop":{"byteOffset":30956,"line":943,"column":75}},"coreStart":80,"members":[{"index":0,"name":[["str","psLexAllWithFuel"]],"role":"sourceDeclaration"}],"normalization":null},{"sourceIndex":39,"sourceName":["psLex"],"span":{"start":{"byteOffset":30958,"line":945,"column":1},"stop":{"byteOffset":31159,"line":948,"column":36}},"coreStart":81,"members":[{"index":0,"name":[["str","psLex"]],"role":"sourceDeclaration"}],"normalization":null},{"sourceIndex":40,"sourceName":["psLexProofScriptWhitespaceError"],"span":{"start":{"byteOffset":31161,"line":950,"column":1},"stop":{"byteOffset":31416,"line":957,"column":58}},"coreStart":82,"members":[{"index":0,"name":[["str","psLexProofScriptWhitespaceError"]],"role":"sourceDeclaration"}],"normalization":null},{"sourceIndex":41,"sourceName":["psLexSkipProofScriptTriviaWithFuel"],"span":{"start":{"byteOffset":31421,"line":959,"column":1},"stop":{"byteOffset":34287,"line":1018,"column":77}},"coreStart":83,"members":[{"index":0,"name":[["str","psLexSkipProofScriptTriviaWithFuel"]],"role":"sourceDeclaration"}],"normalization":null},{"sourceIndex":42,"sourceName":["psLexAllProofScriptWorker"],"span":{"start":{"byteOffset":34289,"line":1020,"column":1},"stop":{"byteOffset":36031,"line":1065,"column":54}},"coreStart":84,"members":[{"index":0,"name":[["str","psLexAllProofScriptWorker"]],"role":"sourceDeclaration"}],"normalization":null},{"sourceIndex":43,"sourceName":["psLexProofScript"],"span":{"start":{"byteOffset":36035,"line":1068,"column":1},"stop":{"byteOffset":36624,"line":1086,"column":47}},"coreStart":85,"members":[{"index":0,"name":[["str","psLexProofScript"]],"role":"sourceDeclaration"}],"normalization":null}]},{"moduleName":["Ps","Syntax","Ast"],"coreStart":86,"batches":[{"sourceIndex":0,"sourceName":["PsSyntaxName"],"span":{"start":{"byteOffset":29,"line":3,"column":1},"stop":{"byteOffset":104,"line":5,"column":22}},"coreStart":86,"members":[{"index":0,"name":[["str","PsSyntaxName"]],"role":"structureType"},{"index":1,"name":[["str","PsSyntaxName"],["str","mk"]],"role":"constructor"},{"index":2,"name":[["str","PsSyntaxName"],["str","rec"]],"role":"recursor"}],"normalization":null},{"sourceIndex":1,"sourceName":["PsSyntaxBinderKind"],"span":{"start":{"byteOffset":106,"line":7,"column":1},"stop":{"byteOffset":206,"line":11,"column":21}},"coreStart":89,"members":[{"index":0,"name":[["str","PsSyntaxBinderKind"]],"role":"inductiveType"},{"index":1,"name":[["str","PsSyntaxBinderKind"],["str","explicit"]],"role":"constructor"},{"index":2,"name":[["str","PsSyntaxBinderKind"],["str","implicit"]],"role":"constructor"},{"index":3,"name":[["str","PsSyntaxBinderKind"],["str","strictImplicit"]],"role":"constructor"},{"index":4,"name":[["str","PsSyntaxBinderKind"],["str","instanceImplicit"]],"role":"constructor"},{"index":5,"name":[["str","PsSyntaxBinderKind"],["str","rec"]],"role":"recursor"}],"normalization":null},{"sourceIndex":2,"sourceName":["PsSyntaxBinderHead"],"span":{"start":{"byteOffset":208,"line":13,"column":1},"stop":{"byteOffset":314,"line":16,"column":22}},"coreStart":95,"members":[{"index":0,"name":[["str","PsSyntaxBinderHead"]],"role":"structureType"},{"index":1,"name":[["str","PsSyntaxBinderHead"],["str","mk"]],"role":"constructor"},{"index":2,"name":[["str","PsSyntaxBinderHead"],["str","rec"]],"role":"recursor"}],"normalization":null},{"sourceIndex":3,"sourceName":["PsSyntaxPattern"],"span":{"start":{"byteOffset":316,"line":18,"column":1},"stop":{"byteOffset":536,"line":24,"column":28}},"coreStart":98,"members":[{"index":0,"name":[["str","PsSyntaxPattern"]],"role":"inductiveType"},{"index":1,"name":[["str","PsSyntaxPattern"],["str","bool"]],"role":"constructor"},{"index":2,"name":[["str","PsSyntaxPattern"],["str","wildcard"]],"role":"constructor"},{"index":3,"name":[["str","PsSyntaxPattern"],["str","constructor"]],"role":"constructor"},{"index":4,"name":[["str","PsSyntaxPattern"],["str","rec"]],"role":"recursor"}],"normalization":null},{"sourceIndex":4,"sourceName":["PsSyntaxTerm"],"span":{"start":{"byteOffset":538,"line":26,"column":1},"stop":{"byteOffset":1710,"line":59,"column":28}},"coreStart":103,"members":[{"index":0,"name":[["str","PsSyntaxTerm"]],"role":"inductiveType"},{"index":1,"name":[["str","PsSyntaxTerm"],["str","reference"]],"role":"constructor"},{"index":2,"name":[["str","PsSyntaxTerm"],["str","natural"]],"role":"constructor"},{"index":3,"name":[["str","PsSyntaxTerm"],["str","string"]],"role":"constructor"},{"index":4,"name":[["str","PsSyntaxTerm"],["str","character"]],"role":"constructor"},{"index":5,"name":[["str","PsSyntaxTerm"],["str","bool"]],"role":"constructor"},{"index":6,"name":[["str","PsSyntaxTerm"],["str","unit"]],"role":"constructor"},{"index":7,"name":[["str","PsSyntaxTerm"],["str","record"]],"role":"constructor"},{"index":8,"name":[["str","PsSyntaxTerm"],["str","app"]],"role":"constructor"},{"index":9,"name":[["str","PsSyntaxTerm"],["str","lambda"]],"role":"constructor"},{"index":10,"name":[["str","PsSyntaxTerm"],["str","forallE"]],"role":"constructor"},{"index":11,"name":[["str","PsSyntaxTerm"],["str","letE"]],"role":"constructor"},{"index":12,"name":[["str","PsSyntaxTerm"],["str","ifE"]],"role":"constructor"},{"index":13,"name":[["str","PsSyntaxTerm"],["str","matchE"]],"role":"constructor"},{"index":14,"name":[["str","PsSyntaxTerm"],["str","rec"]],"role":"recursor"}],"normalization":null},{"sourceIndex":5,"sourceName":["PsSyntaxInductiveConstructor"],"span":{"start":{"byteOffset":1712,"line":61,"column":1},"stop":{"byteOffset":1855,"line":64,"column":22}},"coreStart":118,"members":[{"index":0,"name":[["str","PsSyntaxInductiveConstructor"]],"role":"structureType"},{"index":1,"name":[["str","PsSyntaxInductiveConstructor"],["str","mk"]],"role":"constructor"},{"index":2,"name":[["str","PsSyntaxInductiveConstructor"],["str","rec"]],"role":"recursor"}],"normalization":null},{"sourceIndex":6,"sourceName":["PsSyntaxImport"],"span":{"start":{"byteOffset":1857,"line":66,"column":1},"stop":{"byteOffset":1937,"line":68,"column":22}},"coreStart":121,"members":[{"index":0,"name":[["str","PsSyntaxImport"]],"role":"structureType"},{"index":1,"name":[["str","PsSyntaxImport"],["str","mk"]],"role":"constructor"},{"index":2,"name":[["str","PsSyntaxImport"],["str","rec"]],"role":"recursor"}],"normalization":null},{"sourceIndex":7,"sourceName":["PsSyntaxDeclaration"],"span":{"start":{"byteOffset":1939,"line":70,"column":1},"stop":{"byteOffset":2981,"line":99,"column":28}},"coreStart":124,"members":[{"index":0,"name":[["str","PsSyntaxDeclaration"]],"role":"inductiveType"},{"index":1,"name":[["str","PsSyntaxDeclaration"],["str","definition"]],"role":"constructor"},{"index":2,"name":[["str","PsSyntaxDeclaration"],["str","partialDefinition"]],"role":"constructor"},{"index":3,"name":[["str","PsSyntaxDeclaration"],["str","theoremDecl"]],"role":"constructor"},{"index":4,"name":[["str","PsSyntaxDeclaration"],["str","inductiveDecl"]],"role":"constructor"},{"index":5,"name":[["str","PsSyntaxDeclaration"],["str","structureDecl"]],"role":"constructor"},{"index":6,"name":[["str","PsSyntaxDeclaration"],["str","rec"]],"role":"recursor"}],"normalization":null},{"sourceIndex":8,"sourceName":["PsSyntaxModule"],"span":{"start":{"byteOffset":2983,"line":101,"column":1},"stop":{"byteOffset":3087,"line":103,"column":42}},"coreStart":131,"members":[{"index":0,"name":[["str","PsSyntaxModule"]],"role":"structureType"},{"index":1,"name":[["str","PsSyntaxModule"],["str","mk"]],"role":"constructor"},{"index":2,"name":[["str","PsSyntaxModule"],["str","rec"]],"role":"recursor"}],"normalization":null}]},{"moduleName":["Ps","Foundation","Name"],"coreStart":134,"batches":[{"sourceIndex":0,"sourceName":["PsName"],"span":{"start":{"byteOffset":0,"line":1,"column":1},"stop":{"byteOffset":119,"line":4,"column":40}},"coreStart":134,"members":[{"index":0,"name":[["str","PsName"]],"role":"inductiveType"},{"index":1,"name":[["str","PsName"],["str","anonymous"]],"role":"constructor"},{"index":2,"name":[["str","PsName"],["str","str"]],"role":"constructor"},{"index":3,"name":[["str","PsName"],["str","num"]],"role":"constructor"},{"index":4,"name":[["str","PsName"],["str","rec"]],"role":"recursor"}],"normalization":null},{"sourceIndex":1,"sourceName":["psNameDepth"],"span":{"start":{"byteOffset":121,"line":6,"column":1},"stop":{"byteOffset":321,"line":10,"column":58}},"coreStart":139,"members":[{"index":0,"name":[["str","psNameDepth"]],"role":"sourceDeclaration"}],"normalization":null},{"sourceIndex":2,"sourceName":["psStringEqFromWithFuel"],"span":{"start":{"byteOffset":323,"line":12,"column":1},"stop":{"byteOffset":1607,"line":38,"column":18}},"coreStart":140,"members":[{"index":0,"name":[["str","psStringEqFromWithFuel"]],"role":"sourceDeclaration"}],"normalization":null},{"sourceIndex":3,"sourceName":["psStringEqFrom"],"span":{"start":{"byteOffset":1609,"line":40,"column":1},"stop":{"byteOffset":1798,"line":42,"column":91}},"coreStart":141,"members":[{"index":0,"name":[["str","psStringEqFrom"]],"role":"sourceDeclaration"}],"normalization":null},{"sourceIndex":4,"sourceName":["psStringEq"],"span":{"start":{"byteOffset":1800,"line":44,"column":1},"stop":{"byteOffset":1977,"line":47,"column":13}},"coreStart":142,"members":[{"index":0,"name":[["str","psStringEq"]],"role":"sourceDeclaration"}],"normalization":null},{"sourceIndex":5,"sourceName":["psNatToString"],"span":{"start":{"byteOffset":1979,"line":49,"column":1},"stop":{"byteOffset":2050,"line":50,"column":28}},"coreStart":143,"members":[{"index":0,"name":[["str","psNatToString"]],"role":"sourceDeclaration"}],"normalization":null},{"sourceIndex":6,"sourceName":["psNameEq"],"span":{"start":{"byteOffset":2053,"line":52,"column":1},"stop":{"byteOffset":2939,"line":78,"column":21}},"coreStart":144,"members":[{"index":0,"name":[["str","psNameEq"]],"role":"sourceDeclaration"}],"normalization":null},{"sourceIndex":7,"sourceName":["psNameAppendStr"],"span":{"start":{"byteOffset":2941,"line":80,"column":1},"stop":{"byteOffset":3033,"line":81,"column":26}},"coreStart":145,"members":[{"index":0,"name":[["str","psNameAppendStr"]],"role":"sourceDeclaration"}],"normalization":null},{"sourceIndex":8,"sourceName":["psNameAppendNum"],"span":{"start":{"byteOffset":3035,"line":83,"column":1},"stop":{"byteOffset":3124,"line":84,"column":26}},"coreStart":146,"members":[{"index":0,"name":[["str","psNameAppendNum"]],"role":"sourceDeclaration"}],"normalization":null},{"sourceIndex":9,"sourceName":["psNameToString"],"span":{"start":{"byteOffset":3126,"line":86,"column":1},"stop":{"byteOffset":3807,"line":105,"column":17}},"coreStart":147,"members":[{"index":0,"name":[["str","psNameToString"]],"role":"sourceDeclaration"}],"normalization":null},{"sourceIndex":10,"sourceName":["psNameLastComponent"],"span":{"start":{"byteOffset":3809,"line":107,"column":1},"stop":{"byteOffset":3983,"line":111,"column":46}},"coreStart":148,"members":[{"index":0,"name":[["str","psNameLastComponent"]],"role":"sourceDeclaration"}],"normalization":null}]},{"moduleName":["Ps","Syntax","ParserState"],"coreStart":149,"batches":[{"sourceIndex":0,"sourceName":["PsTokenCursor"],"span":{"start":{"byteOffset":50,"line":4,"column":1},"stop":{"byteOffset":106,"line":5,"column":27}},"coreStart":149,"members":[{"index":0,"name":[["str","PsTokenCursor"]],"role":"structureType"},{"index":1,"name":[["str","PsTokenCursor"],["str","mk"]],"role":"constructor"},{"index":2,"name":[["str","PsTokenCursor"],["str","rec"]],"role":"recursor"}],"normalization":null},{"sourceIndex":1,"sourceName":["PsTokenRead"],"span":{"start":{"byteOffset":108,"line":7,"column":1},"stop":{"byteOffset":178,"line":9,"column":25}},"coreStart":152,"members":[{"index":0,"name":[["str","PsTokenRead"]],"role":"structureType"},{"index":1,"name":[["str","PsTokenRead"],["str","mk"]],"role":"constructor"},{"index":2,"name":[["str","PsTokenRead"],["str","rec"]],"role":"recursor"}],"normalization":null},{"sourceIndex":2,"sourceName":["PsParseResult"],"span":{"start":{"byteOffset":180,"line":11,"column":1},"stop":{"byteOffset":259,"line":13,"column":25}},"coreStart":155,"members":[{"index":0,"name":[["str","PsParseResult"]],"role":"structureType"},{"index":1,"name":[["str","PsParseResult"],["str","mk"]],"role":"constructor"},{"index":2,"name":[["str","PsParseResult"],["str","rec"]],"role":"recursor"}],"normalization":null},{"sourceIndex":3,"sourceName":["PsParseError"],"span":{"start":{"byteOffset":261,"line":15,"column":1},"stop":{"byteOffset":527,"line":22,"column":28}},"coreStart":158,"members":[{"index":0,"name":[["str","PsParseError"]],"role":"inductiveType"},{"index":1,"name":[["str","PsParseError"],["str","fuelExhausted"]],"role":"constructor"},{"index":2,"name":[["str","PsParseError"],["str","unexpectedEnd"]],"role":"constructor"},{"index":3,"name":[["str","PsParseError"],["str","expectedText"]],"role":"constructor"},{"index":4,"name":[["str","PsParseError"],["str","expectedKind"]],"role":"constructor"},{"index":5,"name":[["str","PsParseError"],["str","rec"]],"role":"recursor"}],"normalization":null},{"sourceIndex":4,"sourceName":["psTokenCursorFromTokens"],"span":{"start":{"byteOffset":529,"line":24,"column":1},"stop":{"byteOffset":625,"line":25,"column":26}},"coreStart":164,"members":[{"index":0,"name":[["str","psTokenCursorFromTokens"]],"role":"sourceDeclaration"}],"normalization":null},{"sourceIndex":5,"sourceName":["psTokenCursorPeek"],"span":{"start":{"byteOffset":627,"line":27,"column":1},"stop":{"byteOffset":797,"line":30,"column":46}},"coreStart":165,"members":[{"index":0,"name":[["str","psTokenCursorPeek"]],"role":"sourceDeclaration"}],"normalization":null},{"sourceIndex":6,"sourceName":["psTokenCursorDone"],"span":{"start":{"byteOffset":799,"line":32,"column":1},"stop":{"byteOffset":990,"line":35,"column":73}},"coreStart":166,"members":[{"index":0,"name":[["str","psTokenCursorDone"]],"role":"sourceDeclaration"}],"normalization":null},{"sourceIndex":7,"sourceName":["psTokenCursorAdvance"],"span":{"start":{"byteOffset":992,"line":37,"column":1},"stop":{"byteOffset":1242,"line":44,"column":8}},"coreStart":167,"members":[{"index":0,"name":[["str","psTokenCursorAdvance"]],"role":"sourceDeclaration"}],"normalization":null},{"sourceIndex":8,"sourceName":["psTokenCursorAtText"],"span":{"start":{"byteOffset":1244,"line":46,"column":1},"stop":{"byteOffset":1433,"line":49,"column":52}},"coreStart":168,"members":[{"index":0,"name":[["str","psTokenCursorAtText"]],"role":"sourceDeclaration"}],"normalization":null},{"sourceIndex":9,"sourceName":["psTokenCursorAtKind"],"span":{"start":{"byteOffset":1435,"line":51,"column":1},"stop":{"byteOffset":1632,"line":54,"column":55}},"coreStart":169,"members":[{"index":0,"name":[["str","psTokenCursorAtKind"]],"role":"sourceDeclaration"}],"normalization":null},{"sourceIndex":10,"sourceName":["psTokenCursorExpectText"],"span":{"start":{"byteOffset":1634,"line":56,"column":1},"stop":{"byteOffset":2069,"line":66,"column":78}},"coreStart":170,"members":[{"index":0,"name":[["str","psTokenCursorExpectText"]],"role":"sourceDeclaration"}],"normalization":null},{"sourceIndex":11,"sourceName":["psTokenCursorExpectKind"],"span":{"start":{"byteOffset":2072,"line":68,"column":1},"stop":{"byteOffset":2514,"line":78,"column":78}},"coreStart":171,"members":[{"index":0,"name":[["str","psTokenCursorExpectKind"]],"role":"sourceDeclaration"}],"normalization":null}]},{"moduleName":["Ps","Syntax","ParseCommon"],"coreStart":172,"batches":[{"sourceIndex":0,"sourceName":["psParseListLength"],"span":{"start":{"byteOffset":52,"line":5,"column":1},"stop":{"byteOffset":207,"line":9,"column":40}},"coreStart":172,"members":[{"index":0,"name":[["str","psParseListLength"]],"role":"sourceDeclaration"}],"normalization":null},{"sourceIndex":1,"sourceName":["psParseListReverseAcc"],"span":{"start":{"byteOffset":210,"line":11,"column":1},"stop":{"byteOffset":525,"line":20,"column":36}},"coreStart":173,"members":[{"index":0,"name":[["str","psParseListReverseAcc"]],"role":"sourceDeclaration"}],"normalization":null},{"sourceIndex":2,"sourceName":["psParseListReverse"],"span":{"start":{"byteOffset":528,"line":22,"column":1},"stop":{"byteOffset":630,"line":24,"column":36}},"coreStart":174,"members":[{"index":0,"name":[["str","psParseListReverse"]],"role":"sourceDeclaration"}],"normalization":null},{"sourceIndex":3,"sourceName":["psParseListAppend"],"span":{"start":{"byteOffset":633,"line":27,"column":1},"stop":{"byteOffset":936,"line":36,"column":35}},"coreStart":175,"members":[{"index":0,"name":[["str","psParseListAppend"]],"role":"sourceDeclaration"}],"normalization":null},{"sourceIndex":4,"sourceName":["psSyntaxSpanJoin"],"span":{"start":{"byteOffset":939,"line":38,"column":1},"stop":{"byteOffset":1068,"line":39,"column":46}},"coreStart":176,"members":[{"index":0,"name":[["str","psSyntaxSpanJoin"]],"role":"sourceDeclaration"}],"normalization":null},{"sourceIndex":5,"sourceName":["psSyntaxTermSpan"],"span":{"start":{"byteOffset":1070,"line":41,"column":1},"stop":{"byteOffset":1487,"line":54,"column":29}},"coreStart":177,"members":[{"index":0,"name":[["str","psSyntaxTermSpan"]],"role":"sourceDeclaration"}],"normalization":null},{"sourceIndex":6,"sourceName":["psSyntaxSyntheticName"],"span":{"start":{"byteOffset":1489,"line":56,"column":1},"stop":{"byteOffset":1643,"line":62,"column":4}},"coreStart":178,"members":[{"index":0,"name":[["str","psSyntaxSyntheticName"]],"role":"sourceDeclaration"}],"normalization":null},{"sourceIndex":7,"sourceName":["psSyntaxSyntheticReference"],"span":{"start":{"byteOffset":1645,"line":64,"column":1},"stop":{"byteOffset":1797,"line":67,"column":58}},"coreStart":179,"members":[{"index":0,"name":[["str","psSyntaxSyntheticReference"]],"role":"sourceDeclaration"}],"normalization":null},{"sourceIndex":8,"sourceName":["psSyntaxCompilerPure"],"span":{"start":{"byteOffset":1800,"line":69,"column":1},"stop":{"byteOffset":2007,"line":75,"column":9}},"coreStart":180,"members":[{"index":0,"name":[["str","psSyntaxCompilerPure"]],"role":"sourceDeclaration"}],"normalization":null},{"sourceIndex":9,"sourceName":["psSyntaxCompilerBind"],"span":{"start":{"byteOffset":2009,"line":77,"column":1},"stop":{"byteOffset":2558,"line":95,"column":9}},"coreStart":181,"members":[{"index":0,"name":[["str","psSyntaxCompilerBind"]],"role":"sourceDeclaration"}],"normalization":null},{"sourceIndex":10,"sourceName":["psParseSyntaxNameTailWithFuel"],"span":{"start":{"byteOffset":2560,"line":97,"column":1},"stop":{"byteOffset":4816,"line":165,"column":16}},"coreStart":182,"members":[{"index":0,"name":[["str","psParseSyntaxNameTailWithFuel"]],"role":"sourceDeclaration"}],"normalization":null},{"sourceIndex":11,"sourceName":["psParseSyntaxNameTail"],"span":{"start":{"byteOffset":4818,"line":167,"column":1},"stop":{"byteOffset":5133,"line":178,"column":11}},"coreStart":183,"members":[{"index":0,"name":[["str","psParseSyntaxNameTail"]],"role":"sourceDeclaration"}],"normalization":null},{"sourceIndex":12,"sourceName":["psParseSyntaxName"],"span":{"start":{"byteOffset":5135,"line":180,"column":1},"stop":{"byteOffset":5711,"line":197,"column":23}},"coreStart":184,"members":[{"index":0,"name":[["str","psParseSyntaxName"]],"role":"sourceDeclaration"}],"normalization":null},{"sourceIndex":13,"sourceName":["psTokenCursorStartsNamedAssignment"],"span":{"start":{"byteOffset":5714,"line":199,"column":1},"stop":{"byteOffset":6132,"line":213,"column":18}},"coreStart":185,"members":[{"index":0,"name":[["str","psTokenCursorStartsNamedAssignment"]],"role":"sourceDeclaration"}],"normalization":null},{"sourceIndex":14,"sourceName":["psParseRecordFieldsWithFuel"],"span":{"start":{"byteOffset":6134,"line":215,"column":1},"stop":{"byteOffset":9234,"line":291,"column":43}},"coreStart":186,"members":[{"index":0,"name":[["str","psParseRecordFieldsWithFuel"]],"role":"sourceDeclaration"}],"normalization":null},{"sourceIndex":15,"sourceName":["psParseRecordLiteral"],"span":{"start":{"byteOffset":9237,"line":293,"column":1},"stop":{"byteOffset":10297,"line":322,"column":16}},"coreStart":187,"members":[{"index":0,"name":[["str","psParseRecordLiteral"]],"role":"sourceDeclaration"}],"normalization":null},{"sourceIndex":16,"sourceName":["psParseSimpleTerm"],"span":{"start":{"byteOffset":10299,"line":324,"column":1},"stop":{"byteOffset":12657,"line":381,"column":66}},"coreStart":188,"members":[{"index":0,"name":[["str","psParseSimpleTerm"]],"role":"sourceDeclaration"}],"normalization":null},{"sourceIndex":17,"sourceName":["PsSyntaxBinderOpening"],"span":{"start":{"byteOffset":12660,"line":383,"column":1},"stop":{"byteOffset":12812,"line":388,"column":25}},"coreStart":189,"members":[{"index":0,"name":[["str","PsSyntaxBinderOpening"]],"role":"structureType"},{"index":1,"name":[["str","PsSyntaxBinderOpening"],["str","mk"]],"role":"constructor"},{"index":2,"name":[["str","PsSyntaxBinderOpening"],["str","rec"]],"role":"recursor"}],"normalization":null},{"sourceIndex":18,"sourceName":["psParseBinderOpening"],"span":{"start":{"byteOffset":12814,"line":390,"column":1},"stop":{"byteOffset":14937,"line":443,"column":68}},"coreStart":192,"members":[{"index":0,"name":[["str","psParseBinderOpening"]],"role":"sourceDeclaration"}],"normalization":null},{"sourceIndex":19,"sourceName":["psParseBinderClosing"],"span":{"start":{"byteOffset":14940,"line":445,"column":1},"stop":{"byteOffset":15839,"line":470,"column":10}},"coreStart":193,"members":[{"index":0,"name":[["str","psParseBinderClosing"]],"role":"sourceDeclaration"}],"normalization":null},{"sourceIndex":20,"sourceName":["psTokenCursorAtBinderStart"],"span":{"start":{"byteOffset":15841,"line":472,"column":1},"stop":{"byteOffset":16053,"line":478,"column":35}},"coreStart":194,"members":[{"index":0,"name":[["str","psTokenCursorAtBinderStart"]],"role":"sourceDeclaration"}],"normalization":null},{"sourceIndex":21,"sourceName":["psTokenCursorAtArrow"],"span":{"start":{"byteOffset":16055,"line":480,"column":1},"stop":{"byteOffset":16209,"line":484,"column":35}},"coreStart":195,"members":[{"index":0,"name":[["str","psTokenCursorAtArrow"]],"role":"sourceDeclaration"}],"normalization":null},{"sourceIndex":22,"sourceName":["psTokenCursorExpectArrow"],"span":{"start":{"byteOffset":16211,"line":486,"column":1},"stop":{"byteOffset":16908,"line":502,"column":64}},"coreStart":196,"members":[{"index":0,"name":[["str","psTokenCursorExpectArrow"]],"role":"sourceDeclaration"}],"normalization":null},{"sourceIndex":23,"sourceName":["psSyntaxAnonymousExplicitBinder"],"span":{"start":{"byteOffset":16911,"line":504,"column":1},"stop":{"byteOffset":17141,"line":513,"column":4}},"coreStart":197,"members":[{"index":0,"name":[["str","psSyntaxAnonymousExplicitBinder"]],"role":"sourceDeclaration"}],"normalization":null},{"sourceIndex":24,"sourceName":["psSyntaxPatternSpan"],"span":{"start":{"byteOffset":17143,"line":515,"column":1},"stop":{"byteOffset":17286,"line":518,"column":34}},"coreStart":198,"members":[{"index":0,"name":[["str","psSyntaxPatternSpan"]],"role":"sourceDeclaration"}],"normalization":null},{"sourceIndex":25,"sourceName":["psParsePatternBindersWithFuel"],"span":{"start":{"byteOffset":17288,"line":520,"column":1},"stop":{"byteOffset":19442,"line":584,"column":16}},"coreStart":199,"members":[{"index":0,"name":[["str","psParsePatternBindersWithFuel"]],"role":"sourceDeclaration"}],"normalization":null},{"sourceIndex":26,"sourceName":["psParseConstructorPatternTail"],"span":{"start":{"byteOffset":19444,"line":586,"column":1},"stop":{"byteOffset":20219,"line":610,"column":8}},"coreStart":200,"members":[{"index":0,"name":[["str","psParseConstructorPatternTail"]],"role":"sourceDeclaration"}],"normalization":null},{"sourceIndex":27,"sourceName":["psParseBasicPattern"],"span":{"start":{"byteOffset":20221,"line":612,"column":1},"stop":{"byteOffset":22447,"line":665,"column":37}},"coreStart":201,"members":[{"index":0,"name":[["str","psParseBasicPattern"]],"role":"sourceDeclaration"}],"normalization":null}]},{"moduleName":["Ps","Syntax","ParseLean"],"coreStart":202,"batches":[{"sourceIndex":0,"sourceName":["psLeanTermStop"],"span":{"start":{"byteOffset":53,"line":4,"column":1},"stop":{"byteOffset":163,"line":7,"column":12}},"coreStart":202,"members":[{"index":0,"name":[["str","psLeanTermStop"]],"role":"sourceDeclaration"}],"normalization":null},{"sourceIndex":1,"sourceName":["psLeanTokenCursor"],"span":{"start":{"byteOffset":165,"line":9,"column":1},"stop":{"byteOffset":265,"line":11,"column":29}},"coreStart":203,"members":[{"index":0,"name":[["str","psLeanTokenCursor"]],"role":"sourceDeclaration"}],"normalization":null},{"sourceIndex":2,"sourceName":["psLeanBoolNot"],"span":{"start":{"byteOffset":267,"line":13,"column":1},"stop":{"byteOffset":341,"line":14,"column":32}},"coreStart":204,"members":[{"index":0,"name":[["str","psLeanBoolNot"]],"role":"sourceDeclaration"}],"normalization":null},{"sourceIndex":3,"sourceName":["psLeanPatternParseResult"],"span":{"start":{"byteOffset":343,"line":16,"column":1},"stop":{"byteOffset":540,"line":23,"column":4}},"coreStart":205,"members":[{"index":0,"name":[["str","psLeanPatternParseResult"]],"role":"sourceDeclaration"}],"normalization":null},{"sourceIndex":4,"sourceName":["psParseLeanImport"],"span":{"start":{"byteOffset":543,"line":26,"column":1},"stop":{"byteOffset":1180,"line":44,"column":12}},"coreStart":206,"members":[{"index":0,"name":[["str","psParseLeanImport"]],"role":"sourceDeclaration"}],"normalization":null},{"sourceIndex":5,"sourceName":["psLeanReservedApplicationToken"],"span":{"start":{"byteOffset":1182,"line":46,"column":1},"stop":{"byteOffset":2039,"line":76,"column":33}},"coreStart":207,"members":[{"index":0,"name":[["str","psLeanReservedApplicationToken"]],"role":"sourceDeclaration"}],"normalization":null},{"sourceIndex":6,"sourceName":["psLeanApplicationWithArgument"],"span":{"start":{"byteOffset":2042,"line":79,"column":1},"stop":{"byteOffset":2527,"line":98,"column":13}},"coreStart":208,"members":[{"index":0,"name":[["str","psLeanApplicationWithArgument"]],"role":"sourceDeclaration"}],"normalization":null},{"sourceIndex":7,"sourceName":["psLeanListConstructorName"],"span":{"start":{"byteOffset":2529,"line":100,"column":1},"stop":{"byteOffset":2742,"line":109,"column":4}},"coreStart":209,"members":[{"index":0,"name":[["str","psLeanListConstructorName"]],"role":"sourceDeclaration"}],"normalization":null},{"sourceIndex":8,"sourceName":["psLeanBuildListLiteral"],"span":{"start":{"byteOffset":2744,"line":111,"column":1},"stop":{"byteOffset":3240,"line":127,"column":13}},"coreStart":210,"members":[{"index":0,"name":[["str","psLeanBuildListLiteral"]],"role":"sourceDeclaration"}],"normalization":null},{"sourceIndex":9,"sourceName":["psParseLeanListLiteralWithFuel"],"span":{"start":{"byteOffset":3242,"line":129,"column":1},"stop":{"byteOffset":6048,"line":210,"column":35}},"coreStart":211,"members":[{"index":0,"name":[["str","psParseLeanListLiteralWithFuel"]],"role":"sourceDeclaration"}],"normalization":null},{"sourceIndex":10,"sourceName":["psParseLeanListLiteral"],"span":{"start":{"byteOffset":6051,"line":212,"column":1},"stop":{"byteOffset":6440,"line":225,"column":13}},"coreStart":212,"members":[{"index":0,"name":[["str","psParseLeanListLiteral"]],"role":"sourceDeclaration"}],"normalization":null},{"sourceIndex":11,"sourceName":["psLeanNomatchConsumedStop"],"span":{"start":{"byteOffset":6678,"line":230,"column":1},"stop":{"byteOffset":7469,"line":248,"column":42}},"coreStart":213,"members":[{"index":0,"name":[["str","psLeanNomatchConsumedStop"]],"role":"sourceDeclaration"}],"normalization":null},{"sourceIndex":12,"sourceName":["psParseLeanNomatch"],"span":{"start":{"byteOffset":7471,"line":250,"column":1},"stop":{"byteOffset":8382,"line":272,"column":12}},"coreStart":214,"members":[{"index":0,"name":[["str","psParseLeanNomatch"]],"role":"sourceDeclaration"}],"normalization":null},{"sourceIndex":13,"sourceName":["psParseLeanApplicationPrimary"],"span":{"start":{"byteOffset":8534,"line":276,"column":1},"stop":{"byteOffset":10336,"line":319,"column":29}},"coreStart":215,"members":[{"index":0,"name":[["str","psParseLeanApplicationPrimary"]],"role":"sourceDeclaration"}],"normalization":null},{"sourceIndex":14,"sourceName":["psLeanCanStartSimpleArgument"],"span":{"start":{"byteOffset":10338,"line":321,"column":1},"stop":{"byteOffset":11455,"line":361,"column":32}},"coreStart":216,"members":[{"index":0,"name":[["str","psLeanCanStartSimpleArgument"]],"role":"sourceDeclaration"}],"normalization":null},{"sourceIndex":15,"sourceName":["psParseLeanApplicationTailWithFuel"],"span":{"start":{"byteOffset":11457,"line":363,"column":1},"stop":{"byteOffset":14920,"line":454,"column":57}},"coreStart":217,"members":[{"index":0,"name":[["str","psParseLeanApplicationTailWithFuel"]],"role":"sourceDeclaration"}],"normalization":null},{"sourceIndex":16,"sourceName":["psParseLeanApplicationWithNomatchWithFuel"],"span":{"start":{"byteOffset":14922,"line":456,"column":1},"stop":{"byteOffset":15736,"line":480,"column":25}},"coreStart":218,"members":[{"index":0,"name":[["str","psParseLeanApplicationWithNomatchWithFuel"]],"role":"sourceDeclaration"}],"normalization":null},{"sourceIndex":17,"sourceName":["psParseLeanApplicationWithFuel"],"span":{"start":{"byteOffset":15738,"line":482,"column":1},"stop":{"byteOffset":16091,"line":493,"column":11}},"coreStart":219,"members":[{"index":0,"name":[["str","psParseLeanApplicationWithFuel"]],"role":"sourceDeclaration"}],"normalization":null},{"sourceIndex":18,"sourceName":["psParseLeanSimpleApplicationWithFuel"],"span":{"start":{"byteOffset":16093,"line":495,"column":1},"stop":{"byteOffset":16681,"line":512,"column":17}},"coreStart":220,"members":[{"index":0,"name":[["str","psParseLeanSimpleApplicationWithFuel"]],"role":"sourceDeclaration"}],"normalization":null},{"sourceIndex":19,"sourceName":["psParseLeanSimpleApplication"],"span":{"start":{"byteOffset":16683,"line":514,"column":1},"stop":{"byteOffset":16905,"line":519,"column":11}},"coreStart":221,"members":[{"index":0,"name":[["str","psParseLeanSimpleApplication"]],"role":"sourceDeclaration"}],"normalization":null},{"sourceIndex":20,"sourceName":["psParseLeanProductWithNomatchWithFuel"],"span":{"start":{"byteOffset":16907,"line":521,"column":1},"stop":{"byteOffset":19378,"line":583,"column":29}},"coreStart":222,"members":[{"index":0,"name":[["str","psParseLeanProductWithNomatchWithFuel"]],"role":"sourceDeclaration"}],"normalization":null},{"sourceIndex":21,"sourceName":["psParseLeanProductWithFuel"],"span":{"start":{"byteOffset":19380,"line":585,"column":1},"stop":{"byteOffset":19598,"line":592,"column":9}},"coreStart":223,"members":[{"index":0,"name":[["str","psParseLeanProductWithFuel"]],"role":"sourceDeclaration"}],"normalization":null},{"sourceIndex":22,"sourceName":["psParseLeanProduct"],"span":{"start":{"byteOffset":19600,"line":594,"column":1},"stop":{"byteOffset":19802,"line":599,"column":11}},"coreStart":224,"members":[{"index":0,"name":[["str","psParseLeanProduct"]],"role":"sourceDeclaration"}],"normalization":null},{"sourceIndex":23,"sourceName":["psParseLeanBinderTypeWithFuel"],"span":{"start":{"byteOffset":19804,"line":601,"column":1},"stop":{"byteOffset":21591,"line":643,"column":31}},"coreStart":225,"members":[{"index":0,"name":[["str","psParseLeanBinderTypeWithFuel"]],"role":"sourceDeclaration"}],"normalization":null},{"sourceIndex":24,"sourceName":["psParseLeanBinderType"],"span":{"start":{"byteOffset":21593,"line":645,"column":1},"stop":{"byteOffset":21801,"line":650,"column":11}},"coreStart":226,"members":[{"index":0,"name":[["str","psParseLeanBinderType"]],"role":"sourceDeclaration"}],"normalization":null},{"sourceIndex":25,"sourceName":["psParseLeanBinderNamesWithFuel"],"span":{"start":{"byteOffset":21803,"line":652,"column":1},"stop":{"byteOffset":23684,"line":707,"column":32}},"coreStart":227,"members":[{"index":0,"name":[["str","psParseLeanBinderNamesWithFuel"]],"role":"sourceDeclaration"}],"normalization":null},{"sourceIndex":26,"sourceName":["psLeanBinderPairsFromNames"],"span":{"start":{"byteOffset":23687,"line":709,"column":1},"stop":{"byteOffset":24216,"line":730,"column":15}},"coreStart":228,"members":[{"index":0,"name":[["str","psLeanBinderPairsFromNames"]],"role":"sourceDeclaration"}],"normalization":null},{"sourceIndex":27,"sourceName":["psParseLeanBinderGroup"],"span":{"start":{"byteOffset":24219,"line":732,"column":1},"stop":{"byteOffset":25727,"line":773,"column":24}},"coreStart":229,"members":[{"index":0,"name":[["str","psParseLeanBinderGroup"]],"role":"sourceDeclaration"}],"normalization":null},{"sourceIndex":28,"sourceName":["psLeanPrependBinderGroupReverse"],"span":{"start":{"byteOffset":25729,"line":775,"column":1},"stop":{"byteOffset":26488,"line":801,"column":45}},"coreStart":230,"members":[{"index":0,"name":[["str","psLeanPrependBinderGroupReverse"]],"role":"sourceDeclaration"}],"normalization":null},{"sourceIndex":29,"sourceName":["psParseLeanBinder"],"span":{"start":{"byteOffset":26491,"line":803,"column":1},"stop":{"byteOffset":27957,"line":834,"column":24}},"coreStart":231,"members":[{"index":0,"name":[["str","psParseLeanBinder"]],"role":"sourceDeclaration"}],"normalization":null},{"sourceIndex":30,"sourceName":["psParseLeanBindersWithFuel"],"span":{"start":{"byteOffset":27959,"line":836,"column":1},"stop":{"byteOffset":29287,"line":874,"column":12}},"coreStart":232,"members":[{"index":0,"name":[["str","psParseLeanBindersWithFuel"]],"role":"sourceDeclaration"}],"normalization":null},{"sourceIndex":31,"sourceName":["psParseLeanArrowTail"],"span":{"start":{"byteOffset":29289,"line":876,"column":1},"stop":{"byteOffset":30384,"line":904,"column":21}},"coreStart":233,"members":[{"index":0,"name":[["str","psParseLeanArrowTail"]],"role":"sourceDeclaration"}],"normalization":null},{"sourceIndex":32,"sourceName":["psParseLeanDependentArrowTail"],"span":{"start":{"byteOffset":30386,"line":906,"column":1},"stop":{"byteOffset":31765,"line":946,"column":23}},"coreStart":234,"members":[{"index":0,"name":[["str","psParseLeanDependentArrowTail"]],"role":"sourceDeclaration"}],"normalization":null},{"sourceIndex":33,"sourceName":["psLeanPatternBinderName"],"span":{"start":{"byteOffset":31768,"line":948,"column":1},"stop":{"byteOffset":32036,"line":960,"column":4}},"coreStart":235,"members":[{"index":0,"name":[["str","psLeanPatternBinderName"]],"role":"sourceDeclaration"}],"normalization":null},{"sourceIndex":34,"sourceName":["psParseLeanListPattern"],"span":{"start":{"byteOffset":32038,"line":962,"column":1},"stop":{"byteOffset":36526,"line":1086,"column":24}},"coreStart":236,"members":[{"index":0,"name":[["str","psParseLeanListPattern"]],"role":"sourceDeclaration"}],"normalization":null},{"sourceIndex":35,"sourceName":["psLeanNatPatternName"],"span":{"start":{"byteOffset":36528,"line":1088,"column":1},"stop":{"byteOffset":36735,"line":1097,"column":4}},"coreStart":237,"members":[{"index":0,"name":[["str","psLeanNatPatternName"]],"role":"sourceDeclaration"}],"normalization":null},{"sourceIndex":36,"sourceName":["psParseLeanNatPattern"],"span":{"start":{"byteOffset":36737,"line":1099,"column":1},"stop":{"byteOffset":39128,"line":1171,"column":30}},"coreStart":238,"members":[{"index":0,"name":[["str","psParseLeanNatPattern"]],"role":"sourceDeclaration"}],"normalization":null},{"sourceIndex":37,"sourceName":["psParseLeanPattern"],"span":{"start":{"byteOffset":39130,"line":1173,"column":1},"stop":{"byteOffset":39470,"line":1181,"column":50}},"coreStart":239,"members":[{"index":0,"name":[["str","psParseLeanPattern"]],"role":"sourceDeclaration"}],"normalization":null},{"sourceIndex":38,"sourceName":["psParseLeanMatchAlternativesAtColumnWithFuel"],"span":{"start":{"byteOffset":39472,"line":1183,"column":1},"stop":{"byteOffset":43135,"line":1275,"column":16}},"coreStart":240,"members":[{"index":0,"name":[["str","psParseLeanMatchAlternativesAtColumnWithFuel"]],"role":"sourceDeclaration"}],"normalization":null},{"sourceIndex":39,"sourceName":["psParseLeanMatchAlternativesWithFuel"],"span":{"start":{"byteOffset":43137,"line":1277,"column":1},"stop":{"byteOffset":44064,"line":1307,"column":10}},"coreStart":241,"members":[{"index":0,"name":[["str","psParseLeanMatchAlternativesWithFuel"]],"role":"sourceDeclaration"}],"normalization":null},{"sourceIndex":40,"sourceName":["psParseLeanDoWithFuel"],"span":{"start":{"byteOffset":44066,"line":1309,"column":1},"stop":{"byteOffset":49948,"line":1436,"column":27}},"coreStart":242,"members":[{"index":0,"name":[["str","psParseLeanDoWithFuel"]],"role":"sourceDeclaration"}],"normalization":null},{"sourceIndex":41,"sourceName":["psParseLeanRecordApplicationTailWithFuel"],"span":{"start":{"byteOffset":49951,"line":1438,"column":1},"stop":{"byteOffset":51207,"line":1478,"column":12}},"coreStart":243,"members":[{"index":0,"name":[["str","psParseLeanRecordApplicationTailWithFuel"]],"role":"sourceDeclaration"}],"normalization":null},{"sourceIndex":42,"sourceName":["psParseLeanTermWithFuel"],"span":{"start":{"byteOffset":51209,"line":1480,"column":1},"stop":{"byteOffset":66529,"line":1795,"column":30}},"coreStart":244,"members":[{"index":0,"name":[["str","psParseLeanTermWithFuel"]],"role":"sourceDeclaration"}],"normalization":null},{"sourceIndex":43,"sourceName":["psParseLeanTerm"],"span":{"start":{"byteOffset":66531,"line":1797,"column":1},"stop":{"byteOffset":66719,"line":1800,"column":82}},"coreStart":245,"members":[{"index":0,"name":[["str","psParseLeanTerm"]],"role":"sourceDeclaration"}],"normalization":null},{"sourceIndex":44,"sourceName":["psParseLeanInductiveConstructorsWithFuel"],"span":{"start":{"byteOffset":66721,"line":1802,"column":1},"stop":{"byteOffset":69358,"line":1867,"column":12}},"coreStart":246,"members":[{"index":0,"name":[["str","psParseLeanInductiveConstructorsWithFuel"]],"role":"sourceDeclaration"}],"normalization":null},{"sourceIndex":45,"sourceName":["psLeanTopLevelDeclarationToken"],"span":{"start":{"byteOffset":69360,"line":1869,"column":1},"stop":{"byteOffset":69739,"line":1881,"column":35}},"coreStart":247,"members":[{"index":0,"name":[["str","psLeanTopLevelDeclarationToken"]],"role":"sourceDeclaration"}],"normalization":null},{"sourceIndex":46,"sourceName":["psSplitTokensThroughLine"],"span":{"start":{"byteOffset":69741,"line":1883,"column":1},"stop":{"byteOffset":70389,"line":1907,"column":19}},"coreStart":248,"members":[{"index":0,"name":[["str","psSplitTokensThroughLine"]],"role":"sourceDeclaration"}],"normalization":null},{"sourceIndex":47,"sourceName":["psParseLeanStructureField"],"span":{"start":{"byteOffset":70391,"line":1909,"column":1},"stop":{"byteOffset":72894,"line":1965,"column":41}},"coreStart":249,"members":[{"index":0,"name":[["str","psParseLeanStructureField"]],"role":"sourceDeclaration"}],"normalization":null},{"sourceIndex":48,"sourceName":["psParseLeanStructureFieldsWithFuel"],"span":{"start":{"byteOffset":72897,"line":1967,"column":1},"stop":{"byteOffset":74727,"line":2020,"column":53}},"coreStart":250,"members":[{"index":0,"name":[["str","psParseLeanStructureFieldsWithFuel"]],"role":"sourceDeclaration"}],"normalization":null},{"sourceIndex":49,"sourceName":["psParseLeanStructureDeclaration"],"span":{"start":{"byteOffset":74730,"line":2022,"column":1},"stop":{"byteOffset":76677,"line":2064,"column":24}},"coreStart":251,"members":[{"index":0,"name":[["str","psParseLeanStructureDeclaration"]],"role":"sourceDeclaration"}],"normalization":null},{"sourceIndex":50,"sourceName":["psParseLeanInductiveDeclaration"],"span":{"start":{"byteOffset":76679,"line":2066,"column":1},"stop":{"byteOffset":79657,"line":2128,"column":59}},"coreStart":252,"members":[{"index":0,"name":[["str","psParseLeanInductiveDeclaration"]],"role":"sourceDeclaration"}],"normalization":null},{"sourceIndex":51,"sourceName":["PsLeanEquationClause"],"span":{"start":{"byteOffset":79659,"line":2130,"column":1},"stop":{"byteOffset":79773,"line":2133,"column":22}},"coreStart":253,"members":[{"index":0,"name":[["str","PsLeanEquationClause"]],"role":"structureType"},{"index":1,"name":[["str","PsLeanEquationClause"],["str","mk"]],"role":"constructor"},{"index":2,"name":[["str","PsLeanEquationClause"],["str","rec"]],"role":"recursor"}],"normalization":null},{"sourceIndex":52,"sourceName":["psParseLeanEquationPatternsWithFuel"],"span":{"start":{"byteOffset":79775,"line":2135,"column":1},"stop":{"byteOffset":81208,"line":2174,"column":16}},"coreStart":256,"members":[{"index":0,"name":[["str","psParseLeanEquationPatternsWithFuel"]],"role":"sourceDeclaration"}],"normalization":null},{"sourceIndex":53,"sourceName":["psParseLeanEquationClausesWithFuel"],"span":{"start":{"byteOffset":81210,"line":2176,"column":1},"stop":{"byteOffset":83670,"line":2240,"column":57}},"coreStart":257,"members":[{"index":0,"name":[["str","psParseLeanEquationClausesWithFuel"]],"role":"sourceDeclaration"}],"normalization":null},{"sourceIndex":54,"sourceName":["psLeanPatternIsWildcard"],"span":{"start":{"byteOffset":83673,"line":2242,"column":1},"stop":{"byteOffset":83802,"line":2246,"column":15}},"coreStart":258,"members":[{"index":0,"name":[["str","psLeanPatternIsWildcard"]],"role":"sourceDeclaration"}],"normalization":null},{"sourceIndex":55,"sourceName":["psLeanStringListEq"],"span":{"start":{"byteOffset":83804,"line":2248,"column":1},"stop":{"byteOffset":84399,"line":2267,"column":20}},"coreStart":259,"members":[{"index":0,"name":[["str","psLeanStringListEq"]],"role":"sourceDeclaration"}],"normalization":null},{"sourceIndex":56,"sourceName":["psLeanBoolEq"],"span":{"start":{"byteOffset":84401,"line":2269,"column":1},"stop":{"byteOffset":84512,"line":2273,"column":24}},"coreStart":260,"members":[{"index":0,"name":[["str","psLeanBoolEq"]],"role":"sourceDeclaration"}],"normalization":null},{"sourceIndex":57,"sourceName":["psLeanPatternHeadEq"],"span":{"start":{"byteOffset":84514,"line":2275,"column":1},"stop":{"byteOffset":85057,"line":2294,"column":19}},"coreStart":261,"members":[{"index":0,"name":[["str","psLeanPatternHeadEq"]],"role":"sourceDeclaration"}],"normalization":null},{"sourceIndex":58,"sourceName":["psLeanPatternListContainsHead"],"span":{"start":{"byteOffset":85059,"line":2296,"column":1},"stop":{"byteOffset":85388,"line":2307,"column":17}},"coreStart":262,"members":[{"index":0,"name":[["str","psLeanPatternListContainsHead"]],"role":"sourceDeclaration"}],"normalization":null},{"sourceIndex":59,"sourceName":["psLeanEquationHeadPatternsAcc"],"span":{"start":{"byteOffset":85390,"line":2309,"column":1},"stop":{"byteOffset":86196,"line":2333,"column":53}},"coreStart":263,"members":[{"index":0,"name":[["str","psLeanEquationHeadPatternsAcc"]],"role":"sourceDeclaration"}],"normalization":null},{"sourceIndex":60,"sourceName":["psLeanEquationHeadPatterns"],"span":{"start":{"byteOffset":86199,"line":2335,"column":1},"stop":{"byteOffset":86344,"line":2338,"column":43}},"coreStart":264,"members":[{"index":0,"name":[["str","psLeanEquationHeadPatterns"]],"role":"sourceDeclaration"}],"normalization":null},{"sourceIndex":61,"sourceName":["psLeanEquationClauseForBranch"],"span":{"start":{"byteOffset":86346,"line":2340,"column":1},"stop":{"byteOffset":86995,"line":2362,"column":20}},"coreStart":265,"members":[{"index":0,"name":[["str","psLeanEquationClauseForBranch"]],"role":"sourceDeclaration"}],"normalization":null},{"sourceIndex":62,"sourceName":["psLeanEquationClausesForBranchAcc"],"span":{"start":{"byteOffset":86997,"line":2364,"column":1},"stop":{"byteOffset":87793,"line":2388,"column":50}},"coreStart":266,"members":[{"index":0,"name":[["str","psLeanEquationClausesForBranchAcc"]],"role":"sourceDeclaration"}],"normalization":null},{"sourceIndex":63,"sourceName":["psLeanEquationClausesForBranch"],"span":{"start":{"byteOffset":87796,"line":2390,"column":1},"stop":{"byteOffset":87992,"line":2394,"column":54}},"coreStart":267,"members":[{"index":0,"name":[["str","psLeanEquationClausesForBranch"]],"role":"sourceDeclaration"}],"normalization":null},{"sourceIndex":64,"sourceName":["psLeanPatternListIsEmpty"],"span":{"start":{"byteOffset":87994,"line":2396,"column":1},"stop":{"byteOffset":88140,"line":2400,"column":27}},"coreStart":268,"members":[{"index":0,"name":[["str","psLeanPatternListIsEmpty"]],"role":"sourceDeclaration"}],"normalization":null},{"sourceIndex":65,"sourceName":["psLeanFirstCompletedEquation"],"span":{"start":{"byteOffset":88142,"line":2402,"column":1},"stop":{"byteOffset":88460,"line":2411,"column":42}},"coreStart":269,"members":[{"index":0,"name":[["str","psLeanFirstCompletedEquation"]],"role":"sourceDeclaration"}],"normalization":null},{"sourceIndex":66,"sourceName":["psLeanMapPatternAlternatives"],"span":{"start":{"byteOffset":88462,"line":2413,"column":1},"stop":{"byteOffset":89579,"line":2450,"column":54}},"coreStart":270,"members":[{"index":0,"name":[["str","psLeanMapPatternAlternatives"]],"role":"sourceDeclaration"}],"normalization":null},{"sourceIndex":67,"sourceName":["psLeanLowerEquationClauses"],"span":{"start":{"byteOffset":89582,"line":2452,"column":1},"stop":{"byteOffset":91236,"line":2490,"column":40}},"coreStart":271,"members":[{"index":0,"name":[["str","psLeanLowerEquationClauses"]],"role":"sourceDeclaration"}],"normalization":null},{"sourceIndex":68,"sourceName":["psLeanFlattenForallBinders"],"span":{"start":{"byteOffset":91239,"line":2492,"column":1},"stop":{"byteOffset":91559,"line":2499,"column":31}},"coreStart":272,"members":[{"index":0,"name":[["str","psLeanFlattenForallBinders"]],"role":"sourceDeclaration"}],"normalization":null},{"sourceIndex":69,"sourceName":["psLeanEquationBinderName"],"span":{"start":{"byteOffset":91561,"line":2501,"column":1},"stop":{"byteOffset":92148,"line":2522,"column":19}},"coreStart":273,"members":[{"index":0,"name":[["str","psLeanEquationBinderName"]],"role":"sourceDeclaration"}],"normalization":null},{"sourceIndex":70,"sourceName":["psLeanPrepareEquationBindersAcc"],"span":{"start":{"byteOffset":92150,"line":2524,"column":1},"stop":{"byteOffset":93972,"line":2576,"column":39}},"coreStart":274,"members":[{"index":0,"name":[["str","psLeanPrepareEquationBindersAcc"]],"role":"sourceDeclaration"}],"normalization":null},{"sourceIndex":71,"sourceName":["psLeanEquationClausesHaveArity"],"span":{"start":{"byteOffset":93975,"line":2578,"column":1},"stop":{"byteOffset":94343,"line":2592,"column":14}},"coreStart":275,"members":[{"index":0,"name":[["str","psLeanEquationClausesHaveArity"]],"role":"sourceDeclaration"}],"normalization":null},{"sourceIndex":72,"sourceName":["psLeanEquationArity"],"span":{"start":{"byteOffset":94345,"line":2594,"column":1},"stop":{"byteOffset":94683,"line":2605,"column":20}},"coreStart":276,"members":[{"index":0,"name":[["str","psLeanEquationArity"]],"role":"sourceDeclaration"}],"normalization":null},{"sourceIndex":73,"sourceName":["psLeanLowerEquationValue"],"span":{"start":{"byteOffset":94685,"line":2607,"column":1},"stop":{"byteOffset":95809,"line":2642,"column":33}},"coreStart":277,"members":[{"index":0,"name":[["str","psLeanLowerEquationValue"]],"role":"sourceDeclaration"}],"normalization":null},{"sourceIndex":74,"sourceName":["psFinishLeanValueDeclaration"],"span":{"start":{"byteOffset":95812,"line":2644,"column":1},"stop":{"byteOffset":96595,"line":2673,"column":4}},"coreStart":278,"members":[{"index":0,"name":[["str","psFinishLeanValueDeclaration"]],"role":"sourceDeclaration"}],"normalization":null},{"sourceIndex":75,"sourceName":["psParseLeanDeclaration"],"span":{"start":{"byteOffset":96597,"line":2675,"column":1},"stop":{"byteOffset":103597,"line":2808,"column":51}},"coreStart":279,"members":[{"index":0,"name":[["str","psParseLeanDeclaration"]],"role":"sourceDeclaration"}],"normalization":null},{"sourceIndex":76,"sourceName":["psParseLeanImportsWithFuel"],"span":{"start":{"byteOffset":103601,"line":2811,"column":1},"stop":{"byteOffset":104716,"line":2845,"column":12}},"coreStart":280,"members":[{"index":0,"name":[["str","psParseLeanImportsWithFuel"]],"role":"sourceDeclaration"}],"normalization":null},{"sourceIndex":77,"sourceName":["psParseLeanDeclarationsWithFuel"],"span":{"start":{"byteOffset":104718,"line":2847,"column":1},"stop":{"byteOffset":106336,"line":2894,"column":56}},"coreStart":281,"members":[{"index":0,"name":[["str","psParseLeanDeclarationsWithFuel"]],"role":"sourceDeclaration"}],"normalization":null},{"sourceIndex":78,"sourceName":["psParseLeanTokens"],"span":{"start":{"byteOffset":106339,"line":2896,"column":1},"stop":{"byteOffset":106952,"line":2912,"column":12}},"coreStart":282,"members":[{"index":0,"name":[["str","psParseLeanTokens"]],"role":"sourceDeclaration"}],"normalization":null},{"sourceIndex":79,"sourceName":["PsLeanFrontendError"],"span":{"start":{"byteOffset":106954,"line":2914,"column":1},"stop":{"byteOffset":107051,"line":2916,"column":33}},"coreStart":283,"members":[{"index":0,"name":[["str","PsLeanFrontendError"]],"role":"inductiveType"},{"index":1,"name":[["str","PsLeanFrontendError"],["str","lex"]],"role":"constructor"},{"index":2,"name":[["str","PsLeanFrontendError"],["str","parse"]],"role":"constructor"},{"index":3,"name":[["str","PsLeanFrontendError"],["str","rec"]],"role":"recursor"}],"normalization":null},{"sourceIndex":80,"sourceName":["psParseLeanSource"],"span":{"start":{"byteOffset":107053,"line":2918,"column":1},"stop":{"byteOffset":107432,"line":2926,"column":45}},"coreStart":287,"members":[{"index":0,"name":[["str","psParseLeanSource"]],"role":"sourceDeclaration"}],"normalization":null}]},{"moduleName":["Ps","Syntax","ParseProofScript"],"coreStart":288,"batches":[{"sourceIndex":0,"sourceName":["psProofScriptGrammarEdition"],"span":{"start":{"byteOffset":219,"line":6,"column":1},"stop":{"byteOffset":274,"line":6,"column":56}},"coreStart":288,"members":[{"index":0,"name":[["str","psProofScriptGrammarEdition"]],"role":"sourceDeclaration"}],"normalization":null},{"sourceIndex":1,"sourceName":["psProofScriptGrammarMode"],"span":{"start":{"byteOffset":275,"line":7,"column":1},"stop":{"byteOffset":326,"line":7,"column":52}},"coreStart":289,"members":[{"index":0,"name":[["str","psProofScriptGrammarMode"]],"role":"sourceDeclaration"}],"normalization":null},{"sourceIndex":2,"sourceName":["psProofScriptGrammarReferenceSha256"],"span":{"start":{"byteOffset":327,"line":8,"column":1},"stop":{"byteOffset":447,"line":9,"column":69}},"coreStart":290,"members":[{"index":0,"name":[["str","psProofScriptGrammarReferenceSha256"]],"role":"sourceDeclaration"}],"normalization":null},{"sourceIndex":3,"sourceName":["psProofScriptTermStart"],"span":{"start":{"byteOffset":449,"line":11,"column":1},"stop":{"byteOffset":568,"line":14,"column":13}},"coreStart":291,"members":[{"index":0,"name":[["str","psProofScriptTermStart"]],"role":"sourceDeclaration"}],"normalization":null},{"sourceIndex":4,"sourceName":["psProofScriptTermStop"],"span":{"start":{"byteOffset":570,"line":16,"column":1},"stop":{"byteOffset":687,"line":19,"column":12}},"coreStart":292,"members":[{"index":0,"name":[["str","psProofScriptTermStop"]],"role":"sourceDeclaration"}],"normalization":null},{"sourceIndex":5,"sourceName":["psProofScriptBoolNot"],"span":{"start":{"byteOffset":689,"line":21,"column":1},"stop":{"byteOffset":770,"line":22,"column":32}},"coreStart":293,"members":[{"index":0,"name":[["str","psProofScriptBoolNot"]],"role":"sourceDeclaration"}],"normalization":null},{"sourceIndex":6,"sourceName":["psProofScriptBoolAnd"],"span":{"start":{"byteOffset":772,"line":24,"column":1},"stop":{"byteOffset":875,"line":27,"column":32}},"coreStart":294,"members":[{"index":0,"name":[["str","psProofScriptBoolAnd"]],"role":"sourceDeclaration"}],"normalization":null},{"sourceIndex":7,"sourceName":["psProofScriptBoolOr"],"span":{"start":{"byteOffset":877,"line":29,"column":1},"stop":{"byteOffset":978,"line":32,"column":31}},"coreStart":295,"members":[{"index":0,"name":[["str","psProofScriptBoolOr"]],"role":"sourceDeclaration"}],"normalization":null},{"sourceIndex":8,"sourceName":["psParseProofScriptImport"],"span":{"start":{"byteOffset":980,"line":34,"column":1},"stop":{"byteOffset":1624,"line":52,"column":12}},"coreStart":296,"members":[{"index":0,"name":[["str","psParseProofScriptImport"]],"role":"sourceDeclaration"}],"normalization":null},{"sourceIndex":9,"sourceName":["PsProofScriptCallArgs"],"span":{"start":{"byteOffset":1626,"line":54,"column":1},"stop":{"byteOffset":1742,"line":57,"column":25}},"coreStart":297,"members":[{"index":0,"name":[["str","PsProofScriptCallArgs"]],"role":"structureType"},{"index":1,"name":[["str","PsProofScriptCallArgs"],["str","mk"]],"role":"constructor"},{"index":2,"name":[["str","PsProofScriptCallArgs"],["str","rec"]],"role":"recursor"}],"normalization":null},{"sourceIndex":10,"sourceName":["psParseProofScriptCallArgsWithFuel"],"span":{"start":{"byteOffset":1745,"line":60,"column":1},"stop":{"byteOffset":4018,"line":118,"column":22}},"coreStart":300,"members":[{"index":0,"name":[["str","psParseProofScriptCallArgsWithFuel"]],"role":"sourceDeclaration"}],"normalization":null},{"sourceIndex":11,"sourceName":["psProofScriptCallAdjacent"],"span":{"start":{"byteOffset":4020,"line":120,"column":1},"stop":{"byteOffset":4306,"line":127,"column":58}},"coreStart":301,"members":[{"index":0,"name":[["str","psProofScriptCallAdjacent"]],"role":"sourceDeclaration"}],"normalization":null},{"sourceIndex":12,"sourceName":["psProofScriptExpectedError"],"span":{"start":{"byteOffset":4309,"line":130,"column":1},"stop":{"byteOffset":4591,"line":136,"column":63}},"coreStart":302,"members":[{"index":0,"name":[["str","psProofScriptExpectedError"]],"role":"sourceDeclaration"}],"normalization":null},{"sourceIndex":13,"sourceName":["psProofScriptTermWithSpan"],"span":{"start":{"byteOffset":4593,"line":138,"column":1},"stop":{"byteOffset":5560,"line":157,"column":54}},"coreStart":303,"members":[{"index":0,"name":[["str","psProofScriptTermWithSpan"]],"role":"sourceDeclaration"}],"normalization":null},{"sourceIndex":14,"sourceName":["psProofScriptLaterLine"],"span":{"start":{"byteOffset":5562,"line":159,"column":1},"stop":{"byteOffset":5805,"line":165,"column":61}},"coreStart":304,"members":[{"index":0,"name":[["str","psProofScriptLaterLine"]],"role":"sourceDeclaration"}],"normalization":null},{"sourceIndex":15,"sourceName":["psParseProofScriptBodySeparator"],"span":{"start":{"byteOffset":5807,"line":167,"column":1},"stop":{"byteOffset":6368,"line":178,"column":82}},"coreStart":305,"members":[{"index":0,"name":[["str","psParseProofScriptBodySeparator"]],"role":"sourceDeclaration"}],"normalization":null},{"sourceIndex":16,"sourceName":["psParseProofScriptCommandSeparator"],"span":{"start":{"byteOffset":6371,"line":180,"column":1},"stop":{"byteOffset":6866,"line":190,"column":78}},"coreStart":306,"members":[{"index":0,"name":[["str","psParseProofScriptCommandSeparator"]],"role":"sourceDeclaration"}],"normalization":null},{"sourceIndex":17,"sourceName":["psParseProofScriptRecordFieldsWithFuel"],"span":{"start":{"byteOffset":6869,"line":192,"column":1},"stop":{"byteOffset":9303,"line":245,"column":99}},"coreStart":307,"members":[{"index":0,"name":[["str","psParseProofScriptRecordFieldsWithFuel"]],"role":"sourceDeclaration"}],"normalization":null},{"sourceIndex":18,"sourceName":["psParseProofScriptRecordLiteral"],"span":{"start":{"byteOffset":9306,"line":247,"column":1},"stop":{"byteOffset":10305,"line":272,"column":16}},"coreStart":308,"members":[{"index":0,"name":[["str","psParseProofScriptRecordLiteral"]],"role":"sourceDeclaration"}],"normalization":null},{"sourceIndex":19,"sourceName":["psProofScriptReservedArgument"],"span":{"start":{"byteOffset":10307,"line":274,"column":1},"stop":{"byteOffset":11870,"line":308,"column":13}},"coreStart":309,"members":[{"index":0,"name":[["str","psProofScriptReservedArgument"]],"role":"sourceDeclaration"}],"normalization":null},{"sourceIndex":20,"sourceName":["psProofScriptCanStartNativeArgument"],"span":{"start":{"byteOffset":11872,"line":310,"column":1},"stop":{"byteOffset":12969,"line":335,"column":58}},"coreStart":310,"members":[{"index":0,"name":[["str","psProofScriptCanStartNativeArgument"]],"role":"sourceDeclaration"}],"normalization":null},{"sourceIndex":21,"sourceName":["psParseProofScriptPrimary"],"span":{"start":{"byteOffset":12971,"line":337,"column":1},"stop":{"byteOffset":14573,"line":375,"column":29}},"coreStart":311,"members":[{"index":0,"name":[["str","psParseProofScriptPrimary"]],"role":"sourceDeclaration"}],"normalization":null},{"sourceIndex":22,"sourceName":["psParseProofScriptPostfixTailWithFuel"],"span":{"start":{"byteOffset":14575,"line":377,"column":1},"stop":{"byteOffset":16210,"line":417,"column":59}},"coreStart":312,"members":[{"index":0,"name":[["str","psParseProofScriptPostfixTailWithFuel"]],"role":"sourceDeclaration"}],"normalization":null},{"sourceIndex":23,"sourceName":["psParseProofScriptNativeTailWithFuel"],"span":{"start":{"byteOffset":16213,"line":420,"column":1},"stop":{"byteOffset":18142,"line":472,"column":57}},"coreStart":313,"members":[{"index":0,"name":[["str","psParseProofScriptNativeTailWithFuel"]],"role":"sourceDeclaration"}],"normalization":null},{"sourceIndex":24,"sourceName":["psParseProofScriptApplicationAfterPrimary"],"span":{"start":{"byteOffset":18144,"line":474,"column":1},"stop":{"byteOffset":18804,"line":494,"column":29}},"coreStart":314,"members":[{"index":0,"name":[["str","psParseProofScriptApplicationAfterPrimary"]],"role":"sourceDeclaration"}],"normalization":null},{"sourceIndex":25,"sourceName":["psParseProofScriptApplicationWithFuel"],"span":{"start":{"byteOffset":18806,"line":496,"column":1},"stop":{"byteOffset":19388,"line":510,"column":55}},"coreStart":315,"members":[{"index":0,"name":[["str","psParseProofScriptApplicationWithFuel"]],"role":"sourceDeclaration"}],"normalization":null},{"sourceIndex":26,"sourceName":["psParseProofScriptSimpleApplicationWithFuel"],"span":{"start":{"byteOffset":19390,"line":512,"column":1},"stop":{"byteOffset":19867,"line":525,"column":17}},"coreStart":316,"members":[{"index":0,"name":[["str","psParseProofScriptSimpleApplicationWithFuel"]],"role":"sourceDeclaration"}],"normalization":null},{"sourceIndex":27,"sourceName":["psParseProofScriptSimpleApplication"],"span":{"start":{"byteOffset":19869,"line":527,"column":1},"stop":{"byteOffset":20105,"line":532,"column":11}},"coreStart":317,"members":[{"index":0,"name":[["str","psParseProofScriptSimpleApplication"]],"role":"sourceDeclaration"}],"normalization":null},{"sourceIndex":28,"sourceName":["psParseProofScriptArrowTail"],"span":{"start":{"byteOffset":20107,"line":534,"column":1},"stop":{"byteOffset":21380,"line":566,"column":21}},"coreStart":318,"members":[{"index":0,"name":[["str","psParseProofScriptArrowTail"]],"role":"sourceDeclaration"}],"normalization":null},{"sourceIndex":29,"sourceName":["psParseProofScriptDependentArrowTail"],"span":{"start":{"byteOffset":21382,"line":568,"column":1},"stop":{"byteOffset":22774,"line":606,"column":19}},"coreStart":319,"members":[{"index":0,"name":[["str","psParseProofScriptDependentArrowTail"]],"role":"sourceDeclaration"}],"normalization":null},{"sourceIndex":30,"sourceName":["psParseProofScriptGroupedType"],"span":{"start":{"byteOffset":22779,"line":610,"column":1},"stop":{"byteOffset":23667,"line":627,"column":64}},"coreStart":320,"members":[{"index":0,"name":[["str","psParseProofScriptGroupedType"]],"role":"sourceDeclaration"}],"normalization":null},{"sourceIndex":31,"sourceName":["psParseProofScriptNestedBinderType"],"span":{"start":{"byteOffset":23669,"line":629,"column":1},"stop":{"byteOffset":25152,"line":653,"column":68}},"coreStart":321,"members":[{"index":0,"name":[["str","psParseProofScriptNestedBinderType"]],"role":"sourceDeclaration"}],"normalization":null},{"sourceIndex":32,"sourceName":["psParseProofScriptBinderTypeWithFuel"],"span":{"start":{"byteOffset":25154,"line":655,"column":1},"stop":{"byteOffset":25983,"line":671,"column":75}},"coreStart":322,"members":[{"index":0,"name":[["str","psParseProofScriptBinderTypeWithFuel"]],"role":"sourceDeclaration"}],"normalization":null},{"sourceIndex":33,"sourceName":["psParseProofScriptBinderType"],"span":{"start":{"byteOffset":25986,"line":674,"column":1},"stop":{"byteOffset":26208,"line":679,"column":11}},"coreStart":323,"members":[{"index":0,"name":[["str","psParseProofScriptBinderType"]],"role":"sourceDeclaration"}],"normalization":null},{"sourceIndex":34,"sourceName":["psParseProofScriptBinder"],"span":{"start":{"byteOffset":26210,"line":681,"column":1},"stop":{"byteOffset":27673,"line":712,"column":24}},"coreStart":324,"members":[{"index":0,"name":[["str","psParseProofScriptBinder"]],"role":"sourceDeclaration"}],"normalization":null},{"sourceIndex":35,"sourceName":["psParseProofScriptBindersWithFuel"],"span":{"start":{"byteOffset":27676,"line":715,"column":1},"stop":{"byteOffset":28962,"line":751,"column":12}},"coreStart":325,"members":[{"index":0,"name":[["str","psParseProofScriptBindersWithFuel"]],"role":"sourceDeclaration"}],"normalization":null},{"sourceIndex":36,"sourceName":["psParseProofScriptExplicitEntriesWithFuel"],"span":{"start":{"byteOffset":28965,"line":754,"column":1},"stop":{"byteOffset":32584,"line":831,"column":107}},"coreStart":326,"members":[{"index":0,"name":[["str","psParseProofScriptExplicitEntriesWithFuel"]],"role":"sourceDeclaration"}],"normalization":null},{"sourceIndex":37,"sourceName":["psParseProofScriptDeclarationBindersWithFuel"],"span":{"start":{"byteOffset":32587,"line":833,"column":1},"stop":{"byteOffset":34462,"line":877,"column":12}},"coreStart":327,"members":[{"index":0,"name":[["str","psParseProofScriptDeclarationBindersWithFuel"]],"role":"sourceDeclaration"}],"normalization":null},{"sourceIndex":38,"sourceName":["psProofScriptBindersHaveExplicit"],"span":{"start":{"byteOffset":34464,"line":879,"column":1},"stop":{"byteOffset":34763,"line":887,"column":51}},"coreStart":328,"members":[{"index":0,"name":[["str","psProofScriptBindersHaveExplicit"]],"role":"sourceDeclaration"}],"normalization":null},{"sourceIndex":39,"sourceName":["psParseProofScriptMatchAlternativesWithFuel"],"span":{"start":{"byteOffset":34765,"line":889,"column":1},"stop":{"byteOffset":37449,"line":944,"column":97}},"coreStart":329,"members":[{"index":0,"name":[["str","psParseProofScriptMatchAlternativesWithFuel"]],"role":"sourceDeclaration"}],"normalization":null},{"sourceIndex":40,"sourceName":["psParseProofScriptGroupedContinuation"],"span":{"start":{"byteOffset":37452,"line":946,"column":1},"stop":{"byteOffset":38186,"line":965,"column":56}},"coreStart":330,"members":[{"index":0,"name":[["str","psParseProofScriptGroupedContinuation"]],"role":"sourceDeclaration"}],"normalization":null},{"sourceIndex":41,"sourceName":["psParseProofScriptTermWithFuel"],"span":{"start":{"byteOffset":38188,"line":967,"column":1},"stop":{"byteOffset":53286,"line":1250,"column":21}},"coreStart":331,"members":[{"index":0,"name":[["str","psParseProofScriptTermWithFuel"]],"role":"sourceDeclaration"}],"normalization":null},{"sourceIndex":42,"sourceName":["psParseProofScriptTerm"],"span":{"start":{"byteOffset":53288,"line":1252,"column":1},"stop":{"byteOffset":53490,"line":1255,"column":89}},"coreStart":332,"members":[{"index":0,"name":[["str","psParseProofScriptTerm"]],"role":"sourceDeclaration"}],"normalization":null},{"sourceIndex":43,"sourceName":["psProofScriptLastBinderStop"],"span":{"start":{"byteOffset":53494,"line":1259,"column":1},"stop":{"byteOffset":53777,"line":1266,"column":21}},"coreStart":333,"members":[{"index":0,"name":[["str","psProofScriptLastBinderStop"]],"role":"sourceDeclaration"}],"normalization":null},{"sourceIndex":44,"sourceName":["psParseProofScriptInductiveConstructorsWithFuel"],"span":{"start":{"byteOffset":53779,"line":1268,"column":1},"stop":{"byteOffset":56347,"line":1320,"column":101}},"coreStart":334,"members":[{"index":0,"name":[["str","psParseProofScriptInductiveConstructorsWithFuel"]],"role":"sourceDeclaration"}],"normalization":null},{"sourceIndex":45,"sourceName":["psParseProofScriptStructureField"],"span":{"start":{"byteOffset":56350,"line":1322,"column":1},"stop":{"byteOffset":58350,"line":1365,"column":88}},"coreStart":335,"members":[{"index":0,"name":[["str","psParseProofScriptStructureField"]],"role":"sourceDeclaration"}],"normalization":null},{"sourceIndex":46,"sourceName":["psParseProofScriptStructureFieldsWithFuel"],"span":{"start":{"byteOffset":58353,"line":1367,"column":1},"stop":{"byteOffset":59620,"line":1402,"column":49}},"coreStart":336,"members":[{"index":0,"name":[["str","psParseProofScriptStructureFieldsWithFuel"]],"role":"sourceDeclaration"}],"normalization":null},{"sourceIndex":47,"sourceName":["psParseProofScriptDeclaredName"],"span":{"start":{"byteOffset":59623,"line":1404,"column":1},"stop":{"byteOffset":60010,"line":1413,"column":8}},"coreStart":337,"members":[{"index":0,"name":[["str","psParseProofScriptDeclaredName"]],"role":"sourceDeclaration"}],"normalization":null},{"sourceIndex":48,"sourceName":["psParseProofScriptStructureDeclaration"],"span":{"start":{"byteOffset":60012,"line":1415,"column":1},"stop":{"byteOffset":62286,"line":1460,"column":32}},"coreStart":338,"members":[{"index":0,"name":[["str","psParseProofScriptStructureDeclaration"]],"role":"sourceDeclaration"}],"normalization":null},{"sourceIndex":49,"sourceName":["psParseProofScriptInductiveDeclaration"],"span":{"start":{"byteOffset":62288,"line":1462,"column":1},"stop":{"byteOffset":65720,"line":1529,"column":59}},"coreStart":339,"members":[{"index":0,"name":[["str","psParseProofScriptInductiveDeclaration"]],"role":"sourceDeclaration"}],"normalization":null},{"sourceIndex":50,"sourceName":["psParseProofScriptDefinitionBody"],"span":{"start":{"byteOffset":65723,"line":1532,"column":1},"stop":{"byteOffset":66880,"line":1558,"column":34}},"coreStart":340,"members":[{"index":0,"name":[["str","psParseProofScriptDefinitionBody"]],"role":"sourceDeclaration"}],"normalization":null},{"sourceIndex":51,"sourceName":["psParseProofScriptDeclaration"],"span":{"start":{"byteOffset":66882,"line":1560,"column":1},"stop":{"byteOffset":72266,"line":1653,"column":42}},"coreStart":341,"members":[{"index":0,"name":[["str","psParseProofScriptDeclaration"]],"role":"sourceDeclaration"}],"normalization":null},{"sourceIndex":52,"sourceName":["psProofScriptDeclarationStop"],"span":{"start":{"byteOffset":72268,"line":1655,"column":1},"stop":{"byteOffset":72604,"line":1662,"column":43}},"coreStart":342,"members":[{"index":0,"name":[["str","psProofScriptDeclarationStop"]],"role":"sourceDeclaration"}],"normalization":null},{"sourceIndex":53,"sourceName":["psParseProofScriptImportsWithFuel"],"span":{"start":{"byteOffset":72606,"line":1664,"column":1},"stop":{"byteOffset":73993,"line":1701,"column":12}},"coreStart":343,"members":[{"index":0,"name":[["str","psParseProofScriptImportsWithFuel"]],"role":"sourceDeclaration"}],"normalization":null},{"sourceIndex":54,"sourceName":["psParseProofScriptDeclarationsWithFuel"],"span":{"start":{"byteOffset":73996,"line":1704,"column":1},"stop":{"byteOffset":75859,"line":1755,"column":71}},"coreStart":344,"members":[{"index":0,"name":[["str","psParseProofScriptDeclarationsWithFuel"]],"role":"sourceDeclaration"}],"normalization":null},{"sourceIndex":55,"sourceName":["psParseProofScriptTokens"],"span":{"start":{"byteOffset":75862,"line":1757,"column":1},"stop":{"byteOffset":76496,"line":1773,"column":12}},"coreStart":345,"members":[{"index":0,"name":[["str","psParseProofScriptTokens"]],"role":"sourceDeclaration"}],"normalization":null},{"sourceIndex":56,"sourceName":["PsProofScriptFrontendError"],"span":{"start":{"byteOffset":76498,"line":1775,"column":1},"stop":{"byteOffset":76602,"line":1777,"column":33}},"coreStart":346,"members":[{"index":0,"name":[["str","PsProofScriptFrontendError"]],"role":"inductiveType"},{"index":1,"name":[["str","PsProofScriptFrontendError"],["str","lex"]],"role":"constructor"},{"index":2,"name":[["str","PsProofScriptFrontendError"],["str","parse"]],"role":"constructor"},{"index":3,"name":[["str","PsProofScriptFrontendError"],["str","rec"]],"role":"recursor"}],"normalization":null},{"sourceIndex":57,"sourceName":["psParseProofScriptSource"],"span":{"start":{"byteOffset":76604,"line":1779,"column":1},"stop":{"byteOffset":77045,"line":1789,"column":45}},"coreStart":350,"members":[{"index":0,"name":[["str","psParseProofScriptSource"]],"role":"sourceDeclaration"}],"normalization":null}]},{"moduleName":["Ps","Syntax","PrintCommon"],"coreStart":351,"batches":[{"sourceIndex":0,"sourceName":["PsSourcePrintError"],"span":{"start":{"byteOffset":22,"line":3,"column":1},"stop":{"byteOffset":160,"line":7,"column":45}},"coreStart":351,"members":[{"index":0,"name":[["str","PsSourcePrintError"]],"role":"inductiveType"},{"index":1,"name":[["str","PsSourcePrintError"],["str","fuelExhausted"]],"role":"constructor"},{"index":2,"name":[["str","PsSourcePrintError"],["str","unsupportedApplication"]],"role":"constructor"},{"index":3,"name":[["str","PsSourcePrintError"],["str","emptyName"]],"role":"constructor"},{"index":4,"name":[["str","PsSourcePrintError"],["str","unsupportedSourceForm"]],"role":"constructor"},{"index":5,"name":[["str","PsSourcePrintError"],["str","rec"]],"role":"recursor"}],"normalization":null},{"sourceIndex":1,"sourceName":["psPrintCommonConcat2"],"span":{"start":{"byteOffset":162,"line":9,"column":1},"stop":{"byteOffset":260,"line":11,"column":36}},"coreStart":357,"members":[{"index":0,"name":[["str","psPrintCommonConcat2"]],"role":"sourceDeclaration"}],"normalization":null},{"sourceIndex":2,"sourceName":["psPrintCommonConcat3"],"span":{"start":{"byteOffset":262,"line":13,"column":1},"stop":{"byteOffset":423,"line":16,"column":38}},"coreStart":358,"members":[{"index":0,"name":[["str","psPrintCommonConcat3"]],"role":"sourceDeclaration"}],"normalization":null},{"sourceIndex":3,"sourceName":["psPrintJoin"],"span":{"start":{"byteOffset":425,"line":18,"column":1},"stop":{"byteOffset":755,"line":30,"column":40}},"coreStart":359,"members":[{"index":0,"name":[["str","psPrintJoin"]],"role":"sourceDeclaration"}],"normalization":null},{"sourceIndex":4,"sourceName":["psPrintSyntaxName"],"span":{"start":{"byteOffset":758,"line":32,"column":1},"stop":{"byteOffset":1013,"line":37,"column":57}},"coreStart":360,"members":[{"index":0,"name":[["str","psPrintSyntaxName"]],"role":"sourceDeclaration"}],"normalization":null},{"sourceIndex":5,"sourceName":["psPrintSyntaxNames"],"span":{"start":{"byteOffset":1016,"line":39,"column":1},"stop":{"byteOffset":1670,"line":58,"column":59}},"coreStart":361,"members":[{"index":0,"name":[["str","psPrintSyntaxNames"]],"role":"sourceDeclaration"}],"normalization":null},{"sourceIndex":6,"sourceName":["psPrintBinderDelimiters"],"span":{"start":{"byteOffset":1673,"line":60,"column":1},"stop":{"byteOffset":1922,"line":66,"column":41}},"coreStart":362,"members":[{"index":0,"name":[["str","psPrintBinderDelimiters"]],"role":"sourceDeclaration"}],"normalization":null},{"sourceIndex":7,"sourceName":["psPrintPattern"],"span":{"start":{"byteOffset":1924,"line":68,"column":1},"stop":{"byteOffset":2932,"line":98,"column":54}},"coreStart":363,"members":[{"index":0,"name":[["str","psPrintPattern"]],"role":"sourceDeclaration"}],"normalization":null},{"sourceIndex":8,"sourceName":["psSyntaxTermSimpleForApplication"],"span":{"start":{"byteOffset":2936,"line":100,"column":1},"stop":{"byteOffset":3153,"line":107,"column":15}},"coreStart":364,"members":[{"index":0,"name":[["str","psSyntaxTermSimpleForApplication"]],"role":"sourceDeclaration"}],"normalization":null},{"sourceIndex":9,"sourceName":["psPrintArrowChain"],"span":{"start":{"byteOffset":3155,"line":109,"column":1},"stop":{"byteOffset":3401,"line":118,"column":37}},"coreStart":365,"members":[{"index":0,"name":[["str","psPrintArrowChain"]],"role":"sourceDeclaration"}],"normalization":null}]},{"moduleName":["Ps","Syntax","PrintLean"],"coreStart":366,"batches":[{"sourceIndex":0,"sourceName":["psPrintLeanBoolNot"],"span":{"start":{"byteOffset":30,"line":3,"column":1},"stop":{"byteOffset":109,"line":4,"column":32}},"coreStart":366,"members":[{"index":0,"name":[["str","psPrintLeanBoolNot"]],"role":"sourceDeclaration"}],"normalization":null},{"sourceIndex":1,"sourceName":["psPrintLeanConcat2"],"span":{"start":{"byteOffset":111,"line":6,"column":1},"stop":{"byteOffset":193,"line":8,"column":29}},"coreStart":367,"members":[{"index":0,"name":[["str","psPrintLeanConcat2"]],"role":"sourceDeclaration"}],"normalization":null},{"sourceIndex":2,"sourceName":["psPrintLeanConcat3"],"span":{"start":{"byteOffset":195,"line":10,"column":1},"stop":{"byteOffset":312,"line":13,"column":26}},"coreStart":368,"members":[{"index":0,"name":[["str","psPrintLeanConcat3"]],"role":"sourceDeclaration"}],"normalization":null},{"sourceIndex":3,"sourceName":["psPrintLeanConcat4"],"span":{"start":{"byteOffset":314,"line":15,"column":1},"stop":{"byteOffset":437,"line":18,"column":27}},"coreStart":369,"members":[{"index":0,"name":[["str","psPrintLeanConcat4"]],"role":"sourceDeclaration"}],"normalization":null},{"sourceIndex":4,"sourceName":["psPrintLeanConcat5"],"span":{"start":{"byteOffset":439,"line":20,"column":1},"stop":{"byteOffset":568,"line":23,"column":28}},"coreStart":370,"members":[{"index":0,"name":[["str","psPrintLeanConcat5"]],"role":"sourceDeclaration"}],"normalization":null},{"sourceIndex":5,"sourceName":["psPrintLeanConcat6"],"span":{"start":{"byteOffset":570,"line":25,"column":1},"stop":{"byteOffset":705,"line":28,"column":29}},"coreStart":371,"members":[{"index":0,"name":[["str","psPrintLeanConcat6"]],"role":"sourceDeclaration"}],"normalization":null},{"sourceIndex":6,"sourceName":["psPrintLeanSpaceJoinedSuffix"],"span":{"start":{"byteOffset":707,"line":30,"column":1},"stop":{"byteOffset":891,"line":35,"column":53}},"coreStart":372,"members":[{"index":0,"name":[["str","psPrintLeanSpaceJoinedSuffix"]],"role":"sourceDeclaration"}],"normalization":null},{"sourceIndex":7,"sourceName":["psPrintLeanMapRecordFields"],"span":{"start":{"byteOffset":894,"line":37,"column":1},"stop":{"byteOffset":1692,"line":59,"column":59}},"coreStart":373,"members":[{"index":0,"name":[["str","psPrintLeanMapRecordFields"]],"role":"sourceDeclaration"}],"normalization":null},{"sourceIndex":8,"sourceName":["psPrintLeanMapTerms"],"span":{"start":{"byteOffset":1695,"line":61,"column":1},"stop":{"byteOffset":2426,"line":82,"column":59}},"coreStart":374,"members":[{"index":0,"name":[["str","psPrintLeanMapTerms"]],"role":"sourceDeclaration"}],"normalization":null},{"sourceIndex":9,"sourceName":["psPrintLeanMapBinders"],"span":{"start":{"byteOffset":2429,"line":84,"column":1},"stop":{"byteOffset":3236,"line":106,"column":59}},"coreStart":375,"members":[{"index":0,"name":[["str","psPrintLeanMapBinders"]],"role":"sourceDeclaration"}],"normalization":null},{"sourceIndex":10,"sourceName":["psPrintLeanMapAlternatives"],"span":{"start":{"byteOffset":3239,"line":108,"column":1},"stop":{"byteOffset":4131,"line":131,"column":59}},"coreStart":376,"members":[{"index":0,"name":[["str","psPrintLeanMapAlternatives"]],"role":"sourceDeclaration"}],"normalization":null},{"sourceIndex":11,"sourceName":["psPrintLeanMapConstructors"],"span":{"start":{"byteOffset":4134,"line":133,"column":1},"stop":{"byteOffset":4968,"line":155,"column":59}},"coreStart":377,"members":[{"index":0,"name":[["str","psPrintLeanMapConstructors"]],"role":"sourceDeclaration"}],"normalization":null},{"sourceIndex":12,"sourceName":["psPrintLeanMapImports"],"span":{"start":{"byteOffset":4971,"line":157,"column":1},"stop":{"byteOffset":5736,"line":178,"column":59}},"coreStart":378,"members":[{"index":0,"name":[["str","psPrintLeanMapImports"]],"role":"sourceDeclaration"}],"normalization":null},{"sourceIndex":13,"sourceName":["psPrintLeanMapDeclarations"],"span":{"start":{"byteOffset":5739,"line":180,"column":1},"stop":{"byteOffset":6547,"line":201,"column":59}},"coreStart":379,"members":[{"index":0,"name":[["str","psPrintLeanMapDeclarations"]],"role":"sourceDeclaration"}],"normalization":null},{"sourceIndex":14,"sourceName":["psPrintLeanTermWithFuel"],"span":{"start":{"byteOffset":6550,"line":203,"column":1},"stop":{"byteOffset":17349,"line":444,"column":64}},"coreStart":380,"members":[{"index":0,"name":[["str","psPrintLeanTermWithFuel"]],"role":"sourceDeclaration"}],"normalization":null},{"sourceIndex":15,"sourceName":["psPrintLeanTerm"],"span":{"start":{"byteOffset":17353,"line":446,"column":1},"stop":{"byteOffset":17476,"line":449,"column":36}},"coreStart":381,"members":[{"index":0,"name":[["str","psPrintLeanTerm"]],"role":"sourceDeclaration"}],"normalization":null},{"sourceIndex":16,"sourceName":["psPrintLeanBinder"],"span":{"start":{"byteOffset":17478,"line":451,"column":1},"stop":{"byteOffset":18158,"line":469,"column":33}},"coreStart":382,"members":[{"index":0,"name":[["str","psPrintLeanBinder"]],"role":"sourceDeclaration"}],"normalization":null},{"sourceIndex":17,"sourceName":["psPrintLeanStructureField"],"span":{"start":{"byteOffset":18161,"line":471,"column":1},"stop":{"byteOffset":19038,"line":488,"column":55}},"coreStart":383,"members":[{"index":0,"name":[["str","psPrintLeanStructureField"]],"role":"sourceDeclaration"}],"normalization":null},{"sourceIndex":18,"sourceName":["psPrintLeanConstructor"],"span":{"start":{"byteOffset":19041,"line":490,"column":1},"stop":{"byteOffset":19793,"line":509,"column":59}},"coreStart":384,"members":[{"index":0,"name":[["str","psPrintLeanConstructor"]],"role":"sourceDeclaration"}],"normalization":null},{"sourceIndex":19,"sourceName":["psPrintLeanDeclaration"],"span":{"start":{"byteOffset":19796,"line":511,"column":1},"stop":{"byteOffset":26577,"line":659,"column":54}},"coreStart":385,"members":[{"index":0,"name":[["str","psPrintLeanDeclaration"]],"role":"sourceDeclaration"}],"normalization":null},{"sourceIndex":20,"sourceName":["psPrintLeanImport"],"span":{"start":{"byteOffset":26581,"line":661,"column":1},"stop":{"byteOffset":26903,"line":669,"column":51}},"coreStart":386,"members":[{"index":0,"name":[["str","psPrintLeanImport"]],"role":"sourceDeclaration"}],"normalization":null},{"sourceIndex":21,"sourceName":["psPrintLeanAppendStrings"],"span":{"start":{"byteOffset":26906,"line":671,"column":1},"stop":{"byteOffset":27239,"line":680,"column":35}},"coreStart":387,"members":[{"index":0,"name":[["str","psPrintLeanAppendStrings"]],"role":"sourceDeclaration"}],"normalization":null},{"sourceIndex":22,"sourceName":["psPrintLeanModuleParts"],"span":{"start":{"byteOffset":27242,"line":682,"column":1},"stop":{"byteOffset":28811,"line":725,"column":23}},"coreStart":388,"members":[{"index":0,"name":[["str","psPrintLeanModuleParts"]],"role":"sourceDeclaration"}],"normalization":null},{"sourceIndex":23,"sourceName":["psPrintLeanModule"],"span":{"start":{"byteOffset":28814,"line":727,"column":1},"stop":{"byteOffset":29047,"line":732,"column":62}},"coreStart":389,"members":[{"index":0,"name":[["str","psPrintLeanModule"]],"role":"sourceDeclaration"}],"normalization":null}]},{"moduleName":["Ps","Syntax","PrintProofScript"],"coreStart":390,"batches":[{"sourceIndex":0,"sourceName":["psPrintProofScriptBoolNot"],"span":{"start":{"byteOffset":30,"line":3,"column":1},"stop":{"byteOffset":116,"line":4,"column":32}},"coreStart":390,"members":[{"index":0,"name":[["str","psPrintProofScriptBoolNot"]],"role":"sourceDeclaration"}],"normalization":null},{"sourceIndex":1,"sourceName":["psPrintProofScriptConcat2"],"span":{"start":{"byteOffset":118,"line":6,"column":1},"stop":{"byteOffset":207,"line":8,"column":29}},"coreStart":391,"members":[{"index":0,"name":[["str","psPrintProofScriptConcat2"]],"role":"sourceDeclaration"}],"normalization":null},{"sourceIndex":2,"sourceName":["psPrintProofScriptConcat3"],"span":{"start":{"byteOffset":209,"line":10,"column":1},"stop":{"byteOffset":347,"line":13,"column":33}},"coreStart":392,"members":[{"index":0,"name":[["str","psPrintProofScriptConcat3"]],"role":"sourceDeclaration"}],"normalization":null},{"sourceIndex":3,"sourceName":["psPrintProofScriptConcat4"],"span":{"start":{"byteOffset":349,"line":15,"column":1},"stop":{"byteOffset":493,"line":18,"column":34}},"coreStart":393,"members":[{"index":0,"name":[["str","psPrintProofScriptConcat4"]],"role":"sourceDeclaration"}],"normalization":null},{"sourceIndex":4,"sourceName":["psPrintProofScriptConcat5"],"span":{"start":{"byteOffset":495,"line":20,"column":1},"stop":{"byteOffset":645,"line":23,"column":35}},"coreStart":394,"members":[{"index":0,"name":[["str","psPrintProofScriptConcat5"]],"role":"sourceDeclaration"}],"normalization":null},{"sourceIndex":5,"sourceName":["psPrintProofScriptConcat6"],"span":{"start":{"byteOffset":647,"line":25,"column":1},"stop":{"byteOffset":803,"line":28,"column":36}},"coreStart":395,"members":[{"index":0,"name":[["str","psPrintProofScriptConcat6"]],"role":"sourceDeclaration"}],"normalization":null},{"sourceIndex":6,"sourceName":["psPrintProofScriptGroupedTerm"],"span":{"start":{"byteOffset":954,"line":32,"column":1},"stop":{"byteOffset":1149,"line":35,"column":49}},"coreStart":396,"members":[{"index":0,"name":[["str","psPrintProofScriptGroupedTerm"]],"role":"sourceDeclaration"}],"normalization":null},{"sourceIndex":7,"sourceName":["psPrintProofScriptMapRecordFields"],"span":{"start":{"byteOffset":1151,"line":37,"column":1},"stop":{"byteOffset":1963,"line":59,"column":59}},"coreStart":397,"members":[{"index":0,"name":[["str","psPrintProofScriptMapRecordFields"]],"role":"sourceDeclaration"}],"normalization":null},{"sourceIndex":8,"sourceName":["psPrintProofScriptMapTerms"],"span":{"start":{"byteOffset":1966,"line":61,"column":1},"stop":{"byteOffset":2711,"line":82,"column":59}},"coreStart":398,"members":[{"index":0,"name":[["str","psPrintProofScriptMapTerms"]],"role":"sourceDeclaration"}],"normalization":null},{"sourceIndex":9,"sourceName":["psPrintProofScriptMapBinders"],"span":{"start":{"byteOffset":2714,"line":84,"column":1},"stop":{"byteOffset":3535,"line":106,"column":59}},"coreStart":399,"members":[{"index":0,"name":[["str","psPrintProofScriptMapBinders"]],"role":"sourceDeclaration"}],"normalization":null},{"sourceIndex":10,"sourceName":["psPrintProofScriptMapAlternatives"],"span":{"start":{"byteOffset":3538,"line":108,"column":1},"stop":{"byteOffset":4444,"line":131,"column":59}},"coreStart":400,"members":[{"index":0,"name":[["str","psPrintProofScriptMapAlternatives"]],"role":"sourceDeclaration"}],"normalization":null},{"sourceIndex":11,"sourceName":["psPrintProofScriptTermWithFuel"],"span":{"start":{"byteOffset":4447,"line":133,"column":1},"stop":{"byteOffset":15179,"line":374,"column":28}},"coreStart":401,"members":[{"index":0,"name":[["str","psPrintProofScriptTermWithFuel"]],"role":"sourceDeclaration"}],"normalization":null},{"sourceIndex":12,"sourceName":["psPrintProofScriptTerm"],"span":{"start":{"byteOffset":15182,"line":376,"column":1},"stop":{"byteOffset":15319,"line":379,"column":43}},"coreStart":402,"members":[{"index":0,"name":[["str","psPrintProofScriptTerm"]],"role":"sourceDeclaration"}],"normalization":null},{"sourceIndex":13,"sourceName":["psPrintProofScriptBinder"],"span":{"start":{"byteOffset":15321,"line":381,"column":1},"stop":{"byteOffset":16022,"line":399,"column":33}},"coreStart":403,"members":[{"index":0,"name":[["str","psPrintProofScriptBinder"]],"role":"sourceDeclaration"}],"normalization":null},{"sourceIndex":14,"sourceName":["psPrintProofScriptExplicitEntry"],"span":{"start":{"byteOffset":16223,"line":404,"column":1},"stop":{"byteOffset":16701,"line":414,"column":70}},"coreStart":404,"members":[{"index":0,"name":[["str","psPrintProofScriptExplicitEntry"]],"role":"sourceDeclaration"}],"normalization":null},{"sourceIndex":15,"sourceName":["psPrintProofScriptExplicitEntries"],"span":{"start":{"byteOffset":16704,"line":416,"column":1},"stop":{"byteOffset":17524,"line":433,"column":74}},"coreStart":405,"members":[{"index":0,"name":[["str","psPrintProofScriptExplicitEntries"]],"role":"sourceDeclaration"}],"normalization":null},{"sourceIndex":16,"sourceName":["psPrintProofScriptDeclarationBinders"],"span":{"start":{"byteOffset":17527,"line":435,"column":1},"stop":{"byteOffset":18467,"line":455,"column":72}},"coreStart":406,"members":[{"index":0,"name":[["str","psPrintProofScriptDeclarationBinders"]],"role":"sourceDeclaration"}],"normalization":null},{"sourceIndex":17,"sourceName":["psPrintProofScriptStructureField"],"span":{"start":{"byteOffset":18470,"line":457,"column":1},"stop":{"byteOffset":19396,"line":474,"column":62}},"coreStart":407,"members":[{"index":0,"name":[["str","psPrintProofScriptStructureField"]],"role":"sourceDeclaration"}],"normalization":null},{"sourceIndex":18,"sourceName":["psPrintProofScriptSpaceJoinedSuffix"],"span":{"start":{"byteOffset":19399,"line":476,"column":1},"stop":{"byteOffset":19597,"line":481,"column":60}},"coreStart":408,"members":[{"index":0,"name":[["str","psPrintProofScriptSpaceJoinedSuffix"]],"role":"sourceDeclaration"}],"normalization":null},{"sourceIndex":19,"sourceName":["psPrintProofScriptMapConstructors"],"span":{"start":{"byteOffset":19600,"line":483,"column":1},"stop":{"byteOffset":20448,"line":505,"column":59}},"coreStart":409,"members":[{"index":0,"name":[["str","psPrintProofScriptMapConstructors"]],"role":"sourceDeclaration"}],"normalization":null},{"sourceIndex":20,"sourceName":["psPrintProofScriptMapImports"],"span":{"start":{"byteOffset":20451,"line":507,"column":1},"stop":{"byteOffset":21230,"line":528,"column":59}},"coreStart":410,"members":[{"index":0,"name":[["str","psPrintProofScriptMapImports"]],"role":"sourceDeclaration"}],"normalization":null},{"sourceIndex":21,"sourceName":["psPrintProofScriptMapDeclarations"],"span":{"start":{"byteOffset":21233,"line":530,"column":1},"stop":{"byteOffset":22055,"line":551,"column":59}},"coreStart":411,"members":[{"index":0,"name":[["str","psPrintProofScriptMapDeclarations"]],"role":"sourceDeclaration"}],"normalization":null},{"sourceIndex":22,"sourceName":["psPrintProofScriptConstructor"],"span":{"start":{"byteOffset":22058,"line":553,"column":1},"stop":{"byteOffset":22513,"line":562,"column":66}},"coreStart":412,"members":[{"index":0,"name":[["str","psPrintProofScriptConstructor"]],"role":"sourceDeclaration"}],"normalization":null},{"sourceIndex":23,"sourceName":["psPrintProofScriptDeclaration"],"span":{"start":{"byteOffset":22516,"line":564,"column":1},"stop":{"byteOffset":28984,"line":705,"column":28}},"coreStart":413,"members":[{"index":0,"name":[["str","psPrintProofScriptDeclaration"]],"role":"sourceDeclaration"}],"normalization":null},{"sourceIndex":24,"sourceName":["psPrintProofScriptImport"],"span":{"start":{"byteOffset":28987,"line":707,"column":1},"stop":{"byteOffset":29323,"line":715,"column":58}},"coreStart":414,"members":[{"index":0,"name":[["str","psPrintProofScriptImport"]],"role":"sourceDeclaration"}],"normalization":null},{"sourceIndex":25,"sourceName":["psPrintProofScriptAppendStrings"],"span":{"start":{"byteOffset":29326,"line":717,"column":1},"stop":{"byteOffset":29673,"line":726,"column":35}},"coreStart":415,"members":[{"index":0,"name":[["str","psPrintProofScriptAppendStrings"]],"role":"sourceDeclaration"}],"normalization":null},{"sourceIndex":26,"sourceName":["psPrintProofScriptModuleParts"],"span":{"start":{"byteOffset":29676,"line":728,"column":1},"stop":{"byteOffset":31306,"line":773,"column":23}},"coreStart":416,"members":[{"index":0,"name":[["str","psPrintProofScriptModuleParts"]],"role":"sourceDeclaration"}],"normalization":null},{"sourceIndex":27,"sourceName":["psPrintProofScriptModule"],"span":{"start":{"byteOffset":31309,"line":775,"column":1},"stop":{"byteOffset":31556,"line":780,"column":69}},"coreStart":417,"members":[{"index":0,"name":[["str","psPrintProofScriptModule"]],"role":"sourceDeclaration"}],"normalization":null}]},{"moduleName":["Ps","Syntax","Translate"],"coreStart":418,"batches":[{"sourceIndex":0,"sourceName":["PsTranslationError"],"span":{"start":{"byteOffset":123,"line":6,"column":1},"stop":{"byteOffset":304,"line":9,"column":39}},"coreStart":418,"members":[{"index":0,"name":[["str","PsTranslationError"]],"role":"inductiveType"},{"index":1,"name":[["str","PsTranslationError"],["str","leanFrontend"]],"role":"constructor"},{"index":2,"name":[["str","PsTranslationError"],["str","proofScriptFrontend"]],"role":"constructor"},{"index":3,"name":[["str","PsTranslationError"],["str","print"]],"role":"constructor"},{"index":4,"name":[["str","PsTranslationError"],["str","rec"]],"role":"recursor"}],"normalization":null},{"sourceIndex":1,"sourceName":["psTranslateLeanToProofScript"],"span":{"start":{"byteOffset":306,"line":11,"column":1},"stop":{"byteOffset":739,"line":22,"column":27}},"coreStart":423,"members":[{"index":0,"name":[["str","psTranslateLeanToProofScript"]],"role":"sourceDeclaration"}],"normalization":null},{"sourceIndex":2,"sourceName":["psTranslateProofScriptToLean"],"span":{"start":{"byteOffset":741,"line":24,"column":1},"stop":{"byteOffset":1189,"line":36,"column":27}},"coreStart":424,"members":[{"index":0,"name":[["str","psTranslateProofScriptToLean"]],"role":"sourceDeclaration"}],"normalization":null},{"sourceIndex":3,"sourceName":["psCanonicalizeLeanSource"],"span":{"start":{"byteOffset":1191,"line":38,"column":1},"stop":{"byteOffset":1613,"line":49,"column":27}},"coreStart":425,"members":[{"index":0,"name":[["str","psCanonicalizeLeanSource"]],"role":"sourceDeclaration"}],"normalization":null},{"sourceIndex":4,"sourceName":["psCanonicalizeProofScriptSource"],"span":{"start":{"byteOffset":1615,"line":51,"column":1},"stop":{"byteOffset":2073,"line":63,"column":27}},"coreStart":426,"members":[{"index":0,"name":[["str","psCanonicalizeProofScriptSource"]],"role":"sourceDeclaration"}],"normalization":null}]},{"moduleName":["Ps","Bridge","Json"],"coreStart":427,"batches":[{"sourceIndex":0,"sourceName":["psJsonConcat2"],"span":{"start":{"byteOffset":0,"line":1,"column":1},"stop":{"byteOffset":91,"line":3,"column":36}},"coreStart":427,"members":[{"index":0,"name":[["str","psJsonConcat2"]],"role":"sourceDeclaration"}],"normalization":null},{"sourceIndex":1,"sourceName":["psJsonConcat3"],"span":{"start":{"byteOffset":93,"line":5,"column":1},"stop":{"byteOffset":206,"line":7,"column":50}},"coreStart":428,"members":[{"index":0,"name":[["str","psJsonConcat3"]],"role":"sourceDeclaration"}],"normalization":null},{"sourceIndex":2,"sourceName":["psJsonCharCode"],"span":{"start":{"byteOffset":209,"line":9,"column":1},"stop":{"byteOffset":268,"line":10,"column":18}},"coreStart":429,"members":[{"index":0,"name":[["str","psJsonCharCode"]],"role":"sourceDeclaration"}],"normalization":null},{"sourceIndex":3,"sourceName":["psJsonCharEq"],"span":{"start":{"byteOffset":270,"line":12,"column":1},"stop":{"byteOffset":370,"line":13,"column":54}},"coreStart":430,"members":[{"index":0,"name":[["str","psJsonCharEq"]],"role":"sourceDeclaration"}],"normalization":null},{"sourceIndex":4,"sourceName":["psJsonStringAtEnd"],"span":{"start":{"byteOffset":373,"line":15,"column":1},"stop":{"byteOffset":504,"line":18,"column":58}},"coreStart":431,"members":[{"index":0,"name":[["str","psJsonStringAtEnd"]],"role":"sourceDeclaration"}],"normalization":null},{"sourceIndex":5,"sourceName":["psJsonStringGet"],"span":{"start":{"byteOffset":507,"line":20,"column":1},"stop":{"byteOffset":634,"line":23,"column":56}},"coreStart":432,"members":[{"index":0,"name":[["str","psJsonStringGet"]],"role":"sourceDeclaration"}],"normalization":null},{"sourceIndex":6,"sourceName":["psJsonStringNext"],"span":{"start":{"byteOffset":637,"line":25,"column":1},"stop":{"byteOffset":793,"line":29,"column":60}},"coreStart":433,"members":[{"index":0,"name":[["str","psJsonStringNext"]],"role":"sourceDeclaration"}],"normalization":null},{"sourceIndex":7,"sourceName":["psJsonReverseCharsAcc"],"span":{"start":{"byteOffset":797,"line":31,"column":1},"stop":{"byteOffset":1122,"line":40,"column":36}},"coreStart":434,"members":[{"index":0,"name":[["str","psJsonReverseCharsAcc"]],"role":"sourceDeclaration"}],"normalization":null},{"sourceIndex":8,"sourceName":["psJsonReverseChars"],"span":{"start":{"byteOffset":1125,"line":42,"column":1},"stop":{"byteOffset":1223,"line":43,"column":40}},"coreStart":435,"members":[{"index":0,"name":[["str","psJsonReverseChars"]],"role":"sourceDeclaration"}],"normalization":null},{"sourceIndex":9,"sourceName":["psJsonStringCharsAccWithFuel"],"span":{"start":{"byteOffset":1225,"line":45,"column":1},"stop":{"byteOffset":1895,"line":59,"column":65}},"coreStart":436,"members":[{"index":0,"name":[["str","psJsonStringCharsAccWithFuel"]],"role":"sourceDeclaration"}],"normalization":null},{"sourceIndex":10,"sourceName":["psJsonStringCharsWithFuel"],"span":{"start":{"byteOffset":1898,"line":61,"column":1},"stop":{"byteOffset":2049,"line":62,"column":60}},"coreStart":437,"members":[{"index":0,"name":[["str","psJsonStringCharsWithFuel"]],"role":"sourceDeclaration"}],"normalization":null},{"sourceIndex":11,"sourceName":["psJsonStringToChars"],"span":{"start":{"byteOffset":2051,"line":64,"column":1},"stop":{"byteOffset":2193,"line":68,"column":6}},"coreStart":438,"members":[{"index":0,"name":[["str","psJsonStringToChars"]],"role":"sourceDeclaration"}],"normalization":null},{"sourceIndex":12,"sourceName":["psJsonStringOfCharsAcc"],"span":{"start":{"byteOffset":2195,"line":70,"column":1},"stop":{"byteOffset":2504,"line":79,"column":38}},"coreStart":439,"members":[{"index":0,"name":[["str","psJsonStringOfCharsAcc"]],"role":"sourceDeclaration"}],"normalization":null},{"sourceIndex":13,"sourceName":["psJsonStringOfChars"],"span":{"start":{"byteOffset":2507,"line":81,"column":1},"stop":{"byteOffset":2596,"line":82,"column":34}},"coreStart":440,"members":[{"index":0,"name":[["str","psJsonStringOfChars"]],"role":"sourceDeclaration"}],"normalization":null},{"sourceIndex":14,"sourceName":["psJsonCharListEq"],"span":{"start":{"byteOffset":2598,"line":84,"column":1},"stop":{"byteOffset":3177,"line":102,"column":20}},"coreStart":441,"members":[{"index":0,"name":[["str","psJsonCharListEq"]],"role":"sourceDeclaration"}],"normalization":null},{"sourceIndex":15,"sourceName":["psJsonStringEq"],"span":{"start":{"byteOffset":3179,"line":104,"column":1},"stop":{"byteOffset":3302,"line":105,"column":73}},"coreStart":442,"members":[{"index":0,"name":[["str","psJsonStringEq"]],"role":"sourceDeclaration"}],"normalization":null},{"sourceIndex":16,"sourceName":["psJsonNatInRange"],"span":{"start":{"byteOffset":3305,"line":107,"column":1},"stop":{"byteOffset":3436,"line":112,"column":10}},"coreStart":443,"members":[{"index":0,"name":[["str","psJsonNatInRange"]],"role":"sourceDeclaration"}],"normalization":null},{"sourceIndex":17,"sourceName":["psJsonHexDigit"],"span":{"start":{"byteOffset":3438,"line":114,"column":1},"stop":{"byteOffset":4018,"line":130,"column":11}},"coreStart":444,"members":[{"index":0,"name":[["str","psJsonHexDigit"]],"role":"sourceDeclaration"}],"normalization":null},{"sourceIndex":18,"sourceName":["psJsonEscapeControl"],"span":{"start":{"byteOffset":4020,"line":132,"column":1},"stop":{"byteOffset":4175,"line":136,"column":38}},"coreStart":445,"members":[{"index":0,"name":[["str","psJsonEscapeControl"]],"role":"sourceDeclaration"}],"normalization":null},{"sourceIndex":19,"sourceName":["psJsonEscapeChar"],"span":{"start":{"byteOffset":4179,"line":138,"column":1},"stop":{"byteOffset":4670,"line":157,"column":49}},"coreStart":446,"members":[{"index":0,"name":[["str","psJsonEscapeChar"]],"role":"sourceDeclaration"}],"normalization":null},{"sourceIndex":20,"sourceName":["psJsonEscapeChars"],"span":{"start":{"byteOffset":4673,"line":159,"column":1},"stop":{"byteOffset":4865,"line":164,"column":68}},"coreStart":447,"members":[{"index":0,"name":[["str","psJsonEscapeChars"]],"role":"sourceDeclaration"}],"normalization":null},{"sourceIndex":21,"sourceName":["psJsonQuote"],"span":{"start":{"byteOffset":4868,"line":166,"column":1},"stop":{"byteOffset":4986,"line":167,"column":74}},"coreStart":448,"members":[{"index":0,"name":[["str","psJsonQuote"]],"role":"sourceDeclaration"}],"normalization":null},{"sourceIndex":22,"sourceName":["psJsonJoin"],"span":{"start":{"byteOffset":4988,"line":169,"column":1},"stop":{"byteOffset":5289,"line":180,"column":67}},"coreStart":449,"members":[{"index":0,"name":[["str","psJsonJoin"]],"role":"sourceDeclaration"}],"normalization":null},{"sourceIndex":23,"sourceName":["psJsonArray"],"span":{"start":{"byteOffset":5292,"line":182,"column":1},"stop":{"byteOffset":5390,"line":183,"column":48}},"coreStart":450,"members":[{"index":0,"name":[["str","psJsonArray"]],"role":"sourceDeclaration"}],"normalization":null},{"sourceIndex":24,"sourceName":["psJsonField"],"span":{"start":{"byteOffset":5392,"line":185,"column":1},"stop":{"byteOffset":5484,"line":186,"column":44}},"coreStart":451,"members":[{"index":0,"name":[["str","psJsonField"]],"role":"sourceDeclaration"}],"normalization":null},{"sourceIndex":25,"sourceName":["psJsonMapObjectFields"],"span":{"start":{"byteOffset":5486,"line":188,"column":1},"stop":{"byteOffset":5754,"line":196,"column":36}},"coreStart":452,"members":[{"index":0,"name":[["str","psJsonMapObjectFields"]],"role":"sourceDeclaration"}],"normalization":null},{"sourceIndex":26,"sourceName":["psJsonObject"],"span":{"start":{"byteOffset":5757,"line":198,"column":1},"stop":{"byteOffset":5916,"line":202,"column":8}},"coreStart":453,"members":[{"index":0,"name":[["str","psJsonObject"]],"role":"sourceDeclaration"}],"normalization":null},{"sourceIndex":27,"sourceName":["PsJsonValue"],"span":{"start":{"byteOffset":5920,"line":206,"column":1},"stop":{"byteOffset":6125,"line":212,"column":50}},"coreStart":454,"members":[{"index":0,"name":[["str","PsJsonValue"]],"role":"inductiveType"},{"index":1,"name":[["str","PsJsonValue"],["str","nullE"]],"role":"constructor"},{"index":2,"name":[["str","PsJsonValue"],["str","bool"]],"role":"constructor"},{"index":3,"name":[["str","PsJsonValue"],["str","number"]],"role":"constructor"},{"index":4,"name":[["str","PsJsonValue"],["str","string"]],"role":"constructor"},{"index":5,"name":[["str","PsJsonValue"],["str","array"]],"role":"constructor"},{"index":6,"name":[["str","PsJsonValue"],["str","object"]],"role":"constructor"},{"index":7,"name":[["str","PsJsonValue"],["str","rec"]],"role":"recursor"}],"normalization":null},{"sourceIndex":28,"sourceName":["PsJsonParseError"],"span":{"start":{"byteOffset":6127,"line":214,"column":1},"stop":{"byteOffset":6322,"line":222,"column":18}},"coreStart":462,"members":[{"index":0,"name":[["str","PsJsonParseError"]],"role":"inductiveType"},{"index":1,"name":[["str","PsJsonParseError"],["str","fuelExhausted"]],"role":"constructor"},{"index":2,"name":[["str","PsJsonParseError"],["str","unexpectedEnd"]],"role":"constructor"},{"index":3,"name":[["str","PsJsonParseError"],["str","expected"]],"role":"constructor"},{"index":4,"name":[["str","PsJsonParseError"],["str","invalidEscape"]],"role":"constructor"},{"index":5,"name":[["str","PsJsonParseError"],["str","invalidUnicodeEscape"]],"role":"constructor"},{"index":6,"name":[["str","PsJsonParseError"],["str","invalidNumber"]],"role":"constructor"},{"index":7,"name":[["str","PsJsonParseError"],["str","invalidLiteral"]],"role":"constructor"},{"index":8,"name":[["str","PsJsonParseError"],["str","trailingInput"]],"role":"constructor"},{"index":9,"name":[["str","PsJsonParseError"],["str","rec"]],"role":"recursor"}],"normalization":null},{"sourceIndex":29,"sourceName":["PsJsonParseResult"],"span":{"start":{"byteOffset":6324,"line":224,"column":1},"stop":{"byteOffset":6398,"line":226,"column":19}},"coreStart":472,"members":[{"index":0,"name":[["str","PsJsonParseResult"]],"role":"structureType"},{"index":1,"name":[["str","PsJsonParseResult"],["str","mk"]],"role":"constructor"},{"index":2,"name":[["str","PsJsonParseResult"],["str","rec"]],"role":"recursor"}],"normalization":null},{"sourceIndex":30,"sourceName":["psJsonWhitespace"],"span":{"start":{"byteOffset":6400,"line":228,"column":1},"stop":{"byteOffset":6613,"line":236,"column":27}},"coreStart":475,"members":[{"index":0,"name":[["str","psJsonWhitespace"]],"role":"sourceDeclaration"}],"normalization":null},{"sourceIndex":31,"sourceName":["psJsonSkipWhitespace"],"span":{"start":{"byteOffset":6615,"line":238,"column":1},"stop":{"byteOffset":6860,"line":246,"column":28}},"coreStart":476,"members":[{"index":0,"name":[["str","psJsonSkipWhitespace"]],"role":"sourceDeclaration"}],"normalization":null},{"sourceIndex":32,"sourceName":["psJsonHexValue"],"span":{"start":{"byteOffset":6862,"line":248,"column":1},"stop":{"byteOffset":7208,"line":257,"column":16}},"coreStart":477,"members":[{"index":0,"name":[["str","psJsonHexValue"]],"role":"sourceDeclaration"}],"normalization":null},{"sourceIndex":33,"sourceName":["psJsonDecodeUnicode4"],"span":{"start":{"byteOffset":7210,"line":259,"column":1},"stop":{"byteOffset":9634,"line":311,"column":71}},"coreStart":478,"members":[{"index":0,"name":[["str","psJsonDecodeUnicode4"]],"role":"sourceDeclaration"}],"normalization":null},{"sourceIndex":34,"sourceName":["psJsonParseStringChars"],"span":{"start":{"byteOffset":9637,"line":313,"column":1},"stop":{"byteOffset":12416,"line":374,"column":52}},"coreStart":479,"members":[{"index":0,"name":[["str","psJsonParseStringChars"]],"role":"sourceDeclaration"}],"normalization":null},{"sourceIndex":35,"sourceName":["psJsonDigit"],"span":{"start":{"byteOffset":12419,"line":376,"column":1},"stop":{"byteOffset":12531,"line":378,"column":31}},"coreStart":480,"members":[{"index":0,"name":[["str","psJsonDigit"]],"role":"sourceDeclaration"}],"normalization":null},{"sourceIndex":36,"sourceName":["psJsonTakeDigits"],"span":{"start":{"byteOffset":12533,"line":380,"column":1},"stop":{"byteOffset":13085,"line":395,"column":33}},"coreStart":481,"members":[{"index":0,"name":[["str","psJsonTakeDigits"]],"role":"sourceDeclaration"}],"normalization":null},{"sourceIndex":37,"sourceName":["psJsonParseNumber"],"span":{"start":{"byteOffset":13088,"line":397,"column":1},"stop":{"byteOffset":14666,"line":442,"column":34}},"coreStart":482,"members":[{"index":0,"name":[["str","psJsonParseNumber"]],"role":"sourceDeclaration"}],"normalization":null},{"sourceIndex":38,"sourceName":["psJsonConsumeLiteral"],"span":{"start":{"byteOffset":14668,"line":444,"column":1},"stop":{"byteOffset":15252,"line":461,"column":26}},"coreStart":483,"members":[{"index":0,"name":[["str","psJsonConsumeLiteral"]],"role":"sourceDeclaration"}],"normalization":null},{"sourceIndex":39,"sourceName":["psJsonReverseValuesAcc"],"span":{"start":{"byteOffset":15254,"line":463,"column":1},"stop":{"byteOffset":15634,"line":473,"column":36}},"coreStart":484,"members":[{"index":0,"name":[["str","psJsonReverseValuesAcc"]],"role":"sourceDeclaration"}],"normalization":null},{"sourceIndex":40,"sourceName":["psJsonReverseValues"],"span":{"start":{"byteOffset":15637,"line":475,"column":1},"stop":{"byteOffset":15755,"line":477,"column":41}},"coreStart":485,"members":[{"index":0,"name":[["str","psJsonReverseValues"]],"role":"sourceDeclaration"}],"normalization":null},{"sourceIndex":41,"sourceName":["psJsonParseArrayWith"],"span":{"start":{"byteOffset":15757,"line":479,"column":1},"stop":{"byteOffset":18929,"line":554,"column":62}},"coreStart":486,"members":[{"index":0,"name":[["str","psJsonParseArrayWith"]],"role":"sourceDeclaration"}],"normalization":null},{"sourceIndex":42,"sourceName":["psJsonReverseFieldsAcc"],"span":{"start":{"byteOffset":18932,"line":556,"column":1},"stop":{"byteOffset":19424,"line":569,"column":36}},"coreStart":487,"members":[{"index":0,"name":[["str","psJsonReverseFieldsAcc"]],"role":"sourceDeclaration"}],"normalization":null},{"sourceIndex":43,"sourceName":["psJsonReverseFields"],"span":{"start":{"byteOffset":19427,"line":571,"column":1},"stop":{"byteOffset":19573,"line":574,"column":41}},"coreStart":488,"members":[{"index":0,"name":[["str","psJsonReverseFields"]],"role":"sourceDeclaration"}],"normalization":null},{"sourceIndex":44,"sourceName":["psJsonParseObjectWith"],"span":{"start":{"byteOffset":19575,"line":576,"column":1},"stop":{"byteOffset":23032,"line":651,"column":67}},"coreStart":489,"members":[{"index":0,"name":[["str","psJsonParseObjectWith"]],"role":"sourceDeclaration"}],"normalization":null},{"sourceIndex":45,"sourceName":["psJsonParseValueWithFuelWorker"],"span":{"start":{"byteOffset":23035,"line":653,"column":1},"stop":{"byteOffset":26273,"line":726,"column":58}},"coreStart":490,"members":[{"index":0,"name":[["str","psJsonParseValueWithFuelWorker"]],"role":"sourceDeclaration"}],"normalization":null},{"sourceIndex":46,"sourceName":["psJsonParseValueWithFuel"],"span":{"start":{"byteOffset":26276,"line":728,"column":1},"stop":{"byteOffset":26505,"line":731,"column":58}},"coreStart":491,"members":[{"index":0,"name":[["str","psJsonParseValueWithFuel"]],"role":"sourceDeclaration"}],"normalization":null},{"sourceIndex":47,"sourceName":["psJsonCharListLengthAcc"],"span":{"start":{"byteOffset":26507,"line":733,"column":1},"stop":{"byteOffset":26777,"line":739,"column":51}},"coreStart":492,"members":[{"index":0,"name":[["str","psJsonCharListLengthAcc"]],"role":"sourceDeclaration"}],"normalization":null},{"sourceIndex":48,"sourceName":["psJsonCharListLength"],"span":{"start":{"byteOffset":26780,"line":741,"column":1},"stop":{"byteOffset":26867,"line":742,"column":34}},"coreStart":493,"members":[{"index":0,"name":[["str","psJsonCharListLength"]],"role":"sourceDeclaration"}],"normalization":null},{"sourceIndex":49,"sourceName":["psJsonParse"],"span":{"start":{"byteOffset":26869,"line":744,"column":1},"stop":{"byteOffset":27419,"line":759,"column":54}},"coreStart":494,"members":[{"index":0,"name":[["str","psJsonParse"]],"role":"sourceDeclaration"}],"normalization":null},{"sourceIndex":50,"sourceName":["psJsonObjectFind"],"span":{"start":{"byteOffset":27421,"line":761,"column":1},"stop":{"byteOffset":27865,"line":774,"column":22}},"coreStart":495,"members":[{"index":0,"name":[["str","psJsonObjectFind"]],"role":"sourceDeclaration"}],"normalization":null},{"sourceIndex":51,"sourceName":["psJsonGetField"],"span":{"start":{"byteOffset":27867,"line":776,"column":1},"stop":{"byteOffset":28044,"line":781,"column":21}},"coreStart":496,"members":[{"index":0,"name":[["str","psJsonGetField"]],"role":"sourceDeclaration"}],"normalization":null},{"sourceIndex":52,"sourceName":["psJsonAsString"],"span":{"start":{"byteOffset":28046,"line":783,"column":1},"stop":{"byteOffset":28155,"line":785,"column":21}},"coreStart":497,"members":[{"index":0,"name":[["str","psJsonAsString"]],"role":"sourceDeclaration"}],"normalization":null},{"sourceIndex":53,"sourceName":["psJsonAsBool"],"span":{"start":{"byteOffset":28157,"line":787,"column":1},"stop":{"byteOffset":28260,"line":789,"column":21}},"coreStart":498,"members":[{"index":0,"name":[["str","psJsonAsBool"]],"role":"sourceDeclaration"}],"normalization":null},{"sourceIndex":54,"sourceName":["psJsonAsNumberText"],"span":{"start":{"byteOffset":28262,"line":791,"column":1},"stop":{"byteOffset":28373,"line":793,"column":21}},"coreStart":499,"members":[{"index":0,"name":[["str","psJsonAsNumberText"]],"role":"sourceDeclaration"}],"normalization":null},{"sourceIndex":55,"sourceName":["psJsonAsArray"],"span":{"start":{"byteOffset":28375,"line":795,"column":1},"stop":{"byteOffset":28496,"line":797,"column":21}},"coreStart":500,"members":[{"index":0,"name":[["str","psJsonAsArray"]],"role":"sourceDeclaration"}],"normalization":null},{"sourceIndex":56,"sourceName":["psJsonAsObject"],"span":{"start":{"byteOffset":28498,"line":799,"column":1},"stop":{"byteOffset":28637,"line":802,"column":21}},"coreStart":501,"members":[{"index":0,"name":[["str","psJsonAsObject"]],"role":"sourceDeclaration"}],"normalization":null},{"sourceIndex":57,"sourceName":["PsJsonEncodeError"],"span":{"start":{"byteOffset":28640,"line":805,"column":1},"stop":{"byteOffset":28763,"line":808,"column":38}},"coreStart":502,"members":[{"index":0,"name":[["str","PsJsonEncodeError"]],"role":"inductiveType"},{"index":1,"name":[["str","PsJsonEncodeError"],["str","fuelExhausted"]],"role":"constructor"},{"index":2,"name":[["str","PsJsonEncodeError"],["str","invalidNumber"]],"role":"constructor"},{"index":3,"name":[["str","PsJsonEncodeError"],["str","duplicateObjectKey"]],"role":"constructor"},{"index":4,"name":[["str","PsJsonEncodeError"],["str","rec"]],"role":"recursor"}],"normalization":null},{"sourceIndex":58,"sourceName":["PsJsonKeyOrder"],"span":{"start":{"byteOffset":28765,"line":810,"column":1},"stop":{"byteOffset":28816,"line":813,"column":7}},"coreStart":507,"members":[{"index":0,"name":[["str","PsJsonKeyOrder"]],"role":"inductiveType"},{"index":1,"name":[["str","PsJsonKeyOrder"],["str","lt"]],"role":"constructor"},{"index":2,"name":[["str","PsJsonKeyOrder"],["str","eq"]],"role":"constructor"},{"index":3,"name":[["str","PsJsonKeyOrder"],["str","gt"]],"role":"constructor"},{"index":4,"name":[["str","PsJsonKeyOrder"],["str","rec"]],"role":"recursor"}],"normalization":null},{"sourceIndex":59,"sourceName":["psJsonCompareCharLists"],"span":{"start":{"byteOffset":28818,"line":815,"column":1},"stop":{"byteOffset":29713,"line":839,"column":32}},"coreStart":512,"members":[{"index":0,"name":[["str","psJsonCompareCharLists"]],"role":"sourceDeclaration"}],"normalization":null},{"sourceIndex":60,"sourceName":["psJsonCompareKeys"],"span":{"start":{"byteOffset":29715,"line":841,"column":1},"stop":{"byteOffset":29861,"line":843,"column":79}},"coreStart":513,"members":[{"index":0,"name":[["str","psJsonCompareKeys"]],"role":"sourceDeclaration"}],"normalization":null},{"sourceIndex":61,"sourceName":["psJsonInsertObjectFieldInto"],"span":{"start":{"byteOffset":29864,"line":845,"column":1},"stop":{"byteOffset":31004,"line":875,"column":56}},"coreStart":514,"members":[{"index":0,"name":[["str","psJsonInsertObjectFieldInto"]],"role":"sourceDeclaration"}],"normalization":null},{"sourceIndex":62,"sourceName":["psJsonInsertObjectField"],"span":{"start":{"byteOffset":31007,"line":877,"column":1},"stop":{"byteOffset":31222,"line":881,"column":43}},"coreStart":515,"members":[{"index":0,"name":[["str","psJsonInsertObjectField"]],"role":"sourceDeclaration"}],"normalization":null},{"sourceIndex":63,"sourceName":["psJsonSortObjectFields"],"span":{"start":{"byteOffset":31224,"line":883,"column":1},"stop":{"byteOffset":31743,"line":897,"column":51}},"coreStart":516,"members":[{"index":0,"name":[["str","psJsonSortObjectFields"]],"role":"sourceDeclaration"}],"normalization":null},{"sourceIndex":64,"sourceName":["psJsonValidateCanonicalNumber"],"span":{"start":{"byteOffset":31745,"line":899,"column":1},"stop":{"byteOffset":32003,"line":906,"column":31}},"coreStart":517,"members":[{"index":0,"name":[["str","psJsonValidateCanonicalNumber"]],"role":"sourceDeclaration"}],"normalization":null},{"sourceIndex":65,"sourceName":["psJsonEncodeValueList"],"span":{"start":{"byteOffset":32005,"line":908,"column":1},"stop":{"byteOffset":32622,"line":925,"column":59}},"coreStart":518,"members":[{"index":0,"name":[["str","psJsonEncodeValueList"]],"role":"sourceDeclaration"}],"normalization":null},{"sourceIndex":66,"sourceName":["psJsonEncodeFieldList"],"span":{"start":{"byteOffset":32625,"line":927,"column":1},"stop":{"byteOffset":33356,"line":947,"column":30}},"coreStart":519,"members":[{"index":0,"name":[["str","psJsonEncodeFieldList"]],"role":"sourceDeclaration"}],"normalization":null},{"sourceIndex":67,"sourceName":["psJsonEncodeCanonicalWithFuel"],"span":{"start":{"byteOffset":33359,"line":949,"column":1},"stop":{"byteOffset":35004,"line":987,"column":58}},"coreStart":520,"members":[{"index":0,"name":[["str","psJsonEncodeCanonicalWithFuel"]],"role":"sourceDeclaration"}],"normalization":null},{"sourceIndex":68,"sourceName":["psJsonEncodeCanonical"],"span":{"start":{"byteOffset":35007,"line":989,"column":1},"stop":{"byteOffset":35134,"line":990,"column":43}},"coreStart":521,"members":[{"index":0,"name":[["str","psJsonEncodeCanonical"]],"role":"sourceDeclaration"}],"normalization":null},{"sourceIndex":69,"sourceName":["psJsonEncodeCanonicalText"],"span":{"start":{"byteOffset":35136,"line":992,"column":1},"stop":{"byteOffset":35381,"line":997,"column":63}},"coreStart":522,"members":[{"index":0,"name":[["str","psJsonEncodeCanonicalText"]],"role":"sourceDeclaration"}],"normalization":null}]},{"moduleName":["Ps","Core","Level"],"coreStart":523,"batches":[{"sourceIndex":0,"sourceName":["PsLevel"],"span":{"start":{"byteOffset":27,"line":3,"column":1},"stop":{"byteOffset":216,"line":9,"column":20}},"coreStart":523,"members":[{"index":0,"name":[["str","PsLevel"]],"role":"inductiveType"},{"index":1,"name":[["str","PsLevel"],["str","zero"]],"role":"constructor"},{"index":2,"name":[["str","PsLevel"],["str","succ"]],"role":"constructor"},{"index":3,"name":[["str","PsLevel"],["str","max"]],"role":"constructor"},{"index":4,"name":[["str","PsLevel"],["str","imax"]],"role":"constructor"},{"index":5,"name":[["str","PsLevel"],["str","param"]],"role":"constructor"},{"index":6,"name":[["str","PsLevel"],["str","mvar"]],"role":"constructor"},{"index":7,"name":[["str","PsLevel"],["str","rec"]],"role":"recursor"}],"normalization":null},{"sourceIndex":1,"sourceName":["psLevelSucc"],"span":{"start":{"byteOffset":218,"line":11,"column":1},"stop":{"byteOffset":285,"line":12,"column":21}},"coreStart":531,"members":[{"index":0,"name":[["str","psLevelSucc"]],"role":"sourceDeclaration"}],"normalization":null}]},{"moduleName":["Ps","Core","Expr"],"coreStart":532,"batches":[{"sourceIndex":0,"sourceName":["PsBinderInfo"],"span":{"start":{"byteOffset":48,"line":4,"column":1},"stop":{"byteOffset":142,"line":8,"column":21}},"coreStart":532,"members":[{"index":0,"name":[["str","PsBinderInfo"]],"role":"inductiveType"},{"index":1,"name":[["str","PsBinderInfo"],["str","explicit"]],"role":"constructor"},{"index":2,"name":[["str","PsBinderInfo"],["str","implicit"]],"role":"constructor"},{"index":3,"name":[["str","PsBinderInfo"],["str","strictImplicit"]],"role":"constructor"},{"index":4,"name":[["str","PsBinderInfo"],["str","instanceImplicit"]],"role":"constructor"},{"index":5,"name":[["str","PsBinderInfo"],["str","rec"]],"role":"recursor"}],"normalization":null},{"sourceIndex":1,"sourceName":["PsLiteral"],"span":{"start":{"byteOffset":144,"line":10,"column":1},"stop":{"byteOffset":223,"line":12,"column":28}},"coreStart":538,"members":[{"index":0,"name":[["str","PsLiteral"]],"role":"inductiveType"},{"index":1,"name":[["str","PsLiteral"],["str","natural"]],"role":"constructor"},{"index":2,"name":[["str","PsLiteral"],["str","string"]],"role":"constructor"},{"index":3,"name":[["str","PsLiteral"],["str","rec"]],"role":"recursor"}],"normalization":null},{"sourceIndex":2,"sourceName":["PsExpr"],"span":{"start":{"byteOffset":225,"line":14,"column":1},"stop":{"byteOffset":752,"line":25,"column":60}},"coreStart":542,"members":[{"index":0,"name":[["str","PsExpr"]],"role":"inductiveType"},{"index":1,"name":[["str","PsExpr"],["str","bvar"]],"role":"constructor"},{"index":2,"name":[["str","PsExpr"],["str","fvar"]],"role":"constructor"},{"index":3,"name":[["str","PsExpr"],["str","mvar"]],"role":"constructor"},{"index":4,"name":[["str","PsExpr"],["str","sortE"]],"role":"constructor"},{"index":5,"name":[["str","PsExpr"],["str","constE"]],"role":"constructor"},{"index":6,"name":[["str","PsExpr"],["str","app"]],"role":"constructor"},{"index":7,"name":[["str","PsExpr"],["str","lam"]],"role":"constructor"},{"index":8,"name":[["str","PsExpr"],["str","forallE"]],"role":"constructor"},{"index":9,"name":[["str","PsExpr"],["str","letE"]],"role":"constructor"},{"index":10,"name":[["str","PsExpr"],["str","lit"]],"role":"constructor"},{"index":11,"name":[["str","PsExpr"],["str","proj"]],"role":"constructor"},{"index":12,"name":[["str","PsExpr"],["str","rec"]],"role":"recursor"}],"normalization":null}]},{"moduleName":["Ps","Core","Declaration"],"coreStart":555,"batches":[{"sourceIndex":0,"sourceName":["PsInductiveInfo"],"span":{"start":{"byteOffset":21,"line":3,"column":1},"stop":{"byteOffset":199,"line":10,"column":21}},"coreStart":555,"members":[{"index":0,"name":[["str","PsInductiveInfo"]],"role":"structureType"},{"index":1,"name":[["str","PsInductiveInfo"],["str","mk"]],"role":"constructor"},{"index":2,"name":[["str","PsInductiveInfo"],["str","rec"]],"role":"recursor"}],"normalization":null},{"sourceIndex":1,"sourceName":["PsConstructorInfo"],"span":{"start":{"byteOffset":201,"line":12,"column":1},"stop":{"byteOffset":409,"line":20,"column":29}},"coreStart":558,"members":[{"index":0,"name":[["str","PsConstructorInfo"]],"role":"structureType"},{"index":1,"name":[["str","PsConstructorInfo"],["str","mk"]],"role":"constructor"},{"index":2,"name":[["str","PsConstructorInfo"],["str","rec"]],"role":"recursor"}],"normalization":null},{"sourceIndex":2,"sourceName":["PsRecursorInfo"],"span":{"start":{"byteOffset":411,"line":22,"column":1},"stop":{"byteOffset":606,"line":30,"column":18}},"coreStart":561,"members":[{"index":0,"name":[["str","PsRecursorInfo"]],"role":"structureType"},{"index":1,"name":[["str","PsRecursorInfo"],["str","mk"]],"role":"constructor"},{"index":2,"name":[["str","PsRecursorInfo"],["str","rec"]],"role":"recursor"}],"normalization":null},{"sourceIndex":3,"sourceName":["PsDeclaration"],"span":{"start":{"byteOffset":608,"line":32,"column":1},"stop":{"byteOffset":1348,"line":62,"column":30}},"coreStart":564,"members":[{"index":0,"name":[["str","PsDeclaration"]],"role":"inductiveType"},{"index":1,"name":[["str","PsDeclaration"],["str","axiomDecl"]],"role":"constructor"},{"index":2,"name":[["str","PsDeclaration"],["str","definitionDecl"]],"role":"constructor"},{"index":3,"name":[["str","PsDeclaration"],["str","theoremDecl"]],"role":"constructor"},{"index":4,"name":[["str","PsDeclaration"],["str","partialDecl"]],"role":"constructor"},{"index":5,"name":[["str","PsDeclaration"],["str","opaqueDecl"]],"role":"constructor"},{"index":6,"name":[["str","PsDeclaration"],["str","inductiveDecl"]],"role":"constructor"},{"index":7,"name":[["str","PsDeclaration"],["str","constructorDecl"]],"role":"constructor"},{"index":8,"name":[["str","PsDeclaration"],["str","recursorDecl"]],"role":"constructor"},{"index":9,"name":[["str","PsDeclaration"],["str","rec"]],"role":"recursor"}],"normalization":null}]},{"moduleName":["Ps","Core","Abstract"],"coreStart":574,"batches":[{"sourceIndex":0,"sourceName":["psExprAbstractFVarAtWorker"],"span":{"start":{"byteOffset":21,"line":3,"column":1},"stop":{"byteOffset":2318,"line":71,"column":56}},"coreStart":574,"members":[{"index":0,"name":[["str","psExprAbstractFVarAtWorker"]],"role":"sourceDeclaration"}],"normalization":null},{"sourceIndex":1,"sourceName":["psExprAbstractFVarAt"],"span":{"start":{"byteOffset":2321,"line":73,"column":1},"stop":{"byteOffset":2513,"line":79,"column":19}},"coreStart":575,"members":[{"index":0,"name":[["str","psExprAbstractFVarAt"]],"role":"sourceDeclaration"}],"normalization":null},{"sourceIndex":2,"sourceName":["psExprAbstractFVar"],"span":{"start":{"byteOffset":2515,"line":81,"column":1},"stop":{"byteOffset":2617,"line":82,"column":37}},"coreStart":576,"members":[{"index":0,"name":[["str","psExprAbstractFVar"]],"role":"sourceDeclaration"}],"normalization":null}]},{"moduleName":["Ps","Core","Subst"],"coreStart":577,"batches":[{"sourceIndex":0,"sourceName":["psExprLiftBVarsWorker"],"span":{"start":{"byteOffset":21,"line":3,"column":1},"stop":{"byteOffset":2264,"line":71,"column":55}},"coreStart":577,"members":[{"index":0,"name":[["str","psExprLiftBVarsWorker"]],"role":"sourceDeclaration"}],"normalization":null},{"sourceIndex":1,"sourceName":["psExprLiftBVars"],"span":{"start":{"byteOffset":2267,"line":73,"column":1},"stop":{"byteOffset":2443,"line":79,"column":16}},"coreStart":578,"members":[{"index":0,"name":[["str","psExprLiftBVars"]],"role":"sourceDeclaration"}],"normalization":null},{"sourceIndex":2,"sourceName":["psExprInstantiateAtWorker"],"span":{"start":{"byteOffset":2445,"line":81,"column":1},"stop":{"byteOffset":4970,"line":151,"column":60}},"coreStart":579,"members":[{"index":0,"name":[["str","psExprInstantiateAtWorker"]],"role":"sourceDeclaration"}],"normalization":null},{"sourceIndex":3,"sourceName":["psExprInstantiateAt"],"span":{"start":{"byteOffset":4973,"line":153,"column":1},"stop":{"byteOffset":5180,"line":159,"column":21}},"coreStart":580,"members":[{"index":0,"name":[["str","psExprInstantiateAt"]],"role":"sourceDeclaration"}],"normalization":null},{"sourceIndex":4,"sourceName":["psExprInstantiate1"],"span":{"start":{"byteOffset":5182,"line":161,"column":1},"stop":{"byteOffset":5296,"line":162,"column":41}},"coreStart":581,"members":[{"index":0,"name":[["str","psExprInstantiate1"]],"role":"sourceDeclaration"}],"normalization":null}]},{"moduleName":["Ps","Core","Equality"],"coreStart":582,"batches":[{"sourceIndex":0,"sourceName":["psBinderInfoEq"],"span":{"start":{"byteOffset":21,"line":3,"column":1},"stop":{"byteOffset":480,"line":20,"column":19}},"coreStart":582,"members":[{"index":0,"name":[["str","psBinderInfoEq"]],"role":"sourceDeclaration"}],"normalization":null},{"sourceIndex":1,"sourceName":["psLiteralEq"],"span":{"start":{"byteOffset":482,"line":22,"column":1},"stop":{"byteOffset":821,"line":31,"column":19}},"coreStart":583,"members":[{"index":0,"name":[["str","psLiteralEq"]],"role":"sourceDeclaration"}],"normalization":null},{"sourceIndex":2,"sourceName":["psLevelStructuralEq"],"span":{"start":{"byteOffset":823,"line":33,"column":1},"stop":{"byteOffset":2322,"line":83,"column":21}},"coreStart":584,"members":[{"index":0,"name":[["str","psLevelStructuralEq"]],"role":"sourceDeclaration"}],"normalization":null},{"sourceIndex":3,"sourceName":["psLevelListEq"],"span":{"start":{"byteOffset":2324,"line":85,"column":1},"stop":{"byteOffset":2878,"line":103,"column":21}},"coreStart":585,"members":[{"index":0,"name":[["str","psLevelListEq"]],"role":"sourceDeclaration"}],"normalization":null},{"sourceIndex":4,"sourceName":["psExprAlphaEq"],"span":{"start":{"byteOffset":2880,"line":105,"column":1},"stop":{"byteOffset":6467,"line":218,"column":21}},"coreStart":586,"members":[{"index":0,"name":[["str","psExprAlphaEq"]],"role":"sourceDeclaration"}],"normalization":null}]},{"moduleName":["Ps","Foundation","List"],"coreStart":587,"batches":[{"sourceIndex":0,"sourceName":["psListLength"],"span":{"start":{"byteOffset":0,"line":1,"column":1},"stop":{"byteOffset":152,"line":4,"column":52}},"coreStart":587,"members":[{"index":0,"name":[["str","psListLength"]],"role":"sourceDeclaration"}],"normalization":null},{"sourceIndex":1,"sourceName":["psListIsEmpty"],"span":{"start":{"byteOffset":155,"line":6,"column":1},"stop":{"byteOffset":287,"line":9,"column":27}},"coreStart":588,"members":[{"index":0,"name":[["str","psListIsEmpty"]],"role":"sourceDeclaration"}],"normalization":null},{"sourceIndex":2,"sourceName":["psListAny"],"span":{"start":{"byteOffset":289,"line":11,"column":1},"stop":{"byteOffset":512,"line":15,"column":65}},"coreStart":589,"members":[{"index":0,"name":[["str","psListAny"]],"role":"sourceDeclaration"}],"normalization":null},{"sourceIndex":3,"sourceName":["psListReverseAcc"],"span":{"start":{"byteOffset":514,"line":17,"column":1},"stop":{"byteOffset":721,"line":21,"column":71}},"coreStart":590,"members":[{"index":0,"name":[["str","psListReverseAcc"],["str","$psc0SH"],["num","0"]],"role":"normalizedWorker"},{"index":1,"name":[["str","psListReverseAcc"]],"role":"publicWrapper"}],"normalization":{"functionName":[["str","psListReverseAcc"]],"workerName":[["str","psListReverseAcc"],["str","$psc0SH"],["num","0"]],"parameterIds":["0","1","2"],"explicitIds":["1","2"],"majorId":"1","generalizedIds":["2"],"workerBinderCount":2,"workerTypeKind":"forallE","workerValueKind":"matchE","actualWorkerSyntaxRetained":true}},{"sourceIndex":4,"sourceName":["psListReverse"],"span":{"start":{"byteOffset":724,"line":23,"column":1},"stop":{"byteOffset":829,"line":24,"column":35}},"coreStart":592,"members":[{"index":0,"name":[["str","psListReverse"]],"role":"sourceDeclaration"}],"normalization":null},{"sourceIndex":5,"sourceName":["psListAppend"],"span":{"start":{"byteOffset":831,"line":26,"column":1},"stop":{"byteOffset":1032,"line":30,"column":69}},"coreStart":593,"members":[{"index":0,"name":[["str","psListAppend"]],"role":"sourceDeclaration"}],"normalization":null},{"sourceIndex":6,"sourceName":["psListMap"],"span":{"start":{"byteOffset":1035,"line":32,"column":1},"stop":{"byteOffset":1254,"line":35,"column":78}},"coreStart":594,"members":[{"index":0,"name":[["str","psListMap"]],"role":"sourceDeclaration"}],"normalization":null},{"sourceIndex":7,"sourceName":["psListMapExcept"],"span":{"start":{"byteOffset":1257,"line":37,"column":1},"stop":{"byteOffset":1768,"line":47,"column":69}},"coreStart":595,"members":[{"index":0,"name":[["str","psListMapExcept"]],"role":"sourceDeclaration"}],"normalization":null},{"sourceIndex":8,"sourceName":["psListTake"],"span":{"start":{"byteOffset":1771,"line":49,"column":1},"stop":{"byteOffset":2054,"line":56,"column":75}},"coreStart":596,"members":[{"index":0,"name":[["str","psListTake"],["str","$psc0SH"],["num","0"]],"role":"normalizedWorker"},{"index":1,"name":[["str","psListTake"]],"role":"publicWrapper"}],"normalization":{"functionName":[["str","psListTake"]],"workerName":[["str","psListTake"],["str","$psc0SH"],["num","0"]],"parameterIds":["0","1","2"],"explicitIds":["1","2"],"majorId":"1","generalizedIds":["2"],"workerBinderCount":2,"workerTypeKind":"forallE","workerValueKind":"matchE","actualWorkerSyntaxRetained":true}},{"sourceIndex":9,"sourceName":["psListZip"],"span":{"start":{"byteOffset":2057,"line":58,"column":1},"stop":{"byteOffset":2384,"line":66,"column":65}},"coreStart":598,"members":[{"index":0,"name":[["str","psListZip"],["str","$psc0SH"],["num","0"]],"role":"normalizedWorker"},{"index":1,"name":[["str","psListZip"]],"role":"publicWrapper"}],"normalization":{"functionName":[["str","psListZip"]],"workerName":[["str","psListZip"],["str","$psc0SH"],["num","0"]],"parameterIds":["0","1","2","3"],"explicitIds":["2","3"],"majorId":"2","generalizedIds":["3"],"workerBinderCount":3,"workerTypeKind":"forallE","workerValueKind":"matchE","actualWorkerSyntaxRetained":true}}]},{"moduleName":["Ps","Environment","Basic"],"coreStart":600,"batches":[{"sourceIndex":0,"sourceName":["psDeclarationName"],"span":{"start":{"byteOffset":54,"line":4,"column":1},"stop":{"byteOffset":391,"line":12,"column":36}},"coreStart":600,"members":[{"index":0,"name":[["str","psDeclarationName"]],"role":"sourceDeclaration"}],"normalization":null},{"sourceIndex":1,"sourceName":["psDeclarationLevelParams"],"span":{"start":{"byteOffset":393,"line":14,"column":1},"stop":{"byteOffset":833,"line":22,"column":43}},"coreStart":601,"members":[{"index":0,"name":[["str","psDeclarationLevelParams"]],"role":"sourceDeclaration"}],"normalization":null},{"sourceIndex":2,"sourceName":["psDeclarationType"],"span":{"start":{"byteOffset":835,"line":24,"column":1},"stop":{"byteOffset":1172,"line":32,"column":36}},"coreStart":602,"members":[{"index":0,"name":[["str","psDeclarationType"]],"role":"sourceDeclaration"}],"normalization":null},{"sourceIndex":3,"sourceName":["psDeclarationValue"],"span":{"start":{"byteOffset":1174,"line":34,"column":1},"stop":{"byteOffset":1303,"line":36,"column":21}},"coreStart":603,"members":[{"index":0,"name":[["str","psDeclarationValue"]],"role":"sourceDeclaration"}],"normalization":null},{"sourceIndex":4,"sourceName":["psDeclarationInductiveInfo"],"span":{"start":{"byteOffset":1305,"line":38,"column":1},"stop":{"byteOffset":1442,"line":40,"column":21}},"coreStart":604,"members":[{"index":0,"name":[["str","psDeclarationInductiveInfo"]],"role":"sourceDeclaration"}],"normalization":null},{"sourceIndex":5,"sourceName":["psDeclarationConstructorInfo"],"span":{"start":{"byteOffset":1444,"line":42,"column":1},"stop":{"byteOffset":1587,"line":44,"column":21}},"coreStart":605,"members":[{"index":0,"name":[["str","psDeclarationConstructorInfo"]],"role":"sourceDeclaration"}],"normalization":null},{"sourceIndex":6,"sourceName":["psDeclarationRecursorInfo"],"span":{"start":{"byteOffset":1589,"line":46,"column":1},"stop":{"byteOffset":1723,"line":48,"column":21}},"coreStart":606,"members":[{"index":0,"name":[["str","psDeclarationRecursorInfo"]],"role":"sourceDeclaration"}],"normalization":null},{"sourceIndex":7,"sourceName":["PsEnvironmentIndex"],"span":{"start":{"byteOffset":1882,"line":52,"column":1},"stop":{"byteOffset":2018,"line":55,"column":45}},"coreStart":607,"members":[{"index":0,"name":[["str","PsEnvironmentIndex"]],"role":"inductiveType"},{"index":1,"name":[["str","PsEnvironmentIndex"],["str","empty"]],"role":"constructor"},{"index":2,"name":[["str","PsEnvironmentIndex"],["str","bucket"]],"role":"constructor"},{"index":3,"name":[["str","PsEnvironmentIndex"],["str","branch"]],"role":"constructor"},{"index":4,"name":[["str","PsEnvironmentIndex"],["str","rec"]],"role":"recursor"}],"normalization":null},{"sourceIndex":8,"sourceName":["psEnvironmentHashStringWorker"],"span":{"start":{"byteOffset":2020,"line":57,"column":1},"stop":{"byteOffset":2737,"line":67,"column":90}},"coreStart":612,"members":[{"index":0,"name":[["str","psEnvironmentHashStringWorker"]],"role":"sourceDeclaration"}],"normalization":null},{"sourceIndex":9,"sourceName":["psEnvironmentNameHash"],"span":{"start":{"byteOffset":2740,"line":69,"column":1},"stop":{"byteOffset":3151,"line":76,"column":92}},"coreStart":613,"members":[{"index":0,"name":[["str","psEnvironmentNameHash"]],"role":"sourceDeclaration"}],"normalization":null},{"sourceIndex":10,"sourceName":["psEnvironmentIndexFindWorker"],"span":{"start":{"byteOffset":3153,"line":78,"column":1},"stop":{"byteOffset":3873,"line":92,"column":24}},"coreStart":614,"members":[{"index":0,"name":[["str","psEnvironmentIndexFindWorker"]],"role":"sourceDeclaration"}],"normalization":null},{"sourceIndex":11,"sourceName":["psEnvironmentIndexSetWorker"],"span":{"start":{"byteOffset":3875,"line":94,"column":1},"stop":{"byteOffset":4937,"line":108,"column":89}},"coreStart":615,"members":[{"index":0,"name":[["str","psEnvironmentIndexSetWorker"]],"role":"sourceDeclaration"}],"normalization":null},{"sourceIndex":12,"sourceName":["PsEnvironment"],"span":{"start":{"byteOffset":4940,"line":110,"column":1},"stop":{"byteOffset":5034,"line":112,"column":29}},"coreStart":616,"members":[{"index":0,"name":[["str","PsEnvironment"]],"role":"structureType"},{"index":1,"name":[["str","PsEnvironment"],["str","mk"]],"role":"constructor"},{"index":2,"name":[["str","PsEnvironment"],["str","rec"]],"role":"recursor"}],"normalization":null},{"sourceIndex":13,"sourceName":["psEnvironmentEmpty"],"span":{"start":{"byteOffset":5036,"line":114,"column":1},"stop":{"byteOffset":5130,"line":115,"column":53}},"coreStart":619,"members":[{"index":0,"name":[["str","psEnvironmentEmpty"]],"role":"sourceDeclaration"}],"normalization":null},{"sourceIndex":14,"sourceName":["psEnvironmentFindInListWorker"],"span":{"start":{"byteOffset":5132,"line":117,"column":1},"stop":{"byteOffset":5622,"line":130,"column":23}},"coreStart":620,"members":[{"index":0,"name":[["str","psEnvironmentFindInListWorker"]],"role":"sourceDeclaration"}],"normalization":null},{"sourceIndex":15,"sourceName":["psEnvironmentFindInList"],"span":{"start":{"byteOffset":5624,"line":132,"column":1},"stop":{"byteOffset":5791,"line":136,"column":50}},"coreStart":621,"members":[{"index":0,"name":[["str","psEnvironmentFindInList"]],"role":"sourceDeclaration"}],"normalization":null},{"sourceIndex":16,"sourceName":["psEnvironmentFind"],"span":{"start":{"byteOffset":5793,"line":138,"column":1},"stop":{"byteOffset":5996,"line":139,"column":110}},"coreStart":622,"members":[{"index":0,"name":[["str","psEnvironmentFind"]],"role":"sourceDeclaration"}],"normalization":null},{"sourceIndex":17,"sourceName":["psEnvironmentFindInductive"],"span":{"start":{"byteOffset":6000,"line":141,"column":1},"stop":{"byteOffset":6247,"line":146,"column":24}},"coreStart":623,"members":[{"index":0,"name":[["str","psEnvironmentFindInductive"]],"role":"sourceDeclaration"}],"normalization":null},{"sourceIndex":18,"sourceName":["psEnvironmentFindConstructor"],"span":{"start":{"byteOffset":6249,"line":148,"column":1},"stop":{"byteOffset":6502,"line":153,"column":24}},"coreStart":624,"members":[{"index":0,"name":[["str","psEnvironmentFindConstructor"]],"role":"sourceDeclaration"}],"normalization":null},{"sourceIndex":19,"sourceName":["psEnvironmentFindRecursor"],"span":{"start":{"byteOffset":6504,"line":155,"column":1},"stop":{"byteOffset":6748,"line":160,"column":24}},"coreStart":625,"members":[{"index":0,"name":[["str","psEnvironmentFindRecursor"]],"role":"sourceDeclaration"}],"normalization":null},{"sourceIndex":20,"sourceName":["psEnvironmentContains"],"span":{"start":{"byteOffset":6750,"line":162,"column":1},"stop":{"byteOffset":6916,"line":165,"column":19}},"coreStart":626,"members":[{"index":0,"name":[["str","psEnvironmentContains"]],"role":"sourceDeclaration"}],"normalization":null},{"sourceIndex":21,"sourceName":["psEnvironmentRemoveNameWorker"],"span":{"start":{"byteOffset":6918,"line":167,"column":1},"stop":{"byteOffset":7413,"line":180,"column":46}},"coreStart":627,"members":[{"index":0,"name":[["str","psEnvironmentRemoveNameWorker"]],"role":"sourceDeclaration"}],"normalization":null},{"sourceIndex":22,"sourceName":["psEnvironmentRemoveName"],"span":{"start":{"byteOffset":7416,"line":182,"column":1},"stop":{"byteOffset":7581,"line":186,"column":50}},"coreStart":628,"members":[{"index":0,"name":[["str","psEnvironmentRemoveName"]],"role":"sourceDeclaration"}],"normalization":null},{"sourceIndex":23,"sourceName":["psEnvironmentIndexInsert"],"span":{"start":{"byteOffset":7583,"line":188,"column":1},"stop":{"byteOffset":7945,"line":192,"column":104}},"coreStart":629,"members":[{"index":0,"name":[["str","psEnvironmentIndexInsert"]],"role":"sourceDeclaration"}],"normalization":null},{"sourceIndex":24,"sourceName":["psEnvironmentAddReplacingAxiom"],"span":{"start":{"byteOffset":7949,"line":194,"column":1},"stop":{"byteOffset":8749,"line":216,"column":22}},"coreStart":630,"members":[{"index":0,"name":[["str","psEnvironmentAddReplacingAxiom"]],"role":"sourceDeclaration"}],"normalization":null},{"sourceIndex":25,"sourceName":["psEnvironmentAdd"],"span":{"start":{"byteOffset":8751,"line":218,"column":1},"stop":{"byteOffset":9101,"line":223,"column":62}},"coreStart":631,"members":[{"index":0,"name":[["str","psEnvironmentAdd"]],"role":"sourceDeclaration"}],"normalization":null}]},{"moduleName":["Ps","Bridge","CheckedAdmissions"],"coreStart":632,"batches":[{"sourceIndex":0,"sourceName":["PsCheckedAdmissionCodecError"],"span":{"start":{"byteOffset":173,"line":9,"column":1},"stop":{"byteOffset":394,"line":15,"column":27}},"coreStart":632,"members":[{"index":0,"name":[["str","PsCheckedAdmissionCodecError"]],"role":"inductiveType"},{"index":1,"name":[["str","PsCheckedAdmissionCodecError"],["str","universeMetavariable"]],"role":"constructor"},{"index":2,"name":[["str","PsCheckedAdmissionCodecError"],["str","freeVariable"]],"role":"constructor"},{"index":3,"name":[["str","PsCheckedAdmissionCodecError"],["str","expressionMetavariable"]],"role":"constructor"},{"index":4,"name":[["str","PsCheckedAdmissionCodecError"],["str","missingConstructor"]],"role":"constructor"},{"index":5,"name":[["str","PsCheckedAdmissionCodecError"],["str","mismatchedConstructor"]],"role":"constructor"},{"index":6,"name":[["str","PsCheckedAdmissionCodecError"],["str","unsupportedDeclaration"]],"role":"constructor"},{"index":7,"name":[["str","PsCheckedAdmissionCodecError"],["str","rec"]],"role":"recursor"}],"normalization":null},{"sourceIndex":1,"sourceName":["psCheckedAdmissionBoolNot"],"span":{"start":{"byteOffset":396,"line":17,"column":1},"stop":{"byteOffset":482,"line":18,"column":32}},"coreStart":640,"members":[{"index":0,"name":[["str","psCheckedAdmissionBoolNot"]],"role":"sourceDeclaration"}],"normalization":null},{"sourceIndex":2,"sourceName":["psCheckedAdmissionJsonField"],"span":{"start":{"byteOffset":484,"line":20,"column":1},"stop":{"byteOffset":584,"line":22,"column":20}},"coreStart":641,"members":[{"index":0,"name":[["str","psCheckedAdmissionJsonField"]],"role":"sourceDeclaration"}],"normalization":null},{"sourceIndex":3,"sourceName":["psCheckedAdmissionIncrementDecimalDigits"],"span":{"start":{"byteOffset":586,"line":24,"column":1},"stop":{"byteOffset":928,"line":35,"column":40}},"coreStart":642,"members":[{"index":0,"name":[["str","psCheckedAdmissionIncrementDecimalDigits"]],"role":"sourceDeclaration"}],"normalization":null},{"sourceIndex":4,"sourceName":["psCheckedAdmissionDecimalDigits"],"span":{"start":{"byteOffset":930,"line":37,"column":1},"stop":{"byteOffset":1187,"line":44,"column":53}},"coreStart":643,"members":[{"index":0,"name":[["str","psCheckedAdmissionDecimalDigits"]],"role":"sourceDeclaration"}],"normalization":null},{"sourceIndex":5,"sourceName":["psCheckedAdmissionDecimalDigitsToString"],"span":{"start":{"byteOffset":1190,"line":46,"column":1},"stop":{"byteOffset":1492,"line":55,"column":40}},"coreStart":644,"members":[{"index":0,"name":[["str","psCheckedAdmissionDecimalDigitsToString"]],"role":"sourceDeclaration"}],"normalization":null},{"sourceIndex":6,"sourceName":["psCheckedAdmissionNatToString"],"span":{"start":{"byteOffset":1497,"line":57,"column":1},"stop":{"byteOffset":1588,"line":59,"column":28}},"coreStart":645,"members":[{"index":0,"name":[["str","psCheckedAdmissionNatToString"]],"role":"sourceDeclaration"}],"normalization":null},{"sourceIndex":7,"sourceName":["psEncodeCodecName"],"span":{"start":{"byteOffset":1591,"line":61,"column":1},"stop":{"byteOffset":2371,"line":82,"column":8}},"coreStart":646,"members":[{"index":0,"name":[["str","psEncodeCodecName"]],"role":"sourceDeclaration"}],"normalization":null},{"sourceIndex":8,"sourceName":["psEncodeCodecLevel"],"span":{"start":{"byteOffset":2373,"line":84,"column":1},"stop":{"byteOffset":4337,"line":135,"column":69}},"coreStart":647,"members":[{"index":0,"name":[["str","psEncodeCodecLevel"]],"role":"sourceDeclaration"}],"normalization":null},{"sourceIndex":9,"sourceName":["psEncodeCodecBinderInfo"],"span":{"start":{"byteOffset":4339,"line":137,"column":1},"stop":{"byteOffset":4557,"line":142,"column":40}},"coreStart":648,"members":[{"index":0,"name":[["str","psEncodeCodecBinderInfo"]],"role":"sourceDeclaration"}],"normalization":null},{"sourceIndex":10,"sourceName":["psEncodeCodecLevelList"],"span":{"start":{"byteOffset":4559,"line":144,"column":1},"stop":{"byteOffset":5107,"line":159,"column":59}},"coreStart":649,"members":[{"index":0,"name":[["str","psEncodeCodecLevelList"]],"role":"sourceDeclaration"}],"normalization":null},{"sourceIndex":11,"sourceName":["psEncodeCodecLevels"],"span":{"start":{"byteOffset":5110,"line":161,"column":1},"stop":{"byteOffset":5357,"line":166,"column":56}},"coreStart":650,"members":[{"index":0,"name":[["str","psEncodeCodecLevels"]],"role":"sourceDeclaration"}],"normalization":null},{"sourceIndex":12,"sourceName":["psEncodeCodecExpr"],"span":{"start":{"byteOffset":5360,"line":168,"column":1},"stop":{"byteOffset":10548,"line":286,"column":14}},"coreStart":651,"members":[{"index":0,"name":[["str","psEncodeCodecExpr"]],"role":"sourceDeclaration"}],"normalization":null},{"sourceIndex":13,"sourceName":["psEncodeCodecNames"],"span":{"start":{"byteOffset":10551,"line":288,"column":1},"stop":{"byteOffset":10775,"line":296,"column":33}},"coreStart":652,"members":[{"index":0,"name":[["str","psEncodeCodecNames"]],"role":"sourceDeclaration"}],"normalization":null},{"sourceIndex":14,"sourceName":["psEncodeCodecNameList"],"span":{"start":{"byteOffset":10778,"line":298,"column":1},"stop":{"byteOffset":10877,"line":299,"column":40}},"coreStart":653,"members":[{"index":0,"name":[["str","psEncodeCodecNameList"]],"role":"sourceDeclaration"}],"normalization":null},{"sourceIndex":15,"sourceName":["psBridgeFindConstructor"],"span":{"start":{"byteOffset":10880,"line":301,"column":1},"stop":{"byteOffset":11459,"line":318,"column":25}},"coreStart":654,"members":[{"index":0,"name":[["str","psBridgeFindConstructor"]],"role":"sourceDeclaration"}],"normalization":null},{"sourceIndex":16,"sourceName":["psEncodeCodecConstructor"],"span":{"start":{"byteOffset":11461,"line":320,"column":1},"stop":{"byteOffset":12372,"line":341,"column":16}},"coreStart":655,"members":[{"index":0,"name":[["str","psEncodeCodecConstructor"]],"role":"sourceDeclaration"}],"normalization":null},{"sourceIndex":17,"sourceName":["psEncodeCodecConstructors"],"span":{"start":{"byteOffset":12375,"line":343,"column":1},"stop":{"byteOffset":13206,"line":368,"column":59}},"coreStart":656,"members":[{"index":0,"name":[["str","psEncodeCodecConstructors"]],"role":"sourceDeclaration"}],"normalization":null},{"sourceIndex":18,"sourceName":["psEncodeCodecInductive"],"span":{"start":{"byteOffset":13209,"line":370,"column":1},"stop":{"byteOffset":14302,"line":395,"column":14}},"coreStart":657,"members":[{"index":0,"name":[["str","psEncodeCodecInductive"]],"role":"sourceDeclaration"}],"normalization":null},{"sourceIndex":19,"sourceName":["psBridgeFindRegularHeightInBucket"],"span":{"start":{"byteOffset":14305,"line":397,"column":1},"stop":{"byteOffset":14721,"line":410,"column":23}},"coreStart":658,"members":[{"index":0,"name":[["str","psBridgeFindRegularHeightInBucket"]],"role":"sourceDeclaration"}],"normalization":null},{"sourceIndex":20,"sourceName":["PsBridgeHeightIndex"],"span":{"start":{"byteOffset":14882,"line":414,"column":1},"stop":{"byteOffset":15017,"line":417,"column":46}},"coreStart":659,"members":[{"index":0,"name":[["str","PsBridgeHeightIndex"]],"role":"inductiveType"},{"index":1,"name":[["str","PsBridgeHeightIndex"],["str","empty"]],"role":"constructor"},{"index":2,"name":[["str","PsBridgeHeightIndex"],["str","bucket"]],"role":"constructor"},{"index":3,"name":[["str","PsBridgeHeightIndex"],["str","branch"]],"role":"constructor"},{"index":4,"name":[["str","PsBridgeHeightIndex"],["str","rec"]],"role":"recursor"}],"normalization":null},{"sourceIndex":21,"sourceName":["psBridgeHeightBucket"],"span":{"start":{"byteOffset":15019,"line":419,"column":1},"stop":{"byteOffset":15711,"line":432,"column":24}},"coreStart":664,"members":[{"index":0,"name":[["str","psBridgeHeightBucket"]],"role":"sourceDeclaration"}],"normalization":null},{"sourceIndex":22,"sourceName":["psBridgeHeightInsertWorker"],"span":{"start":{"byteOffset":15713,"line":434,"column":1},"stop":{"byteOffset":16940,"line":452,"column":89}},"coreStart":665,"members":[{"index":0,"name":[["str","psBridgeHeightInsertWorker"]],"role":"sourceDeclaration"}],"normalization":null},{"sourceIndex":23,"sourceName":["psBridgeHeightInsert"],"span":{"start":{"byteOffset":16943,"line":454,"column":1},"stop":{"byteOffset":17132,"line":455,"column":79}},"coreStart":666,"members":[{"index":0,"name":[["str","psBridgeHeightInsert"]],"role":"sourceDeclaration"}],"normalization":null},{"sourceIndex":24,"sourceName":["psBridgeFindRegularHeight"],"span":{"start":{"byteOffset":17134,"line":457,"column":1},"stop":{"byteOffset":17320,"line":458,"column":102}},"coreStart":667,"members":[{"index":0,"name":[["str","psBridgeFindRegularHeight"]],"role":"sourceDeclaration"}],"normalization":null},{"sourceIndex":25,"sourceName":["psBridgeNatMax"],"span":{"start":{"byteOffset":17322,"line":460,"column":1},"stop":{"byteOffset":17695,"line":472,"column":40}},"coreStart":668,"members":[{"index":0,"name":[["str","psBridgeNatMax"]],"role":"sourceDeclaration"}],"normalization":null},{"sourceIndex":26,"sourceName":["psBridgeExprMaxRegularHeight"],"span":{"start":{"byteOffset":17698,"line":474,"column":1},"stop":{"byteOffset":18648,"line":500,"column":11}},"coreStart":669,"members":[{"index":0,"name":[["str","psBridgeExprMaxRegularHeight"]],"role":"sourceDeclaration"}],"normalization":null},{"sourceIndex":27,"sourceName":["psEncodeCodecDefinition"],"span":{"start":{"byteOffset":18650,"line":502,"column":1},"stop":{"byteOffset":19832,"line":528,"column":14}},"coreStart":670,"members":[{"index":0,"name":[["str","psEncodeCodecDefinition"]],"role":"sourceDeclaration"}],"normalization":null},{"sourceIndex":28,"sourceName":["psEncodeCodecTheorem"],"span":{"start":{"byteOffset":19835,"line":530,"column":1},"stop":{"byteOffset":20634,"line":548,"column":14}},"coreStart":671,"members":[{"index":0,"name":[["str","psEncodeCodecTheorem"]],"role":"sourceDeclaration"}],"normalization":null},{"sourceIndex":29,"sourceName":["psEncodeConstantAdmission"],"span":{"start":{"byteOffset":20637,"line":550,"column":1},"stop":{"byteOffset":20847,"line":554,"column":4}},"coreStart":672,"members":[{"index":0,"name":[["str","psEncodeConstantAdmission"]],"role":"sourceDeclaration"}],"normalization":null},{"sourceIndex":30,"sourceName":["psEncodeInductiveAdmission"],"span":{"start":{"byteOffset":20849,"line":556,"column":1},"stop":{"byteOffset":21061,"line":560,"column":4}},"coreStart":673,"members":[{"index":0,"name":[["str","psEncodeInductiveAdmission"]],"role":"sourceDeclaration"}],"normalization":null},{"sourceIndex":31,"sourceName":["PsCheckedAdmissionEncodeState"],"span":{"start":{"byteOffset":21063,"line":562,"column":1},"stop":{"byteOffset":21170,"line":564,"column":30}},"coreStart":674,"members":[{"index":0,"name":[["str","PsCheckedAdmissionEncodeState"]],"role":"structureType"},{"index":1,"name":[["str","PsCheckedAdmissionEncodeState"],["str","mk"]],"role":"constructor"},{"index":2,"name":[["str","PsCheckedAdmissionEncodeState"],["str","rec"]],"role":"recursor"}],"normalization":null},{"sourceIndex":32,"sourceName":["psEncodeCheckedAdmissionsLoop"],"span":{"start":{"byteOffset":21172,"line":566,"column":1},"stop":{"byteOffset":24030,"line":638,"column":66}},"coreStart":677,"members":[{"index":0,"name":[["str","psEncodeCheckedAdmissionsLoop"]],"role":"sourceDeclaration"}],"normalization":null},{"sourceIndex":33,"sourceName":["psCheckedAdmissionReverseStringsAcc"],"span":{"start":{"byteOffset":24032,"line":640,"column":1},"stop":{"byteOffset":24403,"line":650,"column":36}},"coreStart":678,"members":[{"index":0,"name":[["str","psCheckedAdmissionReverseStringsAcc"]],"role":"sourceDeclaration"}],"normalization":null},{"sourceIndex":34,"sourceName":["psCheckedAdmissionReverseStrings"],"span":{"start":{"byteOffset":24407,"line":653,"column":1},"stop":{"byteOffset":24541,"line":655,"column":54}},"coreStart":679,"members":[{"index":0,"name":[["str","psCheckedAdmissionReverseStrings"]],"role":"sourceDeclaration"}],"normalization":null},{"sourceIndex":35,"sourceName":["PsCheckedNestedBinder"],"span":{"start":{"byteOffset":24857,"line":661,"column":1},"stop":{"byteOffset":24937,"line":664,"column":16}},"coreStart":680,"members":[{"index":0,"name":[["str","PsCheckedNestedBinder"]],"role":"structureType"},{"index":1,"name":[["str","PsCheckedNestedBinder"],["str","mk"]],"role":"constructor"},{"index":2,"name":[["str","PsCheckedNestedBinder"],["str","rec"]],"role":"recursor"}],"normalization":null},{"sourceIndex":36,"sourceName":["psCheckedNestedName"],"span":{"start":{"byteOffset":24939,"line":666,"column":1},"stop":{"byteOffset":25025,"line":667,"column":35}},"coreStart":683,"members":[{"index":0,"name":[["str","psCheckedNestedName"]],"role":"sourceDeclaration"}],"normalization":null},{"sourceIndex":37,"sourceName":["psCheckedNestedUnitName"],"span":{"start":{"byteOffset":25027,"line":669,"column":1},"stop":{"byteOffset":25110,"line":669,"column":84}},"coreStart":684,"members":[{"index":0,"name":[["str","psCheckedNestedUnitName"]],"role":"sourceDeclaration"}],"normalization":null},{"sourceIndex":38,"sourceName":["psCheckedNestedLevelName"],"span":{"start":{"byteOffset":25112,"line":671,"column":1},"stop":{"byteOffset":25192,"line":671,"column":81}},"coreStart":685,"members":[{"index":0,"name":[["str","psCheckedNestedLevelName"]],"role":"sourceDeclaration"}],"normalization":null},{"sourceIndex":39,"sourceName":["psCheckedNestedLevel"],"span":{"start":{"byteOffset":25194,"line":673,"column":1},"stop":{"byteOffset":25270,"line":673,"column":77}},"coreStart":686,"members":[{"index":0,"name":[["str","psCheckedNestedLevel"]],"role":"sourceDeclaration"}],"normalization":null},{"sourceIndex":40,"sourceName":["psCheckedNestedUnit"],"span":{"start":{"byteOffset":25272,"line":675,"column":1},"stop":{"byteOffset":25370,"line":676,"column":63}},"coreStart":687,"members":[{"index":0,"name":[["str","psCheckedNestedUnit"]],"role":"sourceDeclaration"}],"normalization":null},{"sourceIndex":41,"sourceName":["psCheckedNestedUnitValue"],"span":{"start":{"byteOffset":25372,"line":678,"column":1},"stop":{"byteOffset":25495,"line":679,"column":83}},"coreStart":688,"members":[{"index":0,"name":[["str","psCheckedNestedUnitValue"]],"role":"sourceDeclaration"}],"normalization":null},{"sourceIndex":42,"sourceName":["psCheckedNestedBind"],"span":{"start":{"byteOffset":25497,"line":681,"column":1},"stop":{"byteOffset":26025,"line":689,"column":80}},"coreStart":689,"members":[{"index":0,"name":[["str","psCheckedNestedBind"]],"role":"sourceDeclaration"}],"normalization":null},{"sourceIndex":43,"sourceName":["psCheckedNestedSize"],"span":{"start":{"byteOffset":26027,"line":691,"column":1},"stop":{"byteOffset":26627,"line":698,"column":11}},"coreStart":690,"members":[{"index":0,"name":[["str","psCheckedNestedSize"]],"role":"sourceDeclaration"}],"normalization":null},{"sourceIndex":44,"sourceName":["psCheckedNestedOpenWorker"],"span":{"start":{"byteOffset":26629,"line":700,"column":1},"stop":{"byteOffset":27211,"line":710,"column":24}},"coreStart":691,"members":[{"index":0,"name":[["str","psCheckedNestedOpenWorker"]],"role":"sourceDeclaration"}],"normalization":null},{"sourceIndex":45,"sourceName":["psCheckedNestedOpen"],"span":{"start":{"byteOffset":27213,"line":712,"column":1},"stop":{"byteOffset":27358,"line":713,"column":63}},"coreStart":692,"members":[{"index":0,"name":[["str","psCheckedNestedOpen"]],"role":"sourceDeclaration"}],"normalization":null},{"sourceIndex":46,"sourceName":["psCheckedNestedContains"],"span":{"start":{"byteOffset":27360,"line":715,"column":1},"stop":{"byteOffset":28117,"line":726,"column":15}},"coreStart":693,"members":[{"index":0,"name":[["str","psCheckedNestedContains"]],"role":"sourceDeclaration"}],"normalization":null},{"sourceIndex":47,"sourceName":["psCheckedNestedDirect"],"span":{"start":{"byteOffset":28264,"line":730,"column":1},"stop":{"byteOffset":28526,"line":735,"column":15}},"coreStart":694,"members":[{"index":0,"name":[["str","psCheckedNestedDirect"]],"role":"sourceDeclaration"}],"normalization":null},{"sourceIndex":48,"sourceName":["psCheckedNestedAdd"],"span":{"start":{"byteOffset":28528,"line":737,"column":1},"stop":{"byteOffset":28829,"line":742,"column":14}},"coreStart":695,"members":[{"index":0,"name":[["str","psCheckedNestedAdd"]],"role":"sourceDeclaration"}],"normalization":null},{"sourceIndex":49,"sourceName":["psCheckedNestedAddTypes"],"span":{"start":{"byteOffset":28831,"line":744,"column":1},"stop":{"byteOffset":29193,"line":749,"column":81}},"coreStart":696,"members":[{"index":0,"name":[["str","psCheckedNestedAddTypes"]],"role":"sourceDeclaration"}],"normalization":null},{"sourceIndex":50,"sourceName":["psCheckedNestedBinderType"],"span":{"start":{"byteOffset":29196,"line":751,"column":1},"stop":{"byteOffset":29282,"line":751,"column":87}},"coreStart":697,"members":[{"index":0,"name":[["str","psCheckedNestedBinderType"]],"role":"sourceDeclaration"}],"normalization":null},{"sourceIndex":51,"sourceName":["psCheckedNestedBinderExpr"],"span":{"start":{"byteOffset":29284,"line":753,"column":1},"stop":{"byteOffset":29380,"line":753,"column":97}},"coreStart":698,"members":[{"index":0,"name":[["str","psCheckedNestedBinderExpr"]],"role":"sourceDeclaration"}],"normalization":null},{"sourceIndex":52,"sourceName":["psCheckedNestedRoots"],"span":{"start":{"byteOffset":29382,"line":755,"column":1},"stop":{"byteOffset":30153,"line":765,"column":129}},"coreStart":699,"members":[{"index":0,"name":[["str","psCheckedNestedRoots"]],"role":"sourceDeclaration"}],"normalization":null},{"sourceIndex":53,"sourceName":["psCheckedNestedContainerFields"],"span":{"start":{"byteOffset":30156,"line":767,"column":1},"stop":{"byteOffset":31317,"line":784,"column":74}},"coreStart":700,"members":[{"index":0,"name":[["str","psCheckedNestedContainerFields"]],"role":"sourceDeclaration"}],"normalization":null},{"sourceIndex":54,"sourceName":["psCheckedNestedConcat"],"span":{"start":{"byteOffset":31319,"line":786,"column":1},"stop":{"byteOffset":31524,"line":789,"column":77}},"coreStart":701,"members":[{"index":0,"name":[["str","psCheckedNestedConcat"]],"role":"sourceDeclaration"}],"normalization":null},{"sourceIndex":55,"sourceName":["psCheckedNestedExpand"],"span":{"start":{"byteOffset":31527,"line":791,"column":1},"stop":{"byteOffset":32704,"line":807,"column":76}},"coreStart":702,"members":[{"index":0,"name":[["str","psCheckedNestedExpand"]],"role":"sourceDeclaration"}],"normalization":null},{"sourceIndex":56,"sourceName":["psCheckedNestedSizes"],"span":{"start":{"byteOffset":32707,"line":809,"column":1},"stop":{"byteOffset":32888,"line":812,"column":89}},"coreStart":703,"members":[{"index":0,"name":[["str","psCheckedNestedSizes"]],"role":"sourceDeclaration"}],"normalization":null},{"sourceIndex":57,"sourceName":["psCheckedNestedApply"],"span":{"start":{"byteOffset":32891,"line":814,"column":1},"stop":{"byteOffset":33163,"line":819,"column":54}},"coreStart":704,"members":[{"index":0,"name":[["str","psCheckedNestedApply"]],"role":"sourceDeclaration"}],"normalization":null},{"sourceIndex":58,"sourceName":["psCheckedNestedHypotheses"],"span":{"start":{"byteOffset":33166,"line":821,"column":1},"stop":{"byteOffset":33857,"line":831,"column":24}},"coreStart":705,"members":[{"index":0,"name":[["str","psCheckedNestedHypotheses"]],"role":"sourceDeclaration"}],"normalization":null},{"sourceIndex":59,"sourceName":["psCheckedNestedDirectHypotheses"],"span":{"start":{"byteOffset":33859,"line":833,"column":1},"stop":{"byteOffset":34206,"line":838,"column":100}},"coreStart":706,"members":[{"index":0,"name":[["str","psCheckedNestedDirectHypotheses"]],"role":"sourceDeclaration"}],"normalization":null},{"sourceIndex":60,"sourceName":["PsCheckedNestedMinor"],"span":{"start":{"byteOffset":34208,"line":840,"column":1},"stop":{"byteOffset":34296,"line":842,"column":19}},"coreStart":707,"members":[{"index":0,"name":[["str","PsCheckedNestedMinor"]],"role":"structureType"},{"index":1,"name":[["str","PsCheckedNestedMinor"],["str","mk"]],"role":"constructor"},{"index":2,"name":[["str","PsCheckedNestedMinor"],["str","rec"]],"role":"recursor"}],"normalization":null},{"sourceIndex":61,"sourceName":["psCheckedNestedMinors"],"span":{"start":{"byteOffset":34298,"line":844,"column":1},"stop":{"byteOffset":35915,"line":863,"column":157}},"coreStart":710,"members":[{"index":0,"name":[["str","psCheckedNestedMinors"]],"role":"sourceDeclaration"}],"normalization":null},{"sourceIndex":62,"sourceName":["psCheckedNestedMinorBinder"],"span":{"start":{"byteOffset":35918,"line":865,"column":1},"stop":{"byteOffset":36019,"line":865,"column":102}},"coreStart":711,"members":[{"index":0,"name":[["str","psCheckedNestedMinorBinder"]],"role":"sourceDeclaration"}],"normalization":null},{"sourceIndex":63,"sourceName":["psCheckedNestedMinorAdapter"],"span":{"start":{"byteOffset":36021,"line":867,"column":1},"stop":{"byteOffset":36109,"line":867,"column":89}},"coreStart":712,"members":[{"index":0,"name":[["str","psCheckedNestedMinorAdapter"]],"role":"sourceDeclaration"}],"normalization":null},{"sourceIndex":64,"sourceName":["psCheckedNestedFields"],"span":{"start":{"byteOffset":36111,"line":869,"column":1},"stop":{"byteOffset":36493,"line":874,"column":121}},"coreStart":713,"members":[{"index":0,"name":[["str","psCheckedNestedFields"]],"role":"sourceDeclaration"}],"normalization":null},{"sourceIndex":65,"sourceName":["psCheckedNestedAuxiliaryMinor"],"span":{"start":{"byteOffset":36497,"line":876,"column":1},"stop":{"byteOffset":36827,"line":879,"column":85}},"coreStart":714,"members":[{"index":0,"name":[["str","psCheckedNestedAuxiliaryMinor"]],"role":"sourceDeclaration"}],"normalization":null},{"sourceIndex":66,"sourceName":["psCheckedNestedAuxiliaryMinors"],"span":{"start":{"byteOffset":36829,"line":881,"column":1},"stop":{"byteOffset":37427,"line":890,"column":121}},"coreStart":715,"members":[{"index":0,"name":[["str","psCheckedNestedAuxiliaryMinors"]],"role":"sourceDeclaration"}],"normalization":null},{"sourceIndex":67,"sourceName":["psCheckedNestedMotive"],"span":{"start":{"byteOffset":37430,"line":892,"column":1},"stop":{"byteOffset":37574,"line":893,"column":91}},"coreStart":716,"members":[{"index":0,"name":[["str","psCheckedNestedMotive"]],"role":"sourceDeclaration"}],"normalization":null},{"sourceIndex":68,"sourceName":["psCheckedNestedWrapper"],"span":{"start":{"byteOffset":37576,"line":895,"column":1},"stop":{"byteOffset":39612,"line":920,"column":72}},"coreStart":717,"members":[{"index":0,"name":[["str","psCheckedNestedWrapper"]],"role":"sourceDeclaration"}],"normalization":null},{"sourceIndex":69,"sourceName":["psCheckedNestedCollect"],"span":{"start":{"byteOffset":39614,"line":922,"column":1},"stop":{"byteOffset":40840,"line":942,"column":32}},"coreStart":718,"members":[{"index":0,"name":[["str","psCheckedNestedCollect"]],"role":"sourceDeclaration"}],"normalization":null},{"sourceIndex":70,"sourceName":["psCheckedNestedFind"],"span":{"start":{"byteOffset":40842,"line":944,"column":1},"stop":{"byteOffset":41244,"line":949,"column":115}},"coreStart":719,"members":[{"index":0,"name":[["str","psCheckedNestedFind"]],"role":"sourceDeclaration"}],"normalization":null},{"sourceIndex":71,"sourceName":["psCheckedNestedRewrite"],"span":{"start":{"byteOffset":41246,"line":951,"column":1},"stop":{"byteOffset":42412,"line":967,"column":14}},"coreStart":720,"members":[{"index":0,"name":[["str","psCheckedNestedRewrite"]],"role":"sourceDeclaration"}],"normalization":null},{"sourceIndex":72,"sourceName":["psCheckedNestedNormalize"],"span":{"start":{"byteOffset":42414,"line":969,"column":1},"stop":{"byteOffset":43414,"line":983,"column":40}},"coreStart":721,"members":[{"index":0,"name":[["str","psCheckedNestedNormalize"]],"role":"sourceDeclaration"}],"normalization":null},{"sourceIndex":73,"sourceName":["psCheckedNestedUnitDeclarations"],"span":{"start":{"byteOffset":43416,"line":985,"column":1},"stop":{"byteOffset":43886,"line":991,"column":67}},"coreStart":722,"members":[{"index":0,"name":[["str","psCheckedNestedUnitDeclarations"]],"role":"sourceDeclaration"}],"normalization":null},{"sourceIndex":74,"sourceName":["psEncodeCheckedAdmissionsNormalized"],"span":{"start":{"byteOffset":43888,"line":993,"column":1},"stop":{"byteOffset":44577,"line":1010,"column":10}},"coreStart":723,"members":[{"index":0,"name":[["str","psEncodeCheckedAdmissionsNormalized"]],"role":"sourceDeclaration"}],"normalization":null},{"sourceIndex":75,"sourceName":["psEncodeCheckedAdmissionsCanonical"],"span":{"start":{"byteOffset":44580,"line":1012,"column":1},"stop":{"byteOffset":45074,"line":1019,"column":102}},"coreStart":724,"members":[{"index":0,"name":[["str","psEncodeCheckedAdmissionsCanonical"]],"role":"sourceDeclaration"}],"normalization":null},{"sourceIndex":76,"sourceName":["psEncodeCheckedAdmissionsText"],"span":{"start":{"byteOffset":45078,"line":1021,"column":1},"stop":{"byteOffset":45381,"line":1026,"column":72}},"coreStart":725,"members":[{"index":0,"name":[["str","psEncodeCheckedAdmissionsText"]],"role":"sourceDeclaration"}],"normalization":null}]},{"moduleName":["Ps","Core","Builtin"],"coreStart":726,"batches":[{"sourceIndex":0,"sourceName":["psRootName"],"span":{"start":{"byteOffset":27,"line":3,"column":1},"stop":{"byteOffset":106,"line":4,"column":36}},"coreStart":726,"members":[{"index":0,"name":[["str","psRootName"]],"role":"sourceDeclaration"}],"normalization":null},{"sourceIndex":1,"sourceName":["psNatName"],"span":{"start":{"byteOffset":108,"line":6,"column":1},"stop":{"byteOffset":152,"line":7,"column":19}},"coreStart":727,"members":[{"index":0,"name":[["str","psNatName"]],"role":"sourceDeclaration"}],"normalization":null},{"sourceIndex":2,"sourceName":["psNatZeroName"],"span":{"start":{"byteOffset":154,"line":9,"column":1},"stop":{"byteOffset":218,"line":10,"column":35}},"coreStart":728,"members":[{"index":0,"name":[["str","psNatZeroName"]],"role":"sourceDeclaration"}],"normalization":null},{"sourceIndex":3,"sourceName":["psNatSuccName"],"span":{"start":{"byteOffset":220,"line":12,"column":1},"stop":{"byteOffset":284,"line":13,"column":35}},"coreStart":729,"members":[{"index":0,"name":[["str","psNatSuccName"]],"role":"sourceDeclaration"}],"normalization":null},{"sourceIndex":4,"sourceName":["psNatRecName"],"span":{"start":{"byteOffset":286,"line":15,"column":1},"stop":{"byteOffset":348,"line":16,"column":34}},"coreStart":730,"members":[{"index":0,"name":[["str","psNatRecName"]],"role":"sourceDeclaration"}],"normalization":null},{"sourceIndex":5,"sourceName":["psNatAddName"],"span":{"start":{"byteOffset":350,"line":18,"column":1},"stop":{"byteOffset":412,"line":19,"column":34}},"coreStart":731,"members":[{"index":0,"name":[["str","psNatAddName"]],"role":"sourceDeclaration"}],"normalization":null},{"sourceIndex":6,"sourceName":["psNatSubName"],"span":{"start":{"byteOffset":414,"line":21,"column":1},"stop":{"byteOffset":476,"line":22,"column":34}},"coreStart":732,"members":[{"index":0,"name":[["str","psNatSubName"]],"role":"sourceDeclaration"}],"normalization":null},{"sourceIndex":7,"sourceName":["psNatMulName"],"span":{"start":{"byteOffset":478,"line":24,"column":1},"stop":{"byteOffset":540,"line":25,"column":34}},"coreStart":733,"members":[{"index":0,"name":[["str","psNatMulName"]],"role":"sourceDeclaration"}],"normalization":null},{"sourceIndex":8,"sourceName":["psNatDivName"],"span":{"start":{"byteOffset":542,"line":27,"column":1},"stop":{"byteOffset":604,"line":28,"column":34}},"coreStart":734,"members":[{"index":0,"name":[["str","psNatDivName"]],"role":"sourceDeclaration"}],"normalization":null},{"sourceIndex":9,"sourceName":["psNatModName"],"span":{"start":{"byteOffset":606,"line":30,"column":1},"stop":{"byteOffset":668,"line":31,"column":34}},"coreStart":735,"members":[{"index":0,"name":[["str","psNatModName"]],"role":"sourceDeclaration"}],"normalization":null},{"sourceIndex":10,"sourceName":["psNatBeqName"],"span":{"start":{"byteOffset":670,"line":33,"column":1},"stop":{"byteOffset":732,"line":34,"column":34}},"coreStart":736,"members":[{"index":0,"name":[["str","psNatBeqName"]],"role":"sourceDeclaration"}],"normalization":null},{"sourceIndex":11,"sourceName":["psNatBleName"],"span":{"start":{"byteOffset":734,"line":36,"column":1},"stop":{"byteOffset":796,"line":37,"column":34}},"coreStart":737,"members":[{"index":0,"name":[["str","psNatBleName"]],"role":"sourceDeclaration"}],"normalization":null},{"sourceIndex":12,"sourceName":["psNatBltName"],"span":{"start":{"byteOffset":798,"line":39,"column":1},"stop":{"byteOffset":860,"line":40,"column":34}},"coreStart":738,"members":[{"index":0,"name":[["str","psNatBltName"]],"role":"sourceDeclaration"}],"normalization":null},{"sourceIndex":13,"sourceName":["psIntName"],"span":{"start":{"byteOffset":862,"line":42,"column":1},"stop":{"byteOffset":906,"line":43,"column":19}},"coreStart":739,"members":[{"index":0,"name":[["str","psIntName"]],"role":"sourceDeclaration"}],"normalization":null},{"sourceIndex":14,"sourceName":["psUInt8Name"],"span":{"start":{"byteOffset":908,"line":45,"column":1},"stop":{"byteOffset":956,"line":46,"column":21}},"coreStart":740,"members":[{"index":0,"name":[["str","psUInt8Name"]],"role":"sourceDeclaration"}],"normalization":null},{"sourceIndex":15,"sourceName":["psUInt16Name"],"span":{"start":{"byteOffset":958,"line":48,"column":1},"stop":{"byteOffset":1008,"line":49,"column":22}},"coreStart":741,"members":[{"index":0,"name":[["str","psUInt16Name"]],"role":"sourceDeclaration"}],"normalization":null},{"sourceIndex":16,"sourceName":["psUInt32Name"],"span":{"start":{"byteOffset":1010,"line":51,"column":1},"stop":{"byteOffset":1060,"line":52,"column":22}},"coreStart":742,"members":[{"index":0,"name":[["str","psUInt32Name"]],"role":"sourceDeclaration"}],"normalization":null},{"sourceIndex":17,"sourceName":["psUInt64Name"],"span":{"start":{"byteOffset":1062,"line":54,"column":1},"stop":{"byteOffset":1112,"line":55,"column":22}},"coreStart":743,"members":[{"index":0,"name":[["str","psUInt64Name"]],"role":"sourceDeclaration"}],"normalization":null},{"sourceIndex":18,"sourceName":["psUSizeName"],"span":{"start":{"byteOffset":1114,"line":57,"column":1},"stop":{"byteOffset":1162,"line":58,"column":21}},"coreStart":744,"members":[{"index":0,"name":[["str","psUSizeName"]],"role":"sourceDeclaration"}],"normalization":null},{"sourceIndex":19,"sourceName":["psInt8Name"],"span":{"start":{"byteOffset":1164,"line":60,"column":1},"stop":{"byteOffset":1210,"line":61,"column":20}},"coreStart":745,"members":[{"index":0,"name":[["str","psInt8Name"]],"role":"sourceDeclaration"}],"normalization":null},{"sourceIndex":20,"sourceName":["psInt16Name"],"span":{"start":{"byteOffset":1212,"line":63,"column":1},"stop":{"byteOffset":1260,"line":64,"column":21}},"coreStart":746,"members":[{"index":0,"name":[["str","psInt16Name"]],"role":"sourceDeclaration"}],"normalization":null},{"sourceIndex":21,"sourceName":["psInt32Name"],"span":{"start":{"byteOffset":1262,"line":66,"column":1},"stop":{"byteOffset":1310,"line":67,"column":21}},"coreStart":747,"members":[{"index":0,"name":[["str","psInt32Name"]],"role":"sourceDeclaration"}],"normalization":null},{"sourceIndex":22,"sourceName":["psInt64Name"],"span":{"start":{"byteOffset":1312,"line":69,"column":1},"stop":{"byteOffset":1360,"line":70,"column":21}},"coreStart":748,"members":[{"index":0,"name":[["str","psInt64Name"]],"role":"sourceDeclaration"}],"normalization":null},{"sourceIndex":23,"sourceName":["psISizeName"],"span":{"start":{"byteOffset":1362,"line":72,"column":1},"stop":{"byteOffset":1410,"line":73,"column":21}},"coreStart":749,"members":[{"index":0,"name":[["str","psISizeName"]],"role":"sourceDeclaration"}],"normalization":null},{"sourceIndex":24,"sourceName":["psFloatName"],"span":{"start":{"byteOffset":1412,"line":75,"column":1},"stop":{"byteOffset":1460,"line":76,"column":21}},"coreStart":750,"members":[{"index":0,"name":[["str","psFloatName"]],"role":"sourceDeclaration"}],"normalization":null},{"sourceIndex":25,"sourceName":["psFloat32Name"],"span":{"start":{"byteOffset":1462,"line":78,"column":1},"stop":{"byteOffset":1514,"line":79,"column":23}},"coreStart":751,"members":[{"index":0,"name":[["str","psFloat32Name"]],"role":"sourceDeclaration"}],"normalization":null},{"sourceIndex":26,"sourceName":["psIntOfNatName"],"span":{"start":{"byteOffset":1516,"line":81,"column":1},"stop":{"byteOffset":1582,"line":82,"column":36}},"coreStart":752,"members":[{"index":0,"name":[["str","psIntOfNatName"]],"role":"sourceDeclaration"}],"normalization":null},{"sourceIndex":27,"sourceName":["psIntNegSuccName"],"span":{"start":{"byteOffset":1584,"line":84,"column":1},"stop":{"byteOffset":1654,"line":85,"column":38}},"coreStart":753,"members":[{"index":0,"name":[["str","psIntNegSuccName"]],"role":"sourceDeclaration"}],"normalization":null},{"sourceIndex":28,"sourceName":["psIntNegName"],"span":{"start":{"byteOffset":1656,"line":87,"column":1},"stop":{"byteOffset":1718,"line":88,"column":34}},"coreStart":754,"members":[{"index":0,"name":[["str","psIntNegName"]],"role":"sourceDeclaration"}],"normalization":null},{"sourceIndex":29,"sourceName":["psIntAddName"],"span":{"start":{"byteOffset":1720,"line":90,"column":1},"stop":{"byteOffset":1782,"line":91,"column":34}},"coreStart":755,"members":[{"index":0,"name":[["str","psIntAddName"]],"role":"sourceDeclaration"}],"normalization":null},{"sourceIndex":30,"sourceName":["psIntSubName"],"span":{"start":{"byteOffset":1784,"line":93,"column":1},"stop":{"byteOffset":1846,"line":94,"column":34}},"coreStart":756,"members":[{"index":0,"name":[["str","psIntSubName"]],"role":"sourceDeclaration"}],"normalization":null},{"sourceIndex":31,"sourceName":["psIntMulName"],"span":{"start":{"byteOffset":1848,"line":96,"column":1},"stop":{"byteOffset":1910,"line":97,"column":34}},"coreStart":757,"members":[{"index":0,"name":[["str","psIntMulName"]],"role":"sourceDeclaration"}],"normalization":null},{"sourceIndex":32,"sourceName":["psIntReprName"],"span":{"start":{"byteOffset":1912,"line":99,"column":1},"stop":{"byteOffset":1976,"line":100,"column":35}},"coreStart":758,"members":[{"index":0,"name":[["str","psIntReprName"]],"role":"sourceDeclaration"}],"normalization":null},{"sourceIndex":33,"sourceName":["psListName"],"span":{"start":{"byteOffset":1978,"line":102,"column":1},"stop":{"byteOffset":2024,"line":103,"column":20}},"coreStart":759,"members":[{"index":0,"name":[["str","psListName"]],"role":"sourceDeclaration"}],"normalization":null},{"sourceIndex":34,"sourceName":["psOptionName"],"span":{"start":{"byteOffset":2026,"line":105,"column":1},"stop":{"byteOffset":2076,"line":106,"column":22}},"coreStart":760,"members":[{"index":0,"name":[["str","psOptionName"]],"role":"sourceDeclaration"}],"normalization":null},{"sourceIndex":35,"sourceName":["psProdName"],"span":{"start":{"byteOffset":2078,"line":108,"column":1},"stop":{"byteOffset":2124,"line":109,"column":20}},"coreStart":761,"members":[{"index":0,"name":[["str","psProdName"]],"role":"sourceDeclaration"}],"normalization":null},{"sourceIndex":36,"sourceName":["psProdMkName"],"span":{"start":{"byteOffset":2126,"line":111,"column":1},"stop":{"byteOffset":2188,"line":112,"column":34}},"coreStart":762,"members":[{"index":0,"name":[["str","psProdMkName"]],"role":"sourceDeclaration"}],"normalization":null},{"sourceIndex":37,"sourceName":["psProdFstName"],"span":{"start":{"byteOffset":2190,"line":114,"column":1},"stop":{"byteOffset":2254,"line":115,"column":35}},"coreStart":763,"members":[{"index":0,"name":[["str","psProdFstName"]],"role":"sourceDeclaration"}],"normalization":null},{"sourceIndex":38,"sourceName":["psProdSndName"],"span":{"start":{"byteOffset":2256,"line":117,"column":1},"stop":{"byteOffset":2320,"line":118,"column":35}},"coreStart":764,"members":[{"index":0,"name":[["str","psProdSndName"]],"role":"sourceDeclaration"}],"normalization":null},{"sourceIndex":39,"sourceName":["psArrayName"],"span":{"start":{"byteOffset":2322,"line":120,"column":1},"stop":{"byteOffset":2370,"line":121,"column":21}},"coreStart":765,"members":[{"index":0,"name":[["str","psArrayName"]],"role":"sourceDeclaration"}],"normalization":null},{"sourceIndex":40,"sourceName":["psArrayEmptyWithCapacityName"],"span":{"start":{"byteOffset":2372,"line":123,"column":1},"stop":{"byteOffset":2466,"line":124,"column":50}},"coreStart":766,"members":[{"index":0,"name":[["str","psArrayEmptyWithCapacityName"]],"role":"sourceDeclaration"}],"normalization":null},{"sourceIndex":41,"sourceName":["psArraySizeName"],"span":{"start":{"byteOffset":2468,"line":126,"column":1},"stop":{"byteOffset":2536,"line":127,"column":37}},"coreStart":767,"members":[{"index":0,"name":[["str","psArraySizeName"]],"role":"sourceDeclaration"}],"normalization":null},{"sourceIndex":42,"sourceName":["psArrayPushName"],"span":{"start":{"byteOffset":2538,"line":129,"column":1},"stop":{"byteOffset":2606,"line":130,"column":37}},"coreStart":768,"members":[{"index":0,"name":[["str","psArrayPushName"]],"role":"sourceDeclaration"}],"normalization":null},{"sourceIndex":43,"sourceName":["psArrayGetInternalName"],"span":{"start":{"byteOffset":2608,"line":132,"column":1},"stop":{"byteOffset":2690,"line":133,"column":44}},"coreStart":769,"members":[{"index":0,"name":[["str","psArrayGetInternalName"]],"role":"sourceDeclaration"}],"normalization":null},{"sourceIndex":44,"sourceName":["psArrayGetDName"],"span":{"start":{"byteOffset":2692,"line":135,"column":1},"stop":{"byteOffset":2760,"line":136,"column":37}},"coreStart":770,"members":[{"index":0,"name":[["str","psArrayGetDName"]],"role":"sourceDeclaration"}],"normalization":null},{"sourceIndex":45,"sourceName":["psArraySetName"],"span":{"start":{"byteOffset":2762,"line":138,"column":1},"stop":{"byteOffset":2828,"line":139,"column":36}},"coreStart":771,"members":[{"index":0,"name":[["str","psArraySetName"]],"role":"sourceDeclaration"}],"normalization":null},{"sourceIndex":46,"sourceName":["psArraySetIfInBoundsName"],"span":{"start":{"byteOffset":2830,"line":141,"column":1},"stop":{"byteOffset":2916,"line":142,"column":46}},"coreStart":772,"members":[{"index":0,"name":[["str","psArraySetIfInBoundsName"]],"role":"sourceDeclaration"}],"normalization":null},{"sourceIndex":47,"sourceName":["psArrayMapName"],"span":{"start":{"byteOffset":2918,"line":144,"column":1},"stop":{"byteOffset":2984,"line":145,"column":36}},"coreStart":773,"members":[{"index":0,"name":[["str","psArrayMapName"]],"role":"sourceDeclaration"}],"normalization":null},{"sourceIndex":48,"sourceName":["psArrayFoldlName"],"span":{"start":{"byteOffset":2986,"line":147,"column":1},"stop":{"byteOffset":3056,"line":148,"column":38}},"coreStart":774,"members":[{"index":0,"name":[["str","psArrayFoldlName"]],"role":"sourceDeclaration"}],"normalization":null},{"sourceIndex":49,"sourceName":["psStringName"],"span":{"start":{"byteOffset":3058,"line":150,"column":1},"stop":{"byteOffset":3108,"line":151,"column":22}},"coreStart":775,"members":[{"index":0,"name":[["str","psStringName"]],"role":"sourceDeclaration"}],"normalization":null},{"sourceIndex":50,"sourceName":["psBoolName"],"span":{"start":{"byteOffset":3110,"line":153,"column":1},"stop":{"byteOffset":3156,"line":154,"column":20}},"coreStart":776,"members":[{"index":0,"name":[["str","psBoolName"]],"role":"sourceDeclaration"}],"normalization":null},{"sourceIndex":51,"sourceName":["psUnitName"],"span":{"start":{"byteOffset":3158,"line":156,"column":1},"stop":{"byteOffset":3204,"line":157,"column":20}},"coreStart":777,"members":[{"index":0,"name":[["str","psUnitName"]],"role":"sourceDeclaration"}],"normalization":null},{"sourceIndex":52,"sourceName":["psBoolTrueName"],"span":{"start":{"byteOffset":3206,"line":159,"column":1},"stop":{"byteOffset":3272,"line":160,"column":36}},"coreStart":778,"members":[{"index":0,"name":[["str","psBoolTrueName"]],"role":"sourceDeclaration"}],"normalization":null},{"sourceIndex":53,"sourceName":["psBoolFalseName"],"span":{"start":{"byteOffset":3274,"line":162,"column":1},"stop":{"byteOffset":3342,"line":163,"column":37}},"coreStart":779,"members":[{"index":0,"name":[["str","psBoolFalseName"]],"role":"sourceDeclaration"}],"normalization":null},{"sourceIndex":54,"sourceName":["psEqName"],"span":{"start":{"byteOffset":3344,"line":165,"column":1},"stop":{"byteOffset":3386,"line":166,"column":18}},"coreStart":780,"members":[{"index":0,"name":[["str","psEqName"]],"role":"sourceDeclaration"}],"normalization":null},{"sourceIndex":55,"sourceName":["psDecidableName"],"span":{"start":{"byteOffset":3388,"line":168,"column":1},"stop":{"byteOffset":3444,"line":169,"column":25}},"coreStart":781,"members":[{"index":0,"name":[["str","psDecidableName"]],"role":"sourceDeclaration"}],"normalization":null},{"sourceIndex":56,"sourceName":["psBoolDecEqName"],"span":{"start":{"byteOffset":3446,"line":171,"column":1},"stop":{"byteOffset":3514,"line":172,"column":37}},"coreStart":782,"members":[{"index":0,"name":[["str","psBoolDecEqName"]],"role":"sourceDeclaration"}],"normalization":null},{"sourceIndex":57,"sourceName":["psIteName"],"span":{"start":{"byteOffset":3516,"line":174,"column":1},"stop":{"byteOffset":3560,"line":175,"column":19}},"coreStart":783,"members":[{"index":0,"name":[["str","psIteName"]],"role":"sourceDeclaration"}],"normalization":null},{"sourceIndex":58,"sourceName":["psUnitUnitName"],"span":{"start":{"byteOffset":3562,"line":177,"column":1},"stop":{"byteOffset":3628,"line":178,"column":36}},"coreStart":784,"members":[{"index":0,"name":[["str","psUnitUnitName"]],"role":"sourceDeclaration"}],"normalization":null},{"sourceIndex":59,"sourceName":["psCharName"],"span":{"start":{"byteOffset":3630,"line":180,"column":1},"stop":{"byteOffset":3676,"line":181,"column":20}},"coreStart":785,"members":[{"index":0,"name":[["str","psCharName"]],"role":"sourceDeclaration"}],"normalization":null},{"sourceIndex":60,"sourceName":["psCharOfNatName"],"span":{"start":{"byteOffset":3678,"line":183,"column":1},"stop":{"byteOffset":3746,"line":184,"column":37}},"coreStart":786,"members":[{"index":0,"name":[["str","psCharOfNatName"]],"role":"sourceDeclaration"}],"normalization":null},{"sourceIndex":61,"sourceName":["psCharToNatName"],"span":{"start":{"byteOffset":3748,"line":186,"column":1},"stop":{"byteOffset":3816,"line":187,"column":37}},"coreStart":787,"members":[{"index":0,"name":[["str","psCharToNatName"]],"role":"sourceDeclaration"}],"normalization":null},{"sourceIndex":62,"sourceName":["psStringPushName"],"span":{"start":{"byteOffset":3818,"line":189,"column":1},"stop":{"byteOffset":3888,"line":190,"column":38}},"coreStart":788,"members":[{"index":0,"name":[["str","psStringPushName"]],"role":"sourceDeclaration"}],"normalization":null},{"sourceIndex":63,"sourceName":["psStringSingletonName"],"span":{"start":{"byteOffset":3890,"line":192,"column":1},"stop":{"byteOffset":3970,"line":193,"column":43}},"coreStart":789,"members":[{"index":0,"name":[["str","psStringSingletonName"]],"role":"sourceDeclaration"}],"normalization":null},{"sourceIndex":64,"sourceName":["psStringInternalName"],"span":{"start":{"byteOffset":3972,"line":195,"column":1},"stop":{"byteOffset":4050,"line":196,"column":42}},"coreStart":790,"members":[{"index":0,"name":[["str","psStringInternalName"]],"role":"sourceDeclaration"}],"normalization":null},{"sourceIndex":65,"sourceName":["psStringPosName"],"span":{"start":{"byteOffset":4052,"line":198,"column":1},"stop":{"byteOffset":4120,"line":199,"column":37}},"coreStart":791,"members":[{"index":0,"name":[["str","psStringPosName"]],"role":"sourceDeclaration"}],"normalization":null},{"sourceIndex":66,"sourceName":["psStringPosRawName"],"span":{"start":{"byteOffset":4122,"line":201,"column":1},"stop":{"byteOffset":4196,"line":202,"column":40}},"coreStart":792,"members":[{"index":0,"name":[["str","psStringPosRawName"]],"role":"sourceDeclaration"}],"normalization":null},{"sourceIndex":67,"sourceName":["psStringPosRawMkName"],"span":{"start":{"byteOffset":4198,"line":204,"column":1},"stop":{"byteOffset":4276,"line":205,"column":42}},"coreStart":793,"members":[{"index":0,"name":[["str","psStringPosRawMkName"]],"role":"sourceDeclaration"}],"normalization":null},{"sourceIndex":68,"sourceName":["psStringPosRawByteIdxName"],"span":{"start":{"byteOffset":4278,"line":207,"column":1},"stop":{"byteOffset":4366,"line":208,"column":47}},"coreStart":794,"members":[{"index":0,"name":[["str","psStringPosRawByteIdxName"]],"role":"sourceDeclaration"}],"normalization":null},{"sourceIndex":69,"sourceName":["psStringLengthName"],"span":{"start":{"byteOffset":4368,"line":210,"column":1},"stop":{"byteOffset":4450,"line":211,"column":48}},"coreStart":795,"members":[{"index":0,"name":[["str","psStringLengthName"]],"role":"sourceDeclaration"}],"normalization":null},{"sourceIndex":70,"sourceName":["psStringAppendName"],"span":{"start":{"byteOffset":4452,"line":213,"column":1},"stop":{"byteOffset":4534,"line":214,"column":48}},"coreStart":796,"members":[{"index":0,"name":[["str","psStringAppendName"]],"role":"sourceDeclaration"}],"normalization":null},{"sourceIndex":71,"sourceName":["psStringUtf8ByteSizeName"],"span":{"start":{"byteOffset":4536,"line":216,"column":1},"stop":{"byteOffset":4622,"line":217,"column":46}},"coreStart":797,"members":[{"index":0,"name":[["str","psStringUtf8ByteSizeName"]],"role":"sourceDeclaration"}],"normalization":null},{"sourceIndex":72,"sourceName":["psStringNextName"],"span":{"start":{"byteOffset":4624,"line":219,"column":1},"stop":{"byteOffset":4702,"line":220,"column":46}},"coreStart":798,"members":[{"index":0,"name":[["str","psStringNextName"]],"role":"sourceDeclaration"}],"normalization":null},{"sourceIndex":73,"sourceName":["psStringGetName"],"span":{"start":{"byteOffset":4704,"line":222,"column":1},"stop":{"byteOffset":4780,"line":223,"column":45}},"coreStart":799,"members":[{"index":0,"name":[["str","psStringGetName"]],"role":"sourceDeclaration"}],"normalization":null},{"sourceIndex":74,"sourceName":["psStringAtEndName"],"span":{"start":{"byteOffset":4782,"line":225,"column":1},"stop":{"byteOffset":4862,"line":226,"column":47}},"coreStart":800,"members":[{"index":0,"name":[["str","psStringAtEndName"]],"role":"sourceDeclaration"}],"normalization":null},{"sourceIndex":75,"sourceName":["psStringExtractName"],"span":{"start":{"byteOffset":4864,"line":228,"column":1},"stop":{"byteOffset":4948,"line":229,"column":49}},"coreStart":801,"members":[{"index":0,"name":[["str","psStringExtractName"]],"role":"sourceDeclaration"}],"normalization":null}]},{"moduleName":["Ps","Environment","Prelude"],"coreStart":802,"batches":[{"sourceIndex":0,"sourceName":["psPreludeAdd"],"span":{"start":{"byteOffset":52,"line":4,"column":1},"stop":{"byteOffset":255,"line":9,"column":24}},"coreStart":802,"members":[{"index":0,"name":[["str","psPreludeAdd"]],"role":"sourceDeclaration"}],"normalization":null},{"sourceIndex":1,"sourceName":["psPreludeUName"],"span":{"start":{"byteOffset":413,"line":13,"column":1},"stop":{"byteOffset":460,"line":14,"column":17}},"coreStart":803,"members":[{"index":0,"name":[["str","psPreludeUName"]],"role":"sourceDeclaration"}],"normalization":null},{"sourceIndex":2,"sourceName":["psPreludeAlphaName"],"span":{"start":{"byteOffset":462,"line":16,"column":1},"stop":{"byteOffset":514,"line":17,"column":17}},"coreStart":804,"members":[{"index":0,"name":[["str","psPreludeAlphaName"]],"role":"sourceDeclaration"}],"normalization":null},{"sourceIndex":3,"sourceName":["psPreludeBetaName"],"span":{"start":{"byteOffset":516,"line":19,"column":1},"stop":{"byteOffset":567,"line":20,"column":17}},"coreStart":805,"members":[{"index":0,"name":[["str","psPreludeBetaName"]],"role":"sourceDeclaration"}],"normalization":null},{"sourceIndex":4,"sourceName":["psPreludeFirstName"],"span":{"start":{"byteOffset":569,"line":22,"column":1},"stop":{"byteOffset":624,"line":23,"column":21}},"coreStart":806,"members":[{"index":0,"name":[["str","psPreludeFirstName"]],"role":"sourceDeclaration"}],"normalization":null},{"sourceIndex":5,"sourceName":["psPreludeSecondName"],"span":{"start":{"byteOffset":626,"line":25,"column":1},"stop":{"byteOffset":683,"line":26,"column":22}},"coreStart":807,"members":[{"index":0,"name":[["str","psPreludeSecondName"]],"role":"sourceDeclaration"}],"normalization":null},{"sourceIndex":6,"sourceName":["psPreludePairName"],"span":{"start":{"byteOffset":685,"line":28,"column":1},"stop":{"byteOffset":738,"line":29,"column":20}},"coreStart":808,"members":[{"index":0,"name":[["str","psPreludePairName"]],"role":"sourceDeclaration"}],"normalization":null},{"sourceIndex":7,"sourceName":["psPreludeAName"],"span":{"start":{"byteOffset":740,"line":31,"column":1},"stop":{"byteOffset":787,"line":32,"column":17}},"coreStart":809,"members":[{"index":0,"name":[["str","psPreludeAName"]],"role":"sourceDeclaration"}],"normalization":null},{"sourceIndex":8,"sourceName":["psPreludeBName"],"span":{"start":{"byteOffset":789,"line":34,"column":1},"stop":{"byteOffset":836,"line":35,"column":17}},"coreStart":810,"members":[{"index":0,"name":[["str","psPreludeBName"]],"role":"sourceDeclaration"}],"normalization":null},{"sourceIndex":9,"sourceName":["psPreludePName"],"span":{"start":{"byteOffset":838,"line":37,"column":1},"stop":{"byteOffset":885,"line":38,"column":17}},"coreStart":811,"members":[{"index":0,"name":[["str","psPreludePName"]],"role":"sourceDeclaration"}],"normalization":null},{"sourceIndex":10,"sourceName":["psPreludeCName"],"span":{"start":{"byteOffset":887,"line":40,"column":1},"stop":{"byteOffset":934,"line":41,"column":17}},"coreStart":812,"members":[{"index":0,"name":[["str","psPreludeCName"]],"role":"sourceDeclaration"}],"normalization":null},{"sourceIndex":11,"sourceName":["psPreludeHName"],"span":{"start":{"byteOffset":936,"line":43,"column":1},"stop":{"byteOffset":983,"line":44,"column":17}},"coreStart":813,"members":[{"index":0,"name":[["str","psPreludeHName"]],"role":"sourceDeclaration"}],"normalization":null},{"sourceIndex":12,"sourceName":["psPreludeTName"],"span":{"start":{"byteOffset":985,"line":46,"column":1},"stop":{"byteOffset":1032,"line":47,"column":17}},"coreStart":814,"members":[{"index":0,"name":[["str","psPreludeTName"]],"role":"sourceDeclaration"}],"normalization":null},{"sourceIndex":13,"sourceName":["psPreludeEName"],"span":{"start":{"byteOffset":1034,"line":49,"column":1},"stop":{"byteOffset":1081,"line":50,"column":17}},"coreStart":815,"members":[{"index":0,"name":[["str","psPreludeEName"]],"role":"sourceDeclaration"}],"normalization":null},{"sourceIndex":14,"sourceName":["psPreludeNName"],"span":{"start":{"byteOffset":1083,"line":52,"column":1},"stop":{"byteOffset":1130,"line":53,"column":17}},"coreStart":816,"members":[{"index":0,"name":[["str","psPreludeNName"]],"role":"sourceDeclaration"}],"normalization":null},{"sourceIndex":15,"sourceName":["psPreludeTypeType"],"span":{"start":{"byteOffset":1132,"line":55,"column":1},"stop":{"byteOffset":1207,"line":56,"column":42}},"coreStart":817,"members":[{"index":0,"name":[["str","psPreludeTypeType"]],"role":"sourceDeclaration"}],"normalization":null},{"sourceIndex":16,"sourceName":["psPreludePropType"],"span":{"start":{"byteOffset":1210,"line":58,"column":1},"stop":{"byteOffset":1271,"line":59,"column":28}},"coreStart":818,"members":[{"index":0,"name":[["str","psPreludePropType"]],"role":"sourceDeclaration"}],"normalization":null},{"sourceIndex":17,"sourceName":["psPreludeNatType"],"span":{"start":{"byteOffset":1273,"line":61,"column":1},"stop":{"byteOffset":1334,"line":62,"column":29}},"coreStart":819,"members":[{"index":0,"name":[["str","psPreludeNatType"]],"role":"sourceDeclaration"}],"normalization":null},{"sourceIndex":18,"sourceName":["psPreludeIntType"],"span":{"start":{"byteOffset":1336,"line":64,"column":1},"stop":{"byteOffset":1397,"line":65,"column":29}},"coreStart":820,"members":[{"index":0,"name":[["str","psPreludeIntType"]],"role":"sourceDeclaration"}],"normalization":null},{"sourceIndex":19,"sourceName":["psPreludeStringType"],"span":{"start":{"byteOffset":1399,"line":67,"column":1},"stop":{"byteOffset":1466,"line":68,"column":32}},"coreStart":821,"members":[{"index":0,"name":[["str","psPreludeStringType"]],"role":"sourceDeclaration"}],"normalization":null},{"sourceIndex":20,"sourceName":["psPreludeBoolType"],"span":{"start":{"byteOffset":1468,"line":70,"column":1},"stop":{"byteOffset":1531,"line":71,"column":30}},"coreStart":822,"members":[{"index":0,"name":[["str","psPreludeBoolType"]],"role":"sourceDeclaration"}],"normalization":null},{"sourceIndex":21,"sourceName":["psPreludeUnitType"],"span":{"start":{"byteOffset":1533,"line":73,"column":1},"stop":{"byteOffset":1596,"line":74,"column":30}},"coreStart":823,"members":[{"index":0,"name":[["str","psPreludeUnitType"]],"role":"sourceDeclaration"}],"normalization":null},{"sourceIndex":22,"sourceName":["psPreludeCharType"],"span":{"start":{"byteOffset":1598,"line":76,"column":1},"stop":{"byteOffset":1661,"line":77,"column":30}},"coreStart":824,"members":[{"index":0,"name":[["str","psPreludeCharType"]],"role":"sourceDeclaration"}],"normalization":null},{"sourceIndex":23,"sourceName":["psPreludeUnaryTypeConstructorType"],"span":{"start":{"byteOffset":1663,"line":79,"column":1},"stop":{"byteOffset":1822,"line":84,"column":26}},"coreStart":825,"members":[{"index":0,"name":[["str","psPreludeUnaryTypeConstructorType"]],"role":"sourceDeclaration"}],"normalization":null},{"sourceIndex":24,"sourceName":["psPreludeProdType"],"span":{"start":{"byteOffset":1824,"line":86,"column":1},"stop":{"byteOffset":2063,"line":95,"column":26}},"coreStart":826,"members":[{"index":0,"name":[["str","psPreludeProdType"]],"role":"sourceDeclaration"}],"normalization":null},{"sourceIndex":25,"sourceName":["psPreludeProdOf"],"span":{"start":{"byteOffset":2065,"line":97,"column":1},"stop":{"byteOffset":2239,"line":101,"column":11}},"coreStart":827,"members":[{"index":0,"name":[["str","psPreludeProdOf"]],"role":"sourceDeclaration"}],"normalization":null},{"sourceIndex":26,"sourceName":["psPreludeProdFstType"],"span":{"start":{"byteOffset":2241,"line":103,"column":1},"stop":{"byteOffset":2623,"line":116,"column":26}},"coreStart":828,"members":[{"index":0,"name":[["str","psPreludeProdFstType"]],"role":"sourceDeclaration"}],"normalization":null},{"sourceIndex":27,"sourceName":["psPreludeProdSndType"],"span":{"start":{"byteOffset":2625,"line":118,"column":1},"stop":{"byteOffset":3007,"line":131,"column":26}},"coreStart":829,"members":[{"index":0,"name":[["str","psPreludeProdSndType"]],"role":"sourceDeclaration"}],"normalization":null},{"sourceIndex":28,"sourceName":["psPreludeArrayOf"],"span":{"start":{"byteOffset":3009,"line":133,"column":1},"stop":{"byteOffset":3125,"line":134,"column":74}},"coreStart":830,"members":[{"index":0,"name":[["str","psPreludeArrayOf"]],"role":"sourceDeclaration"}],"normalization":null},{"sourceIndex":29,"sourceName":["psPreludeArrayType"],"span":{"start":{"byteOffset":3127,"line":136,"column":1},"stop":{"byteOffset":3271,"line":141,"column":26}},"coreStart":831,"members":[{"index":0,"name":[["str","psPreludeArrayType"]],"role":"sourceDeclaration"}],"normalization":null},{"sourceIndex":30,"sourceName":["psPreludeArrayEmptyType"],"span":{"start":{"byteOffset":3273,"line":143,"column":1},"stop":{"byteOffset":3534,"line":152,"column":26}},"coreStart":832,"members":[{"index":0,"name":[["str","psPreludeArrayEmptyType"]],"role":"sourceDeclaration"}],"normalization":null},{"sourceIndex":31,"sourceName":["psPreludeArraySizeType"],"span":{"start":{"byteOffset":3536,"line":154,"column":1},"stop":{"byteOffset":3796,"line":163,"column":26}},"coreStart":833,"members":[{"index":0,"name":[["str","psPreludeArraySizeType"]],"role":"sourceDeclaration"}],"normalization":null},{"sourceIndex":32,"sourceName":["psPreludeArrayPushType"],"span":{"start":{"byteOffset":3798,"line":165,"column":1},"stop":{"byteOffset":4178,"line":178,"column":26}},"coreStart":834,"members":[{"index":0,"name":[["str","psPreludeArrayPushType"]],"role":"sourceDeclaration"}],"normalization":null},{"sourceIndex":33,"sourceName":["psPreludeArrayGetDType"],"span":{"start":{"byteOffset":4180,"line":180,"column":1},"stop":{"byteOffset":4652,"line":197,"column":26}},"coreStart":835,"members":[{"index":0,"name":[["str","psPreludeArrayGetDType"]],"role":"sourceDeclaration"}],"normalization":null},{"sourceIndex":34,"sourceName":["psPreludeArraySetIfInBoundsType"],"span":{"start":{"byteOffset":4654,"line":199,"column":1},"stop":{"byteOffset":5154,"line":216,"column":26}},"coreStart":836,"members":[{"index":0,"name":[["str","psPreludeArraySetIfInBoundsType"]],"role":"sourceDeclaration"}],"normalization":null},{"sourceIndex":35,"sourceName":["psPreludeAlphaToBeta"],"span":{"start":{"byteOffset":5156,"line":218,"column":1},"stop":{"byteOffset":5294,"line":223,"column":26}},"coreStart":837,"members":[{"index":0,"name":[["str","psPreludeAlphaToBeta"]],"role":"sourceDeclaration"}],"normalization":null},{"sourceIndex":36,"sourceName":["psPreludeArrayMapType"],"span":{"start":{"byteOffset":5296,"line":225,"column":1},"stop":{"byteOffset":5794,"line":242,"column":26}},"coreStart":838,"members":[{"index":0,"name":[["str","psPreludeArrayMapType"]],"role":"sourceDeclaration"}],"normalization":null},{"sourceIndex":37,"sourceName":["psPreludeFoldFunctionType"],"span":{"start":{"byteOffset":5796,"line":244,"column":1},"stop":{"byteOffset":6033,"line":253,"column":26}},"coreStart":839,"members":[{"index":0,"name":[["str","psPreludeFoldFunctionType"]],"role":"sourceDeclaration"}],"normalization":null},{"sourceIndex":38,"sourceName":["psPreludeArrayFoldlType"],"span":{"start":{"byteOffset":6035,"line":255,"column":1},"stop":{"byteOffset":6917,"line":284,"column":26}},"coreStart":840,"members":[{"index":0,"name":[["str","psPreludeArrayFoldlType"]],"role":"sourceDeclaration"}],"normalization":null},{"sourceIndex":39,"sourceName":["psPreludeEqType"],"span":{"start":{"byteOffset":6919,"line":286,"column":1},"stop":{"byteOffset":7284,"line":299,"column":26}},"coreStart":841,"members":[{"index":0,"name":[["str","psPreludeEqType"]],"role":"sourceDeclaration"}],"normalization":null},{"sourceIndex":40,"sourceName":["psPreludeDecidableType"],"span":{"start":{"byteOffset":7286,"line":301,"column":1},"stop":{"byteOffset":7430,"line":306,"column":26}},"coreStart":842,"members":[{"index":0,"name":[["str","psPreludeDecidableType"]],"role":"sourceDeclaration"}],"normalization":null},{"sourceIndex":41,"sourceName":["psPreludeEqAB"],"span":{"start":{"byteOffset":7432,"line":308,"column":1},"stop":{"byteOffset":7658,"line":317,"column":19}},"coreStart":843,"members":[{"index":0,"name":[["str","psPreludeEqAB"]],"role":"sourceDeclaration"}],"normalization":null},{"sourceIndex":42,"sourceName":["psPreludeBoolDecEqType"],"span":{"start":{"byteOffset":7661,"line":319,"column":1},"stop":{"byteOffset":7961,"line":330,"column":26}},"coreStart":844,"members":[{"index":0,"name":[["str","psPreludeBoolDecEqType"]],"role":"sourceDeclaration"}],"normalization":null},{"sourceIndex":43,"sourceName":["psPreludeIteType"],"span":{"start":{"byteOffset":7963,"line":332,"column":1},"stop":{"byteOffset":8633,"line":355,"column":26}},"coreStart":845,"members":[{"index":0,"name":[["str","psPreludeIteType"]],"role":"sourceDeclaration"}],"normalization":null},{"sourceIndex":44,"sourceName":["psPreludeNatUnaryType"],"span":{"start":{"byteOffset":8635,"line":357,"column":1},"stop":{"byteOffset":8776,"line":362,"column":26}},"coreStart":846,"members":[{"index":0,"name":[["str","psPreludeNatUnaryType"]],"role":"sourceDeclaration"}],"normalization":null},{"sourceIndex":45,"sourceName":["psPreludeNatBinaryType"],"span":{"start":{"byteOffset":8778,"line":364,"column":1},"stop":{"byteOffset":9015,"line":373,"column":26}},"coreStart":847,"members":[{"index":0,"name":[["str","psPreludeNatBinaryType"]],"role":"sourceDeclaration"}],"normalization":null},{"sourceIndex":46,"sourceName":["psPreludeNatBeqType"],"span":{"start":{"byteOffset":9017,"line":375,"column":1},"stop":{"byteOffset":9252,"line":384,"column":26}},"coreStart":848,"members":[{"index":0,"name":[["str","psPreludeNatBeqType"]],"role":"sourceDeclaration"}],"normalization":null},{"sourceIndex":47,"sourceName":["psPreludeIntOfNatType"],"span":{"start":{"byteOffset":9254,"line":386,"column":1},"stop":{"byteOffset":9395,"line":391,"column":26}},"coreStart":849,"members":[{"index":0,"name":[["str","psPreludeIntOfNatType"]],"role":"sourceDeclaration"}],"normalization":null},{"sourceIndex":48,"sourceName":["psPreludeIntUnaryType"],"span":{"start":{"byteOffset":9397,"line":393,"column":1},"stop":{"byteOffset":9538,"line":398,"column":26}},"coreStart":850,"members":[{"index":0,"name":[["str","psPreludeIntUnaryType"]],"role":"sourceDeclaration"}],"normalization":null},{"sourceIndex":49,"sourceName":["psPreludeIntBinaryType"],"span":{"start":{"byteOffset":9540,"line":400,"column":1},"stop":{"byteOffset":9777,"line":409,"column":26}},"coreStart":851,"members":[{"index":0,"name":[["str","psPreludeIntBinaryType"]],"role":"sourceDeclaration"}],"normalization":null},{"sourceIndex":50,"sourceName":["psPreludeCharToNatType"],"span":{"start":{"byteOffset":9779,"line":411,"column":1},"stop":{"byteOffset":9922,"line":416,"column":26}},"coreStart":852,"members":[{"index":0,"name":[["str","psPreludeCharToNatType"]],"role":"sourceDeclaration"}],"normalization":null},{"sourceIndex":51,"sourceName":["psPreludeStringPushType"],"span":{"start":{"byteOffset":9924,"line":418,"column":1},"stop":{"byteOffset":10171,"line":427,"column":26}},"coreStart":853,"members":[{"index":0,"name":[["str","psPreludeStringPushType"]],"role":"sourceDeclaration"}],"normalization":null},{"sourceIndex":52,"sourceName":["psPreludeStringSingletonType"],"span":{"start":{"byteOffset":10173,"line":429,"column":1},"stop":{"byteOffset":10325,"line":434,"column":26}},"coreStart":854,"members":[{"index":0,"name":[["str","psPreludeStringSingletonType"]],"role":"sourceDeclaration"}],"normalization":null},{"sourceIndex":53,"sourceName":["psPreludeStringUnaryNatType"],"span":{"start":{"byteOffset":10327,"line":436,"column":1},"stop":{"byteOffset":10479,"line":441,"column":26}},"coreStart":855,"members":[{"index":0,"name":[["str","psPreludeStringUnaryNatType"]],"role":"sourceDeclaration"}],"normalization":null},{"sourceIndex":54,"sourceName":["psPreludeStringBinaryType"],"span":{"start":{"byteOffset":10481,"line":443,"column":1},"stop":{"byteOffset":10734,"line":452,"column":26}},"coreStart":856,"members":[{"index":0,"name":[["str","psPreludeStringBinaryType"]],"role":"sourceDeclaration"}],"normalization":null},{"sourceIndex":55,"sourceName":["psPreludeStringPositionType"],"span":{"start":{"byteOffset":10736,"line":454,"column":1},"stop":{"byteOffset":10983,"line":463,"column":26}},"coreStart":857,"members":[{"index":0,"name":[["str","psPreludeStringPositionType"]],"role":"sourceDeclaration"}],"normalization":null},{"sourceIndex":56,"sourceName":["psPreludeStringGetType"],"span":{"start":{"byteOffset":10985,"line":465,"column":1},"stop":{"byteOffset":11228,"line":474,"column":26}},"coreStart":858,"members":[{"index":0,"name":[["str","psPreludeStringGetType"]],"role":"sourceDeclaration"}],"normalization":null},{"sourceIndex":57,"sourceName":["psPreludeStringAtEndType"],"span":{"start":{"byteOffset":11230,"line":476,"column":1},"stop":{"byteOffset":11475,"line":485,"column":26}},"coreStart":859,"members":[{"index":0,"name":[["str","psPreludeStringAtEndType"]],"role":"sourceDeclaration"}],"normalization":null},{"sourceIndex":58,"sourceName":["psPreludeStringExtractType"],"span":{"start":{"byteOffset":11477,"line":487,"column":1},"stop":{"byteOffset":11840,"line":500,"column":26}},"coreStart":860,"members":[{"index":0,"name":[["str","psPreludeStringExtractType"]],"role":"sourceDeclaration"}],"normalization":null},{"sourceIndex":59,"sourceName":["psPreludeCharOfNatType"],"span":{"start":{"byteOffset":11842,"line":502,"column":1},"stop":{"byteOffset":11985,"line":507,"column":26}},"coreStart":861,"members":[{"index":0,"name":[["str","psPreludeCharOfNatType"]],"role":"sourceDeclaration"}],"normalization":null},{"sourceIndex":60,"sourceName":["psPreludeNatMotiveName"],"span":{"start":{"byteOffset":11987,"line":509,"column":1},"stop":{"byteOffset":12048,"line":510,"column":23}},"coreStart":862,"members":[{"index":0,"name":[["str","psPreludeNatMotiveName"]],"role":"sourceDeclaration"}],"normalization":null},{"sourceIndex":61,"sourceName":["psPreludeNatMajorName"],"span":{"start":{"byteOffset":12050,"line":512,"column":1},"stop":{"byteOffset":12109,"line":513,"column":22}},"coreStart":863,"members":[{"index":0,"name":[["str","psPreludeNatMajorName"]],"role":"sourceDeclaration"}],"normalization":null},{"sourceIndex":62,"sourceName":["psPreludeNatZeroMinorName"],"span":{"start":{"byteOffset":12111,"line":515,"column":1},"stop":{"byteOffset":12173,"line":516,"column":21}},"coreStart":864,"members":[{"index":0,"name":[["str","psPreludeNatZeroMinorName"]],"role":"sourceDeclaration"}],"normalization":null},{"sourceIndex":63,"sourceName":["psPreludeNatSuccMinorName"],"span":{"start":{"byteOffset":12175,"line":518,"column":1},"stop":{"byteOffset":12237,"line":519,"column":21}},"coreStart":865,"members":[{"index":0,"name":[["str","psPreludeNatSuccMinorName"]],"role":"sourceDeclaration"}],"normalization":null},{"sourceIndex":64,"sourceName":["psPreludeNatHypothesisName"],"span":{"start":{"byteOffset":12239,"line":521,"column":1},"stop":{"byteOffset":12300,"line":522,"column":19}},"coreStart":866,"members":[{"index":0,"name":[["str","psPreludeNatHypothesisName"]],"role":"sourceDeclaration"}],"normalization":null},{"sourceIndex":65,"sourceName":["psPreludeNatMotiveType"],"span":{"start":{"byteOffset":12302,"line":524,"column":1},"stop":{"byteOffset":12480,"line":529,"column":26}},"coreStart":867,"members":[{"index":0,"name":[["str","psPreludeNatMotiveType"]],"role":"sourceDeclaration"}],"normalization":null},{"sourceIndex":66,"sourceName":["psPreludeNatZeroMinorType"],"span":{"start":{"byteOffset":12482,"line":531,"column":1},"stop":{"byteOffset":12598,"line":534,"column":42}},"coreStart":868,"members":[{"index":0,"name":[["str","psPreludeNatZeroMinorType"]],"role":"sourceDeclaration"}],"normalization":null},{"sourceIndex":67,"sourceName":["psPreludeNatSuccMinorType"],"span":{"start":{"byteOffset":12601,"line":536,"column":1},"stop":{"byteOffset":13013,"line":551,"column":26}},"coreStart":869,"members":[{"index":0,"name":[["str","psPreludeNatSuccMinorType"]],"role":"sourceDeclaration"}],"normalization":null},{"sourceIndex":68,"sourceName":["psPreludeNatRecType"],"span":{"start":{"byteOffset":13015,"line":553,"column":1},"stop":{"byteOffset":13576,"line":572,"column":26}},"coreStart":870,"members":[{"index":0,"name":[["str","psPreludeNatRecType"]],"role":"sourceDeclaration"}],"normalization":null},{"sourceIndex":69,"sourceName":["psPreludeEnv0"],"span":{"start":{"byteOffset":13578,"line":574,"column":1},"stop":{"byteOffset":13635,"line":575,"column":21}},"coreStart":871,"members":[{"index":0,"name":[["str","psPreludeEnv0"]],"role":"sourceDeclaration"}],"normalization":null},{"sourceIndex":70,"sourceName":["psPreludeEnv1"],"span":{"start":{"byteOffset":13637,"line":577,"column":1},"stop":{"byteOffset":13945,"line":589,"column":14}},"coreStart":872,"members":[{"index":0,"name":[["str","psPreludeEnv1"]],"role":"sourceDeclaration"}],"normalization":null},{"sourceIndex":71,"sourceName":["psPreludeEnvNatZero"],"span":{"start":{"byteOffset":13949,"line":591,"column":1},"stop":{"byteOffset":14212,"line":602,"column":17}},"coreStart":873,"members":[{"index":0,"name":[["str","psPreludeEnvNatZero"]],"role":"sourceDeclaration"}],"normalization":null},{"sourceIndex":72,"sourceName":["psPreludeEnvNatSucc"],"span":{"start":{"byteOffset":14216,"line":604,"column":1},"stop":{"byteOffset":14503,"line":615,"column":30}},"coreStart":874,"members":[{"index":0,"name":[["str","psPreludeEnvNatSucc"]],"role":"sourceDeclaration"}],"normalization":null},{"sourceIndex":73,"sourceName":["psPreludeEnvNatRec"],"span":{"start":{"byteOffset":14508,"line":617,"column":1},"stop":{"byteOffset":14813,"line":628,"column":10}},"coreStart":875,"members":[{"index":0,"name":[["str","psPreludeEnvNatRec"]],"role":"sourceDeclaration"}],"normalization":null},{"sourceIndex":74,"sourceName":["psPreludeEnvNat1"],"span":{"start":{"byteOffset":14817,"line":630,"column":1},"stop":{"byteOffset":14958,"line":632,"column":68}},"coreStart":876,"members":[{"index":0,"name":[["str","psPreludeEnvNat1"]],"role":"sourceDeclaration"}],"normalization":null},{"sourceIndex":75,"sourceName":["psPreludeEnvNat2"],"span":{"start":{"byteOffset":14961,"line":634,"column":1},"stop":{"byteOffset":15100,"line":636,"column":68}},"coreStart":877,"members":[{"index":0,"name":[["str","psPreludeEnvNat2"]],"role":"sourceDeclaration"}],"normalization":null},{"sourceIndex":76,"sourceName":["psPreludeEnvNat3"],"span":{"start":{"byteOffset":15103,"line":638,"column":1},"stop":{"byteOffset":15242,"line":640,"column":68}},"coreStart":878,"members":[{"index":0,"name":[["str","psPreludeEnvNat3"]],"role":"sourceDeclaration"}],"normalization":null},{"sourceIndex":77,"sourceName":["psPreludeEnvNat4"],"span":{"start":{"byteOffset":15245,"line":642,"column":1},"stop":{"byteOffset":15384,"line":644,"column":68}},"coreStart":879,"members":[{"index":0,"name":[["str","psPreludeEnvNat4"]],"role":"sourceDeclaration"}],"normalization":null},{"sourceIndex":78,"sourceName":["psPreludeEnvNat5"],"span":{"start":{"byteOffset":15387,"line":646,"column":1},"stop":{"byteOffset":15526,"line":648,"column":68}},"coreStart":880,"members":[{"index":0,"name":[["str","psPreludeEnvNat5"]],"role":"sourceDeclaration"}],"normalization":null},{"sourceIndex":79,"sourceName":["psPreludeEnvNat6"],"span":{"start":{"byteOffset":15529,"line":650,"column":1},"stop":{"byteOffset":15665,"line":652,"column":65}},"coreStart":881,"members":[{"index":0,"name":[["str","psPreludeEnvNat6"]],"role":"sourceDeclaration"}],"normalization":null},{"sourceIndex":80,"sourceName":["psPreludeEnvNat7"],"span":{"start":{"byteOffset":15668,"line":654,"column":1},"stop":{"byteOffset":15804,"line":656,"column":65}},"coreStart":882,"members":[{"index":0,"name":[["str","psPreludeEnvNat7"]],"role":"sourceDeclaration"}],"normalization":null},{"sourceIndex":81,"sourceName":["psPreludeEnvNat8"],"span":{"start":{"byteOffset":15807,"line":658,"column":1},"stop":{"byteOffset":15943,"line":660,"column":65}},"coreStart":883,"members":[{"index":0,"name":[["str","psPreludeEnvNat8"]],"role":"sourceDeclaration"}],"normalization":null},{"sourceIndex":82,"sourceName":["psPreludeEnv2"],"span":{"start":{"byteOffset":15946,"line":662,"column":1},"stop":{"byteOffset":16074,"line":664,"column":60}},"coreStart":884,"members":[{"index":0,"name":[["str","psPreludeEnv2"]],"role":"sourceDeclaration"}],"normalization":null},{"sourceIndex":83,"sourceName":["psPreludeEnv3"],"span":{"start":{"byteOffset":16077,"line":666,"column":1},"stop":{"byteOffset":16211,"line":668,"column":69}},"coreStart":885,"members":[{"index":0,"name":[["str","psPreludeEnv3"]],"role":"sourceDeclaration"}],"normalization":null},{"sourceIndex":84,"sourceName":["psPreludeEnv4"],"span":{"start":{"byteOffset":16214,"line":670,"column":1},"stop":{"byteOffset":16350,"line":672,"column":71}},"coreStart":886,"members":[{"index":0,"name":[["str","psPreludeEnv4"]],"role":"sourceDeclaration"}],"normalization":null},{"sourceIndex":85,"sourceName":["psPreludeEnv5"],"span":{"start":{"byteOffset":16353,"line":674,"column":1},"stop":{"byteOffset":16485,"line":676,"column":67}},"coreStart":887,"members":[{"index":0,"name":[["str","psPreludeEnv5"]],"role":"sourceDeclaration"}],"normalization":null},{"sourceIndex":86,"sourceName":["psPreludeEnv6"],"span":{"start":{"byteOffset":16488,"line":678,"column":1},"stop":{"byteOffset":16621,"line":680,"column":68}},"coreStart":888,"members":[{"index":0,"name":[["str","psPreludeEnv6"]],"role":"sourceDeclaration"}],"normalization":null},{"sourceIndex":87,"sourceName":["psPreludeEnv7"],"span":{"start":{"byteOffset":16624,"line":682,"column":1},"stop":{"byteOffset":16757,"line":684,"column":68}},"coreStart":889,"members":[{"index":0,"name":[["str","psPreludeEnv7"]],"role":"sourceDeclaration"}],"normalization":null},{"sourceIndex":88,"sourceName":["psPreludeEnv8"],"span":{"start":{"byteOffset":16760,"line":686,"column":1},"stop":{"byteOffset":16893,"line":688,"column":68}},"coreStart":890,"members":[{"index":0,"name":[["str","psPreludeEnv8"]],"role":"sourceDeclaration"}],"normalization":null},{"sourceIndex":89,"sourceName":["psPreludeEnvScalarUInt8"],"span":{"start":{"byteOffset":16896,"line":690,"column":1},"stop":{"byteOffset":17200,"line":695,"column":62}},"coreStart":891,"members":[{"index":0,"name":[["str","psPreludeEnvScalarUInt8"]],"role":"sourceDeclaration"}],"normalization":null},{"sourceIndex":90,"sourceName":["psPreludeEnvScalarUInt16"],"span":{"start":{"byteOffset":17203,"line":697,"column":1},"stop":{"byteOffset":17352,"line":699,"column":63}},"coreStart":892,"members":[{"index":0,"name":[["str","psPreludeEnvScalarUInt16"]],"role":"sourceDeclaration"}],"normalization":null},{"sourceIndex":91,"sourceName":["psPreludeEnvScalarUInt32"],"span":{"start":{"byteOffset":17355,"line":701,"column":1},"stop":{"byteOffset":17505,"line":703,"column":63}},"coreStart":893,"members":[{"index":0,"name":[["str","psPreludeEnvScalarUInt32"]],"role":"sourceDeclaration"}],"normalization":null},{"sourceIndex":92,"sourceName":["psPreludeEnvScalarUInt64"],"span":{"start":{"byteOffset":17508,"line":705,"column":1},"stop":{"byteOffset":17658,"line":707,"column":63}},"coreStart":894,"members":[{"index":0,"name":[["str","psPreludeEnvScalarUInt64"]],"role":"sourceDeclaration"}],"normalization":null},{"sourceIndex":93,"sourceName":["psPreludeEnvScalarUSize"],"span":{"start":{"byteOffset":17661,"line":709,"column":1},"stop":{"byteOffset":17809,"line":711,"column":62}},"coreStart":895,"members":[{"index":0,"name":[["str","psPreludeEnvScalarUSize"]],"role":"sourceDeclaration"}],"normalization":null},{"sourceIndex":94,"sourceName":["psPreludeEnvScalarInt8"],"span":{"start":{"byteOffset":17812,"line":713,"column":1},"stop":{"byteOffset":17957,"line":715,"column":61}},"coreStart":896,"members":[{"index":0,"name":[["str","psPreludeEnvScalarInt8"]],"role":"sourceDeclaration"}],"normalization":null},{"sourceIndex":95,"sourceName":["psPreludeEnvScalarInt16"],"span":{"start":{"byteOffset":17960,"line":717,"column":1},"stop":{"byteOffset":18106,"line":719,"column":62}},"coreStart":897,"members":[{"index":0,"name":[["str","psPreludeEnvScalarInt16"]],"role":"sourceDeclaration"}],"normalization":null},{"sourceIndex":96,"sourceName":["psPreludeEnvScalarInt32"],"span":{"start":{"byteOffset":18109,"line":721,"column":1},"stop":{"byteOffset":18256,"line":723,"column":62}},"coreStart":898,"members":[{"index":0,"name":[["str","psPreludeEnvScalarInt32"]],"role":"sourceDeclaration"}],"normalization":null},{"sourceIndex":97,"sourceName":["psPreludeEnvScalarInt64"],"span":{"start":{"byteOffset":18259,"line":725,"column":1},"stop":{"byteOffset":18406,"line":727,"column":62}},"coreStart":899,"members":[{"index":0,"name":[["str","psPreludeEnvScalarInt64"]],"role":"sourceDeclaration"}],"normalization":null},{"sourceIndex":98,"sourceName":["psPreludeEnvScalarISize"],"span":{"start":{"byteOffset":18409,"line":729,"column":1},"stop":{"byteOffset":18556,"line":731,"column":62}},"coreStart":900,"members":[{"index":0,"name":[["str","psPreludeEnvScalarISize"]],"role":"sourceDeclaration"}],"normalization":null},{"sourceIndex":99,"sourceName":["psPreludeEnvScalarFloat"],"span":{"start":{"byteOffset":18559,"line":733,"column":1},"stop":{"byteOffset":18706,"line":735,"column":62}},"coreStart":901,"members":[{"index":0,"name":[["str","psPreludeEnvScalarFloat"]],"role":"sourceDeclaration"}],"normalization":null},{"sourceIndex":100,"sourceName":["psPreludeEnvScalarFloat32"],"span":{"start":{"byteOffset":18709,"line":737,"column":1},"stop":{"byteOffset":18860,"line":739,"column":64}},"coreStart":902,"members":[{"index":0,"name":[["str","psPreludeEnvScalarFloat32"]],"role":"sourceDeclaration"}],"normalization":null},{"sourceIndex":101,"sourceName":["psPreludeEnv9"],"span":{"start":{"byteOffset":18863,"line":741,"column":1},"stop":{"byteOffset":19003,"line":743,"column":63}},"coreStart":903,"members":[{"index":0,"name":[["str","psPreludeEnv9"]],"role":"sourceDeclaration"}],"normalization":null},{"sourceIndex":102,"sourceName":["psPreludeEnv10"],"span":{"start":{"byteOffset":19006,"line":745,"column":1},"stop":{"byteOffset":19133,"line":747,"column":61}},"coreStart":904,"members":[{"index":0,"name":[["str","psPreludeEnv10"]],"role":"sourceDeclaration"}],"normalization":null},{"sourceIndex":103,"sourceName":["psPreludeEnv11"],"span":{"start":{"byteOffset":19136,"line":749,"column":1},"stop":{"byteOffset":19268,"line":751,"column":65}},"coreStart":905,"members":[{"index":0,"name":[["str","psPreludeEnv11"]],"role":"sourceDeclaration"}],"normalization":null},{"sourceIndex":104,"sourceName":["psPreludeEnv12"],"span":{"start":{"byteOffset":19271,"line":753,"column":1},"stop":{"byteOffset":19404,"line":755,"column":66}},"coreStart":906,"members":[{"index":0,"name":[["str","psPreludeEnv12"]],"role":"sourceDeclaration"}],"normalization":null},{"sourceIndex":105,"sourceName":["psPreludeEnv13"],"span":{"start":{"byteOffset":19407,"line":757,"column":1},"stop":{"byteOffset":19535,"line":759,"column":61}},"coreStart":907,"members":[{"index":0,"name":[["str","psPreludeEnv13"]],"role":"sourceDeclaration"}],"normalization":null},{"sourceIndex":106,"sourceName":["psPreludeEnv14"],"span":{"start":{"byteOffset":19538,"line":761,"column":1},"stop":{"byteOffset":19670,"line":763,"column":65}},"coreStart":908,"members":[{"index":0,"name":[["str","psPreludeEnv14"]],"role":"sourceDeclaration"}],"normalization":null},{"sourceIndex":107,"sourceName":["psPreludeEnv15"],"span":{"start":{"byteOffset":19673,"line":765,"column":1},"stop":{"byteOffset":19801,"line":767,"column":61}},"coreStart":909,"members":[{"index":0,"name":[["str","psPreludeEnv15"]],"role":"sourceDeclaration"}],"normalization":null},{"sourceIndex":108,"sourceName":["psPreludeEnv16"],"span":{"start":{"byteOffset":19804,"line":769,"column":1},"stop":{"byteOffset":19942,"line":771,"column":71}},"coreStart":910,"members":[{"index":0,"name":[["str","psPreludeEnv16"]],"role":"sourceDeclaration"}],"normalization":null},{"sourceIndex":109,"sourceName":["psPreludeEnvText0"],"span":{"start":{"byteOffset":19945,"line":773,"column":1},"stop":{"byteOffset":20086,"line":775,"column":71}},"coreStart":911,"members":[{"index":0,"name":[["str","psPreludeEnvText0"]],"role":"sourceDeclaration"}],"normalization":null},{"sourceIndex":110,"sourceName":["psPreludeEnvText1"],"span":{"start":{"byteOffset":20089,"line":777,"column":1},"stop":{"byteOffset":20235,"line":779,"column":73}},"coreStart":912,"members":[{"index":0,"name":[["str","psPreludeEnvText1"]],"role":"sourceDeclaration"}],"normalization":null},{"sourceIndex":111,"sourceName":["psPreludeEnvText2"],"span":{"start":{"byteOffset":20238,"line":781,"column":1},"stop":{"byteOffset":20394,"line":783,"column":83}},"coreStart":913,"members":[{"index":0,"name":[["str","psPreludeEnvText2"]],"role":"sourceDeclaration"}],"normalization":null},{"sourceIndex":112,"sourceName":["psPreludeEnvText3"],"span":{"start":{"byteOffset":20397,"line":785,"column":1},"stop":{"byteOffset":20549,"line":787,"column":79}},"coreStart":914,"members":[{"index":0,"name":[["str","psPreludeEnvText3"]],"role":"sourceDeclaration"}],"normalization":null},{"sourceIndex":113,"sourceName":["psPreludeEnvText4"],"span":{"start":{"byteOffset":20552,"line":789,"column":1},"stop":{"byteOffset":20702,"line":791,"column":77}},"coreStart":915,"members":[{"index":0,"name":[["str","psPreludeEnvText4"]],"role":"sourceDeclaration"}],"normalization":null},{"sourceIndex":114,"sourceName":["psPreludeEnvText5"],"span":{"start":{"byteOffset":20705,"line":793,"column":1},"stop":{"byteOffset":20863,"line":795,"column":85}},"coreStart":916,"members":[{"index":0,"name":[["str","psPreludeEnvText5"]],"role":"sourceDeclaration"}],"normalization":null},{"sourceIndex":115,"sourceName":["psPreludeEnvText6"],"span":{"start":{"byteOffset":20866,"line":797,"column":1},"stop":{"byteOffset":21016,"line":799,"column":77}},"coreStart":917,"members":[{"index":0,"name":[["str","psPreludeEnvText6"]],"role":"sourceDeclaration"}],"normalization":null},{"sourceIndex":116,"sourceName":["psPreludeEnvText7"],"span":{"start":{"byteOffset":21019,"line":801,"column":1},"stop":{"byteOffset":21163,"line":803,"column":71}},"coreStart":918,"members":[{"index":0,"name":[["str","psPreludeEnvText7"]],"role":"sourceDeclaration"}],"normalization":null},{"sourceIndex":117,"sourceName":["psPreludeEnvText8"],"span":{"start":{"byteOffset":21166,"line":805,"column":1},"stop":{"byteOffset":21314,"line":807,"column":75}},"coreStart":919,"members":[{"index":0,"name":[["str","psPreludeEnvText8"]],"role":"sourceDeclaration"}],"normalization":null},{"sourceIndex":118,"sourceName":["psPreludeEnvText9"],"span":{"start":{"byteOffset":21317,"line":809,"column":1},"stop":{"byteOffset":21469,"line":811,"column":79}},"coreStart":920,"members":[{"index":0,"name":[["str","psPreludeEnvText9"]],"role":"sourceDeclaration"}],"normalization":null},{"sourceIndex":119,"sourceName":["psPreludeEnvText10"],"span":{"start":{"byteOffset":21472,"line":813,"column":1},"stop":{"byteOffset":21627,"line":816,"column":52}},"coreStart":921,"members":[{"index":0,"name":[["str","psPreludeEnvText10"]],"role":"sourceDeclaration"}],"normalization":null},{"sourceIndex":120,"sourceName":["psPreludeEnvText11"],"span":{"start":{"byteOffset":21630,"line":818,"column":1},"stop":{"byteOffset":21791,"line":821,"column":57}},"coreStart":922,"members":[{"index":0,"name":[["str","psPreludeEnvText11"]],"role":"sourceDeclaration"}],"normalization":null},{"sourceIndex":121,"sourceName":["psPreludeEnvList0"],"span":{"start":{"byteOffset":21794,"line":823,"column":1},"stop":{"byteOffset":21951,"line":826,"column":54}},"coreStart":923,"members":[{"index":0,"name":[["str","psPreludeEnvList0"]],"role":"sourceDeclaration"}],"normalization":null},{"sourceIndex":122,"sourceName":["psPreludeEnvOption0"],"span":{"start":{"byteOffset":21954,"line":828,"column":1},"stop":{"byteOffset":22114,"line":831,"column":56}},"coreStart":924,"members":[{"index":0,"name":[["str","psPreludeEnvOption0"]],"role":"sourceDeclaration"}],"normalization":null},{"sourceIndex":123,"sourceName":["psPreludeEnvProd0"],"span":{"start":{"byteOffset":22117,"line":833,"column":1},"stop":{"byteOffset":22253,"line":835,"column":61}},"coreStart":925,"members":[{"index":0,"name":[["str","psPreludeEnvProd0"]],"role":"sourceDeclaration"}],"normalization":null},{"sourceIndex":124,"sourceName":["psPreludeEnvProd1"],"span":{"start":{"byteOffset":22256,"line":837,"column":1},"stop":{"byteOffset":22396,"line":839,"column":67}},"coreStart":926,"members":[{"index":0,"name":[["str","psPreludeEnvProd1"]],"role":"sourceDeclaration"}],"normalization":null},{"sourceIndex":125,"sourceName":["psPreludeEnvProd2"],"span":{"start":{"byteOffset":22399,"line":841,"column":1},"stop":{"byteOffset":22539,"line":843,"column":67}},"coreStart":927,"members":[{"index":0,"name":[["str","psPreludeEnvProd2"]],"role":"sourceDeclaration"}],"normalization":null},{"sourceIndex":126,"sourceName":["psPreludeEnvArray0"],"span":{"start":{"byteOffset":22542,"line":845,"column":1},"stop":{"byteOffset":22679,"line":847,"column":63}},"coreStart":928,"members":[{"index":0,"name":[["str","psPreludeEnvArray0"]],"role":"sourceDeclaration"}],"normalization":null},{"sourceIndex":127,"sourceName":["psPreludeEnvArray1"],"span":{"start":{"byteOffset":22682,"line":849,"column":1},"stop":{"byteOffset":22848,"line":852,"column":62}},"coreStart":929,"members":[{"index":0,"name":[["str","psPreludeEnvArray1"]],"role":"sourceDeclaration"}],"normalization":null},{"sourceIndex":128,"sourceName":["psPreludeEnvArray2"],"span":{"start":{"byteOffset":22851,"line":854,"column":1},"stop":{"byteOffset":22997,"line":856,"column":71}},"coreStart":930,"members":[{"index":0,"name":[["str","psPreludeEnvArray2"]],"role":"sourceDeclaration"}],"normalization":null},{"sourceIndex":129,"sourceName":["psPreludeEnvArray3"],"span":{"start":{"byteOffset":23000,"line":858,"column":1},"stop":{"byteOffset":23146,"line":860,"column":71}},"coreStart":931,"members":[{"index":0,"name":[["str","psPreludeEnvArray3"]],"role":"sourceDeclaration"}],"normalization":null},{"sourceIndex":130,"sourceName":["psPreludeEnvArray4"],"span":{"start":{"byteOffset":23149,"line":862,"column":1},"stop":{"byteOffset":23295,"line":864,"column":71}},"coreStart":932,"members":[{"index":0,"name":[["str","psPreludeEnvArray4"]],"role":"sourceDeclaration"}],"normalization":null},{"sourceIndex":131,"sourceName":["psPreludeEnvArray5"],"span":{"start":{"byteOffset":23298,"line":866,"column":1},"stop":{"byteOffset":23468,"line":869,"column":66}},"coreStart":933,"members":[{"index":0,"name":[["str","psPreludeEnvArray5"]],"role":"sourceDeclaration"}],"normalization":null},{"sourceIndex":132,"sourceName":["psPreludeEnvArray6"],"span":{"start":{"byteOffset":23471,"line":871,"column":1},"stop":{"byteOffset":23615,"line":873,"column":69}},"coreStart":934,"members":[{"index":0,"name":[["str","psPreludeEnvArray6"]],"role":"sourceDeclaration"}],"normalization":null},{"sourceIndex":133,"sourceName":["psPreludeEnvArray7"],"span":{"start":{"byteOffset":23618,"line":875,"column":1},"stop":{"byteOffset":23766,"line":877,"column":73}},"coreStart":935,"members":[{"index":0,"name":[["str","psPreludeEnvArray7"]],"role":"sourceDeclaration"}],"normalization":null},{"sourceIndex":134,"sourceName":["psPreludeEnv17"],"span":{"start":{"byteOffset":23769,"line":879,"column":1},"stop":{"byteOffset":23911,"line":881,"column":71}},"coreStart":936,"members":[{"index":0,"name":[["str","psPreludeEnv17"]],"role":"sourceDeclaration"}],"normalization":null},{"sourceIndex":135,"sourceName":["psPreludeEnv18"],"span":{"start":{"byteOffset":23914,"line":883,"column":1},"stop":{"byteOffset":24052,"line":885,"column":71}},"coreStart":937,"members":[{"index":0,"name":[["str","psPreludeEnv18"]],"role":"sourceDeclaration"}],"normalization":null},{"sourceIndex":136,"sourceName":["psPreludeEnv19"],"span":{"start":{"byteOffset":24055,"line":887,"column":1},"stop":{"byteOffset":24193,"line":889,"column":71}},"coreStart":938,"members":[{"index":0,"name":[["str","psPreludeEnv19"]],"role":"sourceDeclaration"}],"normalization":null},{"sourceIndex":137,"sourceName":["psBootstrapPreludeEnvironment"],"span":{"start":{"byteOffset":24196,"line":891,"column":1},"stop":{"byteOffset":24353,"line":893,"column":75}},"coreStart":939,"members":[{"index":0,"name":[["str","psBootstrapPreludeEnvironment"]],"role":"sourceDeclaration"}],"normalization":null}]},{"moduleName":["Ps","Environment","SelfHostPrelude"],"coreStart":940,"batches":[{"sourceIndex":0,"sourceName":["psSelfHostListNilName"],"span":{"start":{"byteOffset":31,"line":3,"column":1},"stop":{"byteOffset":103,"line":4,"column":35}},"coreStart":940,"members":[{"index":0,"name":[["str","psSelfHostListNilName"]],"role":"sourceDeclaration"}],"normalization":null},{"sourceIndex":1,"sourceName":["psSelfHostListConsName"],"span":{"start":{"byteOffset":105,"line":6,"column":1},"stop":{"byteOffset":179,"line":7,"column":36}},"coreStart":941,"members":[{"index":0,"name":[["str","psSelfHostListConsName"]],"role":"sourceDeclaration"}],"normalization":null},{"sourceIndex":2,"sourceName":["psSelfHostListRecName"],"span":{"start":{"byteOffset":181,"line":9,"column":1},"stop":{"byteOffset":253,"line":10,"column":35}},"coreStart":942,"members":[{"index":0,"name":[["str","psSelfHostListRecName"]],"role":"sourceDeclaration"}],"normalization":null},{"sourceIndex":3,"sourceName":["psSelfHostOptionNoneName"],"span":{"start":{"byteOffset":255,"line":12,"column":1},"stop":{"byteOffset":333,"line":13,"column":38}},"coreStart":943,"members":[{"index":0,"name":[["str","psSelfHostOptionNoneName"]],"role":"sourceDeclaration"}],"normalization":null},{"sourceIndex":4,"sourceName":["psSelfHostOptionSomeName"],"span":{"start":{"byteOffset":335,"line":15,"column":1},"stop":{"byteOffset":413,"line":16,"column":38}},"coreStart":944,"members":[{"index":0,"name":[["str","psSelfHostOptionSomeName"]],"role":"sourceDeclaration"}],"normalization":null},{"sourceIndex":5,"sourceName":["psSelfHostOptionRecName"],"span":{"start":{"byteOffset":415,"line":18,"column":1},"stop":{"byteOffset":491,"line":19,"column":37}},"coreStart":945,"members":[{"index":0,"name":[["str","psSelfHostOptionRecName"]],"role":"sourceDeclaration"}],"normalization":null},{"sourceIndex":6,"sourceName":["psSelfHostExceptName"],"span":{"start":{"byteOffset":493,"line":21,"column":1},"stop":{"byteOffset":551,"line":22,"column":22}},"coreStart":946,"members":[{"index":0,"name":[["str","psSelfHostExceptName"]],"role":"sourceDeclaration"}],"normalization":null},{"sourceIndex":7,"sourceName":["psSelfHostExceptErrorName"],"span":{"start":{"byteOffset":553,"line":24,"column":1},"stop":{"byteOffset":641,"line":25,"column":47}},"coreStart":947,"members":[{"index":0,"name":[["str","psSelfHostExceptErrorName"]],"role":"sourceDeclaration"}],"normalization":null},{"sourceIndex":8,"sourceName":["psSelfHostExceptOkName"],"span":{"start":{"byteOffset":643,"line":27,"column":1},"stop":{"byteOffset":725,"line":28,"column":44}},"coreStart":948,"members":[{"index":0,"name":[["str","psSelfHostExceptOkName"]],"role":"sourceDeclaration"}],"normalization":null},{"sourceIndex":9,"sourceName":["psSelfHostExceptRecName"],"span":{"start":{"byteOffset":727,"line":30,"column":1},"stop":{"byteOffset":811,"line":31,"column":45}},"coreStart":949,"members":[{"index":0,"name":[["str","psSelfHostExceptRecName"]],"role":"sourceDeclaration"}],"normalization":null},{"sourceIndex":10,"sourceName":["psSelfHostListOf"],"span":{"start":{"byteOffset":813,"line":33,"column":1},"stop":{"byteOffset":919,"line":36,"column":10}},"coreStart":950,"members":[{"index":0,"name":[["str","psSelfHostListOf"]],"role":"sourceDeclaration"}],"normalization":null},{"sourceIndex":11,"sourceName":["psSelfHostListNilOf"],"span":{"start":{"byteOffset":921,"line":38,"column":1},"stop":{"byteOffset":1041,"line":41,"column":10}},"coreStart":951,"members":[{"index":0,"name":[["str","psSelfHostListNilOf"]],"role":"sourceDeclaration"}],"normalization":null},{"sourceIndex":12,"sourceName":["psSelfHostListConsOf"],"span":{"start":{"byteOffset":1043,"line":43,"column":1},"stop":{"byteOffset":1243,"line":51,"column":9}},"coreStart":952,"members":[{"index":0,"name":[["str","psSelfHostListConsOf"]],"role":"sourceDeclaration"}],"normalization":null},{"sourceIndex":13,"sourceName":["psSelfHostOptionOf"],"span":{"start":{"byteOffset":1245,"line":53,"column":1},"stop":{"byteOffset":1355,"line":56,"column":10}},"coreStart":953,"members":[{"index":0,"name":[["str","psSelfHostOptionOf"]],"role":"sourceDeclaration"}],"normalization":null},{"sourceIndex":14,"sourceName":["psSelfHostOptionNoneOf"],"span":{"start":{"byteOffset":1357,"line":58,"column":1},"stop":{"byteOffset":1483,"line":61,"column":10}},"coreStart":954,"members":[{"index":0,"name":[["str","psSelfHostOptionNoneOf"]],"role":"sourceDeclaration"}],"normalization":null},{"sourceIndex":15,"sourceName":["psSelfHostOptionSomeOf"],"span":{"start":{"byteOffset":1485,"line":63,"column":1},"stop":{"byteOffset":1652,"line":69,"column":10}},"coreStart":955,"members":[{"index":0,"name":[["str","psSelfHostOptionSomeOf"]],"role":"sourceDeclaration"}],"normalization":null},{"sourceIndex":16,"sourceName":["psSelfHostExceptOf"],"span":{"start":{"byteOffset":1654,"line":71,"column":1},"stop":{"byteOffset":1829,"line":77,"column":14}},"coreStart":956,"members":[{"index":0,"name":[["str","psSelfHostExceptOf"]],"role":"sourceDeclaration"}],"normalization":null},{"sourceIndex":17,"sourceName":["psSelfHostExceptErrorOf"],"span":{"start":{"byteOffset":1831,"line":79,"column":1},"stop":{"byteOffset":2057,"line":87,"column":10}},"coreStart":957,"members":[{"index":0,"name":[["str","psSelfHostExceptErrorOf"]],"role":"sourceDeclaration"}],"normalization":null},{"sourceIndex":18,"sourceName":["psSelfHostExceptOkOf"],"span":{"start":{"byteOffset":2059,"line":89,"column":1},"stop":{"byteOffset":2279,"line":97,"column":10}},"coreStart":958,"members":[{"index":0,"name":[["str","psSelfHostExceptOkOf"]],"role":"sourceDeclaration"}],"normalization":null},{"sourceIndex":19,"sourceName":["psSelfHostReplacePreludeAxiom"],"span":{"start":{"byteOffset":2281,"line":99,"column":1},"stop":{"byteOffset":2515,"line":104,"column":22}},"coreStart":959,"members":[{"index":0,"name":[["str","psSelfHostReplacePreludeAxiom"]],"role":"sourceDeclaration"}],"normalization":null},{"sourceIndex":20,"sourceName":["psSelfHostPreludeEnvironment"],"span":{"start":{"byteOffset":2517,"line":106,"column":1},"stop":{"byteOffset":12829,"line":516,"column":10}},"coreStart":960,"members":[{"index":0,"name":[["str","psSelfHostPreludeEnvironment"]],"role":"sourceDeclaration"}],"normalization":null},{"sourceIndex":21,"sourceName":["psSelfHostRuntimePreludeDeclarations"],"span":{"start":{"byteOffset":12833,"line":518,"column":1},"stop":{"byteOffset":17297,"line":604,"column":52}},"coreStart":961,"members":[{"index":0,"name":[["str","psSelfHostRuntimePreludeDeclarations"]],"role":"sourceDeclaration"}],"normalization":null}]},{"moduleName":["Ps","Environment","SelfHostProd"],"coreStart":962,"batches":[{"sourceIndex":0,"sourceName":["psSelfHostProdRecName"],"span":{"start":{"byteOffset":39,"line":3,"column":1},"stop":{"byteOffset":111,"line":4,"column":35}},"coreStart":962,"members":[{"index":0,"name":[["str","psSelfHostProdRecName"]],"role":"sourceDeclaration"}],"normalization":null},{"sourceIndex":1,"sourceName":["psSelfHostProdOf"],"span":{"start":{"byteOffset":113,"line":6,"column":1},"stop":{"byteOffset":258,"line":12,"column":9}},"coreStart":963,"members":[{"index":0,"name":[["str","psSelfHostProdOf"]],"role":"sourceDeclaration"}],"normalization":null},{"sourceIndex":2,"sourceName":["psSelfHostProdMkOf"],"span":{"start":{"byteOffset":260,"line":14,"column":1},"stop":{"byteOffset":487,"line":24,"column":8}},"coreStart":964,"members":[{"index":0,"name":[["str","psSelfHostProdMkOf"]],"role":"sourceDeclaration"}],"normalization":null},{"sourceIndex":3,"sourceName":["psSelfHostProdPreludeEnvironment"],"span":{"start":{"byteOffset":489,"line":26,"column":1},"stop":{"byteOffset":3552,"line":150,"column":10}},"coreStart":965,"members":[{"index":0,"name":[["str","psSelfHostProdPreludeEnvironment"]],"role":"sourceDeclaration"}],"normalization":null},{"sourceIndex":4,"sourceName":["psSelfHostRuntimePreludeDeclarationsWithProd"],"span":{"start":{"byteOffset":3556,"line":152,"column":1},"stop":{"byteOffset":4404,"line":178,"column":57}},"coreStart":966,"members":[{"index":0,"name":[["str","psSelfHostRuntimePreludeDeclarationsWithProd"]],"role":"sourceDeclaration"}],"normalization":null}]},{"moduleName":["Ps","Environment","LocalContext"],"coreStart":967,"batches":[{"sourceIndex":0,"sourceName":["PsLocalDecl"],"span":{"start":{"byteOffset":47,"line":4,"column":1},"stop":{"byteOffset":281,"line":14,"column":23}},"coreStart":967,"members":[{"index":0,"name":[["str","PsLocalDecl"]],"role":"inductiveType"},{"index":1,"name":[["str","PsLocalDecl"],["str","binding"]],"role":"constructor"},{"index":2,"name":[["str","PsLocalDecl"],["str","letDecl"]],"role":"constructor"},{"index":3,"name":[["str","PsLocalDecl"],["str","rec"]],"role":"recursor"}],"normalization":null},{"sourceIndex":1,"sourceName":["PsLocalContext"],"span":{"start":{"byteOffset":283,"line":16,"column":1},"stop":{"byteOffset":362,"line":18,"column":34}},"coreStart":971,"members":[{"index":0,"name":[["str","PsLocalContext"]],"role":"structureType"},{"index":1,"name":[["str","PsLocalContext"],["str","mk"]],"role":"constructor"},{"index":2,"name":[["str","PsLocalContext"],["str","rec"]],"role":"recursor"}],"normalization":null},{"sourceIndex":2,"sourceName":["PsLocalPushResult"],"span":{"start":{"byteOffset":364,"line":20,"column":1},"stop":{"byteOffset":435,"line":22,"column":11}},"coreStart":974,"members":[{"index":0,"name":[["str","PsLocalPushResult"]],"role":"structureType"},{"index":1,"name":[["str","PsLocalPushResult"],["str","mk"]],"role":"constructor"},{"index":2,"name":[["str","PsLocalPushResult"],["str","rec"]],"role":"recursor"}],"normalization":null},{"sourceIndex":3,"sourceName":["psLocalEmpty"],"span":{"start":{"byteOffset":437,"line":24,"column":1},"stop":{"byteOffset":511,"line":25,"column":38}},"coreStart":977,"members":[{"index":0,"name":[["str","psLocalEmpty"]],"role":"sourceDeclaration"}],"normalization":null},{"sourceIndex":4,"sourceName":["psLocalDeclId"],"span":{"start":{"byteOffset":513,"line":27,"column":1},"stop":{"byteOffset":607,"line":29,"column":28}},"coreStart":978,"members":[{"index":0,"name":[["str","psLocalDeclId"]],"role":"sourceDeclaration"}],"normalization":null},{"sourceIndex":5,"sourceName":["psLocalDeclType"],"span":{"start":{"byteOffset":610,"line":32,"column":1},"stop":{"byteOffset":717,"line":34,"column":32}},"coreStart":979,"members":[{"index":0,"name":[["str","psLocalDeclType"]],"role":"sourceDeclaration"}],"normalization":null},{"sourceIndex":6,"sourceName":["psLocalDeclUserName"],"span":{"start":{"byteOffset":719,"line":36,"column":1},"stop":{"byteOffset":846,"line":38,"column":40}},"coreStart":980,"members":[{"index":0,"name":[["str","psLocalDeclUserName"]],"role":"sourceDeclaration"}],"normalization":null},{"sourceIndex":7,"sourceName":["psLocalFindByIdInList"],"span":{"start":{"byteOffset":848,"line":40,"column":1},"stop":{"byteOffset":1159,"line":49,"column":38}},"coreStart":981,"members":[{"index":0,"name":[["str","psLocalFindByIdInList"]],"role":"sourceDeclaration"}],"normalization":null},{"sourceIndex":8,"sourceName":["psLocalFindById"],"span":{"start":{"byteOffset":1161,"line":51,"column":1},"stop":{"byteOffset":1290,"line":52,"column":48}},"coreStart":982,"members":[{"index":0,"name":[["str","psLocalFindById"]],"role":"sourceDeclaration"}],"normalization":null},{"sourceIndex":9,"sourceName":["psLocalContainsId"],"span":{"start":{"byteOffset":1292,"line":54,"column":1},"stop":{"byteOffset":1452,"line":57,"column":26}},"coreStart":983,"members":[{"index":0,"name":[["str","psLocalContainsId"]],"role":"sourceDeclaration"}],"normalization":null},{"sourceIndex":10,"sourceName":["psLocalFindUserInList"],"span":{"start":{"byteOffset":1454,"line":59,"column":1},"stop":{"byteOffset":1793,"line":68,"column":44}},"coreStart":984,"members":[{"index":0,"name":[["str","psLocalFindUserInList"]],"role":"sourceDeclaration"}],"normalization":null},{"sourceIndex":11,"sourceName":["psLocalFindUser"],"span":{"start":{"byteOffset":1795,"line":70,"column":1},"stop":{"byteOffset":1939,"line":71,"column":54}},"coreStart":985,"members":[{"index":0,"name":[["str","psLocalFindUser"]],"role":"sourceDeclaration"}],"normalization":null},{"sourceIndex":12,"sourceName":["psLocalPushBinding"],"span":{"start":{"byteOffset":1941,"line":73,"column":1},"stop":{"byteOffset":2320,"line":86,"column":4}},"coreStart":986,"members":[{"index":0,"name":[["str","psLocalPushBinding"]],"role":"sourceDeclaration"}],"normalization":null},{"sourceIndex":13,"sourceName":["psLocalPushLet"],"span":{"start":{"byteOffset":2322,"line":88,"column":1},"stop":{"byteOffset":2689,"line":101,"column":4}},"coreStart":987,"members":[{"index":0,"name":[["str","psLocalPushLet"]],"role":"sourceDeclaration"}],"normalization":null}]},{"moduleName":["Ps","Environment","Resolve"],"coreStart":988,"batches":[{"sourceIndex":0,"sourceName":["PsResolvedName"],"span":{"start":{"byteOffset":64,"line":4,"column":1},"stop":{"byteOffset":142,"line":6,"column":27}},"coreStart":988,"members":[{"index":0,"name":[["str","PsResolvedName"]],"role":"inductiveType"},{"index":1,"name":[["str","PsResolvedName"],["str","local"]],"role":"constructor"},{"index":2,"name":[["str","PsResolvedName"],["str","global"]],"role":"constructor"},{"index":3,"name":[["str","PsResolvedName"],["str","rec"]],"role":"recursor"}],"normalization":null},{"sourceIndex":1,"sourceName":["psResolveName"],"span":{"start":{"byteOffset":144,"line":8,"column":1},"stop":{"byteOffset":591,"line":17,"column":35}},"coreStart":992,"members":[{"index":0,"name":[["str","psResolveName"]],"role":"sourceDeclaration"}],"normalization":null}]},{"moduleName":["Ps","Core","LevelSubst"],"coreStart":993,"batches":[{"sourceIndex":0,"sourceName":["psFindLevelArgumentWorker"],"span":{"start":{"byteOffset":21,"line":3,"column":1},"stop":{"byteOffset":743,"line":23,"column":44}},"coreStart":993,"members":[{"index":0,"name":[["str","psFindLevelArgumentWorker"]],"role":"sourceDeclaration"}],"normalization":null},{"sourceIndex":1,"sourceName":["psFindLevelArgument"],"span":{"start":{"byteOffset":745,"line":25,"column":1},"stop":{"byteOffset":995,"line":31,"column":24}},"coreStart":994,"members":[{"index":0,"name":[["str","psFindLevelArgument"]],"role":"sourceDeclaration"}],"normalization":null},{"sourceIndex":2,"sourceName":["psLevelInstantiateParams"],"span":{"start":{"byteOffset":997,"line":33,"column":1},"stop":{"byteOffset":1766,"line":53,"column":32}},"coreStart":995,"members":[{"index":0,"name":[["str","psLevelInstantiateParams"]],"role":"sourceDeclaration"}],"normalization":null},{"sourceIndex":3,"sourceName":["psLevelListInstantiateParams"],"span":{"start":{"byteOffset":1768,"line":55,"column":1},"stop":{"byteOffset":2104,"line":64,"column":64}},"coreStart":996,"members":[{"index":0,"name":[["str","psLevelListInstantiateParams"]],"role":"sourceDeclaration"}],"normalization":null},{"sourceIndex":4,"sourceName":["psExprInstantiateLevelParams"],"span":{"start":{"byteOffset":2107,"line":66,"column":1},"stop":{"byteOffset":3611,"line":109,"column":65}},"coreStart":997,"members":[{"index":0,"name":[["str","psExprInstantiateLevelParams"]],"role":"sourceDeclaration"}],"normalization":null}]},{"moduleName":["Ps","Meta","LevelContext"],"coreStart":998,"batches":[{"sourceIndex":0,"sourceName":["PsLevelAssignment"],"span":{"start":{"byteOffset":66,"line":5,"column":1},"stop":{"byteOffset":128,"line":7,"column":18}},"coreStart":998,"members":[{"index":0,"name":[["str","PsLevelAssignment"]],"role":"structureType"},{"index":1,"name":[["str","PsLevelAssignment"],["str","mk"]],"role":"constructor"},{"index":2,"name":[["str","PsLevelAssignment"],["str","rec"]],"role":"recursor"}],"normalization":null},{"sourceIndex":1,"sourceName":["PsLevelMetaContext"],"span":{"start":{"byteOffset":130,"line":9,"column":1},"stop":{"byteOffset":244,"line":12,"column":39}},"coreStart":1001,"members":[{"index":0,"name":[["str","PsLevelMetaContext"]],"role":"structureType"},{"index":1,"name":[["str","PsLevelMetaContext"],["str","mk"]],"role":"constructor"},{"index":2,"name":[["str","PsLevelMetaContext"],["str","rec"]],"role":"recursor"}],"normalization":null},{"sourceIndex":2,"sourceName":["PsLevelFreshResult"],"span":{"start":{"byteOffset":246,"line":14,"column":1},"stop":{"byteOffset":329,"line":16,"column":18}},"coreStart":1004,"members":[{"index":0,"name":[["str","PsLevelFreshResult"]],"role":"structureType"},{"index":1,"name":[["str","PsLevelFreshResult"],["str","mk"]],"role":"constructor"},{"index":2,"name":[["str","PsLevelFreshResult"],["str","rec"]],"role":"recursor"}],"normalization":null},{"sourceIndex":3,"sourceName":["PsLevelUnifyResult"],"span":{"start":{"byteOffset":331,"line":18,"column":1},"stop":{"byteOffset":413,"line":20,"column":17}},"coreStart":1007,"members":[{"index":0,"name":[["str","PsLevelUnifyResult"]],"role":"structureType"},{"index":1,"name":[["str","PsLevelUnifyResult"],["str","mk"]],"role":"constructor"},{"index":2,"name":[["str","PsLevelUnifyResult"],["str","rec"]],"role":"recursor"}],"normalization":null},{"sourceIndex":4,"sourceName":["psLevelMetaEmpty"],"span":{"start":{"byteOffset":415,"line":22,"column":1},"stop":{"byteOffset":516,"line":23,"column":57}},"coreStart":1010,"members":[{"index":0,"name":[["str","psLevelMetaEmpty"]],"role":"sourceDeclaration"}],"normalization":null},{"sourceIndex":5,"sourceName":["psNatListContains"],"span":{"start":{"byteOffset":518,"line":25,"column":1},"stop":{"byteOffset":716,"line":29,"column":75}},"coreStart":1011,"members":[{"index":0,"name":[["str","psNatListContains"]],"role":"sourceDeclaration"}],"normalization":null},{"sourceIndex":6,"sourceName":["psLevelFindAssignmentInList"],"span":{"start":{"byteOffset":718,"line":31,"column":1},"stop":{"byteOffset":1031,"line":40,"column":44}},"coreStart":1012,"members":[{"index":0,"name":[["str","psLevelFindAssignmentInList"]],"role":"sourceDeclaration"}],"normalization":null},{"sourceIndex":7,"sourceName":["psLevelMetaFresh"],"span":{"start":{"byteOffset":1033,"line":42,"column":1},"stop":{"byteOffset":1321,"line":51,"column":4}},"coreStart":1013,"members":[{"index":0,"name":[["str","psLevelMetaFresh"]],"role":"sourceDeclaration"}],"normalization":null},{"sourceIndex":8,"sourceName":["psLevelFindAssignment"],"span":{"start":{"byteOffset":1323,"line":53,"column":1},"stop":{"byteOffset":1463,"line":54,"column":53}},"coreStart":1014,"members":[{"index":0,"name":[["str","psLevelFindAssignment"]],"role":"sourceDeclaration"}],"normalization":null},{"sourceIndex":9,"sourceName":["psLevelAssignmentCount"],"span":{"start":{"byteOffset":1465,"line":56,"column":1},"stop":{"byteOffset":1653,"line":60,"column":44}},"coreStart":1015,"members":[{"index":0,"name":[["str","psLevelAssignmentCount"]],"role":"sourceDeclaration"}],"normalization":null},{"sourceIndex":10,"sourceName":["psLevelInstantiateWithFuel"],"span":{"start":{"byteOffset":1656,"line":62,"column":1},"stop":{"byteOffset":2434,"line":83,"column":21}},"coreStart":1016,"members":[{"index":0,"name":[["str","psLevelInstantiateWithFuel"]],"role":"sourceDeclaration"}],"normalization":null},{"sourceIndex":11,"sourceName":["psLevelInstantiate"],"span":{"start":{"byteOffset":2436,"line":85,"column":1},"stop":{"byteOffset":2631,"line":89,"column":10}},"coreStart":1017,"members":[{"index":0,"name":[["str","psLevelInstantiate"]],"role":"sourceDeclaration"}],"normalization":null},{"sourceIndex":12,"sourceName":["psLevelOccursResolved"],"span":{"start":{"byteOffset":2633,"line":91,"column":1},"stop":{"byteOffset":3108,"line":107,"column":15}},"coreStart":1018,"members":[{"index":0,"name":[["str","psLevelOccursResolved"]],"role":"sourceDeclaration"}],"normalization":null},{"sourceIndex":13,"sourceName":["psLevelOccurs"],"span":{"start":{"byteOffset":3110,"line":109,"column":1},"stop":{"byteOffset":3266,"line":110,"column":65}},"coreStart":1019,"members":[{"index":0,"name":[["str","psLevelOccurs"]],"role":"sourceDeclaration"}],"normalization":null},{"sourceIndex":14,"sourceName":["psLevelAssign"],"span":{"start":{"byteOffset":3269,"line":112,"column":1},"stop":{"byteOffset":3971,"line":133,"column":16}},"coreStart":1020,"members":[{"index":0,"name":[["str","psLevelAssign"]],"role":"sourceDeclaration"}],"normalization":null},{"sourceIndex":15,"sourceName":["psLevelUnifyWithFuelWorker"],"span":{"start":{"byteOffset":3973,"line":135,"column":1},"stop":{"byteOffset":6413,"line":185,"column":62}},"coreStart":1021,"members":[{"index":0,"name":[["str","psLevelUnifyWithFuelWorker"]],"role":"sourceDeclaration"}],"normalization":null},{"sourceIndex":16,"sourceName":["psLevelUnifyWithFuel"],"span":{"start":{"byteOffset":6415,"line":187,"column":1},"stop":{"byteOffset":6611,"line":192,"column":53}},"coreStart":1022,"members":[{"index":0,"name":[["str","psLevelUnifyWithFuel"]],"role":"sourceDeclaration"}],"normalization":null},{"sourceIndex":17,"sourceName":["psLevelUnify"],"span":{"start":{"byteOffset":6613,"line":194,"column":1},"stop":{"byteOffset":6777,"line":198,"column":46}},"coreStart":1023,"members":[{"index":0,"name":[["str","psLevelUnify"]],"role":"sourceDeclaration"}],"normalization":null},{"sourceIndex":18,"sourceName":["psLevelInstantiateList"],"span":{"start":{"byteOffset":6779,"line":200,"column":1},"stop":{"byteOffset":7050,"line":208,"column":45}},"coreStart":1024,"members":[{"index":0,"name":[["str","psLevelInstantiateList"]],"role":"sourceDeclaration"}],"normalization":null},{"sourceIndex":19,"sourceName":["psLevelInstantiateExpr"],"span":{"start":{"byteOffset":7053,"line":210,"column":1},"stop":{"byteOffset":8123,"line":241,"column":14}},"coreStart":1025,"members":[{"index":0,"name":[["str","psLevelInstantiateExpr"]],"role":"sourceDeclaration"}],"normalization":null},{"sourceIndex":20,"sourceName":["psLevelHasMVar"],"span":{"start":{"byteOffset":8125,"line":243,"column":1},"stop":{"byteOffset":8490,"line":258,"column":15}},"coreStart":1026,"members":[{"index":0,"name":[["str","psLevelHasMVar"]],"role":"sourceDeclaration"}],"normalization":null},{"sourceIndex":21,"sourceName":["psLevelListHasMVar"],"span":{"start":{"byteOffset":8492,"line":260,"column":1},"stop":{"byteOffset":8700,"line":268,"column":32}},"coreStart":1027,"members":[{"index":0,"name":[["str","psLevelListHasMVar"]],"role":"sourceDeclaration"}],"normalization":null}]},{"moduleName":["Ps","Meta","Context"],"coreStart":1028,"batches":[{"sourceIndex":0,"sourceName":["PsMetaVarKind"],"span":{"start":{"byteOffset":84,"line":5,"column":1},"stop":{"byteOffset":159,"line":8,"column":20}},"coreStart":1028,"members":[{"index":0,"name":[["str","PsMetaVarKind"]],"role":"inductiveType"},{"index":1,"name":[["str","PsMetaVarKind"],["str","natural"]],"role":"constructor"},{"index":2,"name":[["str","PsMetaVarKind"],["str","synthetic"]],"role":"constructor"},{"index":3,"name":[["str","PsMetaVarKind"],["str","syntheticOpaque"]],"role":"constructor"},{"index":4,"name":[["str","PsMetaVarKind"],["str","rec"]],"role":"recursor"}],"normalization":null},{"sourceIndex":1,"sourceName":["PsMetaVarDecl"],"span":{"start":{"byteOffset":161,"line":10,"column":1},"stop":{"byteOffset":272,"line":14,"column":23}},"coreStart":1033,"members":[{"index":0,"name":[["str","PsMetaVarDecl"]],"role":"structureType"},{"index":1,"name":[["str","PsMetaVarDecl"],["str","mk"]],"role":"constructor"},{"index":2,"name":[["str","PsMetaVarDecl"],["str","rec"]],"role":"recursor"}],"normalization":null},{"sourceIndex":2,"sourceName":["PsMetaAssignment"],"span":{"start":{"byteOffset":274,"line":16,"column":1},"stop":{"byteOffset":334,"line":18,"column":17}},"coreStart":1036,"members":[{"index":0,"name":[["str","PsMetaAssignment"]],"role":"structureType"},{"index":1,"name":[["str","PsMetaAssignment"],["str","mk"]],"role":"constructor"},{"index":2,"name":[["str","PsMetaAssignment"],["str","rec"]],"role":"recursor"}],"normalization":null},{"sourceIndex":3,"sourceName":["PsMetaContext"],"span":{"start":{"byteOffset":336,"line":20,"column":1},"stop":{"byteOffset":484,"line":24,"column":30}},"coreStart":1039,"members":[{"index":0,"name":[["str","PsMetaContext"]],"role":"structureType"},{"index":1,"name":[["str","PsMetaContext"],["str","mk"]],"role":"constructor"},{"index":2,"name":[["str","PsMetaContext"],["str","rec"]],"role":"recursor"}],"normalization":null},{"sourceIndex":4,"sourceName":["PsMetaFreshResult"],"span":{"start":{"byteOffset":486,"line":26,"column":1},"stop":{"byteOffset":561,"line":28,"column":16}},"coreStart":1042,"members":[{"index":0,"name":[["str","PsMetaFreshResult"]],"role":"structureType"},{"index":1,"name":[["str","PsMetaFreshResult"],["str","mk"]],"role":"constructor"},{"index":2,"name":[["str","PsMetaFreshResult"],["str","rec"]],"role":"recursor"}],"normalization":null},{"sourceIndex":5,"sourceName":["psMetaEmpty"],"span":{"start":{"byteOffset":563,"line":30,"column":1},"stop":{"byteOffset":697,"line":36,"column":4}},"coreStart":1045,"members":[{"index":0,"name":[["str","psMetaEmpty"]],"role":"sourceDeclaration"}],"normalization":null},{"sourceIndex":6,"sourceName":["psMetaSnapshot"],"span":{"start":{"byteOffset":699,"line":38,"column":1},"stop":{"byteOffset":772,"line":39,"column":10}},"coreStart":1046,"members":[{"index":0,"name":[["str","psMetaSnapshot"]],"role":"sourceDeclaration"}],"normalization":null},{"sourceIndex":7,"sourceName":["psMetaRestore"],"span":{"start":{"byteOffset":774,"line":41,"column":1},"stop":{"byteOffset":875,"line":42,"column":11}},"coreStart":1047,"members":[{"index":0,"name":[["str","psMetaRestore"]],"role":"sourceDeclaration"}],"normalization":null},{"sourceIndex":8,"sourceName":["psMetaFindDeclInList"],"span":{"start":{"byteOffset":877,"line":44,"column":1},"stop":{"byteOffset":1177,"line":53,"column":37}},"coreStart":1048,"members":[{"index":0,"name":[["str","psMetaFindDeclInList"]],"role":"sourceDeclaration"}],"normalization":null},{"sourceIndex":9,"sourceName":["psMetaFindDecl"],"span":{"start":{"byteOffset":1179,"line":55,"column":1},"stop":{"byteOffset":1307,"line":56,"column":47}},"coreStart":1049,"members":[{"index":0,"name":[["str","psMetaFindDecl"]],"role":"sourceDeclaration"}],"normalization":null},{"sourceIndex":10,"sourceName":["psMetaFindAssignmentInList"],"span":{"start":{"byteOffset":1309,"line":58,"column":1},"stop":{"byteOffset":1618,"line":67,"column":43}},"coreStart":1050,"members":[{"index":0,"name":[["str","psMetaFindAssignmentInList"]],"role":"sourceDeclaration"}],"normalization":null},{"sourceIndex":11,"sourceName":["psMetaFindAssignment"],"span":{"start":{"byteOffset":1620,"line":69,"column":1},"stop":{"byteOffset":1752,"line":70,"column":52}},"coreStart":1051,"members":[{"index":0,"name":[["str","psMetaFindAssignment"]],"role":"sourceDeclaration"}],"normalization":null},{"sourceIndex":12,"sourceName":["psMetaAssignmentListLength"],"span":{"start":{"byteOffset":1754,"line":72,"column":1},"stop":{"byteOffset":1937,"line":77,"column":48}},"coreStart":1052,"members":[{"index":0,"name":[["str","psMetaAssignmentListLength"]],"role":"sourceDeclaration"}],"normalization":null},{"sourceIndex":13,"sourceName":["psMetaFresh"],"span":{"start":{"byteOffset":1940,"line":79,"column":1},"stop":{"byteOffset":2466,"line":99,"column":4}},"coreStart":1053,"members":[{"index":0,"name":[["str","psMetaFresh"]],"role":"sourceDeclaration"}],"normalization":null},{"sourceIndex":14,"sourceName":["psExprContainsMVar"],"span":{"start":{"byteOffset":2468,"line":101,"column":1},"stop":{"byteOffset":3260,"line":129,"column":15}},"coreStart":1054,"members":[{"index":0,"name":[["str","psExprContainsMVar"]],"role":"sourceDeclaration"}],"normalization":null},{"sourceIndex":15,"sourceName":["psExprFVarsInContext"],"span":{"start":{"byteOffset":3262,"line":131,"column":1},"stop":{"byteOffset":4187,"line":160,"column":14}},"coreStart":1055,"members":[{"index":0,"name":[["str","psExprFVarsInContext"]],"role":"sourceDeclaration"}],"normalization":null},{"sourceIndex":16,"sourceName":["psMetaInstantiateStep"],"span":{"start":{"byteOffset":4189,"line":162,"column":1},"stop":{"byteOffset":5245,"line":197,"column":14}},"coreStart":1056,"members":[{"index":0,"name":[["str","psMetaInstantiateStep"]],"role":"sourceDeclaration"}],"normalization":null},{"sourceIndex":17,"sourceName":["psMetaExprHasAssignedVar"],"span":{"start":{"byteOffset":5247,"line":199,"column":1},"stop":{"byteOffset":6154,"line":216,"column":15}},"coreStart":1057,"members":[{"index":0,"name":[["str","psMetaExprHasAssignedVar"]],"role":"sourceDeclaration"}],"normalization":null},{"sourceIndex":18,"sourceName":["psMetaInstantiateRounds"],"span":{"start":{"byteOffset":6156,"line":218,"column":1},"stop":{"byteOffset":6597,"line":230,"column":18}},"coreStart":1058,"members":[{"index":0,"name":[["str","psMetaInstantiateRounds"]],"role":"sourceDeclaration"}],"normalization":null},{"sourceIndex":19,"sourceName":["psMetaInstantiate"],"span":{"start":{"byteOffset":6599,"line":232,"column":1},"stop":{"byteOffset":6928,"line":240,"column":46}},"coreStart":1059,"members":[{"index":0,"name":[["str","psMetaInstantiate"]],"role":"sourceDeclaration"}],"normalization":null},{"sourceIndex":20,"sourceName":["PsMetaFreshLevelResult"],"span":{"start":{"byteOffset":6930,"line":242,"column":1},"stop":{"byteOffset":7012,"line":244,"column":18}},"coreStart":1060,"members":[{"index":0,"name":[["str","PsMetaFreshLevelResult"]],"role":"structureType"},{"index":1,"name":[["str","PsMetaFreshLevelResult"],["str","mk"]],"role":"constructor"},{"index":2,"name":[["str","PsMetaFreshLevelResult"],["str","rec"]],"role":"recursor"}],"normalization":null},{"sourceIndex":21,"sourceName":["psMetaFreshLevel"],"span":{"start":{"byteOffset":7014,"line":246,"column":1},"stop":{"byteOffset":7337,"line":256,"column":4}},"coreStart":1063,"members":[{"index":0,"name":[["str","psMetaFreshLevel"]],"role":"sourceDeclaration"}],"normalization":null},{"sourceIndex":22,"sourceName":["psMetaAssign"],"span":{"start":{"byteOffset":7339,"line":258,"column":1},"stop":{"byteOffset":8254,"line":280,"column":24}},"coreStart":1064,"members":[{"index":0,"name":[["str","psMetaAssign"]],"role":"sourceDeclaration"}],"normalization":null},{"sourceIndex":23,"sourceName":["psExprHasUnresolvedMeta"],"span":{"start":{"byteOffset":8256,"line":282,"column":1},"stop":{"byteOffset":9091,"line":311,"column":15}},"coreStart":1065,"members":[{"index":0,"name":[["str","psExprHasUnresolvedMeta"]],"role":"sourceDeclaration"}],"normalization":null}]},{"moduleName":["Ps","Meta","Reduce"],"coreStart":1066,"batches":[{"sourceIndex":0,"sourceName":["psReduceNameListLength"],"span":{"start":{"byteOffset":158,"line":8,"column":1},"stop":{"byteOffset":307,"line":12,"column":55}},"coreStart":1066,"members":[{"index":0,"name":[["str","psReduceNameListLength"]],"role":"sourceDeclaration"}],"normalization":null},{"sourceIndex":1,"sourceName":["psReduceLevelListLength"],"span":{"start":{"byteOffset":310,"line":14,"column":1},"stop":{"byteOffset":462,"line":18,"column":56}},"coreStart":1067,"members":[{"index":0,"name":[["str","psReduceLevelListLength"]],"role":"sourceDeclaration"}],"normalization":null},{"sourceIndex":2,"sourceName":["psWhnfCoreWithFuel"],"span":{"start":{"byteOffset":465,"line":20,"column":1},"stop":{"byteOffset":1584,"line":49,"column":28}},"coreStart":1068,"members":[{"index":0,"name":[["str","psWhnfCoreWithFuel"]],"role":"sourceDeclaration"}],"normalization":null},{"sourceIndex":3,"sourceName":["psWhnfCore"],"span":{"start":{"byteOffset":1586,"line":51,"column":1},"stop":{"byteOffset":1757,"line":55,"column":55}},"coreStart":1069,"members":[{"index":0,"name":[["str","psWhnfCore"]],"role":"sourceDeclaration"}],"normalization":null},{"sourceIndex":4,"sourceName":["psDefEqReadOnly"],"span":{"start":{"byteOffset":1759,"line":57,"column":1},"stop":{"byteOffset":2060,"line":64,"column":37}},"coreStart":1070,"members":[{"index":0,"name":[["str","psDefEqReadOnly"]],"role":"sourceDeclaration"}],"normalization":null},{"sourceIndex":5,"sourceName":["psWhnfWithFuel"],"span":{"start":{"byteOffset":2062,"line":66,"column":1},"stop":{"byteOffset":3482,"line":101,"column":20}},"coreStart":1071,"members":[{"index":0,"name":[["str","psWhnfWithFuel"]],"role":"sourceDeclaration"}],"normalization":null},{"sourceIndex":6,"sourceName":["psWhnf"],"span":{"start":{"byteOffset":3484,"line":103,"column":1},"stop":{"byteOffset":3693,"line":108,"column":63}},"coreStart":1072,"members":[{"index":0,"name":[["str","psWhnf"]],"role":"sourceDeclaration"}],"normalization":null},{"sourceIndex":7,"sourceName":["psDefEqReadOnlyWithEnvFuel"],"span":{"start":{"byteOffset":3695,"line":110,"column":1},"stop":{"byteOffset":5941,"line":168,"column":23}},"coreStart":1073,"members":[{"index":0,"name":[["str","psDefEqReadOnlyWithEnvFuel"]],"role":"sourceDeclaration"}],"normalization":null},{"sourceIndex":8,"sourceName":["psDefEqReadOnlyWithEnv"],"span":{"start":{"byteOffset":5943,"line":170,"column":1},"stop":{"byteOffset":6229,"line":182,"column":10}},"coreStart":1074,"members":[{"index":0,"name":[["str","psDefEqReadOnlyWithEnv"]],"role":"sourceDeclaration"}],"normalization":null}]},{"moduleName":["Ps","Meta","Infer"],"coreStart":1075,"batches":[{"sourceIndex":0,"sourceName":["PsInferError"],"span":{"start":{"byteOffset":182,"line":9,"column":1},"stop":{"byteOffset":526,"line":20,"column":26}},"coreStart":1075,"members":[{"index":0,"name":[["str","PsInferError"]],"role":"inductiveType"},{"index":1,"name":[["str","PsInferError"],["str","fuelExhausted"]],"role":"constructor"},{"index":2,"name":[["str","PsInferError"],["str","looseBoundVariable"]],"role":"constructor"},{"index":3,"name":[["str","PsInferError"],["str","unknownFreeVariable"]],"role":"constructor"},{"index":4,"name":[["str","PsInferError"],["str","unknownMetavariable"]],"role":"constructor"},{"index":5,"name":[["str","PsInferError"],["str","unknownConstant"]],"role":"constructor"},{"index":6,"name":[["str","PsInferError"],["str","incorrectUniverseArity"]],"role":"constructor"},{"index":7,"name":[["str","PsInferError"],["str","expectedSort"]],"role":"constructor"},{"index":8,"name":[["str","PsInferError"],["str","expectedFunction"]],"role":"constructor"},{"index":9,"name":[["str","PsInferError"],["str","applicationTypeMismatch"]],"role":"constructor"},{"index":10,"name":[["str","PsInferError"],["str","letTypeMismatch"]],"role":"constructor"},{"index":11,"name":[["str","PsInferError"],["str","projectionUnsupported"]],"role":"constructor"},{"index":12,"name":[["str","PsInferError"],["str","rec"]],"role":"recursor"}],"normalization":null},{"sourceIndex":1,"sourceName":["PsForallView"],"span":{"start":{"byteOffset":528,"line":22,"column":1},"stop":{"byteOffset":630,"line":26,"column":24}},"coreStart":1088,"members":[{"index":0,"name":[["str","PsForallView"]],"role":"structureType"},{"index":1,"name":[["str","PsForallView"],["str","mk"]],"role":"constructor"},{"index":2,"name":[["str","PsForallView"],["str","rec"]],"role":"recursor"}],"normalization":null},{"sourceIndex":2,"sourceName":["psInferBoolNot"],"span":{"start":{"byteOffset":632,"line":28,"column":1},"stop":{"byteOffset":707,"line":29,"column":32}},"coreStart":1091,"members":[{"index":0,"name":[["str","psInferBoolNot"]],"role":"sourceDeclaration"}],"normalization":null},{"sourceIndex":3,"sourceName":["psInferBoolOr"],"span":{"start":{"byteOffset":709,"line":31,"column":1},"stop":{"byteOffset":787,"line":32,"column":31}},"coreStart":1092,"members":[{"index":0,"name":[["str","psInferBoolOr"]],"role":"sourceDeclaration"}],"normalization":null},{"sourceIndex":4,"sourceName":["psInferNatNe"],"span":{"start":{"byteOffset":789,"line":34,"column":1},"stop":{"byteOffset":879,"line":35,"column":45}},"coreStart":1093,"members":[{"index":0,"name":[["str","psInferNatNe"]],"role":"sourceDeclaration"}],"normalization":null},{"sourceIndex":5,"sourceName":["psInferExprListLength"],"span":{"start":{"byteOffset":881,"line":37,"column":1},"stop":{"byteOffset":1034,"line":42,"column":43}},"coreStart":1094,"members":[{"index":0,"name":[["str","psInferExprListLength"]],"role":"sourceDeclaration"}],"normalization":null},{"sourceIndex":6,"sourceName":["psInferNameListLength"],"span":{"start":{"byteOffset":1037,"line":44,"column":1},"stop":{"byteOffset":1190,"line":49,"column":43}},"coreStart":1095,"members":[{"index":0,"name":[["str","psInferNameListLength"]],"role":"sourceDeclaration"}],"normalization":null},{"sourceIndex":7,"sourceName":["psInferLevelListLength"],"span":{"start":{"byteOffset":1193,"line":51,"column":1},"stop":{"byteOffset":1349,"line":56,"column":44}},"coreStart":1096,"members":[{"index":0,"name":[["str","psInferLevelListLength"]],"role":"sourceDeclaration"}],"normalization":null},{"sourceIndex":8,"sourceName":["psInferEnsureSort"],"span":{"start":{"byteOffset":1352,"line":58,"column":1},"stop":{"byteOffset":1676,"line":65,"column":48}},"coreStart":1097,"members":[{"index":0,"name":[["str","psInferEnsureSort"]],"role":"sourceDeclaration"}],"normalization":null},{"sourceIndex":9,"sourceName":["psInferEnsureForall"],"span":{"start":{"byteOffset":1678,"line":67,"column":1},"stop":{"byteOffset":2135,"line":80,"column":52}},"coreStart":1098,"members":[{"index":0,"name":[["str","psInferEnsureForall"]],"role":"sourceDeclaration"}],"normalization":null},{"sourceIndex":10,"sourceName":["PsInferAppView"],"span":{"start":{"byteOffset":2137,"line":82,"column":1},"stop":{"byteOffset":2204,"line":84,"column":21}},"coreStart":1099,"members":[{"index":0,"name":[["str","PsInferAppView"]],"role":"structureType"},{"index":1,"name":[["str","PsInferAppView"],["str","mk"]],"role":"constructor"},{"index":2,"name":[["str","PsInferAppView"],["str","rec"]],"role":"recursor"}],"normalization":null},{"sourceIndex":11,"sourceName":["psInferAppViewAcc"],"span":{"start":{"byteOffset":2206,"line":86,"column":1},"stop":{"byteOffset":2552,"line":96,"column":36}},"coreStart":1102,"members":[{"index":0,"name":[["str","psInferAppViewAcc"]],"role":"sourceDeclaration"}],"normalization":null},{"sourceIndex":12,"sourceName":["psInferAppView"],"span":{"start":{"byteOffset":2554,"line":98,"column":1},"stop":{"byteOffset":2636,"line":99,"column":28}},"coreStart":1103,"members":[{"index":0,"name":[["str","psInferAppView"]],"role":"sourceDeclaration"}],"normalization":null},{"sourceIndex":13,"sourceName":["psInferApplyStructureParametersWorker"],"span":{"start":{"byteOffset":2638,"line":101,"column":1},"stop":{"byteOffset":3954,"line":140,"column":66}},"coreStart":1104,"members":[{"index":0,"name":[["str","psInferApplyStructureParametersWorker"]],"role":"sourceDeclaration"}],"normalization":null},{"sourceIndex":14,"sourceName":["psInferApplyStructureParameters"],"span":{"start":{"byteOffset":3956,"line":142,"column":1},"stop":{"byteOffset":4297,"line":154,"column":11}},"coreStart":1105,"members":[{"index":0,"name":[["str","psInferApplyStructureParameters"]],"role":"sourceDeclaration"}],"normalization":null},{"sourceIndex":15,"sourceName":["psInferStructureProjectionFieldWorker"],"span":{"start":{"byteOffset":4299,"line":156,"column":1},"stop":{"byteOffset":6846,"line":220,"column":74}},"coreStart":1106,"members":[{"index":0,"name":[["str","psInferStructureProjectionFieldWorker"]],"role":"sourceDeclaration"}],"normalization":null},{"sourceIndex":16,"sourceName":["psInferStructureProjectionField"],"span":{"start":{"byteOffset":6848,"line":222,"column":1},"stop":{"byteOffset":7343,"line":242,"column":11}},"coreStart":1107,"members":[{"index":0,"name":[["str","psInferStructureProjectionField"]],"role":"sourceDeclaration"}],"normalization":null},{"sourceIndex":17,"sourceName":["psInferProjectionType"],"span":{"start":{"byteOffset":7345,"line":244,"column":1},"stop":{"byteOffset":10454,"line":316,"column":57}},"coreStart":1108,"members":[{"index":0,"name":[["str","psInferProjectionType"]],"role":"sourceDeclaration"}],"normalization":null},{"sourceIndex":18,"sourceName":["psInferTypeWithFuelWorker"],"span":{"start":{"byteOffset":10456,"line":318,"column":1},"stop":{"byteOffset":18870,"line":481,"column":31}},"coreStart":1109,"members":[{"index":0,"name":[["str","psInferTypeWithFuelWorker"]],"role":"sourceDeclaration"}],"normalization":null},{"sourceIndex":19,"sourceName":["psInferTypeWithFuel"],"span":{"start":{"byteOffset":18872,"line":483,"column":1},"stop":{"byteOffset":19163,"line":494,"column":9}},"coreStart":1110,"members":[{"index":0,"name":[["str","psInferTypeWithFuel"]],"role":"sourceDeclaration"}],"normalization":null},{"sourceIndex":20,"sourceName":["psInferDefaultFuel"],"span":{"start":{"byteOffset":19165,"line":496,"column":1},"stop":{"byteOffset":19203,"line":497,"column":7}},"coreStart":1111,"members":[{"index":0,"name":[["str","psInferDefaultFuel"]],"role":"sourceDeclaration"}],"normalization":null},{"sourceIndex":21,"sourceName":["psInferType"],"span":{"start":{"byteOffset":19205,"line":499,"column":1},"stop":{"byteOffset":19479,"line":509,"column":9}},"coreStart":1112,"members":[{"index":0,"name":[["str","psInferType"]],"role":"sourceDeclaration"}],"normalization":null}]},{"moduleName":["Ps","Environment","Instances"],"coreStart":1113,"batches":[{"sourceIndex":0,"sourceName":["PsInstanceEntry"],"span":{"start":{"byteOffset":56,"line":4,"column":1},"stop":{"byteOffset":120,"line":6,"column":16}},"coreStart":1113,"members":[{"index":0,"name":[["str","PsInstanceEntry"]],"role":"structureType"},{"index":1,"name":[["str","PsInstanceEntry"],["str","mk"]],"role":"constructor"},{"index":2,"name":[["str","PsInstanceEntry"],["str","rec"]],"role":"recursor"}],"normalization":null},{"sourceIndex":1,"sourceName":["PsInstanceIndex"],"span":{"start":{"byteOffset":122,"line":8,"column":1},"stop":{"byteOffset":186,"line":9,"column":33}},"coreStart":1116,"members":[{"index":0,"name":[["str","PsInstanceIndex"]],"role":"structureType"},{"index":1,"name":[["str","PsInstanceIndex"],["str","mk"]],"role":"constructor"},{"index":2,"name":[["str","PsInstanceIndex"],["str","rec"]],"role":"recursor"}],"normalization":null},{"sourceIndex":2,"sourceName":["psInstanceIndexEmpty"],"span":{"start":{"byteOffset":188,"line":11,"column":1},"stop":{"byteOffset":253,"line":12,"column":20}},"coreStart":1119,"members":[{"index":0,"name":[["str","psInstanceIndexEmpty"]],"role":"sourceDeclaration"}],"normalization":null},{"sourceIndex":3,"sourceName":["psInstanceListAppend"],"span":{"start":{"byteOffset":255,"line":14,"column":1},"stop":{"byteOffset":484,"line":20,"column":55}},"coreStart":1120,"members":[{"index":0,"name":[["str","psInstanceListAppend"]],"role":"sourceDeclaration"}],"normalization":null},{"sourceIndex":4,"sourceName":["psInstanceIndexAdd"],"span":{"start":{"byteOffset":487,"line":22,"column":1},"stop":{"byteOffset":663,"line":25,"column":73}},"coreStart":1121,"members":[{"index":0,"name":[["str","psInstanceIndexAdd"]],"role":"sourceDeclaration"}],"normalization":null},{"sourceIndex":5,"sourceName":["psLocalInstanceEntriesFromList"],"span":{"start":{"byteOffset":665,"line":27,"column":1},"stop":{"byteOffset":1289,"line":43,"column":49}},"coreStart":1122,"members":[{"index":0,"name":[["str","psLocalInstanceEntriesFromList"]],"role":"sourceDeclaration"}],"normalization":null},{"sourceIndex":6,"sourceName":["psLocalInstanceEntries"],"span":{"start":{"byteOffset":1291,"line":45,"column":1},"stop":{"byteOffset":1424,"line":46,"column":54}},"coreStart":1123,"members":[{"index":0,"name":[["str","psLocalInstanceEntries"]],"role":"sourceDeclaration"}],"normalization":null},{"sourceIndex":7,"sourceName":["psAllInstanceEntries"],"span":{"start":{"byteOffset":1426,"line":48,"column":1},"stop":{"byteOffset":1615,"line":53,"column":18}},"coreStart":1124,"members":[{"index":0,"name":[["str","psAllInstanceEntries"]],"role":"sourceDeclaration"}],"normalization":null}]},{"moduleName":["Ps","Meta","Unify"],"coreStart":1125,"batches":[{"sourceIndex":0,"sourceName":["PsUnifyResult"],"span":{"start":{"byteOffset":154,"line":8,"column":1},"stop":{"byteOffset":226,"line":10,"column":17}},"coreStart":1125,"members":[{"index":0,"name":[["str","PsUnifyResult"]],"role":"structureType"},{"index":1,"name":[["str","PsUnifyResult"],["str","mk"]],"role":"constructor"},{"index":2,"name":[["str","PsUnifyResult"],["str","rec"]],"role":"recursor"}],"normalization":null},{"sourceIndex":1,"sourceName":["psUnifySuccess"],"span":{"start":{"byteOffset":228,"line":12,"column":1},"stop":{"byteOffset":333,"line":13,"column":42}},"coreStart":1128,"members":[{"index":0,"name":[["str","psUnifySuccess"]],"role":"sourceDeclaration"}],"normalization":null},{"sourceIndex":2,"sourceName":["psUnifyFailure"],"span":{"start":{"byteOffset":335,"line":15,"column":1},"stop":{"byteOffset":441,"line":16,"column":43}},"coreStart":1129,"members":[{"index":0,"name":[["str","psUnifyFailure"]],"role":"sourceDeclaration"}],"normalization":null},{"sourceIndex":3,"sourceName":["psMetaSetLevels"],"span":{"start":{"byteOffset":443,"line":18,"column":1},"stop":{"byteOffset":683,"line":26,"column":4}},"coreStart":1130,"members":[{"index":0,"name":[["str","psMetaSetLevels"]],"role":"sourceDeclaration"}],"normalization":null},{"sourceIndex":4,"sourceName":["psMetaVarAssignable"],"span":{"start":{"byteOffset":685,"line":28,"column":1},"stop":{"byteOffset":922,"line":34,"column":18}},"coreStart":1131,"members":[{"index":0,"name":[["str","psMetaVarAssignable"]],"role":"sourceDeclaration"}],"normalization":null},{"sourceIndex":5,"sourceName":["psMetaVarIsNatural"],"span":{"start":{"byteOffset":924,"line":36,"column":1},"stop":{"byteOffset":1152,"line":42,"column":18}},"coreStart":1132,"members":[{"index":0,"name":[["str","psMetaVarIsNatural"]],"role":"sourceDeclaration"}],"normalization":null},{"sourceIndex":6,"sourceName":["psUnifyAssign"],"span":{"start":{"byteOffset":1154,"line":44,"column":1},"stop":{"byteOffset":1452,"line":53,"column":27}},"coreStart":1133,"members":[{"index":0,"name":[["str","psUnifyAssign"]],"role":"sourceDeclaration"}],"normalization":null},{"sourceIndex":7,"sourceName":["psUnifyLevelLists"],"span":{"start":{"byteOffset":1454,"line":55,"column":1},"stop":{"byteOffset":2390,"line":78,"column":37}},"coreStart":1134,"members":[{"index":0,"name":[["str","psUnifyLevelLists"]],"role":"sourceDeclaration"}],"normalization":null},{"sourceIndex":8,"sourceName":["psUnifyWithFuelWorker"],"span":{"start":{"byteOffset":2392,"line":80,"column":1},"stop":{"byteOffset":10491,"line":288,"column":44}},"coreStart":1135,"members":[{"index":0,"name":[["str","psUnifyWithFuelWorker"]],"role":"sourceDeclaration"}],"normalization":null},{"sourceIndex":9,"sourceName":["psUnifyWithFuel"],"span":{"start":{"byteOffset":10493,"line":290,"column":1},"stop":{"byteOffset":10786,"line":303,"column":10}},"coreStart":1136,"members":[{"index":0,"name":[["str","psUnifyWithFuel"]],"role":"sourceDeclaration"}],"normalization":null},{"sourceIndex":10,"sourceName":["psUnify"],"span":{"start":{"byteOffset":10788,"line":305,"column":1},"stop":{"byteOffset":11104,"line":313,"column":60}},"coreStart":1137,"members":[{"index":0,"name":[["str","psUnify"]],"role":"sourceDeclaration"}],"normalization":null}]},{"moduleName":["Ps","Meta","SynthInstance"],"coreStart":1138,"batches":[{"sourceIndex":0,"sourceName":["PsPreparedInstanceArgument"],"span":{"start":{"byteOffset":183,"line":9,"column":1},"stop":{"byteOffset":277,"line":12,"column":20}},"coreStart":1138,"members":[{"index":0,"name":[["str","PsPreparedInstanceArgument"]],"role":"structureType"},{"index":1,"name":[["str","PsPreparedInstanceArgument"],["str","mk"]],"role":"constructor"},{"index":2,"name":[["str","PsPreparedInstanceArgument"],["str","rec"]],"role":"recursor"}],"normalization":null},{"sourceIndex":1,"sourceName":["PsPreparedInstance"],"span":{"start":{"byteOffset":279,"line":14,"column":1},"stop":{"byteOffset":441,"line":19,"column":17}},"coreStart":1141,"members":[{"index":0,"name":[["str","PsPreparedInstance"]],"role":"structureType"},{"index":1,"name":[["str","PsPreparedInstance"],["str","mk"]],"role":"constructor"},{"index":2,"name":[["str","PsPreparedInstance"],["str","rec"]],"role":"recursor"}],"normalization":null},{"sourceIndex":2,"sourceName":["PsSynthInstanceResult"],"span":{"start":{"byteOffset":443,"line":21,"column":1},"stop":{"byteOffset":530,"line":23,"column":24}},"coreStart":1144,"members":[{"index":0,"name":[["str","PsSynthInstanceResult"]],"role":"structureType"},{"index":1,"name":[["str","PsSynthInstanceResult"],["str","mk"]],"role":"constructor"},{"index":2,"name":[["str","PsSynthInstanceResult"],["str","rec"]],"role":"recursor"}],"normalization":null},{"sourceIndex":3,"sourceName":["PsSolveInstanceArgsResult"],"span":{"start":{"byteOffset":532,"line":25,"column":1},"stop":{"byteOffset":616,"line":27,"column":17}},"coreStart":1147,"members":[{"index":0,"name":[["str","PsSolveInstanceArgsResult"]],"role":"structureType"},{"index":1,"name":[["str","PsSolveInstanceArgsResult"],["str","mk"]],"role":"constructor"},{"index":2,"name":[["str","PsSolveInstanceArgsResult"],["str","rec"]],"role":"recursor"}],"normalization":null},{"sourceIndex":4,"sourceName":["psSynthFailure"],"span":{"start":{"byteOffset":618,"line":29,"column":1},"stop":{"byteOffset":736,"line":30,"column":47}},"coreStart":1150,"members":[{"index":0,"name":[["str","psSynthFailure"]],"role":"sourceDeclaration"}],"normalization":null},{"sourceIndex":5,"sourceName":["psSynthSuccess"],"span":{"start":{"byteOffset":738,"line":32,"column":1},"stop":{"byteOffset":887,"line":35,"column":53}},"coreStart":1151,"members":[{"index":0,"name":[["str","psSynthSuccess"]],"role":"sourceDeclaration"}],"normalization":null},{"sourceIndex":6,"sourceName":["psBinderInfoIsInstance"],"span":{"start":{"byteOffset":889,"line":37,"column":1},"stop":{"byteOffset":1014,"line":40,"column":15}},"coreStart":1152,"members":[{"index":0,"name":[["str","psBinderInfoIsInstance"]],"role":"sourceDeclaration"}],"normalization":null},{"sourceIndex":7,"sourceName":["psPreparedInstanceArgumentListReverseAux"],"span":{"start":{"byteOffset":1016,"line":42,"column":1},"stop":{"byteOffset":1553,"line":53,"column":36}},"coreStart":1153,"members":[{"index":0,"name":[["str","psPreparedInstanceArgumentListReverseAux"]],"role":"sourceDeclaration"}],"normalization":null},{"sourceIndex":8,"sourceName":["psPreparedInstanceArgumentListReverse"],"span":{"start":{"byteOffset":1556,"line":55,"column":1},"stop":{"byteOffset":1744,"line":58,"column":59}},"coreStart":1154,"members":[{"index":0,"name":[["str","psPreparedInstanceArgumentListReverse"]],"role":"sourceDeclaration"}],"normalization":null},{"sourceIndex":9,"sourceName":["psPrepareInstanceWithFuelWorker"],"span":{"start":{"byteOffset":1746,"line":60,"column":1},"stop":{"byteOffset":4637,"line":129,"column":22}},"coreStart":1155,"members":[{"index":0,"name":[["str","psPrepareInstanceWithFuelWorker"]],"role":"sourceDeclaration"}],"normalization":null},{"sourceIndex":10,"sourceName":["psPrepareInstanceWithFuel"],"span":{"start":{"byteOffset":4639,"line":131,"column":1},"stop":{"byteOffset":5021,"line":146,"column":14}},"coreStart":1156,"members":[{"index":0,"name":[["str","psPrepareInstanceWithFuel"]],"role":"sourceDeclaration"}],"normalization":null},{"sourceIndex":11,"sourceName":["psPrepareInstance"],"span":{"start":{"byteOffset":5023,"line":148,"column":1},"stop":{"byteOffset":5317,"line":160,"column":8}},"coreStart":1157,"members":[{"index":0,"name":[["str","psPrepareInstance"]],"role":"sourceDeclaration"}],"normalization":null},{"sourceIndex":12,"sourceName":["psSolvePreparedInstanceArgumentsWorker"],"span":{"start":{"byteOffset":5319,"line":162,"column":1},"stop":{"byteOffset":7077,"line":199,"column":41}},"coreStart":1158,"members":[{"index":0,"name":[["str","psSolvePreparedInstanceArgumentsWorker"]],"role":"sourceDeclaration"}],"normalization":null},{"sourceIndex":13,"sourceName":["psSolvePreparedInstanceArguments"],"span":{"start":{"byteOffset":7079,"line":201,"column":1},"stop":{"byteOffset":7376,"line":208,"column":12}},"coreStart":1159,"members":[{"index":0,"name":[["str","psSolvePreparedInstanceArguments"]],"role":"sourceDeclaration"}],"normalization":null},{"sourceIndex":14,"sourceName":["psTryInstanceCandidate"],"span":{"start":{"byteOffset":7378,"line":210,"column":1},"stop":{"byteOffset":8464,"line":245,"column":28}},"coreStart":1160,"members":[{"index":0,"name":[["str","psTryInstanceCandidate"]],"role":"sourceDeclaration"}],"normalization":null},{"sourceIndex":15,"sourceName":["psTryInstanceCandidatesWorker"],"span":{"start":{"byteOffset":8466,"line":247,"column":1},"stop":{"byteOffset":10134,"line":293,"column":33}},"coreStart":1161,"members":[{"index":0,"name":[["str","psTryInstanceCandidatesWorker"]],"role":"sourceDeclaration"}],"normalization":null},{"sourceIndex":16,"sourceName":["psTryInstanceCandidates"],"span":{"start":{"byteOffset":10136,"line":295,"column":1},"stop":{"byteOffset":10534,"line":308,"column":15}},"coreStart":1162,"members":[{"index":0,"name":[["str","psTryInstanceCandidates"]],"role":"sourceDeclaration"}],"normalization":null},{"sourceIndex":17,"sourceName":["psSynthInstanceWithFuelWorker"],"span":{"start":{"byteOffset":10536,"line":310,"column":1},"stop":{"byteOffset":12161,"line":355,"column":59}},"coreStart":1163,"members":[{"index":0,"name":[["str","psSynthInstanceWithFuelWorker"]],"role":"sourceDeclaration"}],"normalization":null},{"sourceIndex":18,"sourceName":["psSynthInstanceWithFuel"],"span":{"start":{"byteOffset":12164,"line":357,"column":1},"stop":{"byteOffset":12494,"line":370,"column":11}},"coreStart":1164,"members":[{"index":0,"name":[["str","psSynthInstanceWithFuel"]],"role":"sourceDeclaration"}],"normalization":null},{"sourceIndex":19,"sourceName":["psSynthInstance"],"span":{"start":{"byteOffset":12496,"line":372,"column":1},"stop":{"byteOffset":12793,"line":384,"column":11}},"coreStart":1165,"members":[{"index":0,"name":[["str","psSynthInstance"]],"role":"sourceDeclaration"}],"normalization":null}]},{"moduleName":["Ps","Elab","Context"],"coreStart":1166,"batches":[{"sourceIndex":0,"sourceName":["PsElabStructuralRecursion"],"span":{"start":{"byteOffset":119,"line":6,"column":1},"stop":{"byteOffset":350,"line":13,"column":22}},"coreStart":1166,"members":[{"index":0,"name":[["str","PsElabStructuralRecursion"]],"role":"structureType"},{"index":1,"name":[["str","PsElabStructuralRecursion"],["str","mk"]],"role":"constructor"},{"index":2,"name":[["str","PsElabStructuralRecursion"],["str","rec"]],"role":"recursor"}],"normalization":null},{"sourceIndex":1,"sourceName":["psElabStructuralRecursionFindCall"],"span":{"start":{"byteOffset":352,"line":15,"column":1},"stop":{"byteOffset":677,"line":25,"column":55}},"coreStart":1169,"members":[{"index":0,"name":[["str","psElabStructuralRecursionFindCall"]],"role":"sourceDeclaration"}],"normalization":null},{"sourceIndex":2,"sourceName":["PsElabContext"],"span":{"start":{"byteOffset":679,"line":27,"column":1},"stop":{"byteOffset":887,"line":32,"column":57}},"coreStart":1170,"members":[{"index":0,"name":[["str","PsElabContext"]],"role":"structureType"},{"index":1,"name":[["str","PsElabContext"],["str","mk"]],"role":"constructor"},{"index":2,"name":[["str","PsElabContext"],["str","rec"]],"role":"recursor"}],"normalization":null},{"sourceIndex":3,"sourceName":["psElabContextEmpty"],"span":{"start":{"byteOffset":889,"line":34,"column":1},"stop":{"byteOffset":1140,"line":41,"column":4}},"coreStart":1173,"members":[{"index":0,"name":[["str","psElabContextEmpty"]],"role":"sourceDeclaration"}],"normalization":null},{"sourceIndex":4,"sourceName":["psElabContextWithLocal"],"span":{"start":{"byteOffset":1142,"line":43,"column":1},"stop":{"byteOffset":1462,"line":52,"column":4}},"coreStart":1174,"members":[{"index":0,"name":[["str","psElabContextWithLocal"]],"role":"sourceDeclaration"}],"normalization":null},{"sourceIndex":5,"sourceName":["psElabContextWithMeta"],"span":{"start":{"byteOffset":1464,"line":54,"column":1},"stop":{"byteOffset":1781,"line":63,"column":4}},"coreStart":1175,"members":[{"index":0,"name":[["str","psElabContextWithMeta"]],"role":"sourceDeclaration"}],"normalization":null},{"sourceIndex":6,"sourceName":["psElabContextWithStructuralRecursion"],"span":{"start":{"byteOffset":1783,"line":65,"column":1},"stop":{"byteOffset":2146,"line":75,"column":4}},"coreStart":1176,"members":[{"index":0,"name":[["str","psElabContextWithStructuralRecursion"]],"role":"sourceDeclaration"}],"normalization":null},{"sourceIndex":7,"sourceName":["psElabContextAfterStructuralFields"],"span":{"start":{"byteOffset":2304,"line":79,"column":1},"stop":{"byteOffset":2760,"line":86,"column":87}},"coreStart":1177,"members":[{"index":0,"name":[["str","psElabContextAfterStructuralFields"]],"role":"sourceDeclaration"}],"normalization":null}]},{"moduleName":["Ps","Elab","Literal"],"coreStart":1178,"batches":[{"sourceIndex":0,"sourceName":["psCharCodeEq"],"span":{"start":{"byteOffset":25,"line":3,"column":1},"stop":{"byteOffset":111,"line":4,"column":33}},"coreStart":1178,"members":[{"index":0,"name":[["str","psCharCodeEq"]],"role":"sourceDeclaration"}],"normalization":null},{"sourceIndex":1,"sourceName":["psDecimalDigitValue"],"span":{"start":{"byteOffset":113,"line":6,"column":1},"stop":{"byteOffset":724,"line":28,"column":16}},"coreStart":1179,"members":[{"index":0,"name":[["str","psDecimalDigitValue"]],"role":"sourceDeclaration"}],"normalization":null},{"sourceIndex":2,"sourceName":["psParseNaturalChars"],"span":{"start":{"byteOffset":726,"line":30,"column":1},"stop":{"byteOffset":1266,"line":48,"column":56}},"coreStart":1180,"members":[{"index":0,"name":[["str","psParseNaturalChars"]],"role":"sourceDeclaration"}],"normalization":null},{"sourceIndex":3,"sourceName":["psParseNaturalText"],"span":{"start":{"byteOffset":1269,"line":50,"column":1},"stop":{"byteOffset":1372,"line":51,"column":49}},"coreStart":1181,"members":[{"index":0,"name":[["str","psParseNaturalText"]],"role":"sourceDeclaration"}],"normalization":null},{"sourceIndex":4,"sourceName":["psHexDigitValue"],"span":{"start":{"byteOffset":1374,"line":53,"column":1},"stop":{"byteOffset":2644,"line":99,"column":16}},"coreStart":1182,"members":[{"index":0,"name":[["str","psHexDigitValue"]],"role":"sourceDeclaration"}],"normalization":null},{"sourceIndex":5,"sourceName":["psReadFixedHex"],"span":{"start":{"byteOffset":2646,"line":101,"column":1},"stop":{"byteOffset":3429,"line":126,"column":54}},"coreStart":1183,"members":[{"index":0,"name":[["str","psReadFixedHex"]],"role":"sourceDeclaration"}],"normalization":null},{"sourceIndex":6,"sourceName":["psValidUnicodeScalar"],"span":{"start":{"byteOffset":3432,"line":128,"column":1},"stop":{"byteOffset":3597,"line":134,"column":10}},"coreStart":1184,"members":[{"index":0,"name":[["str","psValidUnicodeScalar"]],"role":"sourceDeclaration"}],"normalization":null},{"sourceIndex":7,"sourceName":["psDecodeEscapedChar"],"span":{"start":{"byteOffset":3599,"line":136,"column":1},"stop":{"byteOffset":4007,"line":149,"column":20}},"coreStart":1185,"members":[{"index":0,"name":[["str","psDecodeEscapedChar"]],"role":"sourceDeclaration"}],"normalization":null},{"sourceIndex":8,"sourceName":["psStringFromReversedChars"],"span":{"start":{"byteOffset":4009,"line":151,"column":1},"stop":{"byteOffset":4190,"line":156,"column":56}},"coreStart":1186,"members":[{"index":0,"name":[["str","psStringFromReversedChars"]],"role":"sourceDeclaration"}],"normalization":null},{"sourceIndex":9,"sourceName":["psDecodeStringBodyWithFuel"],"span":{"start":{"byteOffset":4265,"line":159,"column":1},"stop":{"byteOffset":7240,"line":234,"column":43}},"coreStart":1187,"members":[{"index":0,"name":[["str","psDecodeStringBodyWithFuel"]],"role":"sourceDeclaration"}],"normalization":null},{"sourceIndex":10,"sourceName":["psCharListLength"],"span":{"start":{"byteOffset":7243,"line":236,"column":1},"stop":{"byteOffset":7384,"line":241,"column":38}},"coreStart":1188,"members":[{"index":0,"name":[["str","psCharListLength"]],"role":"sourceDeclaration"}],"normalization":null},{"sourceIndex":11,"sourceName":["psDecodeStringLiteral"],"span":{"start":{"byteOffset":7387,"line":243,"column":1},"stop":{"byteOffset":7707,"line":254,"column":20}},"coreStart":1189,"members":[{"index":0,"name":[["str","psDecodeStringLiteral"]],"role":"sourceDeclaration"}],"normalization":null},{"sourceIndex":12,"sourceName":["psDecodeCharacterEscape"],"span":{"start":{"byteOffset":7709,"line":256,"column":1},"stop":{"byteOffset":8220,"line":271,"column":16}},"coreStart":1190,"members":[{"index":0,"name":[["str","psDecodeCharacterEscape"]],"role":"sourceDeclaration"}],"normalization":null},{"sourceIndex":13,"sourceName":["psDecodeCharacterEscapedTail"],"span":{"start":{"byteOffset":8222,"line":273,"column":1},"stop":{"byteOffset":8727,"line":291,"column":26}},"coreStart":1191,"members":[{"index":0,"name":[["str","psDecodeCharacterEscapedTail"]],"role":"sourceDeclaration"}],"normalization":null},{"sourceIndex":14,"sourceName":["psDecodeCharacterLiteral"],"span":{"start":{"byteOffset":8729,"line":293,"column":1},"stop":{"byteOffset":10489,"line":341,"column":20}},"coreStart":1192,"members":[{"index":0,"name":[["str","psDecodeCharacterLiteral"]],"role":"sourceDeclaration"}],"normalization":null}]},{"moduleName":["Ps","Elab","Term"],"coreStart":1193,"batches":[{"sourceIndex":0,"sourceName":["PsElabError"],"span":{"start":{"byteOffset":238,"line":12,"column":1},"stop":{"byteOffset":1248,"line":43,"column":41}},"coreStart":1193,"members":[{"index":0,"name":[["str","PsElabError"]],"role":"inductiveType"},{"index":1,"name":[["str","PsElabError"],["str","fuelExhausted"]],"role":"constructor"},{"index":2,"name":[["str","PsElabError"],["str","emptyName"]],"role":"constructor"},{"index":3,"name":[["str","PsElabError"],["str","unknownName"]],"role":"constructor"},{"index":4,"name":[["str","PsElabError"],["str","invalidNatural"]],"role":"constructor"},{"index":5,"name":[["str","PsElabError"],["str","invalidString"]],"role":"constructor"},{"index":6,"name":[["str","PsElabError"],["str","invalidCharacter"]],"role":"constructor"},{"index":7,"name":[["str","PsElabError"],["str","infer"]],"role":"constructor"},{"index":8,"name":[["str","PsElabError"],["str","typeMismatch"]],"role":"constructor"},{"index":9,"name":[["str","PsElabError"],["str","implicitApplicationUnsupported"]],"role":"constructor"},{"index":10,"name":[["str","PsElabError"],["str","emptyCallUnsupported"]],"role":"constructor"},{"index":11,"name":[["str","PsElabError"],["str","unsupportedTerm"]],"role":"constructor"},{"index":12,"name":[["str","PsElabError"],["str","matchExpectedType"]],"role":"constructor"},{"index":13,"name":[["str","PsElabError"],["str","matchScrutineeUnsupported"]],"role":"constructor"},{"index":14,"name":[["str","PsElabError"],["str","matchInductiveUnsupported"]],"role":"constructor"},{"index":15,"name":[["str","PsElabError"],["str","matchParameterArity"]],"role":"constructor"},{"index":16,"name":[["str","PsElabError"],["str","matchPatternUnsupported"]],"role":"constructor"},{"index":17,"name":[["str","PsElabError"],["str","matchConstructorUnknown"]],"role":"constructor"},{"index":18,"name":[["str","PsElabError"],["str","matchDuplicateConstructor"]],"role":"constructor"},{"index":19,"name":[["str","PsElabError"],["str","matchNonExhaustive"]],"role":"constructor"},{"index":20,"name":[["str","PsElabError"],["str","matchRecursorUnsupported"]],"role":"constructor"},{"index":21,"name":[["str","PsElabError"],["str","matchRecursorLevels"]],"role":"constructor"},{"index":22,"name":[["str","PsElabError"],["str","matchConstructorArity"]],"role":"constructor"},{"index":23,"name":[["str","PsElabError"],["str","matchRecursiveFieldUnsupported"]],"role":"constructor"},{"index":24,"name":[["str","PsElabError"],["str","duplicateDeclaration"]],"role":"constructor"},{"index":25,"name":[["str","PsElabError"],["str","unresolvedMetavariable"]],"role":"constructor"},{"index":26,"name":[["str","PsElabError"],["str","structuralRecursionArity"]],"role":"constructor"},{"index":27,"name":[["str","PsElabError"],["str","structuralRecursionNotDecreasing"]],"role":"constructor"},{"index":28,"name":[["str","PsElabError"],["str","structuralRecursionInvariantArgument"]],"role":"constructor"},{"index":29,"name":[["str","PsElabError"],["str","structuralRecursionInternal"]],"role":"constructor"},{"index":30,"name":[["str","PsElabError"],["str","structuralRecursionDependentParameter"]],"role":"constructor"},{"index":31,"name":[["str","PsElabError"],["str","structuralRecursionEscapingReference"]],"role":"constructor"},{"index":32,"name":[["str","PsElabError"],["str","rec"]],"role":"recursor"}],"normalization":null},{"sourceIndex":1,"sourceName":["PsElabTermResult"],"span":{"start":{"byteOffset":1250,"line":45,"column":1},"stop":{"byteOffset":1340,"line":48,"column":16}},"coreStart":1226,"members":[{"index":0,"name":[["str","PsElabTermResult"]],"role":"structureType"},{"index":1,"name":[["str","PsElabTermResult"],["str","mk"]],"role":"constructor"},{"index":2,"name":[["str","PsElabTermResult"],["str","rec"]],"role":"recursor"}],"normalization":null},{"sourceIndex":2,"sourceName":["psElabBoolNot"],"span":{"start":{"byteOffset":1342,"line":50,"column":1},"stop":{"byteOffset":1416,"line":51,"column":32}},"coreStart":1229,"members":[{"index":0,"name":[["str","psElabBoolNot"]],"role":"sourceDeclaration"}],"normalization":null},{"sourceIndex":3,"sourceName":["psElabBoolOr"],"span":{"start":{"byteOffset":1418,"line":53,"column":1},"stop":{"byteOffset":1495,"line":54,"column":31}},"coreStart":1230,"members":[{"index":0,"name":[["str","psElabBoolOr"]],"role":"sourceDeclaration"}],"normalization":null},{"sourceIndex":4,"sourceName":["psElabBoolAnd"],"span":{"start":{"byteOffset":1497,"line":56,"column":1},"stop":{"byteOffset":1576,"line":57,"column":32}},"coreStart":1231,"members":[{"index":0,"name":[["str","psElabBoolAnd"]],"role":"sourceDeclaration"}],"normalization":null},{"sourceIndex":5,"sourceName":["psElabStructuralParameterAt"],"span":{"start":{"byteOffset":1578,"line":59,"column":1},"stop":{"byteOffset":1949,"line":68,"column":40}},"coreStart":1232,"members":[{"index":0,"name":[["str","psElabStructuralParameterAt"]],"role":"sourceDeclaration"}],"normalization":null},{"sourceIndex":6,"sourceName":["psElabCheckStructuralType"],"span":{"start":{"byteOffset":2110,"line":72,"column":1},"stop":{"byteOffset":2577,"line":80,"column":70}},"coreStart":1233,"members":[{"index":0,"name":[["str","psElabCheckStructuralType"]],"role":"sourceDeclaration"}],"normalization":null},{"sourceIndex":7,"sourceName":["psElabCheckStructuralParameters"],"span":{"start":{"byteOffset":2579,"line":82,"column":1},"stop":{"byteOffset":3200,"line":93,"column":80}},"coreStart":1234,"members":[{"index":0,"name":[["str","psElabCheckStructuralParameters"]],"role":"sourceDeclaration"}],"normalization":null},{"sourceIndex":8,"sourceName":["psElabCheckStructuralTelescope"],"span":{"start":{"byteOffset":3202,"line":95,"column":1},"stop":{"byteOffset":3891,"line":107,"column":45}},"coreStart":1235,"members":[{"index":0,"name":[["str","psElabCheckStructuralTelescope"]],"role":"sourceDeclaration"}],"normalization":null},{"sourceIndex":9,"sourceName":["psElabNatNe"],"span":{"start":{"byteOffset":3893,"line":109,"column":1},"stop":{"byteOffset":3982,"line":110,"column":45}},"coreStart":1236,"members":[{"index":0,"name":[["str","psElabNatNe"]],"role":"sourceDeclaration"}],"normalization":null},{"sourceIndex":10,"sourceName":["psElabListLength"],"span":{"start":{"byteOffset":3984,"line":112,"column":1},"stop":{"byteOffset":4129,"line":116,"column":49}},"coreStart":1237,"members":[{"index":0,"name":[["str","psElabListLength"]],"role":"sourceDeclaration"}],"normalization":null},{"sourceIndex":11,"sourceName":["psSyntaxNameAppendSegments"],"span":{"start":{"byteOffset":4132,"line":118,"column":1},"stop":{"byteOffset":4470,"line":129,"column":46}},"coreStart":1238,"members":[{"index":0,"name":[["str","psSyntaxNameAppendSegments"]],"role":"sourceDeclaration"}],"normalization":null},{"sourceIndex":12,"sourceName":["psSyntaxNameToName"],"span":{"start":{"byteOffset":4473,"line":131,"column":1},"stop":{"byteOffset":4725,"line":138,"column":50}},"coreStart":1239,"members":[{"index":0,"name":[["str","psSyntaxNameToName"]],"role":"sourceDeclaration"}],"normalization":null},{"sourceIndex":13,"sourceName":["psElabResultWithMeta"],"span":{"start":{"byteOffset":4729,"line":140,"column":1},"stop":{"byteOffset":5034,"line":148,"column":4}},"coreStart":1240,"members":[{"index":0,"name":[["str","psElabResultWithMeta"]],"role":"sourceDeclaration"}],"normalization":null},{"sourceIndex":14,"sourceName":["psElabFinalizeExpected"],"span":{"start":{"byteOffset":5036,"line":150,"column":1},"stop":{"byteOffset":5651,"line":171,"column":46}},"coreStart":1241,"members":[{"index":0,"name":[["str","psElabFinalizeExpected"]],"role":"sourceDeclaration"}],"normalization":null},{"sourceIndex":15,"sourceName":["psElabResolvedTerm"],"span":{"start":{"byteOffset":5653,"line":173,"column":1},"stop":{"byteOffset":6167,"line":193,"column":17}},"coreStart":1242,"members":[{"index":0,"name":[["str","psElabResolvedTerm"]],"role":"sourceDeclaration"}],"normalization":null},{"sourceIndex":16,"sourceName":["psElabProjectionApplyParameters"],"span":{"start":{"byteOffset":6169,"line":195,"column":1},"stop":{"byteOffset":6945,"line":218,"column":60}},"coreStart":1243,"members":[{"index":0,"name":[["str","psElabProjectionApplyParameters"]],"role":"sourceDeclaration"}],"normalization":null},{"sourceIndex":17,"sourceName":["psElabFindStructureField"],"span":{"start":{"byteOffset":6948,"line":220,"column":1},"stop":{"byteOffset":8297,"line":263,"column":55}},"coreStart":1244,"members":[{"index":0,"name":[["str","psElabFindStructureField"]],"role":"sourceDeclaration"}],"normalization":null},{"sourceIndex":18,"sourceName":["psElabProjectionStep"],"span":{"start":{"byteOffset":8301,"line":265,"column":1},"stop":{"byteOffset":11234,"line":335,"column":50}},"coreStart":1245,"members":[{"index":0,"name":[["str","psElabProjectionStep"]],"role":"sourceDeclaration"}],"normalization":null},{"sourceIndex":19,"sourceName":["psElabProjectionChainWorker"],"span":{"start":{"byteOffset":11236,"line":337,"column":1},"stop":{"byteOffset":11980,"line":356,"column":50}},"coreStart":1246,"members":[{"index":0,"name":[["str","psElabProjectionChainWorker"]],"role":"sourceDeclaration"}],"normalization":null},{"sourceIndex":20,"sourceName":["psElabProjectionChain"],"span":{"start":{"byteOffset":11982,"line":358,"column":1},"stop":{"byteOffset":12195,"line":363,"column":53}},"coreStart":1247,"members":[{"index":0,"name":[["str","psElabProjectionChain"]],"role":"sourceDeclaration"}],"normalization":null},{"sourceIndex":21,"sourceName":["psElabLocalProjectionBaseWorker"],"span":{"start":{"byteOffset":12352,"line":367,"column":1},"stop":{"byteOffset":13203,"line":386,"column":40}},"coreStart":1248,"members":[{"index":0,"name":[["str","psElabLocalProjectionBaseWorker"]],"role":"sourceDeclaration"}],"normalization":null},{"sourceIndex":22,"sourceName":["psElabResolveReferenceBase"],"span":{"start":{"byteOffset":13506,"line":392,"column":1},"stop":{"byteOffset":14551,"line":414,"column":71}},"coreStart":1249,"members":[{"index":0,"name":[["str","psElabResolveReferenceBase"]],"role":"sourceDeclaration"}],"normalization":null},{"sourceIndex":23,"sourceName":["psElabProjectionReference"],"span":{"start":{"byteOffset":14554,"line":416,"column":1},"stop":{"byteOffset":15785,"line":442,"column":81}},"coreStart":1250,"members":[{"index":0,"name":[["str","psElabProjectionReference"]],"role":"sourceDeclaration"}],"normalization":null},{"sourceIndex":24,"sourceName":["psElabNamedReference"],"span":{"start":{"byteOffset":15787,"line":444,"column":1},"stop":{"byteOffset":16005,"line":449,"column":56}},"coreStart":1251,"members":[{"index":0,"name":[["str","psElabNamedReference"]],"role":"sourceDeclaration"}],"normalization":null},{"sourceIndex":25,"sourceName":["psElabReference"],"span":{"start":{"byteOffset":16007,"line":451,"column":1},"stop":{"byteOffset":16844,"line":475,"column":59}},"coreStart":1252,"members":[{"index":0,"name":[["str","psElabReference"]],"role":"sourceDeclaration"}],"normalization":null},{"sourceIndex":26,"sourceName":["psElabNatural"],"span":{"start":{"byteOffset":16846,"line":477,"column":1},"stop":{"byteOffset":17941,"line":508,"column":57}},"coreStart":1253,"members":[{"index":0,"name":[["str","psElabNatural"]],"role":"sourceDeclaration"}],"normalization":null},{"sourceIndex":27,"sourceName":["psElabString"],"span":{"start":{"byteOffset":17943,"line":510,"column":1},"stop":{"byteOffset":18305,"line":521,"column":17}},"coreStart":1254,"members":[{"index":0,"name":[["str","psElabString"]],"role":"sourceDeclaration"}],"normalization":null},{"sourceIndex":28,"sourceName":["psElabCharacter"],"span":{"start":{"byteOffset":18307,"line":523,"column":1},"stop":{"byteOffset":18766,"line":535,"column":47}},"coreStart":1255,"members":[{"index":0,"name":[["str","psElabCharacter"]],"role":"sourceDeclaration"}],"normalization":null},{"sourceIndex":29,"sourceName":["psElabUnit"],"span":{"start":{"byteOffset":18768,"line":537,"column":1},"stop":{"byteOffset":18972,"line":544,"column":13}},"coreStart":1256,"members":[{"index":0,"name":[["str","psElabUnit"]],"role":"sourceDeclaration"}],"normalization":null},{"sourceIndex":30,"sourceName":["psElabBool"],"span":{"start":{"byteOffset":18974,"line":546,"column":1},"stop":{"byteOffset":19321,"line":560,"column":15}},"coreStart":1257,"members":[{"index":0,"name":[["str","psElabBool"]],"role":"sourceDeclaration"}],"normalization":null},{"sourceIndex":31,"sourceName":["PsElabTypedBinder"],"span":{"start":{"byteOffset":19323,"line":562,"column":1},"stop":{"byteOffset":19423,"line":566,"column":24}},"coreStart":1258,"members":[{"index":0,"name":[["str","PsElabTypedBinder"]],"role":"structureType"},{"index":1,"name":[["str","PsElabTypedBinder"],["str","mk"]],"role":"constructor"},{"index":2,"name":[["str","PsElabTypedBinder"],["str","rec"]],"role":"recursor"}],"normalization":null},{"sourceIndex":32,"sourceName":["PsElabTypedBindersResult"],"span":{"start":{"byteOffset":19425,"line":568,"column":1},"stop":{"byteOffset":19529,"line":570,"column":38}},"coreStart":1261,"members":[{"index":0,"name":[["str","PsElabTypedBindersResult"]],"role":"structureType"},{"index":1,"name":[["str","PsElabTypedBindersResult"],["str","mk"]],"role":"constructor"},{"index":2,"name":[["str","PsElabTypedBindersResult"],["str","rec"]],"role":"recursor"}],"normalization":null},{"sourceIndex":33,"sourceName":["psElabBinderKindToCore"],"span":{"start":{"byteOffset":19531,"line":572,"column":1},"stop":{"byteOffset":19778,"line":576,"column":55}},"coreStart":1264,"members":[{"index":0,"name":[["str","psElabBinderKindToCore"]],"role":"sourceDeclaration"}],"normalization":null},{"sourceIndex":34,"sourceName":["psElabTypedBindersAcc"],"span":{"start":{"byteOffset":19780,"line":578,"column":1},"stop":{"byteOffset":22253,"line":639,"column":58}},"coreStart":1265,"members":[{"index":0,"name":[["str","psElabTypedBindersAcc"]],"role":"sourceDeclaration"}],"normalization":null},{"sourceIndex":35,"sourceName":["psElabTypedBinders"],"span":{"start":{"byteOffset":22256,"line":641,"column":1},"stop":{"byteOffset":22602,"line":650,"column":53}},"coreStart":1266,"members":[{"index":0,"name":[["str","psElabTypedBinders"]],"role":"sourceDeclaration"}],"normalization":null},{"sourceIndex":36,"sourceName":["psElabTypedBinderListReverseAux"],"span":{"start":{"byteOffset":22604,"line":652,"column":1},"stop":{"byteOffset":23060,"line":663,"column":36}},"coreStart":1267,"members":[{"index":0,"name":[["str","psElabTypedBinderListReverseAux"]],"role":"sourceDeclaration"}],"normalization":null},{"sourceIndex":37,"sourceName":["psElabTypedBinderListReverse"],"span":{"start":{"byteOffset":23063,"line":665,"column":1},"stop":{"byteOffset":23215,"line":668,"column":50}},"coreStart":1268,"members":[{"index":0,"name":[["str","psElabTypedBinderListReverse"]],"role":"sourceDeclaration"}],"normalization":null},{"sourceIndex":38,"sourceName":["psCloseElabTypedBinders"],"span":{"start":{"byteOffset":23217,"line":670,"column":1},"stop":{"byteOffset":24211,"line":703,"column":41}},"coreStart":1269,"members":[{"index":0,"name":[["str","psCloseElabTypedBinders"]],"role":"sourceDeclaration"}],"normalization":null},{"sourceIndex":39,"sourceName":["psElabLambdaExpectedBody"],"span":{"start":{"byteOffset":24213,"line":705,"column":1},"stop":{"byteOffset":26008,"line":757,"column":49}},"coreStart":1270,"members":[{"index":0,"name":[["str","psElabLambdaExpectedBody"]],"role":"sourceDeclaration"}],"normalization":null},{"sourceIndex":40,"sourceName":["psElabLambdaBodyExpected"],"span":{"start":{"byteOffset":26010,"line":759,"column":1},"stop":{"byteOffset":26637,"line":780,"column":46}},"coreStart":1271,"members":[{"index":0,"name":[["str","psElabLambdaBodyExpected"]],"role":"sourceDeclaration"}],"normalization":null},{"sourceIndex":41,"sourceName":["psElabLambda"],"span":{"start":{"byteOffset":26642,"line":782,"column":1},"stop":{"byteOffset":28330,"line":826,"column":25}},"coreStart":1272,"members":[{"index":0,"name":[["str","psElabLambda"]],"role":"sourceDeclaration"}],"normalization":null},{"sourceIndex":42,"sourceName":["psCloseElabForallBinders"],"span":{"start":{"byteOffset":28332,"line":828,"column":1},"stop":{"byteOffset":28957,"line":849,"column":27}},"coreStart":1273,"members":[{"index":0,"name":[["str","psCloseElabForallBinders"]],"role":"sourceDeclaration"}],"normalization":null},{"sourceIndex":43,"sourceName":["psElabForall"],"span":{"start":{"byteOffset":28959,"line":851,"column":1},"stop":{"byteOffset":30423,"line":889,"column":25}},"coreStart":1274,"members":[{"index":0,"name":[["str","psElabForall"]],"role":"sourceDeclaration"}],"normalization":null},{"sourceIndex":44,"sourceName":["psElabLetAfterValue"],"span":{"start":{"byteOffset":30425,"line":891,"column":1},"stop":{"byteOffset":31799,"line":937,"column":17}},"coreStart":1275,"members":[{"index":0,"name":[["str","psElabLetAfterValue"]],"role":"sourceDeclaration"}],"normalization":null},{"sourceIndex":45,"sourceName":["psElabLet"],"span":{"start":{"byteOffset":31801,"line":939,"column":1},"stop":{"byteOffset":33756,"line":993,"column":33}},"coreStart":1276,"members":[{"index":0,"name":[["str","psElabLet"]],"role":"sourceDeclaration"}],"normalization":null},{"sourceIndex":46,"sourceName":["psExprApplyManyWorker"],"span":{"start":{"byteOffset":33758,"line":995,"column":1},"stop":{"byteOffset":33960,"line":1001,"column":57}},"coreStart":1277,"members":[{"index":0,"name":[["str","psExprApplyManyWorker"],["str","$psc0SH"],["num","0"]],"role":"normalizedWorker"},{"index":1,"name":[["str","psExprApplyManyWorker"]],"role":"publicWrapper"}],"normalization":{"functionName":[["str","psExprApplyManyWorker"]],"workerName":[["str","psExprApplyManyWorker"],["str","$psc0SH"],["num","0"]],"parameterIds":["0","1"],"explicitIds":["0","1"],"majorId":"0","generalizedIds":["1"],"workerBinderCount":1,"workerTypeKind":"forallE","workerValueKind":"matchE","actualWorkerSyntaxRetained":true}},{"sourceIndex":47,"sourceName":["psExprApplyMany"],"span":{"start":{"byteOffset":33963,"line":1003,"column":1},"stop":{"byteOffset":34083,"line":1007,"column":37}},"coreStart":1279,"members":[{"index":0,"name":[["str","psExprApplyMany"]],"role":"sourceDeclaration"}],"normalization":null},{"sourceIndex":48,"sourceName":["psElabIf"],"span":{"start":{"byteOffset":34085,"line":1009,"column":1},"stop":{"byteOffset":37188,"line":1086,"column":33}},"coreStart":1280,"members":[{"index":0,"name":[["str","psElabIf"]],"role":"sourceDeclaration"}],"normalization":null},{"sourceIndex":49,"sourceName":["PsExprAppView"],"span":{"start":{"byteOffset":37190,"line":1088,"column":1},"stop":{"byteOffset":37256,"line":1090,"column":21}},"coreStart":1281,"members":[{"index":0,"name":[["str","PsExprAppView"]],"role":"structureType"},{"index":1,"name":[["str","PsExprAppView"],["str","mk"]],"role":"constructor"},{"index":2,"name":[["str","PsExprAppView"],["str","rec"]],"role":"recursor"}],"normalization":null},{"sourceIndex":50,"sourceName":["psExprAppViewAccWorker"],"span":{"start":{"byteOffset":37258,"line":1092,"column":1},"stop":{"byteOffset":37515,"line":1102,"column":8}},"coreStart":1284,"members":[{"index":0,"name":[["str","psExprAppViewAccWorker"],["str","$psc0SH"],["num","0"]],"role":"normalizedWorker"},{"index":1,"name":[["str","psExprAppViewAccWorker"]],"role":"publicWrapper"}],"normalization":{"functionName":[["str","psExprAppViewAccWorker"]],"workerName":[["str","psExprAppViewAccWorker"],["str","$psc0SH"],["num","0"]],"parameterIds":["0","1"],"explicitIds":["0","1"],"majorId":"0","generalizedIds":["1"],"workerBinderCount":1,"workerTypeKind":"forallE","workerValueKind":"matchE","actualWorkerSyntaxRetained":true}},{"sourceIndex":51,"sourceName":["psExprAppViewAcc"],"span":{"start":{"byteOffset":37517,"line":1104,"column":1},"stop":{"byteOffset":37636,"line":1107,"column":35}},"coreStart":1286,"members":[{"index":0,"name":[["str","psExprAppViewAcc"]],"role":"sourceDeclaration"}],"normalization":null},{"sourceIndex":52,"sourceName":["psExprAppView"],"span":{"start":{"byteOffset":37638,"line":1109,"column":1},"stop":{"byteOffset":37717,"line":1110,"column":27}},"coreStart":1287,"members":[{"index":0,"name":[["str","psExprAppView"]],"role":"sourceDeclaration"}],"normalization":null},{"sourceIndex":53,"sourceName":["psExprHasConst"],"span":{"start":{"byteOffset":37719,"line":1112,"column":1},"stop":{"byteOffset":38466,"line":1136,"column":15}},"coreStart":1288,"members":[{"index":0,"name":[["str","psExprHasConst"]],"role":"sourceDeclaration"}],"normalization":null},{"sourceIndex":54,"sourceName":["psMatchNameEqTarget"],"span":{"start":{"byteOffset":38468,"line":1138,"column":1},"stop":{"byteOffset":38566,"line":1141,"column":23}},"coreStart":1289,"members":[{"index":0,"name":[["str","psMatchNameEqTarget"]],"role":"sourceDeclaration"}],"normalization":null},{"sourceIndex":55,"sourceName":["psMatchNameListContains"],"span":{"start":{"byteOffset":38568,"line":1143,"column":1},"stop":{"byteOffset":38828,"line":1153,"column":44}},"coreStart":1290,"members":[{"index":0,"name":[["str","psMatchNameListContains"]],"role":"sourceDeclaration"}],"normalization":null},{"sourceIndex":56,"sourceName":["PsElabMatchAlternative"],"span":{"start":{"byteOffset":38830,"line":1155,"column":1},"stop":{"byteOffset":38967,"line":1159,"column":22}},"coreStart":1291,"members":[{"index":0,"name":[["str","PsElabMatchAlternative"]],"role":"structureType"},{"index":1,"name":[["str","PsElabMatchAlternative"],["str","mk"]],"role":"constructor"},{"index":2,"name":[["str","PsElabMatchAlternative"],["str","rec"]],"role":"recursor"}],"normalization":null},{"sourceIndex":57,"sourceName":["psElabMatchAlternativeFind"],"span":{"start":{"byteOffset":38969,"line":1161,"column":1},"stop":{"byteOffset":39326,"line":1171,"column":45}},"coreStart":1294,"members":[{"index":0,"name":[["str","psElabMatchAlternativeFind"]],"role":"sourceDeclaration"}],"normalization":null},{"sourceIndex":58,"sourceName":["psElabMatchAlternativeCovered"],"span":{"start":{"byteOffset":39328,"line":1173,"column":1},"stop":{"byteOffset":39543,"line":1178,"column":18}},"coreStart":1295,"members":[{"index":0,"name":[["str","psElabMatchAlternativeCovered"]],"role":"sourceDeclaration"}],"normalization":null},{"sourceIndex":59,"sourceName":["psElabFillWildcardAlternatives"],"span":{"start":{"byteOffset":39545,"line":1180,"column":1},"stop":{"byteOffset":40648,"line":1212,"column":21}},"coreStart":1296,"members":[{"index":0,"name":[["str","psElabFillWildcardAlternatives"]],"role":"sourceDeclaration"}],"normalization":null},{"sourceIndex":60,"sourceName":["psElabMatchAlternativeListReverseAux"],"span":{"start":{"byteOffset":40650,"line":1214,"column":1},"stop":{"byteOffset":41148,"line":1227,"column":37}},"coreStart":1297,"members":[{"index":0,"name":[["str","psElabMatchAlternativeListReverseAux"]],"role":"sourceDeclaration"}],"normalization":null},{"sourceIndex":61,"sourceName":["psElabMatchAlternativeListReverse"],"span":{"start":{"byteOffset":41151,"line":1229,"column":1},"stop":{"byteOffset":41317,"line":1232,"column":49}},"coreStart":1298,"members":[{"index":0,"name":[["str","psElabMatchAlternativeListReverse"]],"role":"sourceDeclaration"}],"normalization":null},{"sourceIndex":62,"sourceName":["psElabMatchAlternativesCoverConstructors"],"span":{"start":{"byteOffset":41319,"line":1234,"column":1},"stop":{"byteOffset":41726,"line":1246,"column":14}},"coreStart":1299,"members":[{"index":0,"name":[["str","psElabMatchAlternativesCoverConstructors"]],"role":"sourceDeclaration"}],"normalization":null},{"sourceIndex":63,"sourceName":["psElabMatchPatternConstructorName"],"span":{"start":{"byteOffset":41728,"line":1248,"column":1},"stop":{"byteOffset":42663,"line":1273,"column":44}},"coreStart":1300,"members":[{"index":0,"name":[["str","psElabMatchPatternConstructorName"]],"role":"sourceDeclaration"}],"normalization":null},{"sourceIndex":64,"sourceName":["psElabPrepareMatchAlternativesWorker"],"span":{"start":{"byteOffset":42665,"line":1275,"column":1},"stop":{"byteOffset":45477,"line":1347,"column":63}},"coreStart":1301,"members":[{"index":0,"name":[["str","psElabPrepareMatchAlternativesWorker"]],"role":"sourceDeclaration"}],"normalization":null},{"sourceIndex":65,"sourceName":["psElabPrepareMatchAlternatives"],"span":{"start":{"byteOffset":45480,"line":1349,"column":1},"stop":{"byteOffset":45828,"line":1357,"column":20}},"coreStart":1302,"members":[{"index":0,"name":[["str","psElabPrepareMatchAlternatives"]],"role":"sourceDeclaration"}],"normalization":null},{"sourceIndex":66,"sourceName":["PsElabMatchField"],"span":{"start":{"byteOffset":45830,"line":1359,"column":1},"stop":{"byteOffset":45929,"line":1363,"column":24}},"coreStart":1303,"members":[{"index":0,"name":[["str","PsElabMatchField"]],"role":"structureType"},{"index":1,"name":[["str","PsElabMatchField"],["str","mk"]],"role":"constructor"},{"index":2,"name":[["str","PsElabMatchField"],["str","rec"]],"role":"recursor"}],"normalization":null},{"sourceIndex":67,"sourceName":["PsElabMatchFieldsResult"],"span":{"start":{"byteOffset":45931,"line":1365,"column":1},"stop":{"byteOffset":46032,"line":1367,"column":36}},"coreStart":1306,"members":[{"index":0,"name":[["str","PsElabMatchFieldsResult"]],"role":"structureType"},{"index":1,"name":[["str","PsElabMatchFieldsResult"],["str","mk"]],"role":"constructor"},{"index":2,"name":[["str","PsElabMatchFieldsResult"],["str","rec"]],"role":"recursor"}],"normalization":null},{"sourceIndex":68,"sourceName":["psElabMatchApplyParametersWorker"],"span":{"start":{"byteOffset":46034,"line":1369,"column":1},"stop":{"byteOffset":46844,"line":1395,"column":26}},"coreStart":1309,"members":[{"index":0,"name":[["str","psElabMatchApplyParametersWorker"]],"role":"sourceDeclaration"}],"normalization":null},{"sourceIndex":69,"sourceName":["psElabMatchApplyParameters"],"span":{"start":{"byteOffset":46847,"line":1397,"column":1},"stop":{"byteOffset":47068,"line":1405,"column":11}},"coreStart":1310,"members":[{"index":0,"name":[["str","psElabMatchApplyParameters"]],"role":"sourceDeclaration"}],"normalization":null},{"sourceIndex":70,"sourceName":["psSyntaxNameIsWildcardBinder"],"span":{"start":{"byteOffset":47070,"line":1407,"column":1},"stop":{"byteOffset":47339,"line":1417,"column":16}},"coreStart":1311,"members":[{"index":0,"name":[["str","psSyntaxNameIsWildcardBinder"]],"role":"sourceDeclaration"}],"normalization":null},{"sourceIndex":71,"sourceName":["psSyntaxNameMatchesCore"],"span":{"start":{"byteOffset":47341,"line":1419,"column":1},"stop":{"byteOffset":47717,"line":1433,"column":32}},"coreStart":1312,"members":[{"index":0,"name":[["str","psSyntaxNameMatchesCore"]],"role":"sourceDeclaration"}],"normalization":null},{"sourceIndex":72,"sourceName":["psSyntaxNameListContainsCore"],"span":{"start":{"byteOffset":47719,"line":1435,"column":1},"stop":{"byteOffset":48045,"line":1445,"column":51}},"coreStart":1313,"members":[{"index":0,"name":[["str","psSyntaxNameListContainsCore"]],"role":"sourceDeclaration"}],"normalization":null},{"sourceIndex":73,"sourceName":["psSyntaxNameListHasDuplicate"],"span":{"start":{"byteOffset":48047,"line":1447,"column":1},"stop":{"byteOffset":48476,"line":1460,"column":44}},"coreStart":1314,"members":[{"index":0,"name":[["str","psSyntaxNameListHasDuplicate"]],"role":"sourceDeclaration"}],"normalization":null},{"sourceIndex":74,"sourceName":["psElabMatchFieldsWorker"],"span":{"start":{"byteOffset":48478,"line":1462,"column":1},"stop":{"byteOffset":50651,"line":1520,"column":49}},"coreStart":1315,"members":[{"index":0,"name":[["str","psElabMatchFieldsWorker"]],"role":"sourceDeclaration"}],"normalization":null},{"sourceIndex":75,"sourceName":["psElabMatchFields"],"span":{"start":{"byteOffset":50654,"line":1522,"column":1},"stop":{"byteOffset":50989,"line":1534,"column":14}},"coreStart":1316,"members":[{"index":0,"name":[["str","psElabMatchFields"]],"role":"sourceDeclaration"}],"normalization":null},{"sourceIndex":76,"sourceName":["psElabMatchFieldAtWorker"],"span":{"start":{"byteOffset":50991,"line":1536,"column":1},"stop":{"byteOffset":51611,"line":1556,"column":25}},"coreStart":1317,"members":[{"index":0,"name":[["str","psElabMatchFieldAtWorker"]],"role":"sourceDeclaration"}],"normalization":null},{"sourceIndex":77,"sourceName":["psElabMatchFieldAt"],"span":{"start":{"byteOffset":51613,"line":1558,"column":1},"stop":{"byteOffset":51759,"line":1561,"column":40}},"coreStart":1318,"members":[{"index":0,"name":[["str","psElabMatchFieldAt"]],"role":"sourceDeclaration"}],"normalization":null},{"sourceIndex":78,"sourceName":["PsElabMatchHypothesesResult"],"span":{"start":{"byteOffset":51761,"line":1563,"column":1},"stop":{"byteOffset":51870,"line":1565,"column":40}},"coreStart":1319,"members":[{"index":0,"name":[["str","PsElabMatchHypothesesResult"]],"role":"structureType"},{"index":1,"name":[["str","PsElabMatchHypothesesResult"],["str","mk"]],"role":"constructor"},{"index":2,"name":[["str","PsElabMatchHypothesesResult"],["str","rec"]],"role":"recursor"}],"normalization":null},{"sourceIndex":79,"sourceName":["psElabPushRecursiveHypothesesWorker"],"span":{"start":{"byteOffset":51872,"line":1567,"column":1},"stop":{"byteOffset":54715,"line":1638,"column":52}},"coreStart":1322,"members":[{"index":0,"name":[["str","psElabPushRecursiveHypothesesWorker"]],"role":"sourceDeclaration"}],"normalization":null},{"sourceIndex":80,"sourceName":["psElabPushRecursiveHypotheses"],"span":{"start":{"byteOffset":54718,"line":1640,"column":1},"stop":{"byteOffset":55089,"line":1652,"column":18}},"coreStart":1323,"members":[{"index":0,"name":[["str","psElabPushRecursiveHypotheses"]],"role":"sourceDeclaration"}],"normalization":null},{"sourceIndex":81,"sourceName":["psCloseElabMatchFieldsWorker"],"span":{"start":{"byteOffset":55091,"line":1654,"column":1},"stop":{"byteOffset":55654,"line":1672,"column":23}},"coreStart":1324,"members":[{"index":0,"name":[["str","psCloseElabMatchFieldsWorker"]],"role":"sourceDeclaration"}],"normalization":null},{"sourceIndex":82,"sourceName":["psCloseElabMatchFields"],"span":{"start":{"byteOffset":55656,"line":1674,"column":1},"stop":{"byteOffset":55852,"line":1681,"column":9}},"coreStart":1325,"members":[{"index":0,"name":[["str","psCloseElabMatchFields"]],"role":"sourceDeclaration"}],"normalization":null},{"sourceIndex":83,"sourceName":["PsElabMatchMinorResult"],"span":{"start":{"byteOffset":55854,"line":1683,"column":1},"stop":{"byteOffset":55934,"line":1685,"column":16}},"coreStart":1326,"members":[{"index":0,"name":[["str","PsElabMatchMinorResult"]],"role":"structureType"},{"index":1,"name":[["str","PsElabMatchMinorResult"],["str","mk"]],"role":"constructor"},{"index":2,"name":[["str","PsElabMatchMinorResult"],["str","rec"]],"role":"recursor"}],"normalization":null},{"sourceIndex":84,"sourceName":["psElabWildcardBinderNamesWorker"],"span":{"start":{"byteOffset":55936,"line":1687,"column":1},"stop":{"byteOffset":56599,"line":1709,"column":35}},"coreStart":1329,"members":[{"index":0,"name":[["str","psElabWildcardBinderNamesWorker"]],"role":"sourceDeclaration"}],"normalization":null},{"sourceIndex":85,"sourceName":["psElabWildcardBinderNames"],"span":{"start":{"byteOffset":56603,"line":1711,"column":1},"stop":{"byteOffset":56792,"line":1719,"column":10}},"coreStart":1330,"members":[{"index":0,"name":[["str","psElabWildcardBinderNames"]],"role":"sourceDeclaration"}],"normalization":null},{"sourceIndex":86,"sourceName":["psElabMatchFieldListReverseWorker"],"span":{"start":{"byteOffset":56794,"line":1721,"column":1},"stop":{"byteOffset":57238,"line":1733,"column":37}},"coreStart":1331,"members":[{"index":0,"name":[["str","psElabMatchFieldListReverseWorker"]],"role":"sourceDeclaration"}],"normalization":null},{"sourceIndex":87,"sourceName":["psElabMatchFieldListReverse"],"span":{"start":{"byteOffset":57241,"line":1735,"column":1},"stop":{"byteOffset":57386,"line":1738,"column":46}},"coreStart":1332,"members":[{"index":0,"name":[["str","psElabMatchFieldListReverse"]],"role":"sourceDeclaration"}],"normalization":null},{"sourceIndex":88,"sourceName":["psElabMatchConstructorMinor"],"span":{"start":{"byteOffset":57387,"line":1739,"column":1},"stop":{"byteOffset":61373,"line":1839,"column":26}},"coreStart":1333,"members":[{"index":0,"name":[["str","psElabMatchConstructorMinor"]],"role":"sourceDeclaration"}],"normalization":null},{"sourceIndex":89,"sourceName":["psElabMatchMinor"],"span":{"start":{"byteOffset":61375,"line":1841,"column":1},"stop":{"byteOffset":62674,"line":1886,"column":29}},"coreStart":1334,"members":[{"index":0,"name":[["str","psElabMatchMinor"]],"role":"sourceDeclaration"}],"normalization":null},{"sourceIndex":90,"sourceName":["PsElabMatchMinorsResult"],"span":{"start":{"byteOffset":62677,"line":1888,"column":1},"stop":{"byteOffset":62765,"line":1890,"column":23}},"coreStart":1335,"members":[{"index":0,"name":[["str","PsElabMatchMinorsResult"]],"role":"structureType"},{"index":1,"name":[["str","PsElabMatchMinorsResult"],["str","mk"]],"role":"constructor"},{"index":2,"name":[["str","PsElabMatchMinorsResult"],["str","rec"]],"role":"recursor"}],"normalization":null},{"sourceIndex":91,"sourceName":["psElabMatchMinorsWorker"],"span":{"start":{"byteOffset":62767,"line":1892,"column":1},"stop":{"byteOffset":64529,"line":1945,"column":22}},"coreStart":1338,"members":[{"index":0,"name":[["str","psElabMatchMinorsWorker"]],"role":"sourceDeclaration"}],"normalization":null},{"sourceIndex":92,"sourceName":["psElabRefineStructuralMinor"],"span":{"start":{"byteOffset":64766,"line":1950,"column":1},"stop":{"byteOffset":65696,"line":1967,"column":66}},"coreStart":1339,"members":[{"index":0,"name":[["str","psElabRefineStructuralMinor"],["str","$psc0SH"],["num","0"]],"role":"normalizedWorker"},{"index":1,"name":[["str","psElabRefineStructuralMinor"]],"role":"publicWrapper"}],"normalization":{"functionName":[["str","psElabRefineStructuralMinor"]],"workerName":[["str","psElabRefineStructuralMinor"],["str","$psc0SH"],["num","0"]],"parameterIds":["0","1","2","3","4"],"explicitIds":["0","1","2","3","4"],"majorId":"1","generalizedIds":["2","3","4"],"workerBinderCount":2,"workerTypeKind":"forallE","workerValueKind":"matchE","actualWorkerSyntaxRetained":true}},{"sourceIndex":93,"sourceName":["psElabRefineStructuralMinors"],"span":{"start":{"byteOffset":65698,"line":1969,"column":1},"stop":{"byteOffset":67235,"line":1995,"column":86}},"coreStart":1341,"members":[{"index":0,"name":[["str","psElabRefineStructuralMinors"],["str","$psc0SH"],["num","0"]],"role":"normalizedWorker"},{"index":1,"name":[["str","psElabRefineStructuralMinors"]],"role":"publicWrapper"}],"normalization":{"functionName":[["str","psElabRefineStructuralMinors"]],"workerName":[["str","psElabRefineStructuralMinors"],["str","$psc0SH"],["num","0"]],"parameterIds":["0","1","2","3","4","5"],"explicitIds":["0","1","2","3","4","5"],"majorId":"4","generalizedIds":["5"],"workerBinderCount":5,"workerTypeKind":"forallE","workerValueKind":"matchE","actualWorkerSyntaxRetained":true}},{"sourceIndex":94,"sourceName":["psElabRefineStructuralMatch"],"span":{"start":{"byteOffset":67238,"line":1997,"column":1},"stop":{"byteOffset":68266,"line":2015,"column":28}},"coreStart":1343,"members":[{"index":0,"name":[["str","psElabRefineStructuralMatch"]],"role":"sourceDeclaration"}],"normalization":null},{"sourceIndex":95,"sourceName":["psElabMatchMinors"],"span":{"start":{"byteOffset":68268,"line":2017,"column":1},"stop":{"byteOffset":69069,"line":2042,"column":88}},"coreStart":1344,"members":[{"index":0,"name":[["str","psElabMatchMinors"]],"role":"sourceDeclaration"}],"normalization":null},{"sourceIndex":96,"sourceName":["psElabExprListAppendWorker"],"span":{"start":{"byteOffset":69071,"line":2044,"column":1},"stop":{"byteOffset":69429,"line":2055,"column":39}},"coreStart":1345,"members":[{"index":0,"name":[["str","psElabExprListAppendWorker"]],"role":"sourceDeclaration"}],"normalization":null},{"sourceIndex":97,"sourceName":["psElabExprListAppend"],"span":{"start":{"byteOffset":69432,"line":2057,"column":1},"stop":{"byteOffset":69568,"line":2061,"column":40}},"coreStart":1346,"members":[{"index":0,"name":[["str","psElabExprListAppend"]],"role":"sourceDeclaration"}],"normalization":null},{"sourceIndex":98,"sourceName":["psElabStructuralMatchContext"],"span":{"start":{"byteOffset":69804,"line":2066,"column":1},"stop":{"byteOffset":70933,"line":2089,"column":91}},"coreStart":1347,"members":[{"index":0,"name":[["str","psElabStructuralMatchContext"]],"role":"sourceDeclaration"}],"normalization":null},{"sourceIndex":99,"sourceName":["psElabMatch"],"span":{"start":{"byteOffset":70937,"line":2091,"column":1},"stop":{"byteOffset":78900,"line":2233,"column":65}},"coreStart":1348,"members":[{"index":0,"name":[["str","psElabMatch"]],"role":"sourceDeclaration"}],"normalization":null},{"sourceIndex":100,"sourceName":["psBinderAcceptsExplicitArgument"],"span":{"start":{"byteOffset":78902,"line":2235,"column":1},"stop":{"byteOffset":79028,"line":2238,"column":15}},"coreStart":1349,"members":[{"index":0,"name":[["str","psBinderAcceptsExplicitArgument"]],"role":"sourceDeclaration"}],"normalization":null},{"sourceIndex":101,"sourceName":["psBinderIsStrictImplicit"],"span":{"start":{"byteOffset":79030,"line":2240,"column":1},"stop":{"byteOffset":79155,"line":2243,"column":15}},"coreStart":1350,"members":[{"index":0,"name":[["str","psBinderIsStrictImplicit"]],"role":"sourceDeclaration"}],"normalization":null},{"sourceIndex":102,"sourceName":["psBinderIsInstanceImplicit"],"span":{"start":{"byteOffset":79157,"line":2245,"column":1},"stop":{"byteOffset":79286,"line":2248,"column":15}},"coreStart":1351,"members":[{"index":0,"name":[["str","psBinderIsInstanceImplicit"]],"role":"sourceDeclaration"}],"normalization":null},{"sourceIndex":103,"sourceName":["PsElabApplicationResult"],"span":{"start":{"byteOffset":79288,"line":2250,"column":1},"stop":{"byteOffset":79388,"line":2252,"column":33}},"coreStart":1352,"members":[{"index":0,"name":[["str","PsElabApplicationResult"]],"role":"structureType"},{"index":1,"name":[["str","PsElabApplicationResult"],["str","mk"]],"role":"constructor"},{"index":2,"name":[["str","PsElabApplicationResult"],["str","rec"]],"role":"recursor"}],"normalization":null},{"sourceIndex":104,"sourceName":["psSyntaxTermListIsEmpty"],"span":{"start":{"byteOffset":79390,"line":2254,"column":1},"stop":{"byteOffset":79527,"line":2260,"column":12}},"coreStart":1355,"members":[{"index":0,"name":[["str","psSyntaxTermListIsEmpty"]],"role":"sourceDeclaration"}],"normalization":null},{"sourceIndex":105,"sourceName":["psElabApplyArgsWithFuelWorker"],"span":{"start":{"byteOffset":79529,"line":2262,"column":1},"stop":{"byteOffset":84173,"line":2377,"column":69}},"coreStart":1356,"members":[{"index":0,"name":[["str","psElabApplyArgsWithFuelWorker"]],"role":"sourceDeclaration"}],"normalization":null},{"sourceIndex":106,"sourceName":["psElabApplyArgsWithFuel"],"span":{"start":{"byteOffset":84176,"line":2379,"column":1},"stop":{"byteOffset":84629,"line":2395,"column":24}},"coreStart":1357,"members":[{"index":0,"name":[["str","psElabApplyArgsWithFuel"]],"role":"sourceDeclaration"}],"normalization":null},{"sourceIndex":107,"sourceName":["psElabApplyArgs"],"span":{"start":{"byteOffset":84631,"line":2397,"column":1},"stop":{"byteOffset":85035,"line":2412,"column":24}},"coreStart":1358,"members":[{"index":0,"name":[["str","psElabApplyArgs"]],"role":"sourceDeclaration"}],"normalization":null},{"sourceIndex":108,"sourceName":["psElabSolvePendingInstancesWorker"],"span":{"start":{"byteOffset":85037,"line":2414,"column":1},"stop":{"byteOffset":87549,"line":2474,"column":49}},"coreStart":1359,"members":[{"index":0,"name":[["str","psElabSolvePendingInstancesWorker"]],"role":"sourceDeclaration"}],"normalization":null},{"sourceIndex":109,"sourceName":["psElabSolvePendingInstances"],"span":{"start":{"byteOffset":87551,"line":2476,"column":1},"stop":{"byteOffset":87763,"line":2482,"column":12}},"coreStart":1360,"members":[{"index":0,"name":[["str","psElabSolvePendingInstances"]],"role":"sourceDeclaration"}],"normalization":null},{"sourceIndex":110,"sourceName":["psElabFinishApplication"],"span":{"start":{"byteOffset":87765,"line":2484,"column":1},"stop":{"byteOffset":88140,"line":2493,"column":40}},"coreStart":1361,"members":[{"index":0,"name":[["str","psElabFinishApplication"]],"role":"sourceDeclaration"}],"normalization":null},{"sourceIndex":111,"sourceName":["PsElabRecordCandidate"],"span":{"start":{"byteOffset":88142,"line":2495,"column":1},"stop":{"byteOffset":88233,"line":2497,"column":27}},"coreStart":1362,"members":[{"index":0,"name":[["str","PsElabRecordCandidate"]],"role":"structureType"},{"index":1,"name":[["str","PsElabRecordCandidate"],["str","mk"]],"role":"constructor"},{"index":2,"name":[["str","PsElabRecordCandidate"],["str","rec"]],"role":"recursor"}],"normalization":null},{"sourceIndex":112,"sourceName":["psElabDropForallBindersWorker"],"span":{"start":{"byteOffset":88235,"line":2499,"column":1},"stop":{"byteOffset":88676,"line":2513,"column":27}},"coreStart":1365,"members":[{"index":0,"name":[["str","psElabDropForallBindersWorker"]],"role":"sourceDeclaration"}],"normalization":null},{"sourceIndex":113,"sourceName":["psElabDropForallBinders"],"span":{"start":{"byteOffset":88678,"line":2515,"column":1},"stop":{"byteOffset":88821,"line":2520,"column":9}},"coreStart":1366,"members":[{"index":0,"name":[["str","psElabDropForallBinders"]],"role":"sourceDeclaration"}],"normalization":null},{"sourceIndex":114,"sourceName":["psElabTakeForallNamesWorker"],"span":{"start":{"byteOffset":88823,"line":2522,"column":1},"stop":{"byteOffset":89438,"line":2540,"column":27}},"coreStart":1367,"members":[{"index":0,"name":[["str","psElabTakeForallNamesWorker"]],"role":"sourceDeclaration"}],"normalization":null},{"sourceIndex":115,"sourceName":["psElabTakeForallNames"],"span":{"start":{"byteOffset":89440,"line":2542,"column":1},"stop":{"byteOffset":89586,"line":2547,"column":9}},"coreStart":1368,"members":[{"index":0,"name":[["str","psElabTakeForallNames"]],"role":"sourceDeclaration"}],"normalization":null},{"sourceIndex":116,"sourceName":["psSyntaxRecordLastSegment"],"span":{"start":{"byteOffset":89588,"line":2549,"column":1},"stop":{"byteOffset":89859,"line":2559,"column":41}},"coreStart":1369,"members":[{"index":0,"name":[["str","psSyntaxRecordLastSegment"]],"role":"sourceDeclaration"}],"normalization":null},{"sourceIndex":117,"sourceName":["psSyntaxRecordFieldName"],"span":{"start":{"byteOffset":89861,"line":2561,"column":1},"stop":{"byteOffset":90040,"line":2565,"column":48}},"coreStart":1370,"members":[{"index":0,"name":[["str","psSyntaxRecordFieldName"]],"role":"sourceDeclaration"}],"normalization":null},{"sourceIndex":118,"sourceName":["psSyntaxRecordFieldMatchesName"],"span":{"start":{"byteOffset":90042,"line":2567,"column":1},"stop":{"byteOffset":90260,"line":2572,"column":48}},"coreStart":1371,"members":[{"index":0,"name":[["str","psSyntaxRecordFieldMatchesName"]],"role":"sourceDeclaration"}],"normalization":null},{"sourceIndex":119,"sourceName":["psSyntaxRecordHasField"],"span":{"start":{"byteOffset":90262,"line":2574,"column":1},"stop":{"byteOffset":90561,"line":2585,"column":41}},"coreStart":1372,"members":[{"index":0,"name":[["str","psSyntaxRecordHasField"]],"role":"sourceDeclaration"}],"normalization":null},{"sourceIndex":120,"sourceName":["psSyntaxRecordHasNamedField"],"span":{"start":{"byteOffset":90563,"line":2587,"column":1},"stop":{"byteOffset":90714,"line":2590,"column":37}},"coreStart":1373,"members":[{"index":0,"name":[["str","psSyntaxRecordHasNamedField"]],"role":"sourceDeclaration"}],"normalization":null},{"sourceIndex":121,"sourceName":["psSyntaxRecordFieldsMatchWorker"],"span":{"start":{"byteOffset":90716,"line":2592,"column":1},"stop":{"byteOffset":91254,"line":2607,"column":16}},"coreStart":1374,"members":[{"index":0,"name":[["str","psSyntaxRecordFieldsMatchWorker"]],"role":"sourceDeclaration"}],"normalization":null},{"sourceIndex":122,"sourceName":["psSyntaxRecordFieldsMatch"],"span":{"start":{"byteOffset":91256,"line":2609,"column":1},"stop":{"byteOffset":91511,"line":2615,"column":50}},"coreStart":1375,"members":[{"index":0,"name":[["str","psSyntaxRecordFieldsMatch"]],"role":"sourceDeclaration"}],"normalization":null},{"sourceIndex":123,"sourceName":["psSyntaxRecordFindField"],"span":{"start":{"byteOffset":91514,"line":2617,"column":1},"stop":{"byteOffset":92005,"line":2632,"column":44}},"coreStart":1376,"members":[{"index":0,"name":[["str","psSyntaxRecordFindField"]],"role":"sourceDeclaration"}],"normalization":null},{"sourceIndex":124,"sourceName":["psSyntaxRecordOrderFields"],"span":{"start":{"byteOffset":92007,"line":2634,"column":1},"stop":{"byteOffset":92544,"line":2650,"column":50}},"coreStart":1377,"members":[{"index":0,"name":[["str","psSyntaxRecordOrderFields"]],"role":"sourceDeclaration"}],"normalization":null},{"sourceIndex":125,"sourceName":["psElabRecordCandidateForInfo"],"span":{"start":{"byteOffset":92547,"line":2652,"column":1},"stop":{"byteOffset":93820,"line":2688,"column":16}},"coreStart":1378,"members":[{"index":0,"name":[["str","psElabRecordCandidateForInfo"]],"role":"sourceDeclaration"}],"normalization":null},{"sourceIndex":126,"sourceName":["psElabRecordCandidateFromExpected"],"span":{"start":{"byteOffset":93822,"line":2690,"column":1},"stop":{"byteOffset":94559,"line":2715,"column":21}},"coreStart":1379,"members":[{"index":0,"name":[["str","psElabRecordCandidateFromExpected"]],"role":"sourceDeclaration"}],"normalization":null},{"sourceIndex":127,"sourceName":["psElabRecordCandidates"],"span":{"start":{"byteOffset":94561,"line":2717,"column":1},"stop":{"byteOffset":95525,"line":2750,"column":21}},"coreStart":1380,"members":[{"index":0,"name":[["str","psElabRecordCandidates"]],"role":"sourceDeclaration"}],"normalization":null},{"sourceIndex":128,"sourceName":["psElabUniqueRecordCandidate"],"span":{"start":{"byteOffset":95527,"line":2752,"column":1},"stop":{"byteOffset":95951,"line":2768,"column":30}},"coreStart":1381,"members":[{"index":0,"name":[["str","psElabUniqueRecordCandidate"]],"role":"sourceDeclaration"}],"normalization":null},{"sourceIndex":129,"sourceName":["psElabRecord"],"span":{"start":{"byteOffset":95953,"line":2770,"column":1},"stop":{"byteOffset":97851,"line":2832,"column":29}},"coreStart":1382,"members":[{"index":0,"name":[["str","psElabRecord"]],"role":"sourceDeclaration"}],"normalization":null},{"sourceIndex":130,"sourceName":["psElabSyntaxLocalId"],"span":{"start":{"byteOffset":97853,"line":2834,"column":1},"stop":{"byteOffset":98436,"line":2851,"column":21}},"coreStart":1383,"members":[{"index":0,"name":[["str","psElabSyntaxLocalId"]],"role":"sourceDeclaration"}],"normalization":null},{"sourceIndex":131,"sourceName":["psElabNatListAtWorker"],"span":{"start":{"byteOffset":98438,"line":2853,"column":1},"stop":{"byteOffset":98965,"line":2873,"column":25}},"coreStart":1384,"members":[{"index":0,"name":[["str","psElabNatListAtWorker"]],"role":"sourceDeclaration"}],"normalization":null},{"sourceIndex":132,"sourceName":["psElabNatListAt"],"span":{"start":{"byteOffset":98967,"line":2875,"column":1},"stop":{"byteOffset":99089,"line":2880,"column":11}},"coreStart":1385,"members":[{"index":0,"name":[["str","psElabNatListAt"]],"role":"sourceDeclaration"}],"normalization":null},{"sourceIndex":133,"sourceName":["psElabValidateStructuralCallWorker"],"span":{"start":{"byteOffset":99090,"line":2881,"column":1},"stop":{"byteOffset":101885,"line":2947,"column":77}},"coreStart":1386,"members":[{"index":0,"name":[["str","psElabValidateStructuralCallWorker"]],"role":"sourceDeclaration"}],"normalization":null},{"sourceIndex":134,"sourceName":["psElabValidateStructuralCall"],"span":{"start":{"byteOffset":101887,"line":2949,"column":1},"stop":{"byteOffset":102215,"line":2961,"column":17}},"coreStart":1387,"members":[{"index":0,"name":[["str","psElabValidateStructuralCall"]],"role":"sourceDeclaration"}],"normalization":null},{"sourceIndex":135,"sourceName":["psElabStructuralNameIsLocal"],"span":{"start":{"byteOffset":102216,"line":2962,"column":1},"stop":{"byteOffset":102405,"line":2965,"column":26}},"coreStart":1388,"members":[{"index":0,"name":[["str","psElabStructuralNameIsLocal"]],"role":"sourceDeclaration"}],"normalization":null},{"sourceIndex":136,"sourceName":["psTryElabStructuralSelfCall"],"span":{"start":{"byteOffset":102407,"line":2967,"column":1},"stop":{"byteOffset":104329,"line":3012,"column":32}},"coreStart":1389,"members":[{"index":0,"name":[["str","psTryElabStructuralSelfCall"]],"role":"sourceDeclaration"}],"normalization":null},{"sourceIndex":137,"sourceName":["psElabStructuralReferenceEscapes"],"span":{"start":{"byteOffset":104331,"line":3014,"column":1},"stop":{"byteOffset":104846,"line":3026,"column":21}},"coreStart":1390,"members":[{"index":0,"name":[["str","psElabStructuralReferenceEscapes"]],"role":"sourceDeclaration"}],"normalization":null},{"sourceIndex":138,"sourceName":["psElabTermWithFuel"],"span":{"start":{"byteOffset":104848,"line":3028,"column":1},"stop":{"byteOffset":109541,"line":3148,"column":81}},"coreStart":1391,"members":[{"index":0,"name":[["str","psElabTermWithFuel"]],"role":"sourceDeclaration"}],"normalization":null},{"sourceIndex":139,"sourceName":["psElabTerm"],"span":{"start":{"byteOffset":109543,"line":3150,"column":1},"stop":{"byteOffset":109737,"line":3155,"column":48}},"coreStart":1392,"members":[{"index":0,"name":[["str","psElabTerm"]],"role":"sourceDeclaration"}],"normalization":null}]},{"moduleName":["Ps","Elab","Recursion"],"coreStart":1393,"batches":[{"sourceIndex":0,"sourceName":["PsElabRecursionPlan"],"span":{"start":{"byteOffset":202,"line":6,"column":1},"stop":{"byteOffset":356,"line":11,"column":28}},"coreStart":1393,"members":[{"index":0,"name":[["str","PsElabRecursionPlan"]],"role":"structureType"},{"index":1,"name":[["str","PsElabRecursionPlan"],["str","mk"]],"role":"constructor"},{"index":2,"name":[["str","PsElabRecursionPlan"],["str","rec"]],"role":"recursor"}],"normalization":null},{"sourceIndex":1,"sourceName":["PsElabRecursionWalkResult"],"span":{"start":{"byteOffset":358,"line":13,"column":1},"stop":{"byteOffset":445,"line":15,"column":24}},"coreStart":1396,"members":[{"index":0,"name":[["str","PsElabRecursionWalkResult"]],"role":"structureType"},{"index":1,"name":[["str","PsElabRecursionWalkResult"],["str","mk"]],"role":"constructor"},{"index":2,"name":[["str","PsElabRecursionWalkResult"],["str","rec"]],"role":"recursor"}],"normalization":null},{"sourceIndex":2,"sourceName":["psElabRecursionContains"],"span":{"start":{"byteOffset":447,"line":17,"column":1},"stop":{"byteOffset":751,"line":22,"column":82}},"coreStart":1399,"members":[{"index":0,"name":[["str","psElabRecursionContains"]],"role":"sourceDeclaration"}],"normalization":null},{"sourceIndex":3,"sourceName":["psElabRecursionLocalId"],"span":{"start":{"byteOffset":753,"line":24,"column":1},"stop":{"byteOffset":1210,"line":34,"column":21}},"coreStart":1400,"members":[{"index":0,"name":[["str","psElabRecursionLocalId"]],"role":"sourceDeclaration"}],"normalization":null},{"sourceIndex":4,"sourceName":["psElabRecursionIsSelf"],"span":{"start":{"byteOffset":1212,"line":36,"column":1},"stop":{"byteOffset":1709,"line":49,"column":15}},"coreStart":1401,"members":[{"index":0,"name":[["str","psElabRecursionIsSelf"]],"role":"sourceDeclaration"}],"normalization":null},{"sourceIndex":5,"sourceName":["psElabRecursionParameterName"],"span":{"start":{"byteOffset":1869,"line":53,"column":1},"stop":{"byteOffset":2045,"line":56,"column":9}},"coreStart":1402,"members":[{"index":0,"name":[["str","psElabRecursionParameterName"]],"role":"sourceDeclaration"}],"normalization":null},{"sourceIndex":6,"sourceName":["psElabRecursionPushName"],"span":{"start":{"byteOffset":2047,"line":58,"column":1},"stop":{"byteOffset":2379,"line":65,"column":21}},"coreStart":1403,"members":[{"index":0,"name":[["str","psElabRecursionPushName"]],"role":"sourceDeclaration"}],"normalization":null},{"sourceIndex":7,"sourceName":["psElabRecursionPushNames"],"span":{"start":{"byteOffset":2381,"line":67,"column":1},"stop":{"byteOffset":2772,"line":75,"column":54}},"coreStart":1404,"members":[{"index":0,"name":[["str","psElabRecursionPushNames"]],"role":"sourceDeclaration"}],"normalization":null},{"sourceIndex":8,"sourceName":["psElabRecursionPatternContext"],"span":{"start":{"byteOffset":2775,"line":77,"column":1},"stop":{"byteOffset":3009,"line":81,"column":17}},"coreStart":1405,"members":[{"index":0,"name":[["str","psElabRecursionPatternContext"]],"role":"sourceDeclaration"}],"normalization":null},{"sourceIndex":9,"sourceName":["psElabRecursionChangedArguments"],"span":{"start":{"byteOffset":3011,"line":83,"column":1},"stop":{"byteOffset":4266,"line":108,"column":67}},"coreStart":1406,"members":[{"index":0,"name":[["str","psElabRecursionChangedArguments"]],"role":"sourceDeclaration"}],"normalization":null},{"sourceIndex":10,"sourceName":["psElabRecursionSelectArguments"],"span":{"start":{"byteOffset":4269,"line":110,"column":1},"stop":{"byteOffset":5129,"line":127,"column":50}},"coreStart":1407,"members":[{"index":0,"name":[["str","psElabRecursionSelectArguments"]],"role":"sourceDeclaration"}],"normalization":null},{"sourceIndex":11,"sourceName":["psElabRecursionWalkTerms"],"span":{"start":{"byteOffset":5132,"line":129,"column":1},"stop":{"byteOffset":6107,"line":151,"column":63}},"coreStart":1408,"members":[{"index":0,"name":[["str","psElabRecursionWalkTerms"]],"role":"sourceDeclaration"}],"normalization":null},{"sourceIndex":12,"sourceName":["psElabRecursionWalkFields"],"span":{"start":{"byteOffset":6112,"line":153,"column":1},"stop":{"byteOffset":7194,"line":175,"column":64}},"coreStart":1409,"members":[{"index":0,"name":[["str","psElabRecursionWalkFields"]],"role":"sourceDeclaration"}],"normalization":null},{"sourceIndex":13,"sourceName":["PsElabRecursionBinderWalk"],"span":{"start":{"byteOffset":7199,"line":177,"column":1},"stop":{"byteOffset":7347,"line":180,"column":24}},"coreStart":1410,"members":[{"index":0,"name":[["str","PsElabRecursionBinderWalk"]],"role":"structureType"},{"index":1,"name":[["str","PsElabRecursionBinderWalk"],["str","mk"]],"role":"constructor"},{"index":2,"name":[["str","PsElabRecursionBinderWalk"],["str","rec"]],"role":"recursor"}],"normalization":null},{"sourceIndex":14,"sourceName":["psElabRecursionWalkBinders"],"span":{"start":{"byteOffset":7349,"line":182,"column":1},"stop":{"byteOffset":8509,"line":205,"column":64}},"coreStart":1413,"members":[{"index":0,"name":[["str","psElabRecursionWalkBinders"]],"role":"sourceDeclaration"}],"normalization":null},{"sourceIndex":15,"sourceName":["psElabRecursionWalkAlternatives"],"span":{"start":{"byteOffset":8513,"line":207,"column":1},"stop":{"byteOffset":9898,"line":235,"column":63}},"coreStart":1414,"members":[{"index":0,"name":[["str","psElabRecursionWalkAlternatives"]],"role":"sourceDeclaration"}],"normalization":null},{"sourceIndex":16,"sourceName":["psElabRecursionWalkOptionalType"],"span":{"start":{"byteOffset":9903,"line":237,"column":1},"stop":{"byteOffset":10455,"line":248,"column":73}},"coreStart":1415,"members":[{"index":0,"name":[["str","psElabRecursionWalkOptionalType"]],"role":"sourceDeclaration"}],"normalization":null},{"sourceIndex":17,"sourceName":["psElabRecursionRewriteCall"],"span":{"start":{"byteOffset":10458,"line":250,"column":1},"stop":{"byteOffset":11647,"line":270,"column":81}},"coreStart":1416,"members":[{"index":0,"name":[["str","psElabRecursionRewriteCall"]],"role":"sourceDeclaration"}],"normalization":null},{"sourceIndex":18,"sourceName":["psElabRecursionWalkWithFuel"],"span":{"start":{"byteOffset":11650,"line":272,"column":1},"stop":{"byteOffset":18760,"line":391,"column":71}},"coreStart":1417,"members":[{"index":0,"name":[["str","psElabRecursionWalkWithFuel"]],"role":"sourceDeclaration"}],"normalization":null},{"sourceIndex":19,"sourceName":["psElabRecursionParameterIds"],"span":{"start":{"byteOffset":18763,"line":393,"column":1},"stop":{"byteOffset":18978,"line":397,"column":60}},"coreStart":1418,"members":[{"index":0,"name":[["str","psElabRecursionParameterIds"]],"role":"sourceDeclaration"}],"normalization":null},{"sourceIndex":20,"sourceName":["psElabRecursionExplicitIds"],"span":{"start":{"byteOffset":18981,"line":399,"column":1},"stop":{"byteOffset":19313,"line":406,"column":21}},"coreStart":1419,"members":[{"index":0,"name":[["str","psElabRecursionExplicitIds"]],"role":"sourceDeclaration"}],"normalization":null},{"sourceIndex":21,"sourceName":["psElabRecursionHasFreeVariable"],"span":{"start":{"byteOffset":19477,"line":410,"column":1},"stop":{"byteOffset":20485,"line":432,"column":15}},"coreStart":1420,"members":[{"index":0,"name":[["str","psElabRecursionHasFreeVariable"]],"role":"sourceDeclaration"}],"normalization":null},{"sourceIndex":22,"sourceName":["psElabRecursionLevelIsProp"],"span":{"start":{"byteOffset":20487,"line":434,"column":1},"stop":{"byteOffset":20784,"line":440,"column":15}},"coreStart":1421,"members":[{"index":0,"name":[["str","psElabRecursionLevelIsProp"]],"role":"sourceDeclaration"}],"normalization":null},{"sourceIndex":23,"sourceName":["psElabRecursionStateIsRuntime"],"span":{"start":{"byteOffset":20786,"line":442,"column":1},"stop":{"byteOffset":21359,"line":452,"column":23}},"coreStart":1422,"members":[{"index":0,"name":[["str","psElabRecursionStateIsRuntime"]],"role":"sourceDeclaration"}],"normalization":null},{"sourceIndex":24,"sourceName":["psElabRecursionCheckDomains"],"span":{"start":{"byteOffset":21361,"line":454,"column":1},"stop":{"byteOffset":22222,"line":469,"column":74}},"coreStart":1423,"members":[{"index":0,"name":[["str","psElabRecursionCheckDomains"]],"role":"sourceDeclaration"}],"normalization":null},{"sourceIndex":25,"sourceName":["psElabRecursionSelectedBinders"],"span":{"start":{"byteOffset":22224,"line":471,"column":1},"stop":{"byteOffset":23238,"line":489,"column":46}},"coreStart":1424,"members":[{"index":0,"name":[["str","psElabRecursionSelectedBinders"]],"role":"sourceDeclaration"}],"normalization":null},{"sourceIndex":26,"sourceName":["psElabRecursionSelectedValues"],"span":{"start":{"byteOffset":23241,"line":491,"column":1},"stop":{"byteOffset":23860,"line":503,"column":53}},"coreStart":1425,"members":[{"index":0,"name":[["str","psElabRecursionSelectedValues"]],"role":"sourceDeclaration"}],"normalization":null},{"sourceIndex":27,"sourceName":["psElabRecursionRenameParameters"],"span":{"start":{"byteOffset":23862,"line":505,"column":1},"stop":{"byteOffset":25952,"line":542,"column":74}},"coreStart":1426,"members":[{"index":0,"name":[["str","psElabRecursionRenameParameters"]],"role":"sourceDeclaration"}],"normalization":null},{"sourceIndex":28,"sourceName":["psElabRecursionWrapAlternatives"],"span":{"start":{"byteOffset":25955,"line":544,"column":1},"stop":{"byteOffset":26562,"line":557,"column":52}},"coreStart":1427,"members":[{"index":0,"name":[["str","psElabRecursionWrapAlternatives"]],"role":"sourceDeclaration"}],"normalization":null},{"sourceIndex":29,"sourceName":["PsElabStructuralNormalization"],"span":{"start":{"byteOffset":26565,"line":559,"column":1},"stop":{"byteOffset":26903,"line":568,"column":32}},"coreStart":1428,"members":[{"index":0,"name":[["str","PsElabStructuralNormalization"]],"role":"structureType"},{"index":1,"name":[["str","PsElabStructuralNormalization"],["str","mk"]],"role":"constructor"},{"index":2,"name":[["str","PsElabStructuralNormalization"],["str","rec"]],"role":"recursor"}],"normalization":null},{"sourceIndex":30,"sourceName":["PsElabNormalizationOrigin"],"span":{"start":{"byteOffset":27062,"line":572,"column":1},"stop":{"byteOffset":27295,"line":578,"column":29}},"coreStart":1431,"members":[{"index":0,"name":[["str","PsElabNormalizationOrigin"]],"role":"structureType"},{"index":1,"name":[["str","PsElabNormalizationOrigin"],["str","mk"]],"role":"constructor"},{"index":2,"name":[["str","PsElabNormalizationOrigin"],["str","rec"]],"role":"recursor"}],"normalization":null},{"sourceIndex":31,"sourceName":["PsElabStructuralNormalizationWithOrigin"],"span":{"start":{"byteOffset":27297,"line":580,"column":1},"stop":{"byteOffset":27437,"line":582,"column":37}},"coreStart":1434,"members":[{"index":0,"name":[["str","PsElabStructuralNormalizationWithOrigin"]],"role":"structureType"},{"index":1,"name":[["str","PsElabStructuralNormalizationWithOrigin"],["str","mk"]],"role":"constructor"},{"index":2,"name":[["str","PsElabStructuralNormalizationWithOrigin"],["str","rec"]],"role":"recursor"}],"normalization":null},{"sourceIndex":32,"sourceName":["psElabRecursionBuildNormalizationWithOrigin"],"span":{"start":{"byteOffset":27439,"line":584,"column":1},"stop":{"byteOffset":31406,"line":648,"column":80}},"coreStart":1437,"members":[{"index":0,"name":[["str","psElabRecursionBuildNormalizationWithOrigin"]],"role":"sourceDeclaration"}],"normalization":null},{"sourceIndex":33,"sourceName":["psElabRecursionBuildNormalization"],"span":{"start":{"byteOffset":31408,"line":650,"column":1},"stop":{"byteOffset":31976,"line":661,"column":55}},"coreStart":1438,"members":[{"index":0,"name":[["str","psElabRecursionBuildNormalization"]],"role":"sourceDeclaration"}],"normalization":null},{"sourceIndex":34,"sourceName":["psElabRecursionTermCallback"],"span":{"start":{"byteOffset":31978,"line":663,"column":1},"stop":{"byteOffset":32168,"line":666,"column":35}},"coreStart":1439,"members":[{"index":0,"name":[["str","psElabRecursionTermCallback"]],"role":"sourceDeclaration"}],"normalization":null},{"sourceIndex":35,"sourceName":["psElabPlanStructuralNormalizationWithOrigin"],"span":{"start":{"byteOffset":32170,"line":668,"column":1},"stop":{"byteOffset":35088,"line":712,"column":31}},"coreStart":1440,"members":[{"index":0,"name":[["str","psElabPlanStructuralNormalizationWithOrigin"]],"role":"sourceDeclaration"}],"normalization":null},{"sourceIndex":36,"sourceName":["psElabPlanStructuralNormalization"],"span":{"start":{"byteOffset":35165,"line":715,"column":1},"stop":{"byteOffset":35799,"line":726,"column":82}},"coreStart":1441,"members":[{"index":0,"name":[["str","psElabPlanStructuralNormalization"]],"role":"sourceDeclaration"}],"normalization":null}]},{"moduleName":["Ps","Elab","Declaration"],"coreStart":1442,"batches":[{"sourceIndex":0,"sourceName":["PsElabDeclarationResult"],"span":{"start":{"byteOffset":77,"line":5,"column":1},"stop":{"byteOffset":176,"line":7,"column":30}},"coreStart":1442,"members":[{"index":0,"name":[["str","PsElabDeclarationResult"]],"role":"structureType"},{"index":1,"name":[["str","PsElabDeclarationResult"],["str","mk"]],"role":"constructor"},{"index":2,"name":[["str","PsElabDeclarationResult"],["str","rec"]],"role":"recursor"}],"normalization":null},{"sourceIndex":1,"sourceName":["PsElabDeclarationBatchResult"],"span":{"start":{"byteOffset":178,"line":9,"column":1},"stop":{"byteOffset":258,"line":10,"column":36}},"coreStart":1445,"members":[{"index":0,"name":[["str","PsElabDeclarationBatchResult"]],"role":"structureType"},{"index":1,"name":[["str","PsElabDeclarationBatchResult"],["str","mk"]],"role":"constructor"},{"index":2,"name":[["str","PsElabDeclarationBatchResult"],["str","rec"]],"role":"recursor"}],"normalization":null},{"sourceIndex":2,"sourceName":["PsElabConstructorBuildResult"],"span":{"start":{"byteOffset":260,"line":12,"column":1},"stop":{"byteOffset":368,"line":14,"column":38}},"coreStart":1448,"members":[{"index":0,"name":[["str","PsElabConstructorBuildResult"]],"role":"structureType"},{"index":1,"name":[["str","PsElabConstructorBuildResult"],["str","mk"]],"role":"constructor"},{"index":2,"name":[["str","PsElabConstructorBuildResult"],["str","rec"]],"role":"recursor"}],"normalization":null},{"sourceIndex":3,"sourceName":["PsElabModuleResult"],"span":{"start":{"byteOffset":370,"line":16,"column":1},"stop":{"byteOffset":470,"line":18,"column":36}},"coreStart":1451,"members":[{"index":0,"name":[["str","PsElabModuleResult"]],"role":"structureType"},{"index":1,"name":[["str","PsElabModuleResult"],["str","mk"]],"role":"constructor"},{"index":2,"name":[["str","PsElabModuleResult"],["str","rec"]],"role":"recursor"}],"normalization":null},{"sourceIndex":4,"sourceName":["PsElabOriginRole"],"span":{"start":{"byteOffset":627,"line":22,"column":1},"stop":{"byteOffset":785,"line":29,"column":18}},"coreStart":1454,"members":[{"index":0,"name":[["str","PsElabOriginRole"]],"role":"inductiveType"},{"index":1,"name":[["str","PsElabOriginRole"],["str","sourceDeclaration"]],"role":"constructor"},{"index":2,"name":[["str","PsElabOriginRole"],["str","inductiveType"]],"role":"constructor"},{"index":3,"name":[["str","PsElabOriginRole"],["str","structureType"]],"role":"constructor"},{"index":4,"name":[["str","PsElabOriginRole"],["str","constructor"]],"role":"constructor"},{"index":5,"name":[["str","PsElabOriginRole"],["str","recursor"]],"role":"constructor"},{"index":6,"name":[["str","PsElabOriginRole"],["str","normalizedWorker"]],"role":"constructor"},{"index":7,"name":[["str","PsElabOriginRole"],["str","publicWrapper"]],"role":"constructor"},{"index":8,"name":[["str","PsElabOriginRole"],["str","rec"]],"role":"recursor"}],"normalization":null},{"sourceIndex":5,"sourceName":["PsElabOriginPhase"],"span":{"start":{"byteOffset":787,"line":31,"column":1},"stop":{"byteOffset":932,"line":36,"column":25}},"coreStart":1463,"members":[{"index":0,"name":[["str","PsElabOriginPhase"]],"role":"inductiveType"},{"index":1,"name":[["str","PsElabOriginPhase"],["str","stableDeclaration"]],"role":"constructor"},{"index":2,"name":[["str","PsElabOriginPhase"],["str","normalizationPlanning"]],"role":"constructor"},{"index":3,"name":[["str","PsElabOriginPhase"],["str","normalizedWorker"]],"role":"constructor"},{"index":4,"name":[["str","PsElabOriginPhase"],["str","publicWrapper"]],"role":"constructor"},{"index":5,"name":[["str","PsElabOriginPhase"],["str","declarationInsertion"]],"role":"constructor"},{"index":6,"name":[["str","PsElabOriginPhase"],["str","rec"]],"role":"recursor"}],"normalization":null},{"sourceIndex":6,"sourceName":["PsElabMemberOrigin"],"span":{"start":{"byteOffset":934,"line":38,"column":1},"stop":{"byteOffset":1024,"line":41,"column":26}},"coreStart":1470,"members":[{"index":0,"name":[["str","PsElabMemberOrigin"]],"role":"structureType"},{"index":1,"name":[["str","PsElabMemberOrigin"],["str","mk"]],"role":"constructor"},{"index":2,"name":[["str","PsElabMemberOrigin"],["str","rec"]],"role":"recursor"}],"normalization":null},{"sourceIndex":7,"sourceName":["PsElabBatchOrigin"],"span":{"start":{"byteOffset":1026,"line":43,"column":1},"stop":{"byteOffset":1216,"line":48,"column":51}},"coreStart":1473,"members":[{"index":0,"name":[["str","PsElabBatchOrigin"]],"role":"structureType"},{"index":1,"name":[["str","PsElabBatchOrigin"],["str","mk"]],"role":"constructor"},{"index":2,"name":[["str","PsElabBatchOrigin"],["str","rec"]],"role":"recursor"}],"normalization":null},{"sourceIndex":8,"sourceName":["PsElabOriginError"],"span":{"start":{"byteOffset":1218,"line":50,"column":1},"stop":{"byteOffset":1371,"line":55,"column":28}},"coreStart":1476,"members":[{"index":0,"name":[["str","PsElabOriginError"]],"role":"structureType"},{"index":1,"name":[["str","PsElabOriginError"],["str","mk"]],"role":"constructor"},{"index":2,"name":[["str","PsElabOriginError"],["str","rec"]],"role":"recursor"}],"normalization":null},{"sourceIndex":9,"sourceName":["PsElabDeclarationBatchWithOriginsResult"],"span":{"start":{"byteOffset":1373,"line":57,"column":1},"stop":{"byteOffset":1497,"line":59,"column":29}},"coreStart":1479,"members":[{"index":0,"name":[["str","PsElabDeclarationBatchWithOriginsResult"]],"role":"structureType"},{"index":1,"name":[["str","PsElabDeclarationBatchWithOriginsResult"],["str","mk"]],"role":"constructor"},{"index":2,"name":[["str","PsElabDeclarationBatchWithOriginsResult"],["str","rec"]],"role":"recursor"}],"normalization":null},{"sourceIndex":10,"sourceName":["PsElabModuleWithOriginsResult"],"span":{"start":{"byteOffset":1499,"line":61,"column":1},"stop":{"byteOffset":1609,"line":63,"column":35}},"coreStart":1482,"members":[{"index":0,"name":[["str","PsElabModuleWithOriginsResult"]],"role":"structureType"},{"index":1,"name":[["str","PsElabModuleWithOriginsResult"],["str","mk"]],"role":"constructor"},{"index":2,"name":[["str","PsElabModuleWithOriginsResult"],["str","rec"]],"role":"recursor"}],"normalization":null},{"sourceIndex":11,"sourceName":["PsElabOriginPhaseError"],"span":{"start":{"byteOffset":1691,"line":66,"column":1},"stop":{"byteOffset":1779,"line":68,"column":28}},"coreStart":1485,"members":[{"index":0,"name":[["str","PsElabOriginPhaseError"]],"role":"structureType"},{"index":1,"name":[["str","PsElabOriginPhaseError"],["str","mk"]],"role":"constructor"},{"index":2,"name":[["str","PsElabOriginPhaseError"],["str","rec"]],"role":"recursor"}],"normalization":null},{"sourceIndex":12,"sourceName":["PsElabNormalizedDefinitionResult"],"span":{"start":{"byteOffset":1781,"line":70,"column":1},"stop":{"byteOffset":1890,"line":72,"column":36}},"coreStart":1488,"members":[{"index":0,"name":[["str","PsElabNormalizedDefinitionResult"]],"role":"structureType"},{"index":1,"name":[["str","PsElabNormalizedDefinitionResult"],["str","mk"]],"role":"constructor"},{"index":2,"name":[["str","PsElabNormalizedDefinitionResult"],["str","rec"]],"role":"recursor"}],"normalization":null},{"sourceIndex":13,"sourceName":["psElabOriginSource"],"span":{"start":{"byteOffset":1892,"line":74,"column":1},"stop":{"byteOffset":2377,"line":81,"column":73}},"coreStart":1491,"members":[{"index":0,"name":[["str","psElabOriginSource"]],"role":"sourceDeclaration"}],"normalization":null},{"sourceIndex":14,"sourceName":["psElabOriginErrorAt"],"span":{"start":{"byteOffset":2379,"line":83,"column":1},"stop":{"byteOffset":2715,"line":88,"column":58}},"coreStart":1492,"members":[{"index":0,"name":[["str","psElabOriginErrorAt"]],"role":"sourceDeclaration"}],"normalization":null},{"sourceIndex":15,"sourceName":["psElabBatchOriginAt"],"span":{"start":{"byteOffset":2717,"line":90,"column":1},"stop":{"byteOffset":3104,"line":96,"column":74}},"coreStart":1493,"members":[{"index":0,"name":[["str","psElabBatchOriginAt"]],"role":"sourceDeclaration"}],"normalization":null},{"sourceIndex":16,"sourceName":["psElabStableMemberRole"],"span":{"start":{"byteOffset":3106,"line":98,"column":1},"stop":{"byteOffset":3527,"line":105,"column":44}},"coreStart":1494,"members":[{"index":0,"name":[["str","psElabStableMemberRole"]],"role":"sourceDeclaration"}],"normalization":null},{"sourceIndex":17,"sourceName":["psElabStableMemberOrigins"],"span":{"start":{"byteOffset":3529,"line":107,"column":1},"stop":{"byteOffset":3915,"line":115,"column":56}},"coreStart":1495,"members":[{"index":0,"name":[["str","psElabStableMemberOrigins"],["str","$psc0SH"],["num","0"]],"role":"normalizedWorker"},{"index":1,"name":[["str","psElabStableMemberOrigins"]],"role":"publicWrapper"}],"normalization":{"functionName":[["str","psElabStableMemberOrigins"]],"workerName":[["str","psElabStableMemberOrigins"],["str","$psc0SH"],["num","0"]],"parameterIds":["0","1"],"explicitIds":["0","1"],"majorId":"0","generalizedIds":["1"],"workerBinderCount":1,"workerTypeKind":"forallE","workerValueKind":"matchE","actualWorkerSyntaxRetained":true}},{"sourceIndex":18,"sourceName":["psElabExplicitParameterIds"],"span":{"start":{"byteOffset":3919,"line":117,"column":1},"stop":{"byteOffset":4289,"line":129,"column":18}},"coreStart":1497,"members":[{"index":0,"name":[["str","psElabExplicitParameterIds"]],"role":"sourceDeclaration"}],"normalization":null},{"sourceIndex":19,"sourceName":["psElabFindNatIndexWorker"],"span":{"start":{"byteOffset":4291,"line":131,"column":1},"stop":{"byteOffset":4719,"line":145,"column":34}},"coreStart":1498,"members":[{"index":0,"name":[["str","psElabFindNatIndexWorker"]],"role":"sourceDeclaration"}],"normalization":null},{"sourceIndex":20,"sourceName":["psElabFindNatIndex"],"span":{"start":{"byteOffset":4722,"line":147,"column":1},"stop":{"byteOffset":4868,"line":151,"column":47}},"coreStart":1499,"members":[{"index":0,"name":[["str","psElabFindNatIndex"]],"role":"sourceDeclaration"}],"normalization":null},{"sourceIndex":21,"sourceName":["psElabStructuralRecursionFromSource"],"span":{"start":{"byteOffset":4870,"line":153,"column":1},"stop":{"byteOffset":6792,"line":204,"column":18}},"coreStart":1500,"members":[{"index":0,"name":[["str","psElabStructuralRecursionFromSource"]],"role":"sourceDeclaration"}],"normalization":null},{"sourceIndex":22,"sourceName":["psElabDeclarationTermCallback"],"span":{"start":{"byteOffset":6794,"line":206,"column":1},"stop":{"byteOffset":6994,"line":211,"column":35}},"coreStart":1501,"members":[{"index":0,"name":[["str","psElabDeclarationTermCallback"]],"role":"sourceDeclaration"}],"normalization":null},{"sourceIndex":23,"sourceName":["psElabDeclarationParts"],"span":{"start":{"byteOffset":6996,"line":213,"column":1},"stop":{"byteOffset":11117,"line":315,"column":40}},"coreStart":1502,"members":[{"index":0,"name":[["str","psElabDeclarationParts"]],"role":"sourceDeclaration"}],"normalization":null},{"sourceIndex":24,"sourceName":["psSyntaxConstructorCoreName"],"span":{"start":{"byteOffset":11120,"line":317,"column":1},"stop":{"byteOffset":11479,"line":328,"column":22}},"coreStart":1503,"members":[{"index":0,"name":[["str","psSyntaxConstructorCoreName"]],"role":"sourceDeclaration"}],"normalization":null},{"sourceIndex":25,"sourceName":["psElabInductiveConstructorNames"],"span":{"start":{"byteOffset":11481,"line":330,"column":1},"stop":{"byteOffset":12027,"line":345,"column":60}},"coreStart":1504,"members":[{"index":0,"name":[["str","psElabInductiveConstructorNames"]],"role":"sourceDeclaration"}],"normalization":null},{"sourceIndex":26,"sourceName":["psElabContextWithEnvironment"],"span":{"start":{"byteOffset":12030,"line":347,"column":1},"stop":{"byteOffset":12354,"line":356,"column":4}},"coreStart":1505,"members":[{"index":0,"name":[["str","psElabContextWithEnvironment"]],"role":"sourceDeclaration"}],"normalization":null},{"sourceIndex":27,"sourceName":["psElabBinderArgument"],"span":{"start":{"byteOffset":12356,"line":358,"column":1},"stop":{"byteOffset":12449,"line":360,"column":24}},"coreStart":1506,"members":[{"index":0,"name":[["str","psElabBinderArgument"]],"role":"sourceDeclaration"}],"normalization":null},{"sourceIndex":28,"sourceName":["psElabBinderArgumentsInOrder"],"span":{"start":{"byteOffset":12451,"line":362,"column":1},"stop":{"byteOffset":12711,"line":369,"column":43}},"coreStart":1507,"members":[{"index":0,"name":[["str","psElabBinderArgumentsInOrder"]],"role":"sourceDeclaration"}],"normalization":null},{"sourceIndex":29,"sourceName":["psElabBinderArguments"],"span":{"start":{"byteOffset":12714,"line":371,"column":1},"stop":{"byteOffset":12874,"line":374,"column":45}},"coreStart":1508,"members":[{"index":0,"name":[["str","psElabBinderArguments"]],"role":"sourceDeclaration"}],"normalization":null},{"sourceIndex":30,"sourceName":["psCloseElabImplicitBindersWorker"],"span":{"start":{"byteOffset":12877,"line":376,"column":1},"stop":{"byteOffset":13638,"line":397,"column":37}},"coreStart":1509,"members":[{"index":0,"name":[["str","psCloseElabImplicitBindersWorker"]],"role":"sourceDeclaration"}],"normalization":null},{"sourceIndex":31,"sourceName":["psCloseElabImplicitBinders"],"span":{"start":{"byteOffset":13640,"line":399,"column":1},"stop":{"byteOffset":13847,"line":406,"column":9}},"coreStart":1510,"members":[{"index":0,"name":[["str","psCloseElabImplicitBinders"]],"role":"sourceDeclaration"}],"normalization":null},{"sourceIndex":32,"sourceName":["psExprListAlphaEqWorker"],"span":{"start":{"byteOffset":13849,"line":408,"column":1},"stop":{"byteOffset":14457,"line":427,"column":20}},"coreStart":1511,"members":[{"index":0,"name":[["str","psExprListAlphaEqWorker"]],"role":"sourceDeclaration"}],"normalization":null},{"sourceIndex":33,"sourceName":["psExprListAlphaEq"],"span":{"start":{"byteOffset":14459,"line":429,"column":1},"stop":{"byteOffset":14578,"line":432,"column":37}},"coreStart":1512,"members":[{"index":0,"name":[["str","psExprListAlphaEq"]],"role":"sourceDeclaration"}],"normalization":null},{"sourceIndex":34,"sourceName":["psElabIsDirectRecursiveField"],"span":{"start":{"byteOffset":14580,"line":434,"column":1},"stop":{"byteOffset":15209,"line":457,"column":15}},"coreStart":1513,"members":[{"index":0,"name":[["str","psElabIsDirectRecursiveField"]],"role":"sourceDeclaration"}],"normalization":null},{"sourceIndex":35,"sourceName":["psElabContainerRecursiveName"],"span":{"start":{"byteOffset":15211,"line":459,"column":1},"stop":{"byteOffset":15401,"line":465,"column":30}},"coreStart":1514,"members":[{"index":0,"name":[["str","psElabContainerRecursiveName"]],"role":"sourceDeclaration"}],"normalization":null},{"sourceIndex":36,"sourceName":["psElabNestedRecursiveFieldTypeSupportedWithFuel"],"span":{"start":{"byteOffset":15403,"line":467,"column":1},"stop":{"byteOffset":17182,"line":513,"column":15}},"coreStart":1515,"members":[{"index":0,"name":[["str","psElabNestedRecursiveFieldTypeSupportedWithFuel"]],"role":"sourceDeclaration"}],"normalization":null},{"sourceIndex":37,"sourceName":["psElabNestedRecursiveFieldTypeSupported"],"span":{"start":{"byteOffset":17184,"line":515,"column":1},"stop":{"byteOffset":17372,"line":521,"column":9}},"coreStart":1516,"members":[{"index":0,"name":[["str","psElabNestedRecursiveFieldTypeSupported"]],"role":"sourceDeclaration"}],"normalization":null},{"sourceIndex":38,"sourceName":["psElabReverseNatListAcc"],"span":{"start":{"byteOffset":17374,"line":523,"column":1},"stop":{"byteOffset":17696,"line":532,"column":36}},"coreStart":1517,"members":[{"index":0,"name":[["str","psElabReverseNatListAcc"]],"role":"sourceDeclaration"}],"normalization":null},{"sourceIndex":39,"sourceName":["psElabReverseNatList"],"span":{"start":{"byteOffset":17699,"line":534,"column":1},"stop":{"byteOffset":17799,"line":535,"column":42}},"coreStart":1518,"members":[{"index":0,"name":[["str","psElabReverseNatList"]],"role":"sourceDeclaration"}],"normalization":null},{"sourceIndex":40,"sourceName":["psElabRecursiveFieldIndicesWorker"],"span":{"start":{"byteOffset":17801,"line":537,"column":1},"stop":{"byteOffset":19095,"line":578,"column":46}},"coreStart":1519,"members":[{"index":0,"name":[["str","psElabRecursiveFieldIndicesWorker"]],"role":"sourceDeclaration"}],"normalization":null},{"sourceIndex":41,"sourceName":["psElabRecursiveFieldIndices"],"span":{"start":{"byteOffset":19097,"line":580,"column":1},"stop":{"byteOffset":19464,"line":594,"column":15}},"coreStart":1520,"members":[{"index":0,"name":[["str","psElabRecursiveFieldIndices"]],"role":"sourceDeclaration"}],"normalization":null},{"sourceIndex":42,"sourceName":["psElabInductiveConstructor"],"span":{"start":{"byteOffset":19466,"line":596,"column":1},"stop":{"byteOffset":21608,"line":651,"column":38}},"coreStart":1521,"members":[{"index":0,"name":[["str","psElabInductiveConstructor"]],"role":"sourceDeclaration"}],"normalization":null},{"sourceIndex":43,"sourceName":["psSetConstructorIndex"],"span":{"start":{"byteOffset":21614,"line":655,"column":1},"stop":{"byteOffset":22045,"line":670,"column":21}},"coreStart":1522,"members":[{"index":0,"name":[["str","psSetConstructorIndex"]],"role":"sourceDeclaration"}],"normalization":null},{"sourceIndex":44,"sourceName":["psElabReverseDeclarationsAcc"],"span":{"start":{"byteOffset":22047,"line":672,"column":1},"stop":{"byteOffset":22479,"line":682,"column":43}},"coreStart":1523,"members":[{"index":0,"name":[["str","psElabReverseDeclarationsAcc"]],"role":"sourceDeclaration"}],"normalization":null},{"sourceIndex":45,"sourceName":["psElabReverseDeclarations"],"span":{"start":{"byteOffset":22482,"line":684,"column":1},"stop":{"byteOffset":22628,"line":686,"column":53}},"coreStart":1524,"members":[{"index":0,"name":[["str","psElabReverseDeclarations"]],"role":"sourceDeclaration"}],"normalization":null},{"sourceIndex":46,"sourceName":["psElabInductiveConstructorsWorker"],"span":{"start":{"byteOffset":22630,"line":688,"column":1},"stop":{"byteOffset":23857,"line":722,"column":34}},"coreStart":1525,"members":[{"index":0,"name":[["str","psElabInductiveConstructorsWorker"]],"role":"sourceDeclaration"}],"normalization":null},{"sourceIndex":47,"sourceName":["psElabInductiveConstructors"],"span":{"start":{"byteOffset":23860,"line":724,"column":1},"stop":{"byteOffset":24293,"line":738,"column":20}},"coreStart":1526,"members":[{"index":0,"name":[["str","psElabInductiveConstructors"]],"role":"sourceDeclaration"}],"normalization":null},{"sourceIndex":48,"sourceName":["psEnvironmentAddOwnedBootstrapDeclaration"],"span":{"start":{"byteOffset":24295,"line":740,"column":1},"stop":{"byteOffset":24825,"line":751,"column":45}},"coreStart":1527,"members":[{"index":0,"name":[["str","psEnvironmentAddOwnedBootstrapDeclaration"]],"role":"sourceDeclaration"}],"normalization":null},{"sourceIndex":49,"sourceName":["psAddDeclarationListWorker"],"span":{"start":{"byteOffset":24827,"line":753,"column":1},"stop":{"byteOffset":25432,"line":771,"column":47}},"coreStart":1528,"members":[{"index":0,"name":[["str","psAddDeclarationListWorker"],["str","$psc0SH"],["num","0"]],"role":"normalizedWorker"},{"index":1,"name":[["str","psAddDeclarationListWorker"]],"role":"publicWrapper"}],"normalization":{"functionName":[["str","psAddDeclarationListWorker"]],"workerName":[["str","psAddDeclarationListWorker"],["str","$psc0SH"],["num","0"]],"parameterIds":["0","1"],"explicitIds":["0","1"],"majorId":"0","generalizedIds":["1"],"workerBinderCount":1,"workerTypeKind":"forallE","workerValueKind":"matchE","actualWorkerSyntaxRetained":true}},{"sourceIndex":50,"sourceName":["psAddDeclarationList"],"span":{"start":{"byteOffset":25434,"line":773,"column":1},"stop":{"byteOffset":25628,"line":777,"column":54}},"coreStart":1530,"members":[{"index":0,"name":[["str","psAddDeclarationList"]],"role":"sourceDeclaration"}],"normalization":null},{"sourceIndex":51,"sourceName":["psOpenConstructorFieldsWorker"],"span":{"start":{"byteOffset":25630,"line":779,"column":1},"stop":{"byteOffset":27362,"line":831,"column":27}},"coreStart":1531,"members":[{"index":0,"name":[["str","psOpenConstructorFieldsWorker"]],"role":"sourceDeclaration"}],"normalization":null},{"sourceIndex":52,"sourceName":["psOpenConstructorFields"],"span":{"start":{"byteOffset":27365,"line":833,"column":1},"stop":{"byteOffset":27639,"line":843,"column":15}},"coreStart":1532,"members":[{"index":0,"name":[["str","psOpenConstructorFields"]],"role":"sourceDeclaration"}],"normalization":null},{"sourceIndex":53,"sourceName":["psElabExprAt"],"span":{"start":{"byteOffset":27641,"line":845,"column":1},"stop":{"byteOffset":28039,"line":858,"column":25}},"coreStart":1533,"members":[{"index":0,"name":[["str","psElabExprAt"]],"role":"sourceDeclaration"}],"normalization":null},{"sourceIndex":54,"sourceName":["psElabAppendExprs"],"span":{"start":{"byteOffset":28041,"line":860,"column":1},"stop":{"byteOffset":28376,"line":869,"column":38}},"coreStart":1534,"members":[{"index":0,"name":[["str","psElabAppendExprs"]],"role":"sourceDeclaration"}],"normalization":null},{"sourceIndex":55,"sourceName":["psElabAppendDeclarations"],"span":{"start":{"byteOffset":28379,"line":871,"column":1},"stop":{"byteOffset":28781,"line":881,"column":38}},"coreStart":1535,"members":[{"index":0,"name":[["str","psElabAppendDeclarations"]],"role":"sourceDeclaration"}],"normalization":null},{"sourceIndex":56,"sourceName":["psWrapRecursiveHypotheses"],"span":{"start":{"byteOffset":28784,"line":883,"column":1},"stop":{"byteOffset":29737,"line":911,"column":40}},"coreStart":1536,"members":[{"index":0,"name":[["str","psWrapRecursiveHypotheses"]],"role":"sourceDeclaration"}],"normalization":null},{"sourceIndex":57,"sourceName":["psBuildInductiveMinorType"],"span":{"start":{"byteOffset":29740,"line":913,"column":1},"stop":{"byteOffset":31275,"line":955,"column":50}},"coreStart":1537,"members":[{"index":0,"name":[["str","psBuildInductiveMinorType"]],"role":"sourceDeclaration"}],"normalization":null},{"sourceIndex":58,"sourceName":["PsElabRecursorMinorsResult"],"span":{"start":{"byteOffset":31277,"line":957,"column":1},"stop":{"byteOffset":31383,"line":959,"column":38}},"coreStart":1538,"members":[{"index":0,"name":[["str","PsElabRecursorMinorsResult"]],"role":"structureType"},{"index":1,"name":[["str","PsElabRecursorMinorsResult"],["str","mk"]],"role":"constructor"},{"index":2,"name":[["str","PsElabRecursorMinorsResult"],["str","rec"]],"role":"recursor"}],"normalization":null},{"sourceIndex":59,"sourceName":["psBuildRecursorMinorBindersWorker"],"span":{"start":{"byteOffset":31385,"line":961,"column":1},"stop":{"byteOffset":33323,"line":1017,"column":31}},"coreStart":1541,"members":[{"index":0,"name":[["str","psBuildRecursorMinorBindersWorker"]],"role":"sourceDeclaration"}],"normalization":null},{"sourceIndex":60,"sourceName":["psBuildRecursorMinorBinders"],"span":{"start":{"byteOffset":33326,"line":1019,"column":1},"stop":{"byteOffset":33718,"line":1033,"column":15}},"coreStart":1542,"members":[{"index":0,"name":[["str","psBuildRecursorMinorBinders"]],"role":"sourceDeclaration"}],"normalization":null},{"sourceIndex":61,"sourceName":["psBuildInductiveRecursor"],"span":{"start":{"byteOffset":33720,"line":1035,"column":1},"stop":{"byteOffset":36644,"line":1131,"column":45}},"coreStart":1543,"members":[{"index":0,"name":[["str","psBuildInductiveRecursor"]],"role":"sourceDeclaration"}],"normalization":null},{"sourceIndex":62,"sourceName":["psElabInductiveDeclaration"],"span":{"start":{"byteOffset":36649,"line":1133,"column":1},"stop":{"byteOffset":43078,"line":1271,"column":59}},"coreStart":1544,"members":[{"index":0,"name":[["str","psElabInductiveDeclaration"]],"role":"sourceDeclaration"}],"normalization":null},{"sourceIndex":63,"sourceName":["psElabStructureDeclaration"],"span":{"start":{"byteOffset":43082,"line":1275,"column":1},"stop":{"byteOffset":43735,"line":1297,"column":9}},"coreStart":1545,"members":[{"index":0,"name":[["str","psElabStructureDeclaration"]],"role":"sourceDeclaration"}],"normalization":null},{"sourceIndex":64,"sourceName":["psElabPartialDeclaration"],"span":{"start":{"byteOffset":43737,"line":1299,"column":1},"stop":{"byteOffset":48119,"line":1398,"column":46}},"coreStart":1546,"members":[{"index":0,"name":[["str","psElabPartialDeclaration"]],"role":"sourceDeclaration"}],"normalization":null},{"sourceIndex":65,"sourceName":["psElabDeclaration"],"span":{"start":{"byteOffset":48122,"line":1400,"column":1},"stop":{"byteOffset":48927,"line":1431,"column":47}},"coreStart":1547,"members":[{"index":0,"name":[["str","psElabDeclaration"]],"role":"sourceDeclaration"}],"normalization":null},{"sourceIndex":66,"sourceName":["psElabNormalizedDefinitionWithPhase"],"span":{"start":{"byteOffset":49251,"line":1437,"column":1},"stop":{"byteOffset":52281,"line":1490,"column":49}},"coreStart":1548,"members":[{"index":0,"name":[["str","psElabNormalizedDefinitionWithPhase"]],"role":"sourceDeclaration"}],"normalization":null},{"sourceIndex":67,"sourceName":["psElabNormalizedDefinitionBatch"],"span":{"start":{"byteOffset":52284,"line":1492,"column":1},"stop":{"byteOffset":52509,"line":1495,"column":74}},"coreStart":1549,"members":[{"index":0,"name":[["str","psElabNormalizedDefinitionBatch"]],"role":"sourceDeclaration"}],"normalization":null},{"sourceIndex":68,"sourceName":["psElabNormalizedDefinition"],"span":{"start":{"byteOffset":52513,"line":1497,"column":1},"stop":{"byteOffset":52923,"line":1503,"column":74}},"coreStart":1550,"members":[{"index":0,"name":[["str","psElabNormalizedDefinition"]],"role":"sourceDeclaration"}],"normalization":null},{"sourceIndex":69,"sourceName":["psElabDeclarationBatchStable"],"span":{"start":{"byteOffset":52926,"line":1505,"column":1},"stop":{"byteOffset":53712,"line":1531,"column":53}},"coreStart":1551,"members":[{"index":0,"name":[["str","psElabDeclarationBatchStable"]],"role":"sourceDeclaration"}],"normalization":null},{"sourceIndex":70,"sourceName":["psElabDeclarationBatchWithOrigins"],"span":{"start":{"byteOffset":53949,"line":1536,"column":1},"stop":{"byteOffset":56914,"line":1593,"column":56}},"coreStart":1552,"members":[{"index":0,"name":[["str","psElabDeclarationBatchWithOrigins"]],"role":"sourceDeclaration"}],"normalization":null},{"sourceIndex":71,"sourceName":["psElabDeclarationBatch"],"span":{"start":{"byteOffset":56917,"line":1595,"column":1},"stop":{"byteOffset":57236,"line":1600,"column":48}},"coreStart":1553,"members":[{"index":0,"name":[["str","psElabDeclarationBatch"]],"role":"sourceDeclaration"}],"normalization":null},{"sourceIndex":72,"sourceName":["psPrependBatchReverse"],"span":{"start":{"byteOffset":57238,"line":1602,"column":1},"stop":{"byteOffset":57466,"line":1608,"column":20}},"coreStart":1554,"members":[{"index":0,"name":[["str","psPrependBatchReverse"]],"role":"sourceDeclaration"}],"normalization":null},{"sourceIndex":73,"sourceName":["psElabDeclarationsWithOriginsWorker"],"span":{"start":{"byteOffset":57468,"line":1610,"column":1},"stop":{"byteOffset":58915,"line":1646,"column":38}},"coreStart":1555,"members":[{"index":0,"name":[["str","psElabDeclarationsWithOriginsWorker"],["str","$psc0SH"],["num","0"]],"role":"normalizedWorker"},{"index":1,"name":[["str","psElabDeclarationsWithOriginsWorker"]],"role":"publicWrapper"}],"normalization":{"functionName":[["str","psElabDeclarationsWithOriginsWorker"]],"workerName":[["str","psElabDeclarationsWithOriginsWorker"],["str","$psc0SH"],["num","0"]],"parameterIds":["0","1","2","3","4"],"explicitIds":["0","1","2","3","4"],"majorId":"0","generalizedIds":["1","2","3","4"],"workerBinderCount":1,"workerTypeKind":"forallE","workerValueKind":"matchE","actualWorkerSyntaxRetained":true}},{"sourceIndex":74,"sourceName":["psElabDeclarationsWorker"],"span":{"start":{"byteOffset":59076,"line":1650,"column":1},"stop":{"byteOffset":59474,"line":1658,"column":48}},"coreStart":1557,"members":[{"index":0,"name":[["str","psElabDeclarationsWorker"]],"role":"sourceDeclaration"}],"normalization":null},{"sourceIndex":75,"sourceName":["psElabDeclarations"],"span":{"start":{"byteOffset":59476,"line":1660,"column":1},"stop":{"byteOffset":59738,"line":1668,"column":20}},"coreStart":1558,"members":[{"index":0,"name":[["str","psElabDeclarations"]],"role":"sourceDeclaration"}],"normalization":null},{"sourceIndex":76,"sourceName":["psElabModuleWithOrigins"],"span":{"start":{"byteOffset":59740,"line":1670,"column":1},"stop":{"byteOffset":60001,"line":1675,"column":62}},"coreStart":1559,"members":[{"index":0,"name":[["str","psElabModuleWithOrigins"]],"role":"sourceDeclaration"}],"normalization":null},{"sourceIndex":77,"sourceName":["psElabModule"],"span":{"start":{"byteOffset":60003,"line":1677,"column":1},"stop":{"byteOffset":60289,"line":1683,"column":48}},"coreStart":1560,"members":[{"index":0,"name":[["str","psElabModule"]],"role":"sourceDeclaration"}],"normalization":null}]},{"moduleName":["Ps","CompilerIr","Model"],"coreStart":1561,"batches":[{"sourceIndex":0,"sourceName":["PsVerifiedIrPrimitiveType"],"span":{"start":{"byteOffset":0,"line":1,"column":1},"stop":{"byteOffset":219,"line":19,"column":9}},"coreStart":1561,"members":[{"index":0,"name":[["str","PsVerifiedIrPrimitiveType"]],"role":"inductiveType"},{"index":1,"name":[["str","PsVerifiedIrPrimitiveType"],["str","nat"]],"role":"constructor"},{"index":2,"name":[["str","PsVerifiedIrPrimitiveType"],["str","int"]],"role":"constructor"},{"index":3,"name":[["str","PsVerifiedIrPrimitiveType"],["str","uint8"]],"role":"constructor"},{"index":4,"name":[["str","PsVerifiedIrPrimitiveType"],["str","uint16"]],"role":"constructor"},{"index":5,"name":[["str","PsVerifiedIrPrimitiveType"],["str","uint32"]],"role":"constructor"},{"index":6,"name":[["str","PsVerifiedIrPrimitiveType"],["str","uint64"]],"role":"constructor"},{"index":7,"name":[["str","PsVerifiedIrPrimitiveType"],["str","usize"]],"role":"constructor"},{"index":8,"name":[["str","PsVerifiedIrPrimitiveType"],["str","int8"]],"role":"constructor"},{"index":9,"name":[["str","PsVerifiedIrPrimitiveType"],["str","int16"]],"role":"constructor"},{"index":10,"name":[["str","PsVerifiedIrPrimitiveType"],["str","int32"]],"role":"constructor"},{"index":11,"name":[["str","PsVerifiedIrPrimitiveType"],["str","int64"]],"role":"constructor"},{"index":12,"name":[["str","PsVerifiedIrPrimitiveType"],["str","isize"]],"role":"constructor"},{"index":13,"name":[["str","PsVerifiedIrPrimitiveType"],["str","float"]],"role":"constructor"},{"index":14,"name":[["str","PsVerifiedIrPrimitiveType"],["str","float32"]],"role":"constructor"},{"index":15,"name":[["str","PsVerifiedIrPrimitiveType"],["str","bool"]],"role":"constructor"},{"index":16,"name":[["str","PsVerifiedIrPrimitiveType"],["str","char"]],"role":"constructor"},{"index":17,"name":[["str","PsVerifiedIrPrimitiveType"],["str","string"]],"role":"constructor"},{"index":18,"name":[["str","PsVerifiedIrPrimitiveType"],["str","unit"]],"role":"constructor"},{"index":19,"name":[["str","PsVerifiedIrPrimitiveType"],["str","rec"]],"role":"recursor"}],"normalization":null},{"sourceIndex":1,"sourceName":["PsVerifiedIrType"],"span":{"start":{"byteOffset":221,"line":21,"column":1},"stop":{"byteOffset":512,"line":30,"column":42}},"coreStart":1581,"members":[{"index":0,"name":[["str","PsVerifiedIrType"]],"role":"inductiveType"},{"index":1,"name":[["str","PsVerifiedIrType"],["str","unknown"]],"role":"constructor"},{"index":2,"name":[["str","PsVerifiedIrType"],["str","typeParameter"]],"role":"constructor"},{"index":3,"name":[["str","PsVerifiedIrType"],["str","primitive"]],"role":"constructor"},{"index":4,"name":[["str","PsVerifiedIrType"],["str","function"]],"role":"constructor"},{"index":5,"name":[["str","PsVerifiedIrType"],["str","named"]],"role":"constructor"},{"index":6,"name":[["str","PsVerifiedIrType"],["str","rec"]],"role":"recursor"}],"normalization":null},{"sourceIndex":2,"sourceName":["PsVerifiedIrMachineIntegerType"],"span":{"start":{"byteOffset":514,"line":32,"column":1},"stop":{"byteOffset":662,"line":42,"column":10}},"coreStart":1588,"members":[{"index":0,"name":[["str","PsVerifiedIrMachineIntegerType"]],"role":"inductiveType"},{"index":1,"name":[["str","PsVerifiedIrMachineIntegerType"],["str","uint8"]],"role":"constructor"},{"index":2,"name":[["str","PsVerifiedIrMachineIntegerType"],["str","uint16"]],"role":"constructor"},{"index":3,"name":[["str","PsVerifiedIrMachineIntegerType"],["str","uint32"]],"role":"constructor"},{"index":4,"name":[["str","PsVerifiedIrMachineIntegerType"],["str","uint64"]],"role":"constructor"},{"index":5,"name":[["str","PsVerifiedIrMachineIntegerType"],["str","usize"]],"role":"constructor"},{"index":6,"name":[["str","PsVerifiedIrMachineIntegerType"],["str","int8"]],"role":"constructor"},{"index":7,"name":[["str","PsVerifiedIrMachineIntegerType"],["str","int16"]],"role":"constructor"},{"index":8,"name":[["str","PsVerifiedIrMachineIntegerType"],["str","int32"]],"role":"constructor"},{"index":9,"name":[["str","PsVerifiedIrMachineIntegerType"],["str","int64"]],"role":"constructor"},{"index":10,"name":[["str","PsVerifiedIrMachineIntegerType"],["str","isize"]],"role":"constructor"},{"index":11,"name":[["str","PsVerifiedIrMachineIntegerType"],["str","rec"]],"role":"recursor"}],"normalization":null},{"sourceIndex":3,"sourceName":["PsVerifiedIrIntegerBinaryOp"],"span":{"start":{"byteOffset":664,"line":44,"column":1},"stop":{"byteOffset":763,"line":50,"column":11}},"coreStart":1600,"members":[{"index":0,"name":[["str","PsVerifiedIrIntegerBinaryOp"]],"role":"inductiveType"},{"index":1,"name":[["str","PsVerifiedIrIntegerBinaryOp"],["str","add"]],"role":"constructor"},{"index":2,"name":[["str","PsVerifiedIrIntegerBinaryOp"],["str","sub"]],"role":"constructor"},{"index":3,"name":[["str","PsVerifiedIrIntegerBinaryOp"],["str","mul"]],"role":"constructor"},{"index":4,"name":[["str","PsVerifiedIrIntegerBinaryOp"],["str","bitAnd"]],"role":"constructor"},{"index":5,"name":[["str","PsVerifiedIrIntegerBinaryOp"],["str","bitOr"]],"role":"constructor"},{"index":6,"name":[["str","PsVerifiedIrIntegerBinaryOp"],["str","bitXor"]],"role":"constructor"},{"index":7,"name":[["str","PsVerifiedIrIntegerBinaryOp"],["str","rec"]],"role":"recursor"}],"normalization":null},{"sourceIndex":4,"sourceName":["PsVerifiedIrIntegerCompareOp"],"span":{"start":{"byteOffset":765,"line":52,"column":1},"stop":{"byteOffset":851,"line":58,"column":7}},"coreStart":1608,"members":[{"index":0,"name":[["str","PsVerifiedIrIntegerCompareOp"]],"role":"inductiveType"},{"index":1,"name":[["str","PsVerifiedIrIntegerCompareOp"],["str","eq"]],"role":"constructor"},{"index":2,"name":[["str","PsVerifiedIrIntegerCompareOp"],["str","ne"]],"role":"constructor"},{"index":3,"name":[["str","PsVerifiedIrIntegerCompareOp"],["str","lt"]],"role":"constructor"},{"index":4,"name":[["str","PsVerifiedIrIntegerCompareOp"],["str","le"]],"role":"constructor"},{"index":5,"name":[["str","PsVerifiedIrIntegerCompareOp"],["str","gt"]],"role":"constructor"},{"index":6,"name":[["str","PsVerifiedIrIntegerCompareOp"],["str","ge"]],"role":"constructor"},{"index":7,"name":[["str","PsVerifiedIrIntegerCompareOp"],["str","rec"]],"role":"recursor"}],"normalization":null},{"sourceIndex":5,"sourceName":["PsVerifiedIrFloatingType"],"span":{"start":{"byteOffset":853,"line":60,"column":1},"stop":{"byteOffset":915,"line":62,"column":12}},"coreStart":1616,"members":[{"index":0,"name":[["str","PsVerifiedIrFloatingType"]],"role":"inductiveType"},{"index":1,"name":[["str","PsVerifiedIrFloatingType"],["str","float"]],"role":"constructor"},{"index":2,"name":[["str","PsVerifiedIrFloatingType"],["str","float32"]],"role":"constructor"},{"index":3,"name":[["str","PsVerifiedIrFloatingType"],["str","rec"]],"role":"recursor"}],"normalization":null},{"sourceIndex":6,"sourceName":["PsVerifiedIrFloatBinaryOp"],"span":{"start":{"byteOffset":917,"line":64,"column":1},"stop":{"byteOffset":990,"line":68,"column":8}},"coreStart":1620,"members":[{"index":0,"name":[["str","PsVerifiedIrFloatBinaryOp"]],"role":"inductiveType"},{"index":1,"name":[["str","PsVerifiedIrFloatBinaryOp"],["str","add"]],"role":"constructor"},{"index":2,"name":[["str","PsVerifiedIrFloatBinaryOp"],["str","sub"]],"role":"constructor"},{"index":3,"name":[["str","PsVerifiedIrFloatBinaryOp"],["str","mul"]],"role":"constructor"},{"index":4,"name":[["str","PsVerifiedIrFloatBinaryOp"],["str","div"]],"role":"constructor"},{"index":5,"name":[["str","PsVerifiedIrFloatBinaryOp"],["str","rec"]],"role":"recursor"}],"normalization":null},{"sourceIndex":7,"sourceName":["PsVerifiedIrFloatCompareOp"],"span":{"start":{"byteOffset":992,"line":70,"column":1},"stop":{"byteOffset":1076,"line":76,"column":7}},"coreStart":1626,"members":[{"index":0,"name":[["str","PsVerifiedIrFloatCompareOp"]],"role":"inductiveType"},{"index":1,"name":[["str","PsVerifiedIrFloatCompareOp"],["str","eq"]],"role":"constructor"},{"index":2,"name":[["str","PsVerifiedIrFloatCompareOp"],["str","ne"]],"role":"constructor"},{"index":3,"name":[["str","PsVerifiedIrFloatCompareOp"],["str","lt"]],"role":"constructor"},{"index":4,"name":[["str","PsVerifiedIrFloatCompareOp"],["str","le"]],"role":"constructor"},{"index":5,"name":[["str","PsVerifiedIrFloatCompareOp"],["str","gt"]],"role":"constructor"},{"index":6,"name":[["str","PsVerifiedIrFloatCompareOp"],["str","ge"]],"role":"constructor"},{"index":7,"name":[["str","PsVerifiedIrFloatCompareOp"],["str","rec"]],"role":"recursor"}],"normalization":null},{"sourceIndex":8,"sourceName":["PsVerifiedIrLiteral"],"span":{"start":{"byteOffset":1078,"line":78,"column":1},"stop":{"byteOffset":1311,"line":86,"column":9}},"coreStart":1634,"members":[{"index":0,"name":[["str","PsVerifiedIrLiteral"]],"role":"inductiveType"},{"index":1,"name":[["str","PsVerifiedIrLiteral"],["str","natural"]],"role":"constructor"},{"index":2,"name":[["str","PsVerifiedIrLiteral"],["str","integer"]],"role":"constructor"},{"index":3,"name":[["str","PsVerifiedIrLiteral"],["str","machineInteger"]],"role":"constructor"},{"index":4,"name":[["str","PsVerifiedIrLiteral"],["str","string"]],"role":"constructor"},{"index":5,"name":[["str","PsVerifiedIrLiteral"],["str","bool"]],"role":"constructor"},{"index":6,"name":[["str","PsVerifiedIrLiteral"],["str","unit"]],"role":"constructor"},{"index":7,"name":[["str","PsVerifiedIrLiteral"],["str","rec"]],"role":"recursor"}],"normalization":null},{"sourceIndex":9,"sourceName":["PsVerifiedIrIntrinsic"],"span":{"start":{"byteOffset":1313,"line":88,"column":1},"stop":{"byteOffset":2396,"line":145,"column":15}},"coreStart":1642,"members":[{"index":0,"name":[["str","PsVerifiedIrIntrinsic"]],"role":"inductiveType"},{"index":1,"name":[["str","PsVerifiedIrIntrinsic"],["str","machineIntBinary"]],"role":"constructor"},{"index":2,"name":[["str","PsVerifiedIrIntrinsic"],["str","machineIntCompare"]],"role":"constructor"},{"index":3,"name":[["str","PsVerifiedIrIntrinsic"],["str","floatBinary"]],"role":"constructor"},{"index":4,"name":[["str","PsVerifiedIrIntrinsic"],["str","floatCompare"]],"role":"constructor"},{"index":5,"name":[["str","PsVerifiedIrIntrinsic"],["str","natAdd"]],"role":"constructor"},{"index":6,"name":[["str","PsVerifiedIrIntrinsic"],["str","natSub"]],"role":"constructor"},{"index":7,"name":[["str","PsVerifiedIrIntrinsic"],["str","natMul"]],"role":"constructor"},{"index":8,"name":[["str","PsVerifiedIrIntrinsic"],["str","natDiv"]],"role":"constructor"},{"index":9,"name":[["str","PsVerifiedIrIntrinsic"],["str","natMod"]],"role":"constructor"},{"index":10,"name":[["str","PsVerifiedIrIntrinsic"],["str","natEq"]],"role":"constructor"},{"index":11,"name":[["str","PsVerifiedIrIntrinsic"],["str","natNe"]],"role":"constructor"},{"index":12,"name":[["str","PsVerifiedIrIntrinsic"],["str","natLe"]],"role":"constructor"},{"index":13,"name":[["str","PsVerifiedIrIntrinsic"],["str","natLt"]],"role":"constructor"},{"index":14,"name":[["str","PsVerifiedIrIntrinsic"],["str","intOfNat"]],"role":"constructor"},{"index":15,"name":[["str","PsVerifiedIrIntrinsic"],["str","intRepr"]],"role":"constructor"},{"index":16,"name":[["str","PsVerifiedIrIntrinsic"],["str","intNegSucc"]],"role":"constructor"},{"index":17,"name":[["str","PsVerifiedIrIntrinsic"],["str","intNeg"]],"role":"constructor"},{"index":18,"name":[["str","PsVerifiedIrIntrinsic"],["str","intAdd"]],"role":"constructor"},{"index":19,"name":[["str","PsVerifiedIrIntrinsic"],["str","intSub"]],"role":"constructor"},{"index":20,"name":[["str","PsVerifiedIrIntrinsic"],["str","intMul"]],"role":"constructor"},{"index":21,"name":[["str","PsVerifiedIrIntrinsic"],["str","intEq"]],"role":"constructor"},{"index":22,"name":[["str","PsVerifiedIrIntrinsic"],["str","intLe"]],"role":"constructor"},{"index":23,"name":[["str","PsVerifiedIrIntrinsic"],["str","intLt"]],"role":"constructor"},{"index":24,"name":[["str","PsVerifiedIrIntrinsic"],["str","boolNot"]],"role":"constructor"},{"index":25,"name":[["str","PsVerifiedIrIntrinsic"],["str","boolAnd"]],"role":"constructor"},{"index":26,"name":[["str","PsVerifiedIrIntrinsic"],["str","boolOr"]],"role":"constructor"},{"index":27,"name":[["str","PsVerifiedIrIntrinsic"],["str","boolEq"]],"role":"constructor"},{"index":28,"name":[["str","PsVerifiedIrIntrinsic"],["str","boolNe"]],"role":"constructor"},{"index":29,"name":[["str","PsVerifiedIrIntrinsic"],["str","charOfNat"]],"role":"constructor"},{"index":30,"name":[["str","PsVerifiedIrIntrinsic"],["str","charToNat"]],"role":"constructor"},{"index":31,"name":[["str","PsVerifiedIrIntrinsic"],["str","stringPush"]],"role":"constructor"},{"index":32,"name":[["str","PsVerifiedIrIntrinsic"],["str","stringSingleton"]],"role":"constructor"},{"index":33,"name":[["str","PsVerifiedIrIntrinsic"],["str","stringLength"]],"role":"constructor"},{"index":34,"name":[["str","PsVerifiedIrIntrinsic"],["str","stringAppend"]],"role":"constructor"},{"index":35,"name":[["str","PsVerifiedIrIntrinsic"],["str","stringUtf8ByteSize"]],"role":"constructor"},{"index":36,"name":[["str","PsVerifiedIrIntrinsic"],["str","stringNext"]],"role":"constructor"},{"index":37,"name":[["str","PsVerifiedIrIntrinsic"],["str","stringGet"]],"role":"constructor"},{"index":38,"name":[["str","PsVerifiedIrIntrinsic"],["str","stringAtEnd"]],"role":"constructor"},{"index":39,"name":[["str","PsVerifiedIrIntrinsic"],["str","stringExtract"]],"role":"constructor"},{"index":40,"name":[["str","PsVerifiedIrIntrinsic"],["str","stringEq"]],"role":"constructor"},{"index":41,"name":[["str","PsVerifiedIrIntrinsic"],["str","arrayEmptyWithCapacity"]],"role":"constructor"},{"index":42,"name":[["str","PsVerifiedIrIntrinsic"],["str","arraySize"]],"role":"constructor"},{"index":43,"name":[["str","PsVerifiedIrIntrinsic"],["str","arrayPush"]],"role":"constructor"},{"index":44,"name":[["str","PsVerifiedIrIntrinsic"],["str","arrayGet"]],"role":"constructor"},{"index":45,"name":[["str","PsVerifiedIrIntrinsic"],["str","arrayGetD"]],"role":"constructor"},{"index":46,"name":[["str","PsVerifiedIrIntrinsic"],["str","arraySet"]],"role":"constructor"},{"index":47,"name":[["str","PsVerifiedIrIntrinsic"],["str","arraySetIfInBounds"]],"role":"constructor"},{"index":48,"name":[["str","PsVerifiedIrIntrinsic"],["str","arrayMap"]],"role":"constructor"},{"index":49,"name":[["str","PsVerifiedIrIntrinsic"],["str","arrayFoldl"]],"role":"constructor"},{"index":50,"name":[["str","PsVerifiedIrIntrinsic"],["str","rec"]],"role":"recursor"}],"normalization":null},{"sourceIndex":10,"sourceName":["PsVerifiedIrParameter"],"span":{"start":{"byteOffset":2398,"line":147,"column":1},"stop":{"byteOffset":2477,"line":149,"column":26}},"coreStart":1693,"members":[{"index":0,"name":[["str","PsVerifiedIrParameter"]],"role":"structureType"},{"index":1,"name":[["str","PsVerifiedIrParameter"],["str","mk"]],"role":"constructor"},{"index":2,"name":[["str","PsVerifiedIrParameter"],["str","rec"]],"role":"recursor"}],"normalization":null},{"sourceIndex":11,"sourceName":["PsVerifiedIrMatchBinding"],"span":{"start":{"byteOffset":2479,"line":151,"column":1},"stop":{"byteOffset":2578,"line":154,"column":26}},"coreStart":1696,"members":[{"index":0,"name":[["str","PsVerifiedIrMatchBinding"]],"role":"structureType"},{"index":1,"name":[["str","PsVerifiedIrMatchBinding"],["str","mk"]],"role":"constructor"},{"index":2,"name":[["str","PsVerifiedIrMatchBinding"],["str","rec"]],"role":"recursor"}],"normalization":null},{"sourceIndex":12,"sourceName":["PsVerifiedIrExpr"],"span":{"start":{"byteOffset":2580,"line":156,"column":1},"stop":{"byteOffset":4049,"line":202,"column":31}},"coreStart":1699,"members":[{"index":0,"name":[["str","PsVerifiedIrExpr"]],"role":"inductiveType"},{"index":1,"name":[["str","PsVerifiedIrExpr"],["str","literal"]],"role":"constructor"},{"index":2,"name":[["str","PsVerifiedIrExpr"],["str","var"]],"role":"constructor"},{"index":3,"name":[["str","PsVerifiedIrExpr"],["str","intrinsic"]],"role":"constructor"},{"index":4,"name":[["str","PsVerifiedIrExpr"],["str","lambda"]],"role":"constructor"},{"index":5,"name":[["str","PsVerifiedIrExpr"],["str","call"]],"role":"constructor"},{"index":6,"name":[["str","PsVerifiedIrExpr"],["str","letE"]],"role":"constructor"},{"index":7,"name":[["str","PsVerifiedIrExpr"],["str","ifE"]],"role":"constructor"},{"index":8,"name":[["str","PsVerifiedIrExpr"],["str","record"]],"role":"constructor"},{"index":9,"name":[["str","PsVerifiedIrExpr"],["str","projection"]],"role":"constructor"},{"index":10,"name":[["str","PsVerifiedIrExpr"],["str","constructor"]],"role":"constructor"},{"index":11,"name":[["str","PsVerifiedIrExpr"],["str","matchE"]],"role":"constructor"},{"index":12,"name":[["str","PsVerifiedIrExpr"],["str","rec"]],"role":"recursor"}],"normalization":null},{"sourceIndex":13,"sourceName":["PsVerifiedIrTypeParameter"],"span":{"start":{"byteOffset":4051,"line":204,"column":1},"stop":{"byteOffset":4108,"line":205,"column":16}},"coreStart":1712,"members":[{"index":0,"name":[["str","PsVerifiedIrTypeParameter"]],"role":"structureType"},{"index":1,"name":[["str","PsVerifiedIrTypeParameter"],["str","mk"]],"role":"constructor"},{"index":2,"name":[["str","PsVerifiedIrTypeParameter"],["str","rec"]],"role":"recursor"}],"normalization":null},{"sourceIndex":14,"sourceName":["PsVerifiedIrStructureField"],"span":{"start":{"byteOffset":4110,"line":207,"column":1},"stop":{"byteOffset":4194,"line":209,"column":26}},"coreStart":1715,"members":[{"index":0,"name":[["str","PsVerifiedIrStructureField"]],"role":"structureType"},{"index":1,"name":[["str","PsVerifiedIrStructureField"],["str","mk"]],"role":"constructor"},{"index":2,"name":[["str","PsVerifiedIrStructureField"],["str","rec"]],"role":"recursor"}],"normalization":null},{"sourceIndex":15,"sourceName":["PsVerifiedIrStructure"],"span":{"start":{"byteOffset":4196,"line":211,"column":1},"stop":{"byteOffset":4342,"line":214,"column":43}},"coreStart":1718,"members":[{"index":0,"name":[["str","PsVerifiedIrStructure"]],"role":"structureType"},{"index":1,"name":[["str","PsVerifiedIrStructure"],["str","mk"]],"role":"constructor"},{"index":2,"name":[["str","PsVerifiedIrStructure"],["str","rec"]],"role":"recursor"}],"normalization":null},{"sourceIndex":16,"sourceName":["PsVerifiedIrConstructorField"],"span":{"start":{"byteOffset":4344,"line":216,"column":1},"stop":{"byteOffset":4430,"line":218,"column":26}},"coreStart":1721,"members":[{"index":0,"name":[["str","PsVerifiedIrConstructorField"]],"role":"structureType"},{"index":1,"name":[["str","PsVerifiedIrConstructorField"],["str","mk"]],"role":"constructor"},{"index":2,"name":[["str","PsVerifiedIrConstructorField"],["str","rec"]],"role":"recursor"}],"normalization":null},{"sourceIndex":17,"sourceName":["PsVerifiedIrConstructor"],"span":{"start":{"byteOffset":4432,"line":220,"column":1},"stop":{"byteOffset":4532,"line":222,"column":45}},"coreStart":1724,"members":[{"index":0,"name":[["str","PsVerifiedIrConstructor"]],"role":"structureType"},{"index":1,"name":[["str","PsVerifiedIrConstructor"],["str","mk"]],"role":"constructor"},{"index":2,"name":[["str","PsVerifiedIrConstructor"],["str","rec"]],"role":"recursor"}],"normalization":null},{"sourceIndex":18,"sourceName":["PsVerifiedIrInductive"],"span":{"start":{"byteOffset":4534,"line":224,"column":1},"stop":{"byteOffset":4683,"line":227,"column":46}},"coreStart":1727,"members":[{"index":0,"name":[["str","PsVerifiedIrInductive"]],"role":"structureType"},{"index":1,"name":[["str","PsVerifiedIrInductive"],["str","mk"]],"role":"constructor"},{"index":2,"name":[["str","PsVerifiedIrInductive"],["str","rec"]],"role":"recursor"}],"normalization":null},{"sourceIndex":19,"sourceName":["PsVerifiedIrDeclaration"],"span":{"start":{"byteOffset":4685,"line":229,"column":1},"stop":{"byteOffset":4890,"line":234,"column":26}},"coreStart":1730,"members":[{"index":0,"name":[["str","PsVerifiedIrDeclaration"]],"role":"structureType"},{"index":1,"name":[["str","PsVerifiedIrDeclaration"],["str","mk"]],"role":"constructor"},{"index":2,"name":[["str","PsVerifiedIrDeclaration"],["str","rec"]],"role":"recursor"}],"normalization":null},{"sourceIndex":20,"sourceName":["PsVerifiedIrExternalImport"],"span":{"start":{"byteOffset":4892,"line":236,"column":1},"stop":{"byteOffset":5023,"line":240,"column":26}},"coreStart":1733,"members":[{"index":0,"name":[["str","PsVerifiedIrExternalImport"]],"role":"structureType"},{"index":1,"name":[["str","PsVerifiedIrExternalImport"],["str","mk"]],"role":"constructor"},{"index":2,"name":[["str","PsVerifiedIrExternalImport"],["str","rec"]],"role":"recursor"}],"normalization":null},{"sourceIndex":21,"sourceName":["PsVerifiedIrModule"],"span":{"start":{"byteOffset":5025,"line":242,"column":1},"stop":{"byteOffset":5233,"line":246,"column":46}},"coreStart":1736,"members":[{"index":0,"name":[["str","PsVerifiedIrModule"]],"role":"structureType"},{"index":1,"name":[["str","PsVerifiedIrModule"],["str","mk"]],"role":"constructor"},{"index":2,"name":[["str","PsVerifiedIrModule"],["str","rec"]],"role":"recursor"}],"normalization":null},{"sourceIndex":22,"sourceName":["psVerifiedIrModuleEmpty"],"span":{"start":{"byteOffset":5235,"line":248,"column":1},"stop":{"byteOffset":5377,"line":254,"column":4}},"coreStart":1739,"members":[{"index":0,"name":[["str","psVerifiedIrModuleEmpty"]],"role":"sourceDeclaration"}],"normalization":null}]},{"moduleName":["Ps","Erasure","Basic"],"coreStart":1740,"batches":[{"sourceIndex":0,"sourceName":["PsErasureNameIndex"],"span":{"start":{"byteOffset":393,"line":13,"column":1},"stop":{"byteOffset":551,"line":16,"column":51}},"coreStart":1740,"members":[{"index":0,"name":[["str","PsErasureNameIndex"]],"role":"inductiveType"},{"index":1,"name":[["str","PsErasureNameIndex"],["str","empty"]],"role":"constructor"},{"index":2,"name":[["str","PsErasureNameIndex"],["str","bucket"]],"role":"constructor"},{"index":3,"name":[["str","PsErasureNameIndex"],["str","branch"]],"role":"constructor"},{"index":4,"name":[["str","PsErasureNameIndex"],["str","rec"]],"role":"recursor"}],"normalization":null},{"sourceIndex":1,"sourceName":["psErasureIndexBucket"],"span":{"start":{"byteOffset":553,"line":18,"column":1},"stop":{"byteOffset":1296,"line":32,"column":24}},"coreStart":1745,"members":[{"index":0,"name":[["str","psErasureIndexBucket"]],"role":"sourceDeclaration"}],"normalization":null},{"sourceIndex":2,"sourceName":["psErasureIndexSet"],"span":{"start":{"byteOffset":1298,"line":34,"column":1},"stop":{"byteOffset":2408,"line":49,"column":84}},"coreStart":1746,"members":[{"index":0,"name":[["str","psErasureIndexSet"]],"role":"sourceDeclaration"}],"normalization":null},{"sourceIndex":3,"sourceName":["psErasureIndexFindInBucket"],"span":{"start":{"byteOffset":2411,"line":51,"column":1},"stop":{"byteOffset":2862,"line":58,"column":97}},"coreStart":1747,"members":[{"index":0,"name":[["str","psErasureIndexFindInBucket"]],"role":"sourceDeclaration"}],"normalization":null},{"sourceIndex":4,"sourceName":["psErasureIndexFind"],"span":{"start":{"byteOffset":2864,"line":60,"column":1},"stop":{"byteOffset":3077,"line":61,"column":107}},"coreStart":1748,"members":[{"index":0,"name":[["str","psErasureIndexFind"]],"role":"sourceDeclaration"}],"normalization":null},{"sourceIndex":5,"sourceName":["psErasureIndexInsert"],"span":{"start":{"byteOffset":3079,"line":63,"column":1},"stop":{"byteOffset":3371,"line":65,"column":114}},"coreStart":1749,"members":[{"index":0,"name":[["str","psErasureIndexInsert"]],"role":"sourceDeclaration"}],"normalization":null},{"sourceIndex":6,"sourceName":["psErasureIndexPrepend"],"span":{"start":{"byteOffset":3375,"line":67,"column":1},"stop":{"byteOffset":3888,"line":74,"column":85}},"coreStart":1750,"members":[{"index":0,"name":[["str","psErasureIndexPrepend"]],"role":"sourceDeclaration"}],"normalization":null},{"sourceIndex":7,"sourceName":["PsErasedBinderKind"],"span":{"start":{"byteOffset":3890,"line":76,"column":1},"stop":{"byteOffset":3955,"line":79,"column":12}},"coreStart":1751,"members":[{"index":0,"name":[["str","PsErasedBinderKind"]],"role":"inductiveType"},{"index":1,"name":[["str","PsErasedBinderKind"],["str","type"]],"role":"constructor"},{"index":2,"name":[["str","PsErasedBinderKind"],["str","proof"]],"role":"constructor"},{"index":3,"name":[["str","PsErasedBinderKind"],["str","runtime"]],"role":"constructor"},{"index":4,"name":[["str","PsErasedBinderKind"],["str","rec"]],"role":"recursor"}],"normalization":null},{"sourceIndex":8,"sourceName":["PsErasureEntryInfo"],"span":{"start":{"byteOffset":4115,"line":83,"column":1},"stop":{"byteOffset":4224,"line":86,"column":18}},"coreStart":1756,"members":[{"index":0,"name":[["str","PsErasureEntryInfo"]],"role":"structureType"},{"index":1,"name":[["str","PsErasureEntryInfo"],["str","mk"]],"role":"constructor"},{"index":2,"name":[["str","PsErasureEntryInfo"],["str","rec"]],"role":"recursor"}],"normalization":null},{"sourceIndex":9,"sourceName":["PsErasureDeclarationNames"],"span":{"start":{"byteOffset":4226,"line":88,"column":1},"stop":{"byteOffset":4405,"line":92,"column":50}},"coreStart":1759,"members":[{"index":0,"name":[["str","PsErasureDeclarationNames"]],"role":"structureType"},{"index":1,"name":[["str","PsErasureDeclarationNames"],["str","mk"]],"role":"constructor"},{"index":2,"name":[["str","PsErasureDeclarationNames"],["str","rec"]],"role":"recursor"}],"normalization":null},{"sourceIndex":10,"sourceName":["psErasureDeclarationNameIndex"],"span":{"start":{"byteOffset":4407,"line":94,"column":1},"stop":{"byteOffset":5027,"line":104,"column":23}},"coreStart":1762,"members":[{"index":0,"name":[["str","psErasureDeclarationNameIndex"]],"role":"sourceDeclaration"}],"normalization":null},{"sourceIndex":11,"sourceName":["PsErasureError"],"span":{"start":{"byteOffset":5029,"line":106,"column":1},"stop":{"byteOffset":5295,"line":115,"column":36}},"coreStart":1763,"members":[{"index":0,"name":[["str","PsErasureError"]],"role":"inductiveType"},{"index":1,"name":[["str","PsErasureError"],["str","fuelExhausted"]],"role":"constructor"},{"index":2,"name":[["str","PsErasureError"],["str","binderMismatch"]],"role":"constructor"},{"index":3,"name":[["str","PsErasureError"],["str","looseBoundVariable"]],"role":"constructor"},{"index":4,"name":[["str","PsErasureError"],["str","unresolvedMetavariable"]],"role":"constructor"},{"index":5,"name":[["str","PsErasureError"],["str","unknownLocal"]],"role":"constructor"},{"index":6,"name":[["str","PsErasureError"],["str","erasedLocalUsed"]],"role":"constructor"},{"index":7,"name":[["str","PsErasureError"],["str","unsupportedRuntimeTerm"]],"role":"constructor"},{"index":8,"name":[["str","PsErasureError"],["str","unsupportedApplication"]],"role":"constructor"},{"index":9,"name":[["str","PsErasureError"],["str","unknownConstant"]],"role":"constructor"},{"index":10,"name":[["str","PsErasureError"],["str","rec"]],"role":"recursor"}],"normalization":null},{"sourceIndex":12,"sourceName":["PsRuntimeStructureField"],"span":{"start":{"byteOffset":5297,"line":117,"column":1},"stop":{"byteOffset":5422,"line":121,"column":26}},"coreStart":1774,"members":[{"index":0,"name":[["str","PsRuntimeStructureField"]],"role":"structureType"},{"index":1,"name":[["str","PsRuntimeStructureField"],["str","mk"]],"role":"constructor"},{"index":2,"name":[["str","PsRuntimeStructureField"],["str","rec"]],"role":"recursor"}],"normalization":null},{"sourceIndex":13,"sourceName":["PsRuntimeStructureInfo"],"span":{"start":{"byteOffset":5424,"line":123,"column":1},"stop":{"byteOffset":5633,"line":129,"column":40}},"coreStart":1777,"members":[{"index":0,"name":[["str","PsRuntimeStructureInfo"]],"role":"structureType"},{"index":1,"name":[["str","PsRuntimeStructureInfo"],["str","mk"]],"role":"constructor"},{"index":2,"name":[["str","PsRuntimeStructureInfo"],["str","rec"]],"role":"recursor"}],"normalization":null},{"sourceIndex":14,"sourceName":["PsRuntimeConstructorField"],"span":{"start":{"byteOffset":5635,"line":131,"column":1},"stop":{"byteOffset":5757,"line":135,"column":19}},"coreStart":1780,"members":[{"index":0,"name":[["str","PsRuntimeConstructorField"]],"role":"structureType"},{"index":1,"name":[["str","PsRuntimeConstructorField"],["str","mk"]],"role":"constructor"},{"index":2,"name":[["str","PsRuntimeConstructorField"],["str","rec"]],"role":"recursor"}],"normalization":null},{"sourceIndex":15,"sourceName":["PsRuntimeConstructorInfo"],"span":{"start":{"byteOffset":5759,"line":137,"column":1},"stop":{"byteOffset":5920,"line":142,"column":42}},"coreStart":1783,"members":[{"index":0,"name":[["str","PsRuntimeConstructorInfo"]],"role":"structureType"},{"index":1,"name":[["str","PsRuntimeConstructorInfo"],["str","mk"]],"role":"constructor"},{"index":2,"name":[["str","PsRuntimeConstructorInfo"],["str","rec"]],"role":"recursor"}],"normalization":null},{"sourceIndex":16,"sourceName":["PsRuntimeInductiveInfo"],"span":{"start":{"byteOffset":5922,"line":144,"column":1},"stop":{"byteOffset":6135,"line":150,"column":47}},"coreStart":1786,"members":[{"index":0,"name":[["str","PsRuntimeInductiveInfo"]],"role":"structureType"},{"index":1,"name":[["str","PsRuntimeInductiveInfo"],["str","mk"]],"role":"constructor"},{"index":2,"name":[["str","PsRuntimeInductiveInfo"],["str","rec"]],"role":"recursor"}],"normalization":null},{"sourceIndex":17,"sourceName":["PsErasureCurrentDefinition"],"span":{"start":{"byteOffset":6137,"line":152,"column":1},"stop":{"byteOffset":6354,"line":156,"column":34}},"coreStart":1789,"members":[{"index":0,"name":[["str","PsErasureCurrentDefinition"]],"role":"structureType"},{"index":1,"name":[["str","PsErasureCurrentDefinition"],["str","mk"]],"role":"constructor"},{"index":2,"name":[["str","PsErasureCurrentDefinition"],["str","rec"]],"role":"recursor"}],"normalization":null},{"sourceIndex":18,"sourceName":["PsErasureScope"],"span":{"start":{"byteOffset":6356,"line":158,"column":1},"stop":{"byteOffset":6946,"line":169,"column":56}},"coreStart":1792,"members":[{"index":0,"name":[["str","PsErasureScope"]],"role":"structureType"},{"index":1,"name":[["str","PsErasureScope"],["str","mk"]],"role":"constructor"},{"index":2,"name":[["str","PsErasureScope"],["str","rec"]],"role":"recursor"}],"normalization":null},{"sourceIndex":19,"sourceName":["psErasureNatRecursor"],"span":{"start":{"byteOffset":6948,"line":171,"column":1},"stop":{"byteOffset":7400,"line":178,"column":17}},"coreStart":1795,"members":[{"index":0,"name":[["str","psErasureNatRecursor"]],"role":"sourceDeclaration"}],"normalization":null},{"sourceIndex":20,"sourceName":["psErasureScopeEmpty"],"span":{"start":{"byteOffset":7404,"line":180,"column":1},"stop":{"byteOffset":8036,"line":195,"column":4}},"coreStart":1796,"members":[{"index":0,"name":[["str","psErasureScopeEmpty"]],"role":"sourceDeclaration"}],"normalization":null},{"sourceIndex":21,"sourceName":["psErasureLookupRuntimeExpression"],"span":{"start":{"byteOffset":8038,"line":197,"column":1},"stop":{"byteOffset":8529,"line":208,"column":32}},"coreStart":1797,"members":[{"index":0,"name":[["str","psErasureLookupRuntimeExpression"]],"role":"sourceDeclaration"}],"normalization":null},{"sourceIndex":22,"sourceName":["psErasureLookupNat"],"span":{"start":{"byteOffset":8531,"line":210,"column":1},"stop":{"byteOffset":8964,"line":221,"column":32}},"coreStart":1798,"members":[{"index":0,"name":[["str","psErasureLookupNat"]],"role":"sourceDeclaration"}],"normalization":null},{"sourceIndex":23,"sourceName":["psErasureLookupName"],"span":{"start":{"byteOffset":8966,"line":223,"column":1},"stop":{"byteOffset":9110,"line":224,"column":48}},"coreStart":1799,"members":[{"index":0,"name":[["str","psErasureLookupName"]],"role":"sourceDeclaration"}],"normalization":null},{"sourceIndex":24,"sourceName":["psErasureLookupEntry"],"span":{"start":{"byteOffset":9112,"line":226,"column":1},"stop":{"byteOffset":9282,"line":227,"column":61}},"coreStart":1800,"members":[{"index":0,"name":[["str","psErasureLookupEntry"]],"role":"sourceDeclaration"}],"normalization":null},{"sourceIndex":25,"sourceName":["psErasureLookupStructure"],"span":{"start":{"byteOffset":9284,"line":229,"column":1},"stop":{"byteOffset":9474,"line":230,"column":57}},"coreStart":1801,"members":[{"index":0,"name":[["str","psErasureLookupStructure"]],"role":"sourceDeclaration"}],"normalization":null},{"sourceIndex":26,"sourceName":["psErasureLookupConstructor"],"span":{"start":{"byteOffset":9476,"line":232,"column":1},"stop":{"byteOffset":9674,"line":233,"column":59}},"coreStart":1802,"members":[{"index":0,"name":[["str","psErasureLookupConstructor"]],"role":"sourceDeclaration"}],"normalization":null},{"sourceIndex":27,"sourceName":["psErasureLookupRecursor"],"span":{"start":{"byteOffset":9676,"line":235,"column":1},"stop":{"byteOffset":9865,"line":236,"column":57}},"coreStart":1803,"members":[{"index":0,"name":[["str","psErasureLookupRecursor"]],"role":"sourceDeclaration"}],"normalization":null},{"sourceIndex":28,"sourceName":["psErasureNatInList"],"span":{"start":{"byteOffset":9868,"line":239,"column":1},"stop":{"byteOffset":10156,"line":245,"column":62}},"coreStart":1804,"members":[{"index":0,"name":[["str","psErasureNatInList"]],"role":"sourceDeclaration"}],"normalization":null},{"sourceIndex":29,"sourceName":["psLevelNormalizesToZero"],"span":{"start":{"byteOffset":10159,"line":248,"column":1},"stop":{"byteOffset":10515,"line":256,"column":28}},"coreStart":1805,"members":[{"index":0,"name":[["str","psLevelNormalizesToZero"]],"role":"sourceDeclaration"}],"normalization":null},{"sourceIndex":30,"sourceName":["psErasureNatNotEqual"],"span":{"start":{"byteOffset":10517,"line":258,"column":1},"stop":{"byteOffset":10623,"line":259,"column":45}},"coreStart":1806,"members":[{"index":0,"name":[["str","psErasureNatNotEqual"]],"role":"sourceDeclaration"}],"normalization":null},{"sourceIndex":31,"sourceName":["psErasureIsProp"],"span":{"start":{"byteOffset":10626,"line":262,"column":1},"stop":{"byteOffset":11115,"line":282,"column":19}},"coreStart":1807,"members":[{"index":0,"name":[["str","psErasureIsProp"]],"role":"sourceDeclaration"}],"normalization":null},{"sourceIndex":32,"sourceName":["psErasureClassifyBinder"],"span":{"start":{"byteOffset":11117,"line":284,"column":1},"stop":{"byteOffset":11646,"line":303,"column":35}},"coreStart":1808,"members":[{"index":0,"name":[["str","psErasureClassifyBinder"]],"role":"sourceDeclaration"}],"normalization":null},{"sourceIndex":33,"sourceName":["psErasureEntryInfoWithFuel"],"span":{"start":{"byteOffset":11898,"line":308,"column":1},"stop":{"byteOffset":14139,"line":347,"column":61}},"coreStart":1809,"members":[{"index":0,"name":[["str","psErasureEntryInfoWithFuel"]],"role":"sourceDeclaration"}],"normalization":null},{"sourceIndex":34,"sourceName":["psErasureAddDeclarationEntry"],"span":{"start":{"byteOffset":14142,"line":349,"column":1},"stop":{"byteOffset":14765,"line":359,"column":77}},"coreStart":1810,"members":[{"index":0,"name":[["str","psErasureAddDeclarationEntry"]],"role":"sourceDeclaration"}],"normalization":null},{"sourceIndex":35,"sourceName":["psErasureDeclarationEntryIndex"],"span":{"start":{"byteOffset":14768,"line":361,"column":1},"stop":{"byteOffset":15532,"line":375,"column":32}},"coreStart":1811,"members":[{"index":0,"name":[["str","psErasureDeclarationEntryIndex"]],"role":"sourceDeclaration"}],"normalization":null},{"sourceIndex":36,"sourceName":["psErasurePrepareDeclarationEntries"],"span":{"start":{"byteOffset":15534,"line":377,"column":1},"stop":{"byteOffset":16327,"line":390,"column":59}},"coreStart":1812,"members":[{"index":0,"name":[["str","psErasurePrepareDeclarationEntries"]],"role":"sourceDeclaration"}],"normalization":null},{"sourceIndex":37,"sourceName":["psErasureNatBetween"],"span":{"start":{"byteOffset":16330,"line":392,"column":1},"stop":{"byteOffset":16466,"line":393,"column":61}},"coreStart":1813,"members":[{"index":0,"name":[["str","psErasureNatBetween"]],"role":"sourceDeclaration"}],"normalization":null},{"sourceIndex":38,"sourceName":["psErasureAsciiAlpha"],"span":{"start":{"byteOffset":16469,"line":396,"column":1},"stop":{"byteOffset":16635,"line":399,"column":40}},"coreStart":1814,"members":[{"index":0,"name":[["str","psErasureAsciiAlpha"]],"role":"sourceDeclaration"}],"normalization":null},{"sourceIndex":39,"sourceName":["psErasureSafeChar"],"span":{"start":{"byteOffset":16638,"line":402,"column":1},"stop":{"byteOffset":16924,"line":407,"column":11}},"coreStart":1815,"members":[{"index":0,"name":[["str","psErasureSafeChar"]],"role":"sourceDeclaration"}],"normalization":null},{"sourceIndex":40,"sourceName":["psErasureSafeChars"],"span":{"start":{"byteOffset":16926,"line":409,"column":1},"stop":{"byteOffset":17120,"line":413,"column":66}},"coreStart":1816,"members":[{"index":0,"name":[["str","psErasureSafeChars"]],"role":"sourceDeclaration"}],"normalization":null},{"sourceIndex":41,"sourceName":["psErasureSafeStringFromWithFuel"],"span":{"start":{"byteOffset":17123,"line":415,"column":1},"stop":{"byteOffset":17841,"line":425,"column":71}},"coreStart":1817,"members":[{"index":0,"name":[["str","psErasureSafeStringFromWithFuel"]],"role":"sourceDeclaration"}],"normalization":null},{"sourceIndex":42,"sourceName":["psErasureSafeStringFrom"],"span":{"start":{"byteOffset":17845,"line":427,"column":1},"stop":{"byteOffset":18025,"line":428,"column":91}},"coreStart":1818,"members":[{"index":0,"name":[["str","psErasureSafeStringFrom"]],"role":"sourceDeclaration"}],"normalization":null},{"sourceIndex":43,"sourceName":["psErasureSafeIdentifier"],"span":{"start":{"byteOffset":18028,"line":431,"column":1},"stop":{"byteOffset":18602,"line":442,"column":41}},"coreStart":1819,"members":[{"index":0,"name":[["str","psErasureSafeIdentifier"]],"role":"sourceDeclaration"}],"normalization":null},{"sourceIndex":44,"sourceName":["psErasureLocalNameUsed"],"span":{"start":{"byteOffset":18604,"line":444,"column":1},"stop":{"byteOffset":19072,"line":453,"column":27}},"coreStart":1820,"members":[{"index":0,"name":[["str","psErasureLocalNameUsed"]],"role":"sourceDeclaration"}],"normalization":null},{"sourceIndex":45,"sourceName":["psErasureLocalNameWithFuel"],"span":{"start":{"byteOffset":19074,"line":455,"column":1},"stop":{"byteOffset":19583,"line":464,"column":21}},"coreStart":1821,"members":[{"index":0,"name":[["str","psErasureLocalNameWithFuel"],["str","$psc0SH"],["num","0"]],"role":"normalizedWorker"},{"index":1,"name":[["str","psErasureLocalNameWithFuel"]],"role":"publicWrapper"}],"normalization":{"functionName":[["str","psErasureLocalNameWithFuel"]],"workerName":[["str","psErasureLocalNameWithFuel"],["str","$psc0SH"],["num","0"]],"parameterIds":["0","1","2","3"],"explicitIds":["0","1","2","3"],"majorId":"2","generalizedIds":["3"],"workerBinderCount":3,"workerTypeKind":"forallE","workerValueKind":"matchE","actualWorkerSyntaxRetained":true}},{"sourceIndex":46,"sourceName":["psErasureLocalName"],"span":{"start":{"byteOffset":19585,"line":466,"column":1},"stop":{"byteOffset":20166,"line":475,"column":12}},"coreStart":1823,"members":[{"index":0,"name":[["str","psErasureLocalName"]],"role":"sourceDeclaration"}],"normalization":null},{"sourceIndex":47,"sourceName":["PsErasureAppView"],"span":{"start":{"byteOffset":20168,"line":477,"column":1},"stop":{"byteOffset":20237,"line":479,"column":21}},"coreStart":1824,"members":[{"index":0,"name":[["str","PsErasureAppView"]],"role":"structureType"},{"index":1,"name":[["str","PsErasureAppView"],["str","mk"]],"role":"constructor"},{"index":2,"name":[["str","PsErasureAppView"],["str","rec"]],"role":"recursor"}],"normalization":null},{"sourceIndex":48,"sourceName":["psErasureAppViewAcc"],"span":{"start":{"byteOffset":20239,"line":481,"column":1},"stop":{"byteOffset":20573,"line":487,"column":64}},"coreStart":1827,"members":[{"index":0,"name":[["str","psErasureAppViewAcc"]],"role":"sourceDeclaration"}],"normalization":null},{"sourceIndex":49,"sourceName":["psErasureAppView"],"span":{"start":{"byteOffset":20575,"line":489,"column":1},"stop":{"byteOffset":20663,"line":490,"column":30}},"coreStart":1828,"members":[{"index":0,"name":[["str","psErasureAppView"]],"role":"sourceDeclaration"}],"normalization":null},{"sourceIndex":50,"sourceName":["psErasureExprListAtWorker"],"span":{"start":{"byteOffset":20665,"line":492,"column":1},"stop":{"byteOffset":21170,"line":508,"column":36}},"coreStart":1829,"members":[{"index":0,"name":[["str","psErasureExprListAtWorker"]],"role":"sourceDeclaration"}],"normalization":null},{"sourceIndex":51,"sourceName":["psErasureExprListAt"],"span":{"start":{"byteOffset":21172,"line":510,"column":1},"stop":{"byteOffset":21308,"line":515,"column":11}},"coreStart":1830,"members":[{"index":0,"name":[["str","psErasureExprListAt"]],"role":"sourceDeclaration"}],"normalization":null},{"sourceIndex":52,"sourceName":["psErasurePrimitiveType"],"span":{"start":{"byteOffset":21310,"line":517,"column":1},"stop":{"byteOffset":23929,"line":596,"column":16}},"coreStart":1831,"members":[{"index":0,"name":[["str","psErasurePrimitiveType"]],"role":"sourceDeclaration"}],"normalization":null},{"sourceIndex":53,"sourceName":["psErasureMapRuntimeTypes"],"span":{"start":{"byteOffset":23931,"line":598,"column":1},"stop":{"byteOffset":24468,"line":609,"column":69}},"coreStart":1832,"members":[{"index":0,"name":[["str","psErasureMapRuntimeTypes"]],"role":"sourceDeclaration"}],"normalization":null},{"sourceIndex":54,"sourceName":["psEraseRuntimeTypeWithFuelWorker"],"span":{"start":{"byteOffset":24472,"line":612,"column":1},"stop":{"byteOffset":29227,"line":724,"column":47}},"coreStart":1833,"members":[{"index":0,"name":[["str","psEraseRuntimeTypeWithFuelWorker"]],"role":"sourceDeclaration"}],"normalization":null},{"sourceIndex":55,"sourceName":["psEraseRuntimeTypeWithFuel"],"span":{"start":{"byteOffset":29230,"line":727,"column":1},"stop":{"byteOffset":29459,"line":730,"column":63}},"coreStart":1834,"members":[{"index":0,"name":[["str","psEraseRuntimeTypeWithFuel"]],"role":"sourceDeclaration"}],"normalization":null},{"sourceIndex":56,"sourceName":["psEraseRuntimeType"],"span":{"start":{"byteOffset":29461,"line":732,"column":1},"stop":{"byteOffset":29671,"line":737,"column":57}},"coreStart":1835,"members":[{"index":0,"name":[["str","psEraseRuntimeType"]],"role":"sourceDeclaration"}],"normalization":null}]},{"moduleName":["Ps","Erasure","Expr"],"coreStart":1836,"batches":[{"sourceIndex":0,"sourceName":["PsErasureAppliedArguments"],"span":{"start":{"byteOffset":25,"line":3,"column":1},"stop":{"byteOffset":220,"line":7,"column":25}},"coreStart":1836,"members":[{"index":0,"name":[["str","PsErasureAppliedArguments"]],"role":"structureType"},{"index":1,"name":[["str","PsErasureAppliedArguments"],["str","mk"]],"role":"constructor"},{"index":2,"name":[["str","PsErasureAppliedArguments"],["str","rec"]],"role":"recursor"}],"normalization":null},{"sourceIndex":1,"sourceName":["psErasureAppendRuntimeArgument"],"span":{"start":{"byteOffset":222,"line":9,"column":1},"stop":{"byteOffset":651,"line":17,"column":76}},"coreStart":1839,"members":[{"index":0,"name":[["str","psErasureAppendRuntimeArgument"]],"role":"sourceDeclaration"}],"normalization":null},{"sourceIndex":2,"sourceName":["psEraseApplicationArgumentsWorker"],"span":{"start":{"byteOffset":654,"line":19,"column":1},"stop":{"byteOffset":3369,"line":80,"column":64}},"coreStart":1840,"members":[{"index":0,"name":[["str","psEraseApplicationArgumentsWorker"]],"role":"sourceDeclaration"}],"normalization":null},{"sourceIndex":3,"sourceName":["psEraseApplicationArguments"],"span":{"start":{"byteOffset":3372,"line":83,"column":1},"stop":{"byteOffset":3761,"line":88,"column":89}},"coreStart":1841,"members":[{"index":0,"name":[["str","psEraseApplicationArguments"]],"role":"sourceDeclaration"}],"normalization":null},{"sourceIndex":4,"sourceName":["PsErasureApplicationCaptureTypes"],"span":{"start":{"byteOffset":3925,"line":93,"column":1},"stop":{"byteOffset":4002,"line":94,"column":29}},"coreStart":1842,"members":[{"index":0,"name":[["str","PsErasureApplicationCaptureTypes"]],"role":"structureType"},{"index":1,"name":[["str","PsErasureApplicationCaptureTypes"],["str","mk"]],"role":"constructor"},{"index":2,"name":[["str","PsErasureApplicationCaptureTypes"],["str","rec"]],"role":"recursor"}],"normalization":null},{"sourceIndex":5,"sourceName":["PsErasureApplicationCaptureState"],"span":{"start":{"byteOffset":4004,"line":96,"column":1},"stop":{"byteOffset":4179,"line":99,"column":66}},"coreStart":1845,"members":[{"index":0,"name":[["str","PsErasureApplicationCaptureState"]],"role":"structureType"},{"index":1,"name":[["str","PsErasureApplicationCaptureState"],["str","mk"]],"role":"constructor"},{"index":2,"name":[["str","PsErasureApplicationCaptureState"],["str","rec"]],"role":"recursor"}],"normalization":null},{"sourceIndex":6,"sourceName":["psErasureApplicationOperandIsValue"],"span":{"start":{"byteOffset":4182,"line":101,"column":1},"stop":{"byteOffset":4365,"line":105,"column":15}},"coreStart":1848,"members":[{"index":0,"name":[["str","psErasureApplicationOperandIsValue"]],"role":"sourceDeclaration"}],"normalization":null},{"sourceIndex":7,"sourceName":["psErasureCaptureTypedApplicationValue"],"span":{"start":{"byteOffset":4367,"line":107,"column":1},"stop":{"byteOffset":5968,"line":138,"column":28}},"coreStart":1849,"members":[{"index":0,"name":[["str","psErasureCaptureTypedApplicationValue"]],"role":"sourceDeclaration"}],"normalization":null},{"sourceIndex":8,"sourceName":["psErasureCaptureApplicationValue"],"span":{"start":{"byteOffset":5972,"line":140,"column":1},"stop":{"byteOffset":6777,"line":155,"column":83}},"coreStart":1850,"members":[{"index":0,"name":[["str","psErasureCaptureApplicationValue"]],"role":"sourceDeclaration"}],"normalization":null},{"sourceIndex":9,"sourceName":["psErasureCaptureApplicationFunction"],"span":{"start":{"byteOffset":6779,"line":157,"column":1},"stop":{"byteOffset":8492,"line":185,"column":84}},"coreStart":1851,"members":[{"index":0,"name":[["str","psErasureCaptureApplicationFunction"]],"role":"sourceDeclaration"}],"normalization":null},{"sourceIndex":10,"sourceName":["psErasureCaptureApplicationArguments"],"span":{"start":{"byteOffset":8494,"line":187,"column":1},"stop":{"byteOffset":9801,"line":213,"column":64}},"coreStart":1852,"members":[{"index":0,"name":[["str","psErasureCaptureApplicationArguments"]],"role":"sourceDeclaration"}],"normalization":null},{"sourceIndex":11,"sourceName":["psErasureWrapApplicationCaptures"],"span":{"start":{"byteOffset":9803,"line":215,"column":1},"stop":{"byteOffset":10383,"line":227,"column":74}},"coreStart":1853,"members":[{"index":0,"name":[["str","psErasureWrapApplicationCaptures"]],"role":"sourceDeclaration"}],"normalization":null},{"sourceIndex":12,"sourceName":["psErasureCurryParameters"],"span":{"start":{"byteOffset":10545,"line":231,"column":1},"stop":{"byteOffset":11049,"line":241,"column":76}},"coreStart":1854,"members":[{"index":0,"name":[["str","psErasureCurryParameters"]],"role":"sourceDeclaration"}],"normalization":null},{"sourceIndex":13,"sourceName":["psErasureCapturePartialApplication"],"span":{"start":{"byteOffset":11053,"line":243,"column":1},"stop":{"byteOffset":12428,"line":271,"column":81}},"coreStart":1855,"members":[{"index":0,"name":[["str","psErasureCapturePartialApplication"]],"role":"sourceDeclaration"}],"normalization":null},{"sourceIndex":14,"sourceName":["psErasureDropPrefix"],"span":{"start":{"byteOffset":12433,"line":273,"column":1},"stop":{"byteOffset":12717,"line":280,"column":69}},"coreStart":1856,"members":[{"index":0,"name":[["str","psErasureDropPrefix"],["str","$psc0SH"],["num","0"]],"role":"normalizedWorker"},{"index":1,"name":[["str","psErasureDropPrefix"]],"role":"publicWrapper"}],"normalization":{"functionName":[["str","psErasureDropPrefix"]],"workerName":[["str","psErasureDropPrefix"],["str","$psc0SH"],["num","0"]],"parameterIds":["0","1","2"],"explicitIds":["0","1","2"],"majorId":"1","generalizedIds":["2"],"workerBinderCount":2,"workerTypeKind":"forallE","workerValueKind":"matchE","actualWorkerSyntaxRetained":true}},{"sourceIndex":15,"sourceName":["psErasureApplyCoreArguments"],"span":{"start":{"byteOffset":12719,"line":282,"column":1},"stop":{"byteOffset":12949,"line":287,"column":66}},"coreStart":1858,"members":[{"index":0,"name":[["str","psErasureApplyCoreArguments"],["str","$psc0SH"],["num","0"]],"role":"normalizedWorker"},{"index":1,"name":[["str","psErasureApplyCoreArguments"]],"role":"publicWrapper"}],"normalization":{"functionName":[["str","psErasureApplyCoreArguments"]],"workerName":[["str","psErasureApplyCoreArguments"],["str","$psc0SH"],["num","0"]],"parameterIds":["0","1"],"explicitIds":["0","1"],"majorId":"1","generalizedIds":["0"],"workerBinderCount":1,"workerTypeKind":"forallE","workerValueKind":"matchE","actualWorkerSyntaxRetained":true}},{"sourceIndex":16,"sourceName":["psErasureApplyCoreType"],"span":{"start":{"byteOffset":12951,"line":289,"column":1},"stop":{"byteOffset":13505,"line":300,"column":64}},"coreStart":1860,"members":[{"index":0,"name":[["str","psErasureApplyCoreType"],["str","$psc0SH"],["num","0"]],"role":"normalizedWorker"},{"index":1,"name":[["str","psErasureApplyCoreType"]],"role":"publicWrapper"}],"normalization":{"functionName":[["str","psErasureApplyCoreType"]],"workerName":[["str","psErasureApplyCoreType"],["str","$psc0SH"],["num","0"]],"parameterIds":["0","1","2","3"],"explicitIds":["0","1","2","3"],"majorId":"3","generalizedIds":["2"],"workerBinderCount":3,"workerTypeKind":"forallE","workerValueKind":"matchE","actualWorkerSyntaxRetained":true}},{"sourceIndex":17,"sourceName":["psErasureCheckedTypeViewWithFuel"],"span":{"start":{"byteOffset":13829,"line":306,"column":1},"stop":{"byteOffset":16303,"line":350,"column":45}},"coreStart":1862,"members":[{"index":0,"name":[["str","psErasureCheckedTypeViewWithFuel"],["str","$psc0SH"],["num","0"]],"role":"normalizedWorker"},{"index":1,"name":[["str","psErasureCheckedTypeViewWithFuel"]],"role":"publicWrapper"}],"normalization":{"functionName":[["str","psErasureCheckedTypeViewWithFuel"]],"workerName":[["str","psErasureCheckedTypeViewWithFuel"],["str","$psc0SH"],["num","0"]],"parameterIds":["0","1","2","3"],"explicitIds":["0","1","2","3"],"majorId":"1","generalizedIds":["3","2","3","2","3","3"],"workerBinderCount":2,"workerTypeKind":"forallE","workerValueKind":"matchE","actualWorkerSyntaxRetained":true}},{"sourceIndex":18,"sourceName":["psErasureCheckedTypeView"],"span":{"start":{"byteOffset":16305,"line":352,"column":1},"stop":{"byteOffset":16523,"line":355,"column":70}},"coreStart":1864,"members":[{"index":0,"name":[["str","psErasureCheckedTypeView"]],"role":"sourceDeclaration"}],"normalization":null},{"sourceIndex":19,"sourceName":["psEraseCanonicalArguments"],"span":{"start":{"byteOffset":16688,"line":359,"column":1},"stop":{"byteOffset":17950,"line":382,"column":64}},"coreStart":1865,"members":[{"index":0,"name":[["str","psEraseCanonicalArguments"],["str","$psc0SH"],["num","0"]],"role":"normalizedWorker"},{"index":1,"name":[["str","psEraseCanonicalArguments"]],"role":"publicWrapper"}],"normalization":{"functionName":[["str","psEraseCanonicalArguments"]],"workerName":[["str","psEraseCanonicalArguments"],["str","$psc0SH"],["num","0"]],"parameterIds":["0","1","2","3","4","5"],"explicitIds":["0","1","2","3","4","5"],"majorId":"5","generalizedIds":["4","3","4"],"workerBinderCount":4,"workerTypeKind":"forallE","workerValueKind":"matchE","actualWorkerSyntaxRetained":true}},{"sourceIndex":20,"sourceName":["psErasureEntryCall"],"span":{"start":{"byteOffset":17952,"line":384,"column":1},"stop":{"byteOffset":18385,"line":393,"column":63}},"coreStart":1867,"members":[{"index":0,"name":[["str","psErasureEntryCall"]],"role":"sourceDeclaration"}],"normalization":null},{"sourceIndex":21,"sourceName":["psEraseFinishEntryWithFuel"],"span":{"start":{"byteOffset":18546,"line":397,"column":1},"stop":{"byteOffset":23384,"line":479,"column":60}},"coreStart":1868,"members":[{"index":0,"name":[["str","psEraseFinishEntryWithFuel"],["str","$psc0SH"],["num","0"]],"role":"normalizedWorker"},{"index":1,"name":[["str","psEraseFinishEntryWithFuel"]],"role":"publicWrapper"}],"normalization":{"functionName":[["str","psEraseFinishEntryWithFuel"]],"workerName":[["str","psEraseFinishEntryWithFuel"],["str","$psc0SH"],["num","0"]],"parameterIds":["0","1","2","3","4","5","6","7","8","9","10"],"explicitIds":["0","1","2","3","4","5","6","7","8","9","10"],"majorId":"4","generalizedIds":["5","6","7","5","6","7","8","9"],"workerBinderCount":6,"workerTypeKind":"forallE","workerValueKind":"matchE","actualWorkerSyntaxRetained":true}},{"sourceIndex":22,"sourceName":["psEraseKnownEntryApplication"],"span":{"start":{"byteOffset":23386,"line":481,"column":1},"stop":{"byteOffset":25434,"line":517,"column":60}},"coreStart":1870,"members":[{"index":0,"name":[["str","psEraseKnownEntryApplication"]],"role":"sourceDeclaration"}],"normalization":null},{"sourceIndex":23,"sourceName":["psEraseMappedIntrinsic"],"span":{"start":{"byteOffset":25436,"line":519,"column":1},"stop":{"byteOffset":25835,"line":529,"column":56}},"coreStart":1871,"members":[{"index":0,"name":[["str","psEraseMappedIntrinsic"]],"role":"sourceDeclaration"}],"normalization":null},{"sourceIndex":24,"sourceName":["psEraseSelectedArguments"],"span":{"start":{"byteOffset":25838,"line":531,"column":1},"stop":{"byteOffset":26611,"line":548,"column":57}},"coreStart":1872,"members":[{"index":0,"name":[["str","psEraseSelectedArguments"]],"role":"sourceDeclaration"}],"normalization":null},{"sourceIndex":25,"sourceName":["psEraseSelectedTypeArguments"],"span":{"start":{"byteOffset":26614,"line":550,"column":1},"stop":{"byteOffset":27530,"line":572,"column":57}},"coreStart":1873,"members":[{"index":0,"name":[["str","psEraseSelectedTypeArguments"]],"role":"sourceDeclaration"}],"normalization":null},{"sourceIndex":26,"sourceName":["psEraseTypedIntrinsic"],"span":{"start":{"byteOffset":27533,"line":574,"column":1},"stop":{"byteOffset":28408,"line":602,"column":31}},"coreStart":1874,"members":[{"index":0,"name":[["str","psEraseTypedIntrinsic"]],"role":"sourceDeclaration"}],"normalization":null},{"sourceIndex":27,"sourceName":["psErasureBoolAnd"],"span":{"start":{"byteOffset":28411,"line":604,"column":1},"stop":{"byteOffset":28510,"line":607,"column":32}},"coreStart":1875,"members":[{"index":0,"name":[["str","psErasureBoolAnd"]],"role":"sourceDeclaration"}],"normalization":null},{"sourceIndex":28,"sourceName":["psErasureBoolOr"],"span":{"start":{"byteOffset":28512,"line":609,"column":1},"stop":{"byteOffset":28609,"line":612,"column":31}},"coreStart":1876,"members":[{"index":0,"name":[["str","psErasureBoolOr"]],"role":"sourceDeclaration"}],"normalization":null},{"sourceIndex":29,"sourceName":["psErasureBoolNot"],"span":{"start":{"byteOffset":28611,"line":614,"column":1},"stop":{"byteOffset":28692,"line":616,"column":32}},"coreStart":1877,"members":[{"index":0,"name":[["str","psErasureBoolNot"]],"role":"sourceDeclaration"}],"normalization":null},{"sourceIndex":30,"sourceName":["psErasureReserveOutputName"],"span":{"start":{"byteOffset":28694,"line":618,"column":1},"stop":{"byteOffset":29327,"line":629,"column":53}},"coreStart":1878,"members":[{"index":0,"name":[["str","psErasureReserveOutputName"]],"role":"sourceDeclaration"}],"normalization":null},{"sourceIndex":31,"sourceName":["psEraseArrayFoldl"],"span":{"start":{"byteOffset":29486,"line":633,"column":1},"stop":{"byteOffset":33470,"line":690,"column":84}},"coreStart":1879,"members":[{"index":0,"name":[["str","psEraseArrayFoldl"]],"role":"sourceDeclaration"}],"normalization":null},{"sourceIndex":32,"sourceName":["psErasePrimitiveApplication"],"span":{"start":{"byteOffset":33472,"line":692,"column":1},"stop":{"byteOffset":46847,"line":986,"column":31}},"coreStart":1880,"members":[{"index":0,"name":[["str","psErasePrimitiveApplication"]],"role":"sourceDeclaration"}],"normalization":null},{"sourceIndex":33,"sourceName":["psEraseCondition"],"span":{"start":{"byteOffset":46849,"line":988,"column":1},"stop":{"byteOffset":49462,"line":1037,"column":60}},"coreStart":1881,"members":[{"index":0,"name":[["str","psEraseCondition"]],"role":"sourceDeclaration"}],"normalization":null},{"sourceIndex":34,"sourceName":["psEraseIteApplication"],"span":{"start":{"byteOffset":49465,"line":1040,"column":1},"stop":{"byteOffset":51202,"line":1074,"column":31}},"coreStart":1882,"members":[{"index":0,"name":[["str","psEraseIteApplication"]],"role":"sourceDeclaration"}],"normalization":null},{"sourceIndex":35,"sourceName":["psErasureLookupTypeSubstitution"],"span":{"start":{"byteOffset":51204,"line":1076,"column":1},"stop":{"byteOffset":51664,"line":1087,"column":30}},"coreStart":1883,"members":[{"index":0,"name":[["str","psErasureLookupTypeSubstitution"]],"role":"sourceDeclaration"}],"normalization":null},{"sourceIndex":36,"sourceName":["psSubstituteVerifiedTypeWithFuel"],"span":{"start":{"byteOffset":51666,"line":1089,"column":1},"stop":{"byteOffset":52636,"line":1115,"column":18}},"coreStart":1884,"members":[{"index":0,"name":[["str","psSubstituteVerifiedTypeWithFuel"]],"role":"sourceDeclaration"}],"normalization":null},{"sourceIndex":37,"sourceName":["psSubstituteVerifiedType"],"span":{"start":{"byteOffset":52638,"line":1117,"column":1},"stop":{"byteOffset":52833,"line":1120,"column":59}},"coreStart":1885,"members":[{"index":0,"name":[["str","psSubstituteVerifiedType"]],"role":"sourceDeclaration"}],"normalization":null},{"sourceIndex":38,"sourceName":["psErasureLookupStructureRecursor"],"span":{"start":{"byteOffset":52835,"line":1122,"column":1},"stop":{"byteOffset":53145,"line":1129,"column":21}},"coreStart":1886,"members":[{"index":0,"name":[["str","psErasureLookupStructureRecursor"]],"role":"sourceDeclaration"}],"normalization":null},{"sourceIndex":39,"sourceName":["psEraseRuntimeStructureFields"],"span":{"start":{"byteOffset":53147,"line":1131,"column":1},"stop":{"byteOffset":54182,"line":1148,"column":64}},"coreStart":1887,"members":[{"index":0,"name":[["str","psEraseRuntimeStructureFields"]],"role":"sourceDeclaration"}],"normalization":null},{"sourceIndex":40,"sourceName":["psEraseRuntimeStructureApplication"],"span":{"start":{"byteOffset":54185,"line":1150,"column":1},"stop":{"byteOffset":56041,"line":1193,"column":31}},"coreStart":1888,"members":[{"index":0,"name":[["str","psEraseRuntimeStructureApplication"]],"role":"sourceDeclaration"}],"normalization":null},{"sourceIndex":41,"sourceName":["psEraseRuntimeConstructorFields"],"span":{"start":{"byteOffset":56043,"line":1195,"column":1},"stop":{"byteOffset":57084,"line":1212,"column":64}},"coreStart":1889,"members":[{"index":0,"name":[["str","psEraseRuntimeConstructorFields"]],"role":"sourceDeclaration"}],"normalization":null},{"sourceIndex":42,"sourceName":["psEraseRuntimeConstructorApplication"],"span":{"start":{"byteOffset":57087,"line":1214,"column":1},"stop":{"byteOffset":58722,"line":1255,"column":31}},"coreStart":1890,"members":[{"index":0,"name":[["str","psEraseRuntimeConstructorApplication"]],"role":"sourceDeclaration"}],"normalization":null},{"sourceIndex":43,"sourceName":["PsErasedMatchMinor"],"span":{"start":{"byteOffset":58724,"line":1257,"column":1},"stop":{"byteOffset":58854,"line":1260,"column":26}},"coreStart":1891,"members":[{"index":0,"name":[["str","PsErasedMatchMinor"]],"role":"structureType"},{"index":1,"name":[["str","PsErasedMatchMinor"],["str","mk"]],"role":"constructor"},{"index":2,"name":[["str","PsErasedMatchMinor"],["str","rec"]],"role":"recursor"}],"normalization":null},{"sourceIndex":44,"sourceName":["PsOpenMatchMinor"],"span":{"start":{"byteOffset":58856,"line":1262,"column":1},"stop":{"byteOffset":58977,"line":1265,"column":46}},"coreStart":1894,"members":[{"index":0,"name":[["str","PsOpenMatchMinor"]],"role":"structureType"},{"index":1,"name":[["str","PsOpenMatchMinor"],["str","mk"]],"role":"constructor"},{"index":2,"name":[["str","PsOpenMatchMinor"],["str","rec"]],"role":"recursor"}],"normalization":null},{"sourceIndex":45,"sourceName":["psOpenMatchMinorFields"],"span":{"start":{"byteOffset":58979,"line":1267,"column":1},"stop":{"byteOffset":61726,"line":1331,"column":56}},"coreStart":1897,"members":[{"index":0,"name":[["str","psOpenMatchMinorFields"]],"role":"sourceDeclaration"}],"normalization":null},{"sourceIndex":46,"sourceName":["psErasureFindStringIndex"],"span":{"start":{"byteOffset":61728,"line":1333,"column":1},"stop":{"byteOffset":62119,"line":1340,"column":37}},"coreStart":1898,"members":[{"index":0,"name":[["str","psErasureFindStringIndex"]],"role":"sourceDeclaration"}],"normalization":null},{"sourceIndex":47,"sourceName":["psErasureRuntimeVariables"],"span":{"start":{"byteOffset":62122,"line":1342,"column":1},"stop":{"byteOffset":62351,"line":1347,"column":76}},"coreStart":1899,"members":[{"index":0,"name":[["str","psErasureRuntimeVariables"]],"role":"sourceDeclaration"}],"normalization":null},{"sourceIndex":48,"sourceName":["psErasureRecursiveCallArguments"],"span":{"start":{"byteOffset":62355,"line":1350,"column":1},"stop":{"byteOffset":62957,"line":1358,"column":103}},"coreStart":1900,"members":[{"index":0,"name":[["str","psErasureRecursiveCallArguments"]],"role":"sourceDeclaration"}],"normalization":null},{"sourceIndex":49,"sourceName":["PsOpenMatchHypotheses"],"span":{"start":{"byteOffset":62960,"line":1360,"column":1},"stop":{"byteOffset":63040,"line":1362,"column":18}},"coreStart":1901,"members":[{"index":0,"name":[["str","PsOpenMatchHypotheses"]],"role":"structureType"},{"index":1,"name":[["str","PsOpenMatchHypotheses"],["str","mk"]],"role":"constructor"},{"index":2,"name":[["str","PsOpenMatchHypotheses"],["str","rec"]],"role":"recursor"}],"normalization":null},{"sourceIndex":50,"sourceName":["psErasureFindMatchBinding"],"span":{"start":{"byteOffset":63042,"line":1364,"column":1},"stop":{"byteOffset":63381,"line":1371,"column":52}},"coreStart":1904,"members":[{"index":0,"name":[["str","psErasureFindMatchBinding"]],"role":"sourceDeclaration"}],"normalization":null},{"sourceIndex":51,"sourceName":["psOpenMatchMinorHypotheses"],"span":{"start":{"byteOffset":63384,"line":1374,"column":1},"stop":{"byteOffset":67404,"line":1442,"column":58}},"coreStart":1905,"members":[{"index":0,"name":[["str","psOpenMatchMinorHypotheses"]],"role":"sourceDeclaration"}],"normalization":null},{"sourceIndex":52,"sourceName":["psEraseMatchMinor"],"span":{"start":{"byteOffset":67406,"line":1444,"column":1},"stop":{"byteOffset":68799,"line":1488,"column":16}},"coreStart":1906,"members":[{"index":0,"name":[["str","psEraseMatchMinor"]],"role":"sourceDeclaration"}],"normalization":null},{"sourceIndex":53,"sourceName":["psErasureStructureRecursorFields"],"span":{"start":{"byteOffset":69005,"line":1493,"column":1},"stop":{"byteOffset":69932,"line":1511,"column":19}},"coreStart":1907,"members":[{"index":0,"name":[["str","psErasureStructureRecursorFields"],["str","$psc0SH"],["num","0"]],"role":"normalizedWorker"},{"index":1,"name":[["str","psErasureStructureRecursorFields"]],"role":"publicWrapper"}],"normalization":{"functionName":[["str","psErasureStructureRecursorFields"]],"workerName":[["str","psErasureStructureRecursorFields"],["str","$psc0SH"],["num","0"]],"parameterIds":["0","1","2","3"],"explicitIds":["0","1","2","3"],"majorId":"2","generalizedIds":["3"],"workerBinderCount":3,"workerTypeKind":"forallE","workerValueKind":"matchE","actualWorkerSyntaxRetained":true}},{"sourceIndex":54,"sourceName":["psErasureStructureProjectionBindings"],"span":{"start":{"byteOffset":69935,"line":1513,"column":1},"stop":{"byteOffset":70449,"line":1522,"column":82}},"coreStart":1909,"members":[{"index":0,"name":[["str","psErasureStructureProjectionBindings"]],"role":"sourceDeclaration"}],"normalization":null},{"sourceIndex":55,"sourceName":["psEraseStructureRecursorMinor"],"span":{"start":{"byteOffset":70452,"line":1524,"column":1},"stop":{"byteOffset":74870,"line":1591,"column":84}},"coreStart":1910,"members":[{"index":0,"name":[["str","psEraseStructureRecursorMinor"]],"role":"sourceDeclaration"}],"normalization":null},{"sourceIndex":56,"sourceName":["psEraseRuntimeStructureRecursorApplication"],"span":{"start":{"byteOffset":75027,"line":1595,"column":1},"stop":{"byteOffset":77137,"line":1628,"column":31}},"coreStart":1911,"members":[{"index":0,"name":[["str","psEraseRuntimeStructureRecursorApplication"]],"role":"sourceDeclaration"}],"normalization":null},{"sourceIndex":57,"sourceName":["psEraseMatchAlternativesWorker"],"span":{"start":{"byteOffset":77139,"line":1630,"column":1},"stop":{"byteOffset":79162,"line":1668,"column":34}},"coreStart":1912,"members":[{"index":0,"name":[["str","psEraseMatchAlternativesWorker"]],"role":"sourceDeclaration"}],"normalization":null},{"sourceIndex":58,"sourceName":["psEraseMatchAlternatives"],"span":{"start":{"byteOffset":79165,"line":1670,"column":1},"stop":{"byteOffset":79892,"line":1679,"column":39}},"coreStart":1913,"members":[{"index":0,"name":[["str","psEraseMatchAlternatives"]],"role":"sourceDeclaration"}],"normalization":null},{"sourceIndex":59,"sourceName":["psEraseNatRecursorAlternatives"],"span":{"start":{"byteOffset":79894,"line":1681,"column":1},"stop":{"byteOffset":82406,"line":1718,"column":51}},"coreStart":1914,"members":[{"index":0,"name":[["str","psEraseNatRecursorAlternatives"]],"role":"sourceDeclaration"}],"normalization":null},{"sourceIndex":60,"sourceName":["psEraseRuntimeRecursorApplication"],"span":{"start":{"byteOffset":82410,"line":1720,"column":1},"stop":{"byteOffset":92419,"line":1882,"column":31}},"coreStart":1915,"members":[{"index":0,"name":[["str","psEraseRuntimeRecursorApplication"]],"role":"sourceDeclaration"}],"normalization":null},{"sourceIndex":61,"sourceName":["psErasureFindProjectionField"],"span":{"start":{"byteOffset":92421,"line":1884,"column":1},"stop":{"byteOffset":92746,"line":1891,"column":51}},"coreStart":1916,"members":[{"index":0,"name":[["str","psErasureFindProjectionField"]],"role":"sourceDeclaration"}],"normalization":null},{"sourceIndex":62,"sourceName":["psErasureIrUsesNameWithFuel"],"span":{"start":{"byteOffset":92749,"line":1894,"column":1},"stop":{"byteOffset":95173,"line":1933,"column":92}},"coreStart":1917,"members":[{"index":0,"name":[["str","psErasureIrUsesNameWithFuel"]],"role":"sourceDeclaration"}],"normalization":null},{"sourceIndex":63,"sourceName":["psErasureIgnoredUnitNameWithFuel"],"span":{"start":{"byteOffset":95332,"line":1938,"column":1},"stop":{"byteOffset":96022,"line":1950,"column":26}},"coreStart":1918,"members":[{"index":0,"name":[["str","psErasureIgnoredUnitNameWithFuel"],["str","$psc0SH"],["num","0"]],"role":"normalizedWorker"},{"index":1,"name":[["str","psErasureIgnoredUnitNameWithFuel"]],"role":"publicWrapper"}],"normalization":{"functionName":[["str","psErasureIgnoredUnitNameWithFuel"]],"workerName":[["str","psErasureIgnoredUnitNameWithFuel"],["str","$psc0SH"],["num","0"]],"parameterIds":["0","1","2","3"],"explicitIds":["0","1","2","3"],"majorId":"2","generalizedIds":["3","3"],"workerBinderCount":3,"workerTypeKind":"forallE","workerValueKind":"matchE","actualWorkerSyntaxRetained":true}},{"sourceIndex":64,"sourceName":["psErasureEtaNameWithFuel"],"span":{"start":{"byteOffset":96024,"line":1952,"column":1},"stop":{"byteOffset":96776,"line":1964,"column":31}},"coreStart":1920,"members":[{"index":0,"name":[["str","psErasureEtaNameWithFuel"],["str","$psc0SH"],["num","0"]],"role":"normalizedWorker"},{"index":1,"name":[["str","psErasureEtaNameWithFuel"]],"role":"publicWrapper"}],"normalization":{"functionName":[["str","psErasureEtaNameWithFuel"]],"workerName":[["str","psErasureEtaNameWithFuel"],["str","$psc0SH"],["num","0"]],"parameterIds":["0","1","2","3"],"explicitIds":["0","1","2","3"],"majorId":"2","generalizedIds":["3","3"],"workerBinderCount":3,"workerTypeKind":"forallE","workerValueKind":"matchE","actualWorkerSyntaxRetained":true}},{"sourceIndex":65,"sourceName":["psErasureEtaParameters"],"span":{"start":{"byteOffset":96778,"line":1966,"column":1},"stop":{"byteOffset":97730,"line":1980,"column":80}},"coreStart":1922,"members":[{"index":0,"name":[["str","psErasureEtaParameters"]],"role":"sourceDeclaration"}],"normalization":null},{"sourceIndex":66,"sourceName":["psErasureEtaFunction"],"span":{"start":{"byteOffset":97733,"line":1982,"column":1},"stop":{"byteOffset":98715,"line":1997,"column":73}},"coreStart":1923,"members":[{"index":0,"name":[["str","psErasureEtaFunction"]],"role":"sourceDeclaration"}],"normalization":null},{"sourceIndex":67,"sourceName":["PsErasureSpecialEntry"],"span":{"start":{"byteOffset":98718,"line":1999,"column":1},"stop":{"byteOffset":98790,"line":2001,"column":21}},"coreStart":1924,"members":[{"index":0,"name":[["str","PsErasureSpecialEntry"]],"role":"structureType"},{"index":1,"name":[["str","PsErasureSpecialEntry"],["str","mk"]],"role":"constructor"},{"index":2,"name":[["str","PsErasureSpecialEntry"],["str","rec"]],"role":"recursor"}],"normalization":null},{"sourceIndex":68,"sourceName":["psErasureSpecialEntry"],"span":{"start":{"byteOffset":98942,"line":2005,"column":1},"stop":{"byteOffset":101607,"line":2058,"column":45}},"coreStart":1927,"members":[{"index":0,"name":[["str","psErasureSpecialEntry"]],"role":"sourceDeclaration"}],"normalization":null},{"sourceIndex":69,"sourceName":["PsErasureSpecialCompletion"],"span":{"start":{"byteOffset":101609,"line":2060,"column":1},"stop":{"byteOffset":101819,"line":2065,"column":66}},"coreStart":1928,"members":[{"index":0,"name":[["str","PsErasureSpecialCompletion"]],"role":"structureType"},{"index":1,"name":[["str","PsErasureSpecialCompletion"],["str","mk"]],"role":"constructor"},{"index":2,"name":[["str","PsErasureSpecialCompletion"],["str","rec"]],"role":"recursor"}],"normalization":null},{"sourceIndex":70,"sourceName":["psEraseCompleteSpecialWithFuel"],"span":{"start":{"byteOffset":102063,"line":2070,"column":1},"stop":{"byteOffset":109683,"line":2189,"column":68}},"coreStart":1931,"members":[{"index":0,"name":[["str","psEraseCompleteSpecialWithFuel"],["str","$psc0SH"],["num","0"]],"role":"normalizedWorker"},{"index":1,"name":[["str","psEraseCompleteSpecialWithFuel"]],"role":"publicWrapper"}],"normalization":{"functionName":[["str","psEraseCompleteSpecialWithFuel"]],"workerName":[["str","psEraseCompleteSpecialWithFuel"],["str","$psc0SH"],["num","0"]],"parameterIds":["0","1","2","3","4","5"],"explicitIds":["0","1","2","3","4","5"],"majorId":"2","generalizedIds":["3","4","5","3","4","5","3","4","5","3","4","5"],"workerBinderCount":3,"workerTypeKind":"forallE","workerValueKind":"matchE","actualWorkerSyntaxRetained":true}},{"sourceIndex":71,"sourceName":["psEraseSpecialBoundary"],"span":{"start":{"byteOffset":109685,"line":2191,"column":1},"stop":{"byteOffset":111881,"line":2226,"column":31}},"coreStart":1933,"members":[{"index":0,"name":[["str","psEraseSpecialBoundary"]],"role":"sourceDeclaration"}],"normalization":null},{"sourceIndex":72,"sourceName":["psEraseCanonicalApplication"],"span":{"start":{"byteOffset":111883,"line":2228,"column":1},"stop":{"byteOffset":112494,"line":2238,"column":91}},"coreStart":1934,"members":[{"index":0,"name":[["str","psEraseCanonicalApplication"]],"role":"sourceDeclaration"}],"normalization":null},{"sourceIndex":73,"sourceName":["psErasureResolveEntry"],"span":{"start":{"byteOffset":112733,"line":2243,"column":1},"stop":{"byteOffset":114007,"line":2265,"column":39}},"coreStart":1935,"members":[{"index":0,"name":[["str","psErasureResolveEntry"]],"role":"sourceDeclaration"}],"normalization":null},{"sourceIndex":74,"sourceName":["psEraseGeneralApplication"],"span":{"start":{"byteOffset":114009,"line":2267,"column":1},"stop":{"byteOffset":115874,"line":2300,"column":66}},"coreStart":1936,"members":[{"index":0,"name":[["str","psEraseGeneralApplication"]],"role":"sourceDeclaration"}],"normalization":null},{"sourceIndex":75,"sourceName":["psErasureNestedRuntimeScope"],"span":{"start":{"byteOffset":116116,"line":2305,"column":1},"stop":{"byteOffset":116467,"line":2309,"column":41}},"coreStart":1937,"members":[{"index":0,"name":[["str","psErasureNestedRuntimeScope"]],"role":"sourceDeclaration"}],"normalization":null},{"sourceIndex":76,"sourceName":["psEraseRuntimeExprWithFuelWorker"],"span":{"start":{"byteOffset":116469,"line":2311,"column":1},"stop":{"byteOffset":137744,"line":2711,"column":41}},"coreStart":1938,"members":[{"index":0,"name":[["str","psEraseRuntimeExprWithFuelWorker"]],"role":"sourceDeclaration"}],"normalization":null},{"sourceIndex":77,"sourceName":["psEraseRuntimeExprWithFuel"],"span":{"start":{"byteOffset":137747,"line":2713,"column":1},"stop":{"byteOffset":137976,"line":2716,"column":63}},"coreStart":1939,"members":[{"index":0,"name":[["str","psEraseRuntimeExprWithFuel"]],"role":"sourceDeclaration"}],"normalization":null},{"sourceIndex":78,"sourceName":["psEraseRuntimeExpr"],"span":{"start":{"byteOffset":137978,"line":2718,"column":1},"stop":{"byteOffset":138188,"line":2723,"column":57}},"coreStart":1940,"members":[{"index":0,"name":[["str","psEraseRuntimeExpr"]],"role":"sourceDeclaration"}],"normalization":null}]},{"moduleName":["Ps","Erasure","Inductive"],"coreStart":1941,"batches":[{"sourceIndex":0,"sourceName":["PsPreparedInductiveParameters"],"span":{"start":{"byteOffset":25,"line":3,"column":1},"stop":{"byteOffset":168,"line":6,"column":50}},"coreStart":1941,"members":[{"index":0,"name":[["str","PsPreparedInductiveParameters"]],"role":"structureType"},{"index":1,"name":[["str","PsPreparedInductiveParameters"],["str","mk"]],"role":"constructor"},{"index":2,"name":[["str","PsPreparedInductiveParameters"],["str","rec"]],"role":"recursor"}],"normalization":null},{"sourceIndex":1,"sourceName":["psPrepareInductiveParametersWithFuel"],"span":{"start":{"byteOffset":170,"line":8,"column":1},"stop":{"byteOffset":3381,"line":69,"column":57}},"coreStart":1944,"members":[{"index":0,"name":[["str","psPrepareInductiveParametersWithFuel"]],"role":"sourceDeclaration"}],"normalization":null},{"sourceIndex":2,"sourceName":["psPrepareInductiveParameters"],"span":{"start":{"byteOffset":3383,"line":71,"column":1},"stop":{"byteOffset":3695,"line":84,"column":7}},"coreStart":1945,"members":[{"index":0,"name":[["str","psPrepareInductiveParameters"]],"role":"sourceDeclaration"}],"normalization":null},{"sourceIndex":3,"sourceName":["psApplyConstructorParameters"],"span":{"start":{"byteOffset":3697,"line":86,"column":1},"stop":{"byteOffset":4388,"line":103,"column":56}},"coreStart":1946,"members":[{"index":0,"name":[["str","psApplyConstructorParameters"]],"role":"sourceDeclaration"}],"normalization":null},{"sourceIndex":4,"sourceName":["PsPreparedConstructorFields"],"span":{"start":{"byteOffset":4390,"line":105,"column":1},"stop":{"byteOffset":4475,"line":106,"column":42}},"coreStart":1947,"members":[{"index":0,"name":[["str","PsPreparedConstructorFields"]],"role":"structureType"},{"index":1,"name":[["str","PsPreparedConstructorFields"],["str","mk"]],"role":"constructor"},{"index":2,"name":[["str","PsPreparedConstructorFields"],["str","rec"]],"role":"recursor"}],"normalization":null},{"sourceIndex":5,"sourceName":["psPrepareConstructorFieldsWithFuel"],"span":{"start":{"byteOffset":4477,"line":108,"column":1},"stop":{"byteOffset":7880,"line":173,"column":57}},"coreStart":1950,"members":[{"index":0,"name":[["str","psPrepareConstructorFieldsWithFuel"]],"role":"sourceDeclaration"}],"normalization":null},{"sourceIndex":6,"sourceName":["psPrepareConstructorFields"],"span":{"start":{"byteOffset":7882,"line":175,"column":1},"stop":{"byteOffset":8190,"line":188,"column":7}},"coreStart":1951,"members":[{"index":0,"name":[["str","psPrepareConstructorFields"]],"role":"sourceDeclaration"}],"normalization":null},{"sourceIndex":7,"sourceName":["psFindConstructorDeclaration"],"span":{"start":{"byteOffset":8192,"line":190,"column":1},"stop":{"byteOffset":8730,"line":199,"column":30}},"coreStart":1952,"members":[{"index":0,"name":[["str","psFindConstructorDeclaration"]],"role":"sourceDeclaration"}],"normalization":null},{"sourceIndex":8,"sourceName":["psFindRecursorDeclaration"],"span":{"start":{"byteOffset":8733,"line":202,"column":1},"stop":{"byteOffset":9256,"line":211,"column":30}},"coreStart":1953,"members":[{"index":0,"name":[["str","psFindRecursorDeclaration"]],"role":"sourceDeclaration"}],"normalization":null},{"sourceIndex":9,"sourceName":["psPrepareRuntimeConstructors"],"span":{"start":{"byteOffset":9259,"line":214,"column":1},"stop":{"byteOffset":11739,"line":262,"column":59}},"coreStart":1954,"members":[{"index":0,"name":[["str","psPrepareRuntimeConstructors"]],"role":"sourceDeclaration"}],"normalization":null},{"sourceIndex":10,"sourceName":["PsPreparedInductiveResult"],"span":{"start":{"byteOffset":11742,"line":264,"column":1},"stop":{"byteOffset":11837,"line":266,"column":29}},"coreStart":1955,"members":[{"index":0,"name":[["str","PsPreparedInductiveResult"]],"role":"structureType"},{"index":1,"name":[["str","PsPreparedInductiveResult"],["str","mk"]],"role":"constructor"},{"index":2,"name":[["str","PsPreparedInductiveResult"],["str","rec"]],"role":"recursor"}],"normalization":null},{"sourceIndex":11,"sourceName":["psErasureAppendConstructorEntries"],"span":{"start":{"byteOffset":11839,"line":268,"column":1},"stop":{"byteOffset":12098,"line":270,"column":62}},"coreStart":1958,"members":[{"index":0,"name":[["str","psErasureAppendConstructorEntries"]],"role":"sourceDeclaration"}],"normalization":null},{"sourceIndex":12,"sourceName":["psPrepareRuntimeInductive"],"span":{"start":{"byteOffset":12100,"line":272,"column":1},"stop":{"byteOffset":16249,"line":361,"column":20}},"coreStart":1959,"members":[{"index":0,"name":[["str","psPrepareRuntimeInductive"]],"role":"sourceDeclaration"}],"normalization":null},{"sourceIndex":13,"sourceName":["PsPreparedInductivesResult"],"span":{"start":{"byteOffset":16251,"line":363,"column":1},"stop":{"byteOffset":16352,"line":365,"column":34}},"coreStart":1960,"members":[{"index":0,"name":[["str","PsPreparedInductivesResult"]],"role":"structureType"},{"index":1,"name":[["str","PsPreparedInductivesResult"],["str","mk"]],"role":"constructor"},{"index":2,"name":[["str","PsPreparedInductivesResult"],["str","rec"]],"role":"recursor"}],"normalization":null},{"sourceIndex":14,"sourceName":["psPrepareRuntimeInductives"],"span":{"start":{"byteOffset":16354,"line":367,"column":1},"stop":{"byteOffset":17651,"line":408,"column":18}},"coreStart":1963,"members":[{"index":0,"name":[["str","psPrepareRuntimeInductives"],["str","$psc0SH"],["num","0"]],"role":"normalizedWorker"},{"index":1,"name":[["str","psPrepareRuntimeInductives"]],"role":"publicWrapper"}],"normalization":{"functionName":[["str","psPrepareRuntimeInductives"]],"workerName":[["str","psPrepareRuntimeInductives"],["str","$psc0SH"],["num","0"]],"parameterIds":["0","1","2","3","4"],"explicitIds":["0","1","2","3","4"],"majorId":"2","generalizedIds":["3","4"],"workerBinderCount":3,"workerTypeKind":"forallE","workerValueKind":"matchE","actualWorkerSyntaxRetained":true}}]},{"moduleName":["Ps","Erasure","Structure"],"coreStart":1965,"batches":[{"sourceIndex":0,"sourceName":["PsPreparedStructureResult"],"span":{"start":{"byteOffset":29,"line":3,"column":1},"stop":{"byteOffset":124,"line":5,"column":29}},"coreStart":1965,"members":[{"index":0,"name":[["str","PsPreparedStructureResult"]],"role":"structureType"},{"index":1,"name":[["str","PsPreparedStructureResult"],["str","mk"]],"role":"constructor"},{"index":2,"name":[["str","PsPreparedStructureResult"],["str","rec"]],"role":"recursor"}],"normalization":null},{"sourceIndex":1,"sourceName":["psPrepareRuntimeStructure"],"span":{"start":{"byteOffset":126,"line":7,"column":1},"stop":{"byteOffset":5288,"line":100,"column":62}},"coreStart":1968,"members":[{"index":0,"name":[["str","psPrepareRuntimeStructure"]],"role":"sourceDeclaration"}],"normalization":null},{"sourceIndex":2,"sourceName":["PsPreparedStructuresResult"],"span":{"start":{"byteOffset":5290,"line":102,"column":1},"stop":{"byteOffset":5391,"line":104,"column":34}},"coreStart":1969,"members":[{"index":0,"name":[["str","PsPreparedStructuresResult"]],"role":"structureType"},{"index":1,"name":[["str","PsPreparedStructuresResult"],["str","mk"]],"role":"constructor"},{"index":2,"name":[["str","PsPreparedStructuresResult"],["str","rec"]],"role":"recursor"}],"normalization":null},{"sourceIndex":3,"sourceName":["psPrepareRuntimeStructures"],"span":{"start":{"byteOffset":5393,"line":106,"column":1},"stop":{"byteOffset":6730,"line":147,"column":26}},"coreStart":1972,"members":[{"index":0,"name":[["str","psPrepareRuntimeStructures"],["str","$psc0SH"],["num","0"]],"role":"normalizedWorker"},{"index":1,"name":[["str","psPrepareRuntimeStructures"]],"role":"publicWrapper"}],"normalization":{"functionName":[["str","psPrepareRuntimeStructures"]],"workerName":[["str","psPrepareRuntimeStructures"],["str","$psc0SH"],["num","0"]],"parameterIds":["0","1","2","3","4"],"explicitIds":["0","1","2","3","4"],"majorId":"2","generalizedIds":["3","4"],"workerBinderCount":3,"workerTypeKind":"forallE","workerValueKind":"matchE","actualWorkerSyntaxRetained":true}}]},{"moduleName":["Ps","Erasure","StructureRecursor"],"coreStart":1974,"batches":[{"sourceIndex":0,"sourceName":["psErasureStructureNameFromRecursor"],"span":{"start":{"byteOffset":29,"line":3,"column":1},"stop":{"byteOffset":271,"line":11,"column":21}},"coreStart":1974,"members":[{"index":0,"name":[["str","psErasureStructureNameFromRecursor"]],"role":"sourceDeclaration"}],"normalization":null},{"sourceIndex":1,"sourceName":["psErasureApplyStructureMinorFields"],"span":{"start":{"byteOffset":273,"line":13,"column":1},"stop":{"byteOffset":1015,"line":29,"column":56}},"coreStart":1975,"members":[{"index":0,"name":[["str","psErasureApplyStructureMinorFields"]],"role":"sourceDeclaration"}],"normalization":null},{"sourceIndex":2,"sourceName":["psTryLowerStructureRecursorApplication"],"span":{"start":{"byteOffset":1018,"line":32,"column":1},"stop":{"byteOffset":6897,"line":119,"column":31}},"coreStart":1976,"members":[{"index":0,"name":[["str","psTryLowerStructureRecursorApplication"]],"role":"sourceDeclaration"}],"normalization":null},{"sourceIndex":3,"sourceName":["psLowerStructureRecursorsWithFuel"],"span":{"start":{"byteOffset":6899,"line":121,"column":1},"stop":{"byteOffset":10199,"line":206,"column":28}},"coreStart":1977,"members":[{"index":0,"name":[["str","psLowerStructureRecursorsWithFuel"]],"role":"sourceDeclaration"}],"normalization":null},{"sourceIndex":4,"sourceName":["psLowerStructureRecursors"],"span":{"start":{"byteOffset":10202,"line":209,"column":1},"stop":{"byteOffset":10377,"line":212,"column":58}},"coreStart":1978,"members":[{"index":0,"name":[["str","psLowerStructureRecursors"]],"role":"sourceDeclaration"}],"normalization":null}]},{"moduleName":["Ps","Erasure","Definition"],"coreStart":1979,"batches":[{"sourceIndex":0,"sourceName":["PsOpenedErasedDefinition"],"span":{"start":{"byteOffset":88,"line":5,"column":1},"stop":{"byteOffset":278,"line":9,"column":26}},"coreStart":1979,"members":[{"index":0,"name":[["str","PsOpenedErasedDefinition"]],"role":"structureType"},{"index":1,"name":[["str","PsOpenedErasedDefinition"],["str","mk"]],"role":"constructor"},{"index":2,"name":[["str","PsOpenedErasedDefinition"],["str","rec"]],"role":"recursor"}],"normalization":null},{"sourceIndex":1,"sourceName":["psErasureStringInList"],"span":{"start":{"byteOffset":280,"line":11,"column":1},"stop":{"byteOffset":606,"line":17,"column":65}},"coreStart":1982,"members":[{"index":0,"name":[["str","psErasureStringInList"]],"role":"sourceDeclaration"}],"normalization":null},{"sourceIndex":2,"sourceName":["psErasureAddUniqueStringWorker"],"span":{"start":{"byteOffset":608,"line":19,"column":1},"stop":{"byteOffset":984,"line":29,"column":16}},"coreStart":1983,"members":[{"index":0,"name":[["str","psErasureAddUniqueStringWorker"],["str","$psc0SH"],["num","0"]],"role":"normalizedWorker"},{"index":1,"name":[["str","psErasureAddUniqueStringWorker"]],"role":"publicWrapper"}],"normalization":{"functionName":[["str","psErasureAddUniqueStringWorker"]],"workerName":[["str","psErasureAddUniqueStringWorker"],["str","$psc0SH"],["num","0"]],"parameterIds":["0","1","2"],"explicitIds":["0","1","2"],"majorId":"1","generalizedIds":["2"],"workerBinderCount":2,"workerTypeKind":"forallE","workerValueKind":"matchE","actualWorkerSyntaxRetained":true}},{"sourceIndex":3,"sourceName":["psErasureAddUniqueString"],"span":{"start":{"byteOffset":986,"line":31,"column":1},"stop":{"byteOffset":1132,"line":32,"column":52}},"coreStart":1985,"members":[{"index":0,"name":[["str","psErasureAddUniqueString"]],"role":"sourceDeclaration"}],"normalization":null},{"sourceIndex":4,"sourceName":["PsErasureNameState"],"span":{"start":{"byteOffset":1134,"line":34,"column":1},"stop":{"byteOffset":1227,"line":36,"column":37}},"coreStart":1986,"members":[{"index":0,"name":[["str","PsErasureNameState"]],"role":"structureType"},{"index":1,"name":[["str","PsErasureNameState"],["str","mk"]],"role":"constructor"},{"index":2,"name":[["str","PsErasureNameState"],["str","rec"]],"role":"recursor"}],"normalization":null},{"sourceIndex":5,"sourceName":["psBuildErasureDeclarationNamesWorker"],"span":{"start":{"byteOffset":1230,"line":38,"column":1},"stop":{"byteOffset":2338,"line":63,"column":67}},"coreStart":1989,"members":[{"index":0,"name":[["str","psBuildErasureDeclarationNamesWorker"],["str","$psc0SH"],["num","0"]],"role":"normalizedWorker"},{"index":1,"name":[["str","psBuildErasureDeclarationNamesWorker"]],"role":"publicWrapper"}],"normalization":{"functionName":[["str","psBuildErasureDeclarationNamesWorker"]],"workerName":[["str","psBuildErasureDeclarationNamesWorker"],["str","$psc0SH"],["num","0"]],"parameterIds":["0","1"],"explicitIds":["0","1"],"majorId":"0","generalizedIds":["1"],"workerBinderCount":1,"workerTypeKind":"forallE","workerValueKind":"matchE","actualWorkerSyntaxRetained":true}},{"sourceIndex":6,"sourceName":["psBuildErasureDeclarationNames"],"span":{"start":{"byteOffset":2342,"line":65,"column":1},"stop":{"byteOffset":2531,"line":68,"column":58}},"coreStart":1991,"members":[{"index":0,"name":[["str","psBuildErasureDeclarationNames"]],"role":"sourceDeclaration"}],"normalization":null},{"sourceIndex":7,"sourceName":["psErasureReverseDeclarationNamesAcc"],"span":{"start":{"byteOffset":2533,"line":70,"column":1},"stop":{"byteOffset":2992,"line":80,"column":37}},"coreStart":1992,"members":[{"index":0,"name":[["str","psErasureReverseDeclarationNamesAcc"]],"role":"sourceDeclaration"}],"normalization":null},{"sourceIndex":8,"sourceName":["psErasureDeclarationNames"],"span":{"start":{"byteOffset":2995,"line":82,"column":1},"stop":{"byteOffset":3279,"line":89,"column":64}},"coreStart":1993,"members":[{"index":0,"name":[["str","psErasureDeclarationNames"]],"role":"sourceDeclaration"}],"normalization":null},{"sourceIndex":9,"sourceName":["psErasureReverseTypeParametersAcc"],"span":{"start":{"byteOffset":3281,"line":91,"column":1},"stop":{"byteOffset":3799,"line":101,"column":41}},"coreStart":1994,"members":[{"index":0,"name":[["str","psErasureReverseTypeParametersAcc"]],"role":"sourceDeclaration"}],"normalization":null},{"sourceIndex":10,"sourceName":["psErasureReverseParametersAcc"],"span":{"start":{"byteOffset":3802,"line":103,"column":1},"stop":{"byteOffset":4284,"line":113,"column":41}},"coreStart":1995,"members":[{"index":0,"name":[["str","psErasureReverseParametersAcc"]],"role":"sourceDeclaration"}],"normalization":null},{"sourceIndex":11,"sourceName":["psErasureAppendRuntimeParameter"],"span":{"start":{"byteOffset":4287,"line":115,"column":1},"stop":{"byteOffset":4555,"line":121,"column":69}},"coreStart":1996,"members":[{"index":0,"name":[["str","psErasureAppendRuntimeParameter"]],"role":"sourceDeclaration"}],"normalization":null},{"sourceIndex":12,"sourceName":["psEraseOpenDefinitionWithFuel"],"span":{"start":{"byteOffset":4558,"line":123,"column":1},"stop":{"byteOffset":13149,"line":318,"column":29}},"coreStart":1997,"members":[{"index":0,"name":[["str","psEraseOpenDefinitionWithFuel"]],"role":"sourceDeclaration"}],"normalization":null},{"sourceIndex":13,"sourceName":["psEraseOpenDefinition"],"span":{"start":{"byteOffset":13152,"line":320,"column":1},"stop":{"byteOffset":13428,"line":333,"column":7}},"coreStart":1998,"members":[{"index":0,"name":[["str","psEraseOpenDefinition"]],"role":"sourceDeclaration"}],"normalization":null},{"sourceIndex":14,"sourceName":["psErasureEnsureDefinitionEntry"],"span":{"start":{"byteOffset":13673,"line":338,"column":1},"stop":{"byteOffset":14668,"line":355,"column":63}},"coreStart":1999,"members":[{"index":0,"name":[["str","psErasureEnsureDefinitionEntry"]],"role":"sourceDeclaration"}],"normalization":null},{"sourceIndex":15,"sourceName":["psEraseDefinition"],"span":{"start":{"byteOffset":14671,"line":357,"column":1},"stop":{"byteOffset":17759,"line":426,"column":72}},"coreStart":2000,"members":[{"index":0,"name":[["str","psEraseDefinition"]],"role":"sourceDeclaration"}],"normalization":null},{"sourceIndex":16,"sourceName":["psErasureReverseIrDeclarationsAcc"],"span":{"start":{"byteOffset":17763,"line":428,"column":1},"stop":{"byteOffset":18275,"line":438,"column":43}},"coreStart":2001,"members":[{"index":0,"name":[["str","psErasureReverseIrDeclarationsAcc"]],"role":"sourceDeclaration"}],"normalization":null},{"sourceIndex":17,"sourceName":["psEraseDefinitionsLoopWorker"],"span":{"start":{"byteOffset":18278,"line":440,"column":1},"stop":{"byteOffset":19858,"line":472,"column":78}},"coreStart":2002,"members":[{"index":0,"name":[["str","psEraseDefinitionsLoopWorker"],["str","$psc0SH"],["num","0"]],"role":"normalizedWorker"},{"index":1,"name":[["str","psEraseDefinitionsLoopWorker"]],"role":"publicWrapper"}],"normalization":{"functionName":[["str","psEraseDefinitionsLoopWorker"]],"workerName":[["str","psEraseDefinitionsLoopWorker"],["str","$psc0SH"],["num","0"]],"parameterIds":["0","1","2","3"],"explicitIds":["0","1","2","3"],"majorId":"2","generalizedIds":["3","3"],"workerBinderCount":3,"workerTypeKind":"forallE","workerValueKind":"matchE","actualWorkerSyntaxRetained":true}},{"sourceIndex":18,"sourceName":["psEraseDefinitionsLoop"],"span":{"start":{"byteOffset":19860,"line":474,"column":1},"stop":{"byteOffset":20182,"line":480,"column":78}},"coreStart":2004,"members":[{"index":0,"name":[["str","psEraseDefinitionsLoop"]],"role":"sourceDeclaration"}],"normalization":null},{"sourceIndex":19,"sourceName":["psErasureAppendDeclarations"],"span":{"start":{"byteOffset":20184,"line":482,"column":1},"stop":{"byteOffset":20588,"line":487,"column":77}},"coreStart":2005,"members":[{"index":0,"name":[["str","psErasureAppendDeclarations"]],"role":"sourceDeclaration"}],"normalization":null},{"sourceIndex":20,"sourceName":["psEraseCoreModuleWithRuntimePrelude"],"span":{"start":{"byteOffset":20591,"line":489,"column":1},"stop":{"byteOffset":22302,"line":532,"column":20}},"coreStart":2006,"members":[{"index":0,"name":[["str","psEraseCoreModuleWithRuntimePrelude"]],"role":"sourceDeclaration"}],"normalization":null},{"sourceIndex":21,"sourceName":["psEraseCoreModule"],"span":{"start":{"byteOffset":22304,"line":534,"column":1},"stop":{"byteOffset":22533,"line":541,"column":17}},"coreStart":2007,"members":[{"index":0,"name":[["str","psEraseCoreModule"]],"role":"sourceDeclaration"}],"normalization":null}]},{"moduleName":["Ps","Compiler","Api"],"coreStart":2008,"batches":[{"sourceIndex":0,"sourceName":["PsCompilerSourceKind"],"span":{"start":{"byteOffset":154,"line":7,"column":1},"stop":{"byteOffset":215,"line":9,"column":16}},"coreStart":2008,"members":[{"index":0,"name":[["str","PsCompilerSourceKind"]],"role":"inductiveType"},{"index":1,"name":[["str","PsCompilerSourceKind"],["str","lean"]],"role":"constructor"},{"index":2,"name":[["str","PsCompilerSourceKind"],["str","proofScript"]],"role":"constructor"},{"index":3,"name":[["str","PsCompilerSourceKind"],["str","rec"]],"role":"recursor"}],"normalization":null},{"sourceIndex":1,"sourceName":["PsCompilerError"],"span":{"start":{"byteOffset":217,"line":11,"column":1},"stop":{"byteOffset":529,"line":17,"column":37}},"coreStart":2012,"members":[{"index":0,"name":[["str","PsCompilerError"]],"role":"inductiveType"},{"index":1,"name":[["str","PsCompilerError"],["str","translation"]],"role":"constructor"},{"index":2,"name":[["str","PsCompilerError"],["str","leanFrontend"]],"role":"constructor"},{"index":3,"name":[["str","PsCompilerError"],["str","proofScriptFrontend"]],"role":"constructor"},{"index":4,"name":[["str","PsCompilerError"],["str","elaboration"]],"role":"constructor"},{"index":5,"name":[["str","PsCompilerError"],["str","admission"]],"role":"constructor"},{"index":6,"name":[["str","PsCompilerError"],["str","erasure"]],"role":"constructor"},{"index":7,"name":[["str","PsCompilerError"],["str","rec"]],"role":"recursor"}],"normalization":null},{"sourceIndex":2,"sourceName":["PsCompilerAdmissionReadyModule"],"span":{"start":{"byteOffset":531,"line":19,"column":1},"stop":{"byteOffset":613,"line":20,"column":36}},"coreStart":2020,"members":[{"index":0,"name":[["str","PsCompilerAdmissionReadyModule"]],"role":"structureType"},{"index":1,"name":[["str","PsCompilerAdmissionReadyModule"],["str","mk"]],"role":"constructor"},{"index":2,"name":[["str","PsCompilerAdmissionReadyModule"],["str","rec"]],"role":"recursor"}],"normalization":null},{"sourceIndex":3,"sourceName":["PsCompilerPreparationState"],"span":{"start":{"byteOffset":777,"line":24,"column":1},"stop":{"byteOffset":924,"line":27,"column":39}},"coreStart":2023,"members":[{"index":0,"name":[["str","PsCompilerPreparationState"]],"role":"structureType"},{"index":1,"name":[["str","PsCompilerPreparationState"],["str","mk"]],"role":"constructor"},{"index":2,"name":[["str","PsCompilerPreparationState"],["str","rec"]],"role":"recursor"}],"normalization":null},{"sourceIndex":4,"sourceName":["PsCompilerPreparationOutput"],"span":{"start":{"byteOffset":1083,"line":31,"column":1},"stop":{"byteOffset":1222,"line":34,"column":22}},"coreStart":2026,"members":[{"index":0,"name":[["str","PsCompilerPreparationOutput"]],"role":"structureType"},{"index":1,"name":[["str","PsCompilerPreparationOutput"],["str","mk"]],"role":"constructor"},{"index":2,"name":[["str","PsCompilerPreparationOutput"],["str","rec"]],"role":"recursor"}],"normalization":null},{"sourceIndex":5,"sourceName":["PsCompilerPreparationStepWithOriginsResult"],"span":{"start":{"byteOffset":1224,"line":36,"column":1},"stop":{"byteOffset":1354,"line":38,"column":35}},"coreStart":2029,"members":[{"index":0,"name":[["str","PsCompilerPreparationStepWithOriginsResult"]],"role":"structureType"},{"index":1,"name":[["str","PsCompilerPreparationStepWithOriginsResult"],["str","mk"]],"role":"constructor"},{"index":2,"name":[["str","PsCompilerPreparationStepWithOriginsResult"],["str","rec"]],"role":"recursor"}],"normalization":null},{"sourceIndex":6,"sourceName":["psCompilerTranslateSource"],"span":{"start":{"byteOffset":1356,"line":40,"column":1},"stop":{"byteOffset":2229,"line":62,"column":23}},"coreStart":2032,"members":[{"index":0,"name":[["str","psCompilerTranslateSource"]],"role":"sourceDeclaration"}],"normalization":null},{"sourceIndex":7,"sourceName":["psCompilerParseSource"],"span":{"start":{"byteOffset":2231,"line":64,"column":1},"stop":{"byteOffset":2874,"line":80,"column":33}},"coreStart":2033,"members":[{"index":0,"name":[["str","psCompilerParseSource"]],"role":"sourceDeclaration"}],"normalization":null},{"sourceIndex":8,"sourceName":["psCompilerElaborateModule"],"span":{"start":{"byteOffset":2876,"line":82,"column":1},"stop":{"byteOffset":3200,"line":89,"column":27}},"coreStart":2034,"members":[{"index":0,"name":[["str","psCompilerElaborateModule"]],"role":"sourceDeclaration"}],"normalization":null},{"sourceIndex":9,"sourceName":["psCompilerElaborateSource"],"span":{"start":{"byteOffset":3202,"line":91,"column":1},"stop":{"byteOffset":3523,"line":99,"column":45}},"coreStart":2035,"members":[{"index":0,"name":[["str","psCompilerElaborateSource"]],"role":"sourceDeclaration"}],"normalization":null},{"sourceIndex":10,"sourceName":["psCompilerPrepareElaboratedWithOutput"],"span":{"start":{"byteOffset":3525,"line":101,"column":1},"stop":{"byteOffset":4169,"line":114,"column":83}},"coreStart":2036,"members":[{"index":0,"name":[["str","psCompilerPrepareElaboratedWithOutput"]],"role":"sourceDeclaration"}],"normalization":null},{"sourceIndex":11,"sourceName":["psCompilerPrepareElaborated"],"span":{"start":{"byteOffset":4172,"line":116,"column":1},"stop":{"byteOffset":4461,"line":121,"column":50}},"coreStart":2037,"members":[{"index":0,"name":[["str","psCompilerPrepareElaborated"]],"role":"sourceDeclaration"}],"normalization":null},{"sourceIndex":12,"sourceName":["psCompilerCheckElaborated"],"span":{"start":{"byteOffset":4463,"line":123,"column":1},"stop":{"byteOffset":4634,"line":126,"column":41}},"coreStart":2038,"members":[{"index":0,"name":[["str","psCompilerCheckElaborated"]],"role":"sourceDeclaration"}],"normalization":null},{"sourceIndex":13,"sourceName":["psCompilerPrepareSource"],"span":{"start":{"byteOffset":4636,"line":128,"column":1},"stop":{"byteOffset":4969,"line":136,"column":45}},"coreStart":2039,"members":[{"index":0,"name":[["str","psCompilerPrepareSource"]],"role":"sourceDeclaration"}],"normalization":null},{"sourceIndex":14,"sourceName":["psCompilerPreparationStart"],"span":{"start":{"byteOffset":5129,"line":140,"column":1},"stop":{"byteOffset":5320,"line":143,"column":57}},"coreStart":2040,"members":[{"index":0,"name":[["str","psCompilerPreparationStart"]],"role":"sourceDeclaration"}],"normalization":null},{"sourceIndex":15,"sourceName":["psCompilerPreparationStepParsedWithOrigins"],"span":{"start":{"byteOffset":5485,"line":147,"column":1},"stop":{"byteOffset":6180,"line":160,"column":84}},"coreStart":2041,"members":[{"index":0,"name":[["str","psCompilerPreparationStepParsedWithOrigins"]],"role":"sourceDeclaration"}],"normalization":null},{"sourceIndex":16,"sourceName":["psCompilerPreparationStepParsed"],"span":{"start":{"byteOffset":6183,"line":162,"column":1},"stop":{"byteOffset":6557,"line":168,"column":47}},"coreStart":2042,"members":[{"index":0,"name":[["str","psCompilerPreparationStepParsed"]],"role":"sourceDeclaration"}],"normalization":null},{"sourceIndex":17,"sourceName":["psCompilerPreparationStep"],"span":{"start":{"byteOffset":6559,"line":170,"column":1},"stop":{"byteOffset":6901,"line":177,"column":57}},"coreStart":2043,"members":[{"index":0,"name":[["str","psCompilerPreparationStep"]],"role":"sourceDeclaration"}],"normalization":null},{"sourceIndex":18,"sourceName":["psCompilerPreparationElaborated"],"span":{"start":{"byteOffset":6903,"line":179,"column":1},"stop":{"byteOffset":7082,"line":181,"column":79}},"coreStart":2044,"members":[{"index":0,"name":[["str","psCompilerPreparationElaborated"]],"role":"sourceDeclaration"}],"normalization":null},{"sourceIndex":19,"sourceName":["psCompilerPreparationFinishWithOutput"],"span":{"start":{"byteOffset":7085,"line":183,"column":1},"stop":{"byteOffset":7306,"line":186,"column":79}},"coreStart":2045,"members":[{"index":0,"name":[["str","psCompilerPreparationFinishWithOutput"]],"role":"sourceDeclaration"}],"normalization":null},{"sourceIndex":20,"sourceName":["psCompilerPreparationFinish"],"span":{"start":{"byteOffset":7309,"line":188,"column":1},"stop":{"byteOffset":7596,"line":193,"column":50}},"coreStart":2046,"members":[{"index":0,"name":[["str","psCompilerPreparationFinish"]],"role":"sourceDeclaration"}],"normalization":null},{"sourceIndex":21,"sourceName":["psCompilerPreparationSourcesWorker"],"span":{"start":{"byteOffset":7598,"line":195,"column":1},"stop":{"byteOffset":8028,"line":205,"column":71}},"coreStart":2047,"members":[{"index":0,"name":[["str","psCompilerPreparationSourcesWorker"],["str","$psc0SH"],["num","0"]],"role":"normalizedWorker"},{"index":1,"name":[["str","psCompilerPreparationSourcesWorker"]],"role":"publicWrapper"}],"normalization":{"functionName":[["str","psCompilerPreparationSourcesWorker"]],"workerName":[["str","psCompilerPreparationSourcesWorker"],["str","$psc0SH"],["num","0"]],"parameterIds":["0","1"],"explicitIds":["0","1"],"majorId":"0","generalizedIds":["1"],"workerBinderCount":1,"workerTypeKind":"forallE","workerValueKind":"matchE","actualWorkerSyntaxRetained":true}},{"sourceIndex":22,"sourceName":["psCompilerElaborateSourcesWorker"],"span":{"start":{"byteOffset":8030,"line":207,"column":1},"stop":{"byteOffset":8566,"line":215,"column":74}},"coreStart":2049,"members":[{"index":0,"name":[["str","psCompilerElaborateSourcesWorker"]],"role":"sourceDeclaration"}],"normalization":null},{"sourceIndex":23,"sourceName":["psCompilerPrepareSources"],"span":{"start":{"byteOffset":8569,"line":217,"column":1},"stop":{"byteOffset":8936,"line":224,"column":57}},"coreStart":2050,"members":[{"index":0,"name":[["str","psCompilerPrepareSources"]],"role":"sourceDeclaration"}],"normalization":null},{"sourceIndex":24,"sourceName":["psCompilerCheckSource"],"span":{"start":{"byteOffset":8938,"line":226,"column":1},"stop":{"byteOffset":9132,"line":230,"column":44}},"coreStart":2051,"members":[{"index":0,"name":[["str","psCompilerCheckSource"]],"role":"sourceDeclaration"}],"normalization":null},{"sourceIndex":25,"sourceName":["psCompilerValidatePrepared"],"span":{"start":{"byteOffset":9134,"line":232,"column":1},"stop":{"byteOffset":9457,"line":241,"column":26}},"coreStart":2052,"members":[{"index":0,"name":[["str","psCompilerValidatePrepared"]],"role":"sourceDeclaration"}],"normalization":null},{"sourceIndex":26,"sourceName":["psCompilerAdmissionsFromPrepared"],"span":{"start":{"byteOffset":9459,"line":243,"column":1},"stop":{"byteOffset":9833,"line":250,"column":65}},"coreStart":2053,"members":[{"index":0,"name":[["str","psCompilerAdmissionsFromPrepared"]],"role":"sourceDeclaration"}],"normalization":null},{"sourceIndex":27,"sourceName":["psCompilerAdmissionsFromElaborated"],"span":{"start":{"byteOffset":9836,"line":252,"column":1},"stop":{"byteOffset":10128,"line":259,"column":48}},"coreStart":2054,"members":[{"index":0,"name":[["str","psCompilerAdmissionsFromElaborated"]],"role":"sourceDeclaration"}],"normalization":null},{"sourceIndex":28,"sourceName":["psCompilerAdmissionsSource"],"span":{"start":{"byteOffset":10130,"line":261,"column":1},"stop":{"byteOffset":10441,"line":269,"column":48}},"coreStart":2055,"members":[{"index":0,"name":[["str","psCompilerAdmissionsSource"]],"role":"sourceDeclaration"}],"normalization":null},{"sourceIndex":29,"sourceName":["psCompilerEnvironmentFromPrepared"],"span":{"start":{"byteOffset":10443,"line":271,"column":1},"stop":{"byteOffset":10974,"line":285,"column":32}},"coreStart":2056,"members":[{"index":0,"name":[["str","psCompilerEnvironmentFromPrepared"]],"role":"sourceDeclaration"}],"normalization":null},{"sourceIndex":30,"sourceName":["psCompilerVerifiedIrFromPrepared"],"span":{"start":{"byteOffset":10976,"line":287,"column":1},"stop":{"byteOffset":11557,"line":302,"column":23}},"coreStart":2057,"members":[{"index":0,"name":[["str","psCompilerVerifiedIrFromPrepared"]],"role":"sourceDeclaration"}],"normalization":null},{"sourceIndex":31,"sourceName":["psCompilerVerifiedIrFromElaborated"],"span":{"start":{"byteOffset":11559,"line":304,"column":1},"stop":{"byteOffset":11863,"line":311,"column":48}},"coreStart":2058,"members":[{"index":0,"name":[["str","psCompilerVerifiedIrFromElaborated"]],"role":"sourceDeclaration"}],"normalization":null},{"sourceIndex":32,"sourceName":["psCompilerVerifiedIrSource"],"span":{"start":{"byteOffset":11865,"line":313,"column":1},"stop":{"byteOffset":12188,"line":321,"column":48}},"coreStart":2059,"members":[{"index":0,"name":[["str","psCompilerVerifiedIrSource"]],"role":"sourceDeclaration"}],"normalization":null}]},{"moduleName":["Ps","BackendTs","Type"],"coreStart":2060,"batches":[{"sourceIndex":0,"sourceName":["PsTsEmitError"],"span":{"start":{"byteOffset":102,"line":6,"column":1},"stop":{"byteOffset":338,"line":13,"column":27}},"coreStart":2060,"members":[{"index":0,"name":[["str","PsTsEmitError"]],"role":"inductiveType"},{"index":1,"name":[["str","PsTsEmitError"],["str","fuelExhausted"]],"role":"constructor"},{"index":2,"name":[["str","PsTsEmitError"],["str","unsupportedIntrinsic"]],"role":"constructor"},{"index":3,"name":[["str","PsTsEmitError"],["str","intrinsicArity"]],"role":"constructor"},{"index":4,"name":[["str","PsTsEmitError"],["str","unknownStructure"]],"role":"constructor"},{"index":5,"name":[["str","PsTsEmitError"],["str","unknownInductive"]],"role":"constructor"},{"index":6,"name":[["str","PsTsEmitError"],["str","genericValueUnsupported"]],"role":"constructor"},{"index":7,"name":[["str","PsTsEmitError"],["str","targetWordSizeRequired"]],"role":"constructor"},{"index":8,"name":[["str","PsTsEmitError"],["str","rec"]],"role":"recursor"}],"normalization":null},{"sourceIndex":1,"sourceName":["psTsJoin"],"span":{"start":{"byteOffset":340,"line":15,"column":1},"stop":{"byteOffset":646,"line":22,"column":98}},"coreStart":2069,"members":[{"index":0,"name":[["str","psTsJoin"]],"role":"sourceDeclaration"}],"normalization":null},{"sourceIndex":2,"sourceName":["psTsEmitPrimitiveType"],"span":{"start":{"byteOffset":651,"line":25,"column":1},"stop":{"byteOffset":1161,"line":45,"column":25}},"coreStart":2070,"members":[{"index":0,"name":[["str","psTsEmitPrimitiveType"]],"role":"sourceDeclaration"}],"normalization":null},{"sourceIndex":3,"sourceName":["psTsIndexTypesWorker"],"span":{"start":{"byteOffset":1163,"line":47,"column":1},"stop":{"byteOffset":1525,"line":53,"column":100}},"coreStart":2071,"members":[{"index":0,"name":[["str","psTsIndexTypesWorker"]],"role":"sourceDeclaration"}],"normalization":null},{"sourceIndex":4,"sourceName":["psTsIndexTypes"],"span":{"start":{"byteOffset":1529,"line":55,"column":1},"stop":{"byteOffset":1637,"line":56,"column":36}},"coreStart":2072,"members":[{"index":0,"name":[["str","psTsIndexTypes"]],"role":"sourceDeclaration"}],"normalization":null},{"sourceIndex":5,"sourceName":["psTsEmitTypeWithFuel"],"span":{"start":{"byteOffset":1639,"line":58,"column":1},"stop":{"byteOffset":3067,"line":82,"column":93}},"coreStart":2073,"members":[{"index":0,"name":[["str","psTsEmitTypeWithFuel"]],"role":"sourceDeclaration"}],"normalization":null},{"sourceIndex":6,"sourceName":["psTsEmitType"],"span":{"start":{"byteOffset":3071,"line":85,"column":1},"stop":{"byteOffset":3187,"line":88,"column":33}},"coreStart":2074,"members":[{"index":0,"name":[["str","psTsEmitType"]],"role":"sourceDeclaration"}],"normalization":null},{"sourceIndex":7,"sourceName":["psTsMachineIntegerUsesBigInt"],"span":{"start":{"byteOffset":3189,"line":90,"column":1},"stop":{"byteOffset":3381,"line":96,"column":15}},"coreStart":2075,"members":[{"index":0,"name":[["str","psTsMachineIntegerUsesBigInt"]],"role":"sourceDeclaration"}],"normalization":null},{"sourceIndex":8,"sourceName":["psTsEmitLiteral"],"span":{"start":{"byteOffset":3383,"line":98,"column":1},"stop":{"byteOffset":4201,"line":116,"column":35}},"coreStart":2076,"members":[{"index":0,"name":[["str","psTsEmitLiteral"]],"role":"sourceDeclaration"}],"normalization":null}]},{"moduleName":["Ps","BackendTs","Expr"],"coreStart":2077,"batches":[{"sourceIndex":0,"sourceName":["psTsLookup"],"span":{"start":{"byteOffset":26,"line":3,"column":1},"stop":{"byteOffset":419,"line":10,"column":95}},"coreStart":2077,"members":[{"index":0,"name":[["str","psTsLookup"]],"role":"sourceDeclaration"}],"normalization":null},{"sourceIndex":1,"sourceName":["psTsExprUsesNameWithFuel"],"span":{"start":{"byteOffset":421,"line":12,"column":1},"stop":{"byteOffset":2839,"line":51,"column":92}},"coreStart":2078,"members":[{"index":0,"name":[["str","psTsExprUsesNameWithFuel"]],"role":"sourceDeclaration"}],"normalization":null},{"sourceIndex":2,"sourceName":["psTsFreshMatchTempWorker"],"span":{"start":{"byteOffset":2841,"line":53,"column":1},"stop":{"byteOffset":3256,"line":61,"column":21}},"coreStart":2079,"members":[{"index":0,"name":[["str","psTsFreshMatchTempWorker"],["str","$psc0SH"],["num","0"]],"role":"normalizedWorker"},{"index":1,"name":[["str","psTsFreshMatchTempWorker"]],"role":"publicWrapper"}],"normalization":{"functionName":[["str","psTsFreshMatchTempWorker"]],"workerName":[["str","psTsFreshMatchTempWorker"],["str","$psc0SH"],["num","0"]],"parameterIds":["0","1","2"],"explicitIds":["0","1","2"],"majorId":"1","generalizedIds":["2"],"workerBinderCount":2,"workerTypeKind":"forallE","workerValueKind":"matchE","actualWorkerSyntaxRetained":true}},{"sourceIndex":3,"sourceName":["psTsFreshMatchTempLoop"],"span":{"start":{"byteOffset":3258,"line":63,"column":1},"stop":{"byteOffset":3392,"line":64,"column":47}},"coreStart":2081,"members":[{"index":0,"name":[["str","psTsFreshMatchTempLoop"]],"role":"sourceDeclaration"}],"normalization":null},{"sourceIndex":4,"sourceName":["psTsFreshMatchTemp"],"span":{"start":{"byteOffset":3394,"line":66,"column":1},"stop":{"byteOffset":3491,"line":67,"column":37}},"coreStart":2082,"members":[{"index":0,"name":[["str","psTsFreshMatchTemp"]],"role":"sourceDeclaration"}],"normalization":null},{"sourceIndex":5,"sourceName":["psTsEmitTypeArguments"],"span":{"start":{"byteOffset":3493,"line":69,"column":1},"stop":{"byteOffset":3826,"line":74,"column":68}},"coreStart":2083,"members":[{"index":0,"name":[["str","psTsEmitTypeArguments"]],"role":"sourceDeclaration"}],"normalization":null},{"sourceIndex":6,"sourceName":["psTsNormalizeMachineInteger"],"span":{"start":{"byteOffset":3829,"line":76,"column":1},"stop":{"byteOffset":4721,"line":100,"column":56}},"coreStart":2084,"members":[{"index":0,"name":[["str","psTsNormalizeMachineInteger"]],"role":"sourceDeclaration"}],"normalization":null},{"sourceIndex":7,"sourceName":["psTsMachineIntegerBinaryRaw"],"span":{"start":{"byteOffset":4723,"line":102,"column":1},"stop":{"byteOffset":5693,"line":120,"column":58}},"coreStart":2085,"members":[{"index":0,"name":[["str","psTsMachineIntegerBinaryRaw"]],"role":"sourceDeclaration"}],"normalization":null},{"sourceIndex":8,"sourceName":["psTsEmitMachineIntegerBinary"],"span":{"start":{"byteOffset":5695,"line":122,"column":1},"stop":{"byteOffset":5978,"line":129,"column":59}},"coreStart":2086,"members":[{"index":0,"name":[["str","psTsEmitMachineIntegerBinary"]],"role":"sourceDeclaration"}],"normalization":null},{"sourceIndex":9,"sourceName":["psTsEmitMachineIntegerCompare"],"span":{"start":{"byteOffset":5981,"line":131,"column":1},"stop":{"byteOffset":6452,"line":140,"column":55}},"coreStart":2087,"members":[{"index":0,"name":[["str","psTsEmitMachineIntegerCompare"]],"role":"sourceDeclaration"}],"normalization":null},{"sourceIndex":10,"sourceName":["psTsEmitFloatBinary"],"span":{"start":{"byteOffset":6454,"line":142,"column":1},"stop":{"byteOffset":6964,"line":154,"column":55}},"coreStart":2088,"members":[{"index":0,"name":[["str","psTsEmitFloatBinary"]],"role":"sourceDeclaration"}],"normalization":null},{"sourceIndex":11,"sourceName":["psTsEmitFloatCompare"],"span":{"start":{"byteOffset":6966,"line":156,"column":1},"stop":{"byteOffset":7426,"line":165,"column":55}},"coreStart":2089,"members":[{"index":0,"name":[["str","psTsEmitFloatCompare"]],"role":"sourceDeclaration"}],"normalization":null},{"sourceIndex":12,"sourceName":["psTsPrinted1"],"span":{"start":{"byteOffset":7428,"line":167,"column":1},"stop":{"byteOffset":7777,"line":174,"column":65}},"coreStart":2090,"members":[{"index":0,"name":[["str","psTsPrinted1"]],"role":"sourceDeclaration"}],"normalization":null},{"sourceIndex":13,"sourceName":["psTsPrinted2"],"span":{"start":{"byteOffset":7779,"line":176,"column":1},"stop":{"byteOffset":8260,"line":186,"column":67}},"coreStart":2091,"members":[{"index":0,"name":[["str","psTsPrinted2"]],"role":"sourceDeclaration"}],"normalization":null},{"sourceIndex":14,"sourceName":["psTsPrinted3"],"span":{"start":{"byteOffset":8262,"line":188,"column":1},"stop":{"byteOffset":8881,"line":201,"column":69}},"coreStart":2092,"members":[{"index":0,"name":[["str","psTsPrinted3"]],"role":"sourceDeclaration"}],"normalization":null},{"sourceIndex":15,"sourceName":["psTsPrinted5"],"span":{"start":{"byteOffset":8883,"line":203,"column":1},"stop":{"byteOffset":9796,"line":222,"column":73}},"coreStart":2093,"members":[{"index":0,"name":[["str","psTsPrinted5"]],"role":"sourceDeclaration"}],"normalization":null},{"sourceIndex":16,"sourceName":["psTsEmitIntrinsicFromPrinted"],"span":{"start":{"byteOffset":9798,"line":224,"column":1},"stop":{"byteOffset":24311,"line":490,"column":34}},"coreStart":2094,"members":[{"index":0,"name":[["str","psTsEmitIntrinsicFromPrinted"]],"role":"sourceDeclaration"}],"normalization":null},{"sourceIndex":17,"sourceName":["psTsEmitLetStatements"],"span":{"start":{"byteOffset":24312,"line":491,"column":1},"stop":{"byteOffset":25499,"line":514,"column":78}},"coreStart":2095,"members":[{"index":0,"name":[["str","psTsEmitLetStatements"]],"role":"sourceDeclaration"}],"normalization":null},{"sourceIndex":18,"sourceName":["psTsEmitExprWithFuel"],"span":{"start":{"byteOffset":25502,"line":516,"column":1},"stop":{"byteOffset":35430,"line":694,"column":81}},"coreStart":2096,"members":[{"index":0,"name":[["str","psTsEmitExprWithFuel"]],"role":"sourceDeclaration"}],"normalization":null},{"sourceIndex":19,"sourceName":["psTsEmitExpr"],"span":{"start":{"byteOffset":35434,"line":697,"column":1},"stop":{"byteOffset":35638,"line":702,"column":45}},"coreStart":2097,"members":[{"index":0,"name":[["str","psTsEmitExpr"]],"role":"sourceDeclaration"}],"normalization":null}]},{"moduleName":["Ps","BackendTs","Module"],"coreStart":2098,"batches":[{"sourceIndex":0,"sourceName":["PsTsFreshNameResult"],"span":{"start":{"byteOffset":26,"line":3,"column":1},"stop":{"byteOffset":95,"line":5,"column":18}},"coreStart":2098,"members":[{"index":0,"name":[["str","PsTsFreshNameResult"]],"role":"structureType"},{"index":1,"name":[["str","PsTsFreshNameResult"],["str","mk"]],"role":"constructor"},{"index":2,"name":[["str","PsTsFreshNameResult"],["str","rec"]],"role":"recursor"}],"normalization":null},{"sourceIndex":1,"sourceName":["psTsAppendLines"],"span":{"start":{"byteOffset":97,"line":7,"column":1},"stop":{"byteOffset":404,"line":12,"column":66}},"coreStart":2101,"members":[{"index":0,"name":[["str","psTsAppendLines"]],"role":"sourceDeclaration"}],"normalization":null},{"sourceIndex":2,"sourceName":["psTsFreshInternalWorker"],"span":{"start":{"byteOffset":407,"line":14,"column":1},"stop":{"byteOffset":1040,"line":25,"column":60}},"coreStart":2102,"members":[{"index":0,"name":[["str","psTsFreshInternalWorker"],["str","$psc0SH"],["num","0"]],"role":"normalizedWorker"},{"index":1,"name":[["str","psTsFreshInternalWorker"]],"role":"publicWrapper"}],"normalization":{"functionName":[["str","psTsFreshInternalWorker"]],"workerName":[["str","psTsFreshInternalWorker"],["str","$psc0SH"],["num","0"]],"parameterIds":["0","1","2","3"],"explicitIds":["0","1","2","3"],"majorId":"2","generalizedIds":["3"],"workerBinderCount":3,"workerTypeKind":"forallE","workerValueKind":"matchE","actualWorkerSyntaxRetained":true}},{"sourceIndex":3,"sourceName":["psTsFreshInternalWithFuel"],"span":{"start":{"byteOffset":1043,"line":27,"column":1},"stop":{"byteOffset":1220,"line":28,"column":57}},"coreStart":2104,"members":[{"index":0,"name":[["str","psTsFreshInternalWithFuel"]],"role":"sourceDeclaration"}],"normalization":null},{"sourceIndex":4,"sourceName":["psTsFreshInternal"],"span":{"start":{"byteOffset":1222,"line":30,"column":1},"stop":{"byteOffset":1380,"line":31,"column":55}},"coreStart":2105,"members":[{"index":0,"name":[["str","psTsFreshInternal"]],"role":"sourceDeclaration"}],"normalization":null},{"sourceIndex":5,"sourceName":["PsTsSymbolMapState"],"span":{"start":{"byteOffset":1382,"line":33,"column":1},"stop":{"byteOffset":1493,"line":36,"column":37}},"coreStart":2106,"members":[{"index":0,"name":[["str","PsTsSymbolMapState"]],"role":"structureType"},{"index":1,"name":[["str","PsTsSymbolMapState"],["str","mk"]],"role":"constructor"},{"index":2,"name":[["str","PsTsSymbolMapState"],["str","rec"]],"role":"recursor"}],"normalization":null},{"sourceIndex":6,"sourceName":["psTsBuildSymbolMap"],"span":{"start":{"byteOffset":1496,"line":38,"column":1},"stop":{"byteOffset":1977,"line":50,"column":64}},"coreStart":2109,"members":[{"index":0,"name":[["str","psTsBuildSymbolMap"],["str","$psc0SH"],["num","0"]],"role":"normalizedWorker"},{"index":1,"name":[["str","psTsBuildSymbolMap"]],"role":"publicWrapper"}],"normalization":{"functionName":[["str","psTsBuildSymbolMap"]],"workerName":[["str","psTsBuildSymbolMap"],["str","$psc0SH"],["num","0"]],"parameterIds":["0","1","2"],"explicitIds":["0","1","2"],"majorId":"1","generalizedIds":["2"],"workerBinderCount":2,"workerTypeKind":"forallE","workerValueKind":"matchE","actualWorkerSyntaxRetained":true}},{"sourceIndex":7,"sourceName":["psTsStructureName"],"span":{"start":{"byteOffset":1981,"line":52,"column":1},"stop":{"byteOffset":2057,"line":52,"column":77}},"coreStart":2111,"members":[{"index":0,"name":[["str","psTsStructureName"]],"role":"sourceDeclaration"}],"normalization":null},{"sourceIndex":8,"sourceName":["psTsInductiveName"],"span":{"start":{"byteOffset":2058,"line":53,"column":1},"stop":{"byteOffset":2134,"line":53,"column":77}},"coreStart":2112,"members":[{"index":0,"name":[["str","psTsInductiveName"]],"role":"sourceDeclaration"}],"normalization":null},{"sourceIndex":9,"sourceName":["psTsDeclarationName"],"span":{"start":{"byteOffset":2135,"line":54,"column":1},"stop":{"byteOffset":2215,"line":54,"column":81}},"coreStart":2113,"members":[{"index":0,"name":[["str","psTsDeclarationName"]],"role":"sourceDeclaration"}],"normalization":null},{"sourceIndex":10,"sourceName":["psTsTypeParameterName"],"span":{"start":{"byteOffset":2216,"line":55,"column":1},"stop":{"byteOffset":2300,"line":55,"column":85}},"coreStart":2114,"members":[{"index":0,"name":[["str","psTsTypeParameterName"]],"role":"sourceDeclaration"}],"normalization":null},{"sourceIndex":11,"sourceName":["psTsModuleTopLevelNames"],"span":{"start":{"byteOffset":2302,"line":57,"column":1},"stop":{"byteOffset":2562,"line":59,"column":116}},"coreStart":2115,"members":[{"index":0,"name":[["str","psTsModuleTopLevelNames"]],"role":"sourceDeclaration"}],"normalization":null},{"sourceIndex":12,"sourceName":["psTsBuildBrandMap"],"span":{"start":{"byteOffset":2566,"line":61,"column":1},"stop":{"byteOffset":2848,"line":64,"column":33}},"coreStart":2116,"members":[{"index":0,"name":[["str","psTsBuildBrandMap"]],"role":"sourceDeclaration"}],"normalization":null},{"sourceIndex":13,"sourceName":["psTsBuildTagMap"],"span":{"start":{"byteOffset":2850,"line":66,"column":1},"stop":{"byteOffset":3128,"line":69,"column":33}},"coreStart":2117,"members":[{"index":0,"name":[["str","psTsBuildTagMap"]],"role":"sourceDeclaration"}],"normalization":null},{"sourceIndex":14,"sourceName":["psTsGenericNames"],"span":{"start":{"byteOffset":3130,"line":71,"column":1},"stop":{"byteOffset":3336,"line":73,"column":90}},"coreStart":2118,"members":[{"index":0,"name":[["str","psTsGenericNames"]],"role":"sourceDeclaration"}],"normalization":null},{"sourceIndex":15,"sourceName":["psTsNameSequence"],"span":{"start":{"byteOffset":3338,"line":75,"column":1},"stop":{"byteOffset":3705,"line":79,"column":195}},"coreStart":2119,"members":[{"index":0,"name":[["str","psTsNameSequence"]],"role":"sourceDeclaration"}],"normalization":null},{"sourceIndex":16,"sourceName":["psTsEmitStructure"],"span":{"start":{"byteOffset":3709,"line":81,"column":1},"stop":{"byteOffset":4973,"line":103,"column":47}},"coreStart":2120,"members":[{"index":0,"name":[["str","psTsEmitStructure"]],"role":"sourceDeclaration"}],"normalization":null},{"sourceIndex":17,"sourceName":["psTsEmitConstructorVariant"],"span":{"start":{"byteOffset":4975,"line":105,"column":1},"stop":{"byteOffset":5712,"line":120,"column":117}},"coreStart":2121,"members":[{"index":0,"name":[["str","psTsEmitConstructorVariant"]],"role":"sourceDeclaration"}],"normalization":null},{"sourceIndex":18,"sourceName":["psTsEmitConstructorValue"],"span":{"start":{"byteOffset":5715,"line":122,"column":1},"stop":{"byteOffset":7824,"line":157,"column":223}},"coreStart":2122,"members":[{"index":0,"name":[["str","psTsEmitConstructorValue"]],"role":"sourceDeclaration"}],"normalization":null},{"sourceIndex":19,"sourceName":["psTsEmitInductive"],"span":{"start":{"byteOffset":7827,"line":159,"column":1},"stop":{"byteOffset":9292,"line":182,"column":124}},"coreStart":2123,"members":[{"index":0,"name":[["str","psTsEmitInductive"]],"role":"sourceDeclaration"}],"normalization":null},{"sourceIndex":20,"sourceName":["psTsEmitImport"],"span":{"start":{"byteOffset":9296,"line":184,"column":1},"stop":{"byteOffset":9583,"line":187,"column":96}},"coreStart":2124,"members":[{"index":0,"name":[["str","psTsEmitImport"]],"role":"sourceDeclaration"}],"normalization":null},{"sourceIndex":21,"sourceName":["psTsStackRuntimeSupport"],"span":{"start":{"byteOffset":9751,"line":192,"column":1},"stop":{"byteOffset":11008,"line":193,"column":1218}},"coreStart":2125,"members":[{"index":0,"name":[["str","psTsStackRuntimeSupport"]],"role":"sourceDeclaration"}],"normalization":null},{"sourceIndex":22,"sourceName":["psTsUtf8RuntimeSupport"],"span":{"start":{"byteOffset":11167,"line":197,"column":1},"stop":{"byteOffset":12837,"line":198,"column":1632}},"coreStart":2126,"members":[{"index":0,"name":[["str","psTsUtf8RuntimeSupport"]],"role":"sourceDeclaration"}],"normalization":null},{"sourceIndex":23,"sourceName":["psTsRuntimeSupport"],"span":{"start":{"byteOffset":12839,"line":200,"column":1},"stop":{"byteOffset":12939,"line":201,"column":66}},"coreStart":2127,"members":[{"index":0,"name":[["str","psTsRuntimeSupport"]],"role":"sourceDeclaration"}],"normalization":null},{"sourceIndex":24,"sourceName":["psTsEtaArgumentsFresh"],"span":{"start":{"byteOffset":13171,"line":206,"column":1},"stop":{"byteOffset":13520,"line":213,"column":19}},"coreStart":2128,"members":[{"index":0,"name":[["str","psTsEtaArgumentsFresh"]],"role":"sourceDeclaration"}],"normalization":null},{"sourceIndex":25,"sourceName":["psTsEtaBind"],"span":{"start":{"byteOffset":13522,"line":215,"column":1},"stop":{"byteOffset":14348,"line":227,"column":115}},"coreStart":2129,"members":[{"index":0,"name":[["str","psTsEtaBind"]],"role":"sourceDeclaration"}],"normalization":null},{"sourceIndex":26,"sourceName":["psTsEtaAlternatives"],"span":{"start":{"byteOffset":14351,"line":229,"column":1},"stop":{"byteOffset":15067,"line":240,"column":142}},"coreStart":2130,"members":[{"index":0,"name":[["str","psTsEtaAlternatives"]],"role":"sourceDeclaration"}],"normalization":null},{"sourceIndex":27,"sourceName":["psTsEtaApplyWorker"],"span":{"start":{"byteOffset":15070,"line":242,"column":1},"stop":{"byteOffset":16441,"line":265,"column":27}},"coreStart":2131,"members":[{"index":0,"name":[["str","psTsEtaApplyWorker"]],"role":"sourceDeclaration"}],"normalization":null},{"sourceIndex":28,"sourceName":["psTsInlineEtaApplication"],"span":{"start":{"byteOffset":16443,"line":267,"column":1},"stop":{"byteOffset":16845,"line":277,"column":14}},"coreStart":2132,"members":[{"index":0,"name":[["str","psTsInlineEtaApplication"]],"role":"sourceDeclaration"}],"normalization":null},{"sourceIndex":29,"sourceName":["psTsEmitDeclarationGeneral"],"span":{"start":{"byteOffset":16847,"line":279,"column":1},"stop":{"byteOffset":19159,"line":314,"column":407}},"coreStart":2133,"members":[{"index":0,"name":[["str","psTsEmitDeclarationGeneral"]],"role":"sourceDeclaration"}],"normalization":null},{"sourceIndex":30,"sourceName":["psTsCountLiteral"],"span":{"start":{"byteOffset":19392,"line":319,"column":1},"stop":{"byteOffset":19650,"line":325,"column":15}},"coreStart":2134,"members":[{"index":0,"name":[["str","psTsCountLiteral"]],"role":"sourceDeclaration"}],"normalization":null},{"sourceIndex":31,"sourceName":["psTsCountRecursiveArgument"],"span":{"start":{"byteOffset":19652,"line":327,"column":1},"stop":{"byteOffset":20300,"line":343,"column":21}},"coreStart":2135,"members":[{"index":0,"name":[["str","psTsCountRecursiveArgument"]],"role":"sourceDeclaration"}],"normalization":null},{"sourceIndex":32,"sourceName":["psTsCountStepArgument"],"span":{"start":{"byteOffset":20302,"line":345,"column":1},"stop":{"byteOffset":21065,"line":362,"column":21}},"coreStart":2136,"members":[{"index":0,"name":[["str","psTsCountStepArgument"]],"role":"sourceDeclaration"}],"normalization":null},{"sourceIndex":33,"sourceName":["psTsCountField"],"span":{"start":{"byteOffset":21067,"line":364,"column":1},"stop":{"byteOffset":21363,"line":369,"column":41}},"coreStart":2137,"members":[{"index":0,"name":[["str","psTsCountField"]],"role":"sourceDeclaration"}],"normalization":null},{"sourceIndex":34,"sourceName":["psTsEmitCountCases"],"span":{"start":{"byteOffset":21365,"line":371,"column":1},"stop":{"byteOffset":22240,"line":383,"column":19}},"coreStart":2138,"members":[{"index":0,"name":[["str","psTsEmitCountCases"]],"role":"sourceDeclaration"}],"normalization":null},{"sourceIndex":35,"sourceName":["psTsEmitCountLoop"],"span":{"start":{"byteOffset":22242,"line":385,"column":1},"stop":{"byteOffset":24857,"line":427,"column":21}},"coreStart":2139,"members":[{"index":0,"name":[["str","psTsEmitCountLoop"]],"role":"sourceDeclaration"}],"normalization":null},{"sourceIndex":36,"sourceName":["PsTsTailAlias"],"span":{"start":{"byteOffset":25018,"line":431,"column":1},"stop":{"byteOffset":25112,"line":434,"column":14}},"coreStart":2140,"members":[{"index":0,"name":[["str","PsTsTailAlias"]],"role":"structureType"},{"index":1,"name":[["str","PsTsTailAlias"],["str","mk"]],"role":"constructor"},{"index":2,"name":[["str","PsTsTailAlias"],["str","rec"]],"role":"recursor"}],"normalization":null},{"sourceIndex":37,"sourceName":["psTsTailMap"],"span":{"start":{"byteOffset":25114,"line":436,"column":1},"stop":{"byteOffset":25567,"line":445,"column":73}},"coreStart":2143,"members":[{"index":0,"name":[["str","psTsTailMap"]],"role":"sourceDeclaration"}],"normalization":null},{"sourceIndex":38,"sourceName":["psTsTailFindAlias"],"span":{"start":{"byteOffset":25570,"line":447,"column":1},"stop":{"byteOffset":25833,"line":451,"column":92}},"coreStart":2144,"members":[{"index":0,"name":[["str","psTsTailFindAlias"]],"role":"sourceDeclaration"}],"normalization":null},{"sourceIndex":39,"sourceName":["psTsTailParametersMatch"],"span":{"start":{"byteOffset":25835,"line":453,"column":1},"stop":{"byteOffset":26467,"line":464,"column":25}},"coreStart":2145,"members":[{"index":0,"name":[["str","psTsTailParametersMatch"]],"role":"sourceDeclaration"}],"normalization":null},{"sourceIndex":40,"sourceName":["psTsTailAliasPrefix"],"span":{"start":{"byteOffset":26469,"line":466,"column":1},"stop":{"byteOffset":27330,"line":480,"column":27}},"coreStart":2146,"members":[{"index":0,"name":[["str","psTsTailAliasPrefix"]],"role":"sourceDeclaration"}],"normalization":null},{"sourceIndex":41,"sourceName":["psTsTailAliasValue"],"span":{"start":{"byteOffset":27332,"line":482,"column":1},"stop":{"byteOffset":28331,"line":501,"column":21}},"coreStart":2147,"members":[{"index":0,"name":[["str","psTsTailAliasValue"]],"role":"sourceDeclaration"}],"normalization":null},{"sourceIndex":42,"sourceName":["psTsTailPureWithFuel"],"span":{"start":{"byteOffset":28333,"line":503,"column":1},"stop":{"byteOffset":29876,"line":527,"column":21}},"coreStart":2148,"members":[{"index":0,"name":[["str","psTsTailPureWithFuel"]],"role":"sourceDeclaration"}],"normalization":null},{"sourceIndex":43,"sourceName":["psTsTailPrintPure"],"span":{"start":{"byteOffset":29878,"line":529,"column":1},"stop":{"byteOffset":30213,"line":534,"column":19}},"coreStart":2149,"members":[{"index":0,"name":[["str","psTsTailPrintPure"]],"role":"sourceDeclaration"}],"normalization":null},{"sourceIndex":44,"sourceName":["psTsTailBindingSafe"],"span":{"start":{"byteOffset":30215,"line":536,"column":1},"stop":{"byteOffset":30926,"line":544,"column":12}},"coreStart":2150,"members":[{"index":0,"name":[["str","psTsTailBindingSafe"]],"role":"sourceDeclaration"}],"normalization":null},{"sourceIndex":45,"sourceName":["psTsTailCallArguments"],"span":{"start":{"byteOffset":30928,"line":546,"column":1},"stop":{"byteOffset":31502,"line":557,"column":21}},"coreStart":2151,"members":[{"index":0,"name":[["str","psTsTailCallArguments"]],"role":"sourceDeclaration"}],"normalization":null},{"sourceIndex":46,"sourceName":["psTsTailEmitWithFuel"],"span":{"start":{"byteOffset":31504,"line":559,"column":1},"stop":{"byteOffset":37530,"line":649,"column":88}},"coreStart":2152,"members":[{"index":0,"name":[["str","psTsTailEmitWithFuel"]],"role":"sourceDeclaration"}],"normalization":null},{"sourceIndex":47,"sourceName":["psTsEmitTailLoop"],"span":{"start":{"byteOffset":37533,"line":651,"column":1},"stop":{"byteOffset":38776,"line":670,"column":19}},"coreStart":2153,"members":[{"index":0,"name":[["str","psTsEmitTailLoop"]],"role":"sourceDeclaration"}],"normalization":null},{"sourceIndex":48,"sourceName":["psTsEmitDeclaration"],"span":{"start":{"byteOffset":38779,"line":673,"column":1},"stop":{"byteOffset":39202,"line":680,"column":74}},"coreStart":2154,"members":[{"index":0,"name":[["str","psTsEmitDeclaration"]],"role":"sourceDeclaration"}],"normalization":null},{"sourceIndex":49,"sourceName":["psTsFlattenLines"],"span":{"start":{"byteOffset":39204,"line":682,"column":1},"stop":{"byteOffset":39389,"line":685,"column":73}},"coreStart":2155,"members":[{"index":0,"name":[["str","psTsFlattenLines"]],"role":"sourceDeclaration"}],"normalization":null},{"sourceIndex":50,"sourceName":["psTsEmitModule"],"span":{"start":{"byteOffset":39392,"line":687,"column":1},"stop":{"byteOffset":40407,"line":703,"column":65}},"coreStart":2156,"members":[{"index":0,"name":[["str","psTsEmitModule"]],"role":"sourceDeclaration"}],"normalization":null}]},{"moduleName":["Ps","CompilerIr","CheckTypes"],"coreStart":2157,"batches":[{"sourceIndex":0,"sourceName":["PsIrCheckIssue"],"span":{"start":{"byteOffset":80,"line":5,"column":1},"stop":{"byteOffset":144,"line":7,"column":18}},"coreStart":2157,"members":[{"index":0,"name":[["str","PsIrCheckIssue"]],"role":"structureType"},{"index":1,"name":[["str","PsIrCheckIssue"],["str","mk"]],"role":"constructor"},{"index":2,"name":[["str","PsIrCheckIssue"],["str","rec"]],"role":"recursor"}],"normalization":null},{"sourceIndex":1,"sourceName":["PsIrCheckSignature"],"span":{"start":{"byteOffset":146,"line":9,"column":1},"stop":{"byteOffset":249,"line":11,"column":32}},"coreStart":2160,"members":[{"index":0,"name":[["str","PsIrCheckSignature"]],"role":"structureType"},{"index":1,"name":[["str","PsIrCheckSignature"],["str","mk"]],"role":"constructor"},{"index":2,"name":[["str","PsIrCheckSignature"],["str","rec"]],"role":"recursor"}],"normalization":null},{"sourceIndex":2,"sourceName":["psIrCheckIssue"],"span":{"start":{"byteOffset":251,"line":13,"column":1},"stop":{"byteOffset":344,"line":14,"column":32}},"coreStart":2163,"members":[{"index":0,"name":[["str","psIrCheckIssue"]],"role":"sourceDeclaration"}],"normalization":null},{"sourceIndex":3,"sourceName":["psIrCheckPrimitiveName"],"span":{"start":{"byteOffset":346,"line":16,"column":1},"stop":{"byteOffset":829,"line":35,"column":20}},"coreStart":2164,"members":[{"index":0,"name":[["str","psIrCheckPrimitiveName"]],"role":"sourceDeclaration"}],"normalization":null},{"sourceIndex":4,"sourceName":["psIrCheckPrimitive"],"span":{"start":{"byteOffset":912,"line":38,"column":1},"stop":{"byteOffset":1344,"line":50,"column":39}},"coreStart":2165,"members":[{"index":0,"name":[["str","psIrCheckPrimitive"]],"role":"sourceDeclaration"}],"normalization":null},{"sourceIndex":5,"sourceName":["psIrCheckContainsName"],"span":{"start":{"byteOffset":1348,"line":52,"column":1},"stop":{"byteOffset":1582,"line":57,"column":43}},"coreStart":2166,"members":[{"index":0,"name":[["str","psIrCheckContainsName"]],"role":"sourceDeclaration"}],"normalization":null},{"sourceIndex":6,"sourceName":["PsIrCheckTypeTask"],"span":{"start":{"byteOffset":1647,"line":60,"column":1},"stop":{"byteOffset":1863,"line":66,"column":39}},"coreStart":2167,"members":[{"index":0,"name":[["str","PsIrCheckTypeTask"]],"role":"inductiveType"},{"index":1,"name":[["str","PsIrCheckTypeTask"],["str","type"]],"role":"constructor"},{"index":2,"name":[["str","PsIrCheckTypeTask"],["str","types"]],"role":"constructor"},{"index":3,"name":[["str","PsIrCheckTypeTask"],["str","namedArguments"]],"role":"constructor"},{"index":4,"name":[["str","PsIrCheckTypeTask"],["str","rec"]],"role":"recursor"}],"normalization":null},{"sourceIndex":7,"sourceName":["psIrCheckTypeWorker"],"span":{"start":{"byteOffset":1865,"line":68,"column":1},"stop":{"byteOffset":5137,"line":137,"column":33}},"coreStart":2172,"members":[{"index":0,"name":[["str","psIrCheckTypeWorker"],["str","$psc0SH"],["num","0"]],"role":"normalizedWorker"},{"index":1,"name":[["str","psIrCheckTypeWorker"]],"role":"publicWrapper"}],"normalization":{"functionName":[["str","psIrCheckTypeWorker"]],"workerName":[["str","psIrCheckTypeWorker"],["str","$psc0SH"],["num","0"]],"parameterIds":["0","1","2","3"],"explicitIds":["0","1","2","3"],"majorId":"2","generalizedIds":["3","3","3","3","3","3","3","3"],"workerBinderCount":3,"workerTypeKind":"forallE","workerValueKind":"matchE","actualWorkerSyntaxRetained":true}},{"sourceIndex":8,"sourceName":["psIrCheckType"],"span":{"start":{"byteOffset":5141,"line":139,"column":1},"stop":{"byteOffset":5409,"line":145,"column":54}},"coreStart":2174,"members":[{"index":0,"name":[["str","psIrCheckType"]],"role":"sourceDeclaration"}],"normalization":null},{"sourceIndex":9,"sourceName":["PsIrCheckEqualityTask"],"span":{"start":{"byteOffset":5412,"line":147,"column":1},"stop":{"byteOffset":5538,"line":149,"column":47}},"coreStart":2175,"members":[{"index":0,"name":[["str","PsIrCheckEqualityTask"]],"role":"inductiveType"},{"index":1,"name":[["str","PsIrCheckEqualityTask"],["str","types"]],"role":"constructor"},{"index":2,"name":[["str","PsIrCheckEqualityTask"],["str","lists"]],"role":"constructor"},{"index":3,"name":[["str","PsIrCheckEqualityTask"],["str","rec"]],"role":"recursor"}],"normalization":null},{"sourceIndex":10,"sourceName":["psIrCheckTypeIsUnknown"],"span":{"start":{"byteOffset":5540,"line":151,"column":1},"stop":{"byteOffset":5656,"line":154,"column":15}},"coreStart":2179,"members":[{"index":0,"name":[["str","psIrCheckTypeIsUnknown"]],"role":"sourceDeclaration"}],"normalization":null},{"sourceIndex":11,"sourceName":["psIrCheckTypeEqualWorker"],"span":{"start":{"byteOffset":5658,"line":156,"column":1},"stop":{"byteOffset":9508,"line":237,"column":33}},"coreStart":2180,"members":[{"index":0,"name":[["str","psIrCheckTypeEqualWorker"],["str","$psc0SH"],["num","0"]],"role":"normalizedWorker"},{"index":1,"name":[["str","psIrCheckTypeEqualWorker"]],"role":"publicWrapper"}],"normalization":{"functionName":[["str","psIrCheckTypeEqualWorker"]],"workerName":[["str","psIrCheckTypeEqualWorker"],["str","$psc0SH"],["num","0"]],"parameterIds":["0","1"],"explicitIds":["0","1"],"majorId":"0","generalizedIds":["1","1","1","1","1","1"],"workerBinderCount":1,"workerTypeKind":"forallE","workerValueKind":"matchE","actualWorkerSyntaxRetained":true}},{"sourceIndex":12,"sourceName":["psIrCheckTypeEqual"],"span":{"start":{"byteOffset":9512,"line":239,"column":1},"stop":{"byteOffset":9716,"line":243,"column":65}},"coreStart":2182,"members":[{"index":0,"name":[["str","psIrCheckTypeEqual"]],"role":"sourceDeclaration"}],"normalization":null},{"sourceIndex":13,"sourceName":["psIrCheckLookupSubstitution"],"span":{"start":{"byteOffset":9719,"line":245,"column":1},"stop":{"byteOffset":10099,"line":254,"column":53}},"coreStart":2183,"members":[{"index":0,"name":[["str","psIrCheckLookupSubstitution"]],"role":"sourceDeclaration"}],"normalization":null},{"sourceIndex":14,"sourceName":["PsIrCheckSubstitutionTask"],"span":{"start":{"byteOffset":10101,"line":256,"column":1},"stop":{"byteOffset":10269,"line":261,"column":9}},"coreStart":2184,"members":[{"index":0,"name":[["str","PsIrCheckSubstitutionTask"]],"role":"inductiveType"},{"index":1,"name":[["str","PsIrCheckSubstitutionTask"],["str","type"]],"role":"constructor"},{"index":2,"name":[["str","PsIrCheckSubstitutionTask"],["str","types"]],"role":"constructor"},{"index":3,"name":[["str","PsIrCheckSubstitutionTask"],["str","function"]],"role":"constructor"},{"index":4,"name":[["str","PsIrCheckSubstitutionTask"],["str","named"]],"role":"constructor"},{"index":5,"name":[["str","PsIrCheckSubstitutionTask"],["str","cons"]],"role":"constructor"},{"index":6,"name":[["str","PsIrCheckSubstitutionTask"],["str","rec"]],"role":"recursor"}],"normalization":null},{"sourceIndex":15,"sourceName":["PsIrCheckSubstitutionValue"],"span":{"start":{"byteOffset":10271,"line":263,"column":1},"stop":{"byteOffset":10392,"line":265,"column":43}},"coreStart":2191,"members":[{"index":0,"name":[["str","PsIrCheckSubstitutionValue"]],"role":"inductiveType"},{"index":1,"name":[["str","PsIrCheckSubstitutionValue"],["str","type"]],"role":"constructor"},{"index":2,"name":[["str","PsIrCheckSubstitutionValue"],["str","types"]],"role":"constructor"},{"index":3,"name":[["str","PsIrCheckSubstitutionValue"],["str","rec"]],"role":"recursor"}],"normalization":null},{"sourceIndex":16,"sourceName":["psIrCheckSubstitutionInvariant"],"span":{"start":{"byteOffset":10394,"line":267,"column":1},"stop":{"byteOffset":10502,"line":268,"column":54}},"coreStart":2195,"members":[{"index":0,"name":[["str","psIrCheckSubstitutionInvariant"]],"role":"sourceDeclaration"}],"normalization":null},{"sourceIndex":17,"sourceName":["psIrCheckSubstituteFinish"],"span":{"start":{"byteOffset":10504,"line":270,"column":1},"stop":{"byteOffset":10983,"line":281,"column":68}},"coreStart":2196,"members":[{"index":0,"name":[["str","psIrCheckSubstituteFinish"]],"role":"sourceDeclaration"}],"normalization":null},{"sourceIndex":18,"sourceName":["psIrCheckSubstituteWorker"],"span":{"start":{"byteOffset":10985,"line":283,"column":1},"stop":{"byteOffset":16606,"line":392,"column":39}},"coreStart":2197,"members":[{"index":0,"name":[["str","psIrCheckSubstituteWorker"],["str","$psc0SH"],["num","0"]],"role":"normalizedWorker"},{"index":1,"name":[["str","psIrCheckSubstituteWorker"]],"role":"publicWrapper"}],"normalization":{"functionName":[["str","psIrCheckSubstituteWorker"]],"workerName":[["str","psIrCheckSubstituteWorker"],["str","$psc0SH"],["num","0"]],"parameterIds":["0","1","2","3"],"explicitIds":["0","1","2","3"],"majorId":"1","generalizedIds":["2","3","2","3","2","2","2","3","2","2","3","2","3","2","3"],"workerBinderCount":2,"workerTypeKind":"forallE","workerValueKind":"matchE","actualWorkerSyntaxRetained":true}},{"sourceIndex":19,"sourceName":["psIrCheckSubstitute"],"span":{"start":{"byteOffset":16777,"line":396,"column":1},"stop":{"byteOffset":17070,"line":402,"column":13}},"coreStart":2199,"members":[{"index":0,"name":[["str","psIrCheckSubstitute"]],"role":"sourceDeclaration"}],"normalization":null},{"sourceIndex":20,"sourceName":["psIrCheckLiteralType"],"span":{"start":{"byteOffset":17072,"line":404,"column":1},"stop":{"byteOffset":17790,"line":420,"column":75}},"coreStart":2200,"members":[{"index":0,"name":[["str","psIrCheckLiteralType"]],"role":"sourceDeclaration"}],"normalization":null},{"sourceIndex":21,"sourceName":["psIrCheckSignatureNoTypes"],"span":{"start":{"byteOffset":17793,"line":422,"column":1},"stop":{"byteOffset":18195,"line":431,"column":63}},"coreStart":2201,"members":[{"index":0,"name":[["str","psIrCheckSignatureNoTypes"]],"role":"sourceDeclaration"}],"normalization":null},{"sourceIndex":22,"sourceName":["psIrCheckSignatureOneType"],"span":{"start":{"byteOffset":18198,"line":433,"column":1},"stop":{"byteOffset":18693,"line":444,"column":77}},"coreStart":2202,"members":[{"index":0,"name":[["str","psIrCheckSignatureOneType"]],"role":"sourceDeclaration"}],"normalization":null},{"sourceIndex":23,"sourceName":["psIrCheckSignatureTwoTypes"],"span":{"start":{"byteOffset":18696,"line":446,"column":1},"stop":{"byteOffset":19398,"line":462,"column":70}},"coreStart":2203,"members":[{"index":0,"name":[["str","psIrCheckSignatureTwoTypes"]],"role":"sourceDeclaration"}],"normalization":null},{"sourceIndex":24,"sourceName":["psIrCheckArrayType"],"span":{"start":{"byteOffset":19401,"line":464,"column":1},"stop":{"byteOffset":19517,"line":465,"column":43}},"coreStart":2204,"members":[{"index":0,"name":[["str","psIrCheckArrayType"]],"role":"sourceDeclaration"}],"normalization":null},{"sourceIndex":25,"sourceName":["psIrCheckIntrinsicSignature"],"span":{"start":{"byteOffset":19670,"line":469,"column":1},"stop":{"byteOffset":26017,"line":577,"column":53}},"coreStart":2205,"members":[{"index":0,"name":[["str","psIrCheckIntrinsicSignature"]],"role":"sourceDeclaration"}],"normalization":null}]},{"moduleName":["Ps","CompilerIr","CheckSize"],"coreStart":2206,"batches":[{"sourceIndex":0,"sourceName":["PsIrCheckSizeTask"],"span":{"start":{"byteOffset":282,"line":6,"column":1},"stop":{"byteOffset":2096,"line":40,"column":11}},"coreStart":2206,"members":[{"index":0,"name":[["str","PsIrCheckSizeTask"]],"role":"inductiveType"},{"index":1,"name":[["str","PsIrCheckSizeTask"],["str","moduleNode"]],"role":"constructor"},{"index":2,"name":[["str","PsIrCheckSizeTask"],["str","imports"]],"role":"constructor"},{"index":3,"name":[["str","PsIrCheckSizeTask"],["str","externalImport"]],"role":"constructor"},{"index":4,"name":[["str","PsIrCheckSizeTask"],["str","structures"]],"role":"constructor"},{"index":5,"name":[["str","PsIrCheckSizeTask"],["str","structureNode"]],"role":"constructor"},{"index":6,"name":[["str","PsIrCheckSizeTask"],["str","structureFields"]],"role":"constructor"},{"index":7,"name":[["str","PsIrCheckSizeTask"],["str","structureField"]],"role":"constructor"},{"index":8,"name":[["str","PsIrCheckSizeTask"],["str","inductives"]],"role":"constructor"},{"index":9,"name":[["str","PsIrCheckSizeTask"],["str","inductiveNode"]],"role":"constructor"},{"index":10,"name":[["str","PsIrCheckSizeTask"],["str","constructors"]],"role":"constructor"},{"index":11,"name":[["str","PsIrCheckSizeTask"],["str","constructor"]],"role":"constructor"},{"index":12,"name":[["str","PsIrCheckSizeTask"],["str","constructorFields"]],"role":"constructor"},{"index":13,"name":[["str","PsIrCheckSizeTask"],["str","constructorField"]],"role":"constructor"},{"index":14,"name":[["str","PsIrCheckSizeTask"],["str","declarations"]],"role":"constructor"},{"index":15,"name":[["str","PsIrCheckSizeTask"],["str","declaration"]],"role":"constructor"},{"index":16,"name":[["str","PsIrCheckSizeTask"],["str","typeParameters"]],"role":"constructor"},{"index":17,"name":[["str","PsIrCheckSizeTask"],["str","typeParameter"]],"role":"constructor"},{"index":18,"name":[["str","PsIrCheckSizeTask"],["str","parameters"]],"role":"constructor"},{"index":19,"name":[["str","PsIrCheckSizeTask"],["str","parameter"]],"role":"constructor"},{"index":20,"name":[["str","PsIrCheckSizeTask"],["str","bindings"]],"role":"constructor"},{"index":21,"name":[["str","PsIrCheckSizeTask"],["str","binding"]],"role":"constructor"},{"index":22,"name":[["str","PsIrCheckSizeTask"],["str","type"]],"role":"constructor"},{"index":23,"name":[["str","PsIrCheckSizeTask"],["str","types"]],"role":"constructor"},{"index":24,"name":[["str","PsIrCheckSizeTask"],["str","expression"]],"role":"constructor"},{"index":25,"name":[["str","PsIrCheckSizeTask"],["str","expressions"]],"role":"constructor"},{"index":26,"name":[["str","PsIrCheckSizeTask"],["str","literal"]],"role":"constructor"},{"index":27,"name":[["str","PsIrCheckSizeTask"],["str","intrinsic"]],"role":"constructor"},{"index":28,"name":[["str","PsIrCheckSizeTask"],["str","fields"]],"role":"constructor"},{"index":29,"name":[["str","PsIrCheckSizeTask"],["str","field"]],"role":"constructor"},{"index":30,"name":[["str","PsIrCheckSizeTask"],["str","alternatives"]],"role":"constructor"},{"index":31,"name":[["str","PsIrCheckSizeTask"],["str","alternative"]],"role":"constructor"},{"index":32,"name":[["str","PsIrCheckSizeTask"],["str","alternativeBody"]],"role":"constructor"},{"index":33,"name":[["str","PsIrCheckSizeTask"],["str","text"]],"role":"constructor"},{"index":34,"name":[["str","PsIrCheckSizeTask"],["str","scalar"]],"role":"constructor"},{"index":35,"name":[["str","PsIrCheckSizeTask"],["str","rec"]],"role":"recursor"}],"normalization":null},{"sourceIndex":1,"sourceName":["psIrCheckModuleSizeWorker"],"span":{"start":{"byteOffset":2098,"line":42,"column":1},"stop":{"byteOffset":18708,"line":312,"column":30}},"coreStart":2242,"members":[{"index":0,"name":[["str","psIrCheckModuleSizeWorker"],["str","$psc0SH"],["num","0"]],"role":"normalizedWorker"},{"index":1,"name":[["str","psIrCheckModuleSizeWorker"]],"role":"publicWrapper"}],"normalization":{"functionName":[["str","psIrCheckModuleSizeWorker"]],"workerName":[["str","psIrCheckModuleSizeWorker"],["str","$psc0SH"],["num","0"]],"parameterIds":["0","1","2","3"],"explicitIds":["0","1","2","3"],"majorId":"1","generalizedIds":["2","3","2","3","2","3","2","3","2","3","2","3","2","3","2","3","2","3","2","3","2","3","2","3","2","3","2","3","2","3","2","3","2","3","2","3","2","3","2","3","2","3","2","3","2","3","2","3","2","3","2","3","2","3","2","3","2","3","2","3","2","3","2","3","2","3","2","3","2","3","2","3","2","3","2","3","2","3","2","3","2","3","2","3","2","3","2","3","2","3","2","3","2","3","2","3","2","3","2","3","2","3","2","3","2","3","2","3","2","3","2","3","2","3","2","3","2","3","2","3","2","3","2","3","2","3","2","3","2","3","2","3","2","3","2","3","2","3","2","3","2","3"],"workerBinderCount":2,"workerTypeKind":"forallE","workerValueKind":"matchE","actualWorkerSyntaxRetained":true}},{"sourceIndex":2,"sourceName":["psIrCheckModuleSize"],"span":{"start":{"byteOffset":18710,"line":314,"column":1},"stop":{"byteOffset":18918,"line":318,"column":65}},"coreStart":2244,"members":[{"index":0,"name":[["str","psIrCheckModuleSize"]],"role":"sourceDeclaration"}],"normalization":null}]},{"moduleName":["Ps","CompilerIr","Check"],"coreStart":2245,"batches":[{"sourceIndex":0,"sourceName":["PsIrCheckOptions"],"span":{"start":{"byteOffset":210,"line":6,"column":1},"stop":{"byteOffset":300,"line":9,"column":20}},"coreStart":2245,"members":[{"index":0,"name":[["str","PsIrCheckOptions"]],"role":"structureType"},{"index":1,"name":[["str","PsIrCheckOptions"],["str","mk"]],"role":"constructor"},{"index":2,"name":[["str","PsIrCheckOptions"],["str","rec"]],"role":"recursor"}],"normalization":null},{"sourceIndex":1,"sourceName":["psIrCheckOptionsWithLimits"],"span":{"start":{"byteOffset":302,"line":11,"column":1},"stop":{"byteOffset":452,"line":12,"column":56}},"coreStart":2248,"members":[{"index":0,"name":[["str","psIrCheckOptionsWithLimits"]],"role":"sourceDeclaration"}],"normalization":null},{"sourceIndex":2,"sourceName":["psIrCheckDefaultOptions"],"span":{"start":{"byteOffset":454,"line":14,"column":1},"stop":{"byteOffset":544,"line":15,"column":41}},"coreStart":2249,"members":[{"index":0,"name":[["str","psIrCheckDefaultOptions"]],"role":"sourceDeclaration"}],"normalization":null},{"sourceIndex":3,"sourceName":["PsIrCheckFinding"],"span":{"start":{"byteOffset":546,"line":17,"column":1},"stop":{"byteOffset":717,"line":23,"column":35}},"coreStart":2250,"members":[{"index":0,"name":[["str","PsIrCheckFinding"]],"role":"structureType"},{"index":1,"name":[["str","PsIrCheckFinding"],["str","mk"]],"role":"constructor"},{"index":2,"name":[["str","PsIrCheckFinding"],["str","rec"]],"role":"recursor"}],"normalization":null},{"sourceIndex":4,"sourceName":["PsIrCheckReport"],"span":{"start":{"byteOffset":719,"line":25,"column":1},"stop":{"byteOffset":896,"line":31,"column":35}},"coreStart":2253,"members":[{"index":0,"name":[["str","PsIrCheckReport"]],"role":"structureType"},{"index":1,"name":[["str","PsIrCheckReport"],["str","mk"]],"role":"constructor"},{"index":2,"name":[["str","PsIrCheckReport"],["str","rec"]],"role":"recursor"}],"normalization":null},{"sourceIndex":5,"sourceName":["PsIrCheckScope"],"span":{"start":{"byteOffset":898,"line":33,"column":1},"stop":{"byteOffset":1027,"line":37,"column":40}},"coreStart":2256,"members":[{"index":0,"name":[["str","PsIrCheckScope"]],"role":"structureType"},{"index":1,"name":[["str","PsIrCheckScope"],["str","mk"]],"role":"constructor"},{"index":2,"name":[["str","PsIrCheckScope"],["str","rec"]],"role":"recursor"}],"normalization":null},{"sourceIndex":6,"sourceName":["PsIrCheckValue"],"span":{"start":{"byteOffset":1029,"line":39,"column":1},"stop":{"byteOffset":1167,"line":42,"column":61}},"coreStart":2259,"members":[{"index":0,"name":[["str","PsIrCheckValue"]],"role":"inductiveType"},{"index":1,"name":[["str","PsIrCheckValue"],["str","invalid"]],"role":"constructor"},{"index":2,"name":[["str","PsIrCheckValue"],["str","mono"]],"role":"constructor"},{"index":3,"name":[["str","PsIrCheckValue"],["str","scheme"]],"role":"constructor"},{"index":4,"name":[["str","PsIrCheckValue"],["str","rec"]],"role":"recursor"}],"normalization":null},{"sourceIndex":7,"sourceName":["PsIrCheckMatchPlan"],"span":{"start":{"byteOffset":1169,"line":44,"column":1},"stop":{"byteOffset":1326,"line":47,"column":46}},"coreStart":2264,"members":[{"index":0,"name":[["str","PsIrCheckMatchPlan"]],"role":"structureType"},{"index":1,"name":[["str","PsIrCheckMatchPlan"],["str","mk"]],"role":"constructor"},{"index":2,"name":[["str","PsIrCheckMatchPlan"],["str","rec"]],"role":"recursor"}],"normalization":null},{"sourceIndex":8,"sourceName":["PsIrCheckTask"],"span":{"start":{"byteOffset":1328,"line":49,"column":1},"stop":{"byteOffset":3291,"line":81,"column":68}},"coreStart":2267,"members":[{"index":0,"name":[["str","PsIrCheckTask"]],"role":"inductiveType"},{"index":1,"name":[["str","PsIrCheckTask"],["str","expression"]],"role":"constructor"},{"index":2,"name":[["str","PsIrCheckTask"],["str","expect"]],"role":"constructor"},{"index":3,"name":[["str","PsIrCheckTask"],["str","discard"]],"role":"constructor"},{"index":4,"name":[["str","PsIrCheckTask"],["str","yieldValue"]],"role":"constructor"},{"index":5,"name":[["str","PsIrCheckTask"],["str","callCallee"]],"role":"constructor"},{"index":6,"name":[["str","PsIrCheckTask"],["str","arguments"]],"role":"constructor"},{"index":7,"name":[["str","PsIrCheckTask"],["str","lambdaResult"]],"role":"constructor"},{"index":8,"name":[["str","PsIrCheckTask"],["str","ifThen"]],"role":"constructor"},{"index":9,"name":[["str","PsIrCheckTask"],["str","ifResult"]],"role":"constructor"},{"index":10,"name":[["str","PsIrCheckTask"],["str","alternatives"]],"role":"constructor"},{"index":11,"name":[["str","PsIrCheckTask"],["str","alternativeResult"]],"role":"constructor"},{"index":12,"name":[["str","PsIrCheckTask"],["str","fields"]],"role":"constructor"},{"index":13,"name":[["str","PsIrCheckTask"],["str","imports"]],"role":"constructor"},{"index":14,"name":[["str","PsIrCheckTask"],["str","declarations"]],"role":"constructor"},{"index":15,"name":[["str","PsIrCheckTask"],["str","structures"]],"role":"constructor"},{"index":16,"name":[["str","PsIrCheckTask"],["str","inductives"]],"role":"constructor"},{"index":17,"name":[["str","PsIrCheckTask"],["str","constructors"]],"role":"constructor"},{"index":18,"name":[["str","PsIrCheckTask"],["str","parameterTypes"]],"role":"constructor"},{"index":19,"name":[["str","PsIrCheckTask"],["str","rec"]],"role":"recursor"}],"normalization":null},{"sourceIndex":9,"sourceName":["PsIrCheckState"],"span":{"start":{"byteOffset":3293,"line":83,"column":1},"stop":{"byteOffset":3514,"line":90,"column":27}},"coreStart":2287,"members":[{"index":0,"name":[["str","PsIrCheckState"]],"role":"structureType"},{"index":1,"name":[["str","PsIrCheckState"],["str","mk"]],"role":"constructor"},{"index":2,"name":[["str","PsIrCheckState"],["str","rec"]],"role":"recursor"}],"normalization":null},{"sourceIndex":10,"sourceName":["psIrCheckAt"],"span":{"start":{"byteOffset":3516,"line":92,"column":1},"stop":{"byteOffset":3733,"line":95,"column":35}},"coreStart":2290,"members":[{"index":0,"name":[["str","psIrCheckAt"]],"role":"sourceDeclaration"}],"normalization":null},{"sourceIndex":11,"sourceName":["psIrCheckIndex"],"span":{"start":{"byteOffset":3735,"line":97,"column":1},"stop":{"byteOffset":3902,"line":99,"column":70}},"coreStart":2291,"members":[{"index":0,"name":[["str","psIrCheckIndex"]],"role":"sourceDeclaration"}],"normalization":null},{"sourceIndex":12,"sourceName":["psIrCheckScopeRoot"],"span":{"start":{"byteOffset":3906,"line":101,"column":1},"stop":{"byteOffset":4087,"line":103,"column":52}},"coreStart":2292,"members":[{"index":0,"name":[["str","psIrCheckScopeRoot"]],"role":"sourceDeclaration"}],"normalization":null},{"sourceIndex":13,"sourceName":["psIrCheckHasName"],"span":{"start":{"byteOffset":4089,"line":105,"column":1},"stop":{"byteOffset":4303,"line":109,"column":75}},"coreStart":2293,"members":[{"index":0,"name":[["str","psIrCheckHasName"]],"role":"sourceDeclaration"}],"normalization":null},{"sourceIndex":14,"sourceName":["psIrCheckFindParameter"],"span":{"start":{"byteOffset":4305,"line":111,"column":1},"stop":{"byteOffset":4622,"line":117,"column":44}},"coreStart":2294,"members":[{"index":0,"name":[["str","psIrCheckFindParameter"]],"role":"sourceDeclaration"}],"normalization":null},{"sourceIndex":15,"sourceName":["psIrCheckFindDeclaration"],"span":{"start":{"byteOffset":4624,"line":119,"column":1},"stop":{"byteOffset":4959,"line":125,"column":46}},"coreStart":2295,"members":[{"index":0,"name":[["str","psIrCheckFindDeclaration"]],"role":"sourceDeclaration"}],"normalization":null},{"sourceIndex":16,"sourceName":["psIrCheckFindImport"],"span":{"start":{"byteOffset":4961,"line":127,"column":1},"stop":{"byteOffset":5269,"line":133,"column":41}},"coreStart":2296,"members":[{"index":0,"name":[["str","psIrCheckFindImport"]],"role":"sourceDeclaration"}],"normalization":null},{"sourceIndex":17,"sourceName":["psIrCheckFindStructure"],"span":{"start":{"byteOffset":5271,"line":135,"column":1},"stop":{"byteOffset":5579,"line":141,"column":44}},"coreStart":2297,"members":[{"index":0,"name":[["str","psIrCheckFindStructure"]],"role":"sourceDeclaration"}],"normalization":null},{"sourceIndex":18,"sourceName":["psIrCheckFindInductive"],"span":{"start":{"byteOffset":5581,"line":143,"column":1},"stop":{"byteOffset":5889,"line":149,"column":44}},"coreStart":2298,"members":[{"index":0,"name":[["str","psIrCheckFindInductive"]],"role":"sourceDeclaration"}],"normalization":null},{"sourceIndex":19,"sourceName":["psIrCheckFindConstructor"],"span":{"start":{"byteOffset":5891,"line":151,"column":1},"stop":{"byteOffset":6217,"line":157,"column":46}},"coreStart":2299,"members":[{"index":0,"name":[["str","psIrCheckFindConstructor"]],"role":"sourceDeclaration"}],"normalization":null},{"sourceIndex":20,"sourceName":["psIrCheckTypeParameterNames"],"span":{"start":{"byteOffset":6219,"line":159,"column":1},"stop":{"byteOffset":6478,"line":162,"column":37}},"coreStart":2300,"members":[{"index":0,"name":[["str","psIrCheckTypeParameterNames"]],"role":"sourceDeclaration"}],"normalization":null},{"sourceIndex":21,"sourceName":["psIrCheckParameterTypes"],"span":{"start":{"byteOffset":6480,"line":164,"column":1},"stop":{"byteOffset":6743,"line":167,"column":37}},"coreStart":2301,"members":[{"index":0,"name":[["str","psIrCheckParameterTypes"]],"role":"sourceDeclaration"}],"normalization":null},{"sourceIndex":22,"sourceName":["psIrCheckStructureParameters"],"span":{"start":{"byteOffset":6745,"line":169,"column":1},"stop":{"byteOffset":7064,"line":173,"column":34}},"coreStart":2302,"members":[{"index":0,"name":[["str","psIrCheckStructureParameters"]],"role":"sourceDeclaration"}],"normalization":null},{"sourceIndex":23,"sourceName":["psIrCheckConstructorParameters"],"span":{"start":{"byteOffset":7066,"line":175,"column":1},"stop":{"byteOffset":7393,"line":179,"column":34}},"coreStart":2303,"members":[{"index":0,"name":[["str","psIrCheckConstructorParameters"]],"role":"sourceDeclaration"}],"normalization":null},{"sourceIndex":24,"sourceName":["psIrCheckNamedArity"],"span":{"start":{"byteOffset":7395,"line":181,"column":1},"stop":{"byteOffset":7877,"line":189,"column":37}},"coreStart":2304,"members":[{"index":0,"name":[["str","psIrCheckNamedArity"]],"role":"sourceDeclaration"}],"normalization":null},{"sourceIndex":25,"sourceName":["psIrCheckSetTasks"],"span":{"start":{"byteOffset":7879,"line":191,"column":1},"stop":{"byteOffset":8119,"line":193,"column":65}},"coreStart":2305,"members":[{"index":0,"name":[["str","psIrCheckSetTasks"]],"role":"sourceDeclaration"}],"normalization":null},{"sourceIndex":26,"sourceName":["psIrCheckSetValues"],"span":{"start":{"byteOffset":8121,"line":195,"column":1},"stop":{"byteOffset":8364,"line":197,"column":65}},"coreStart":2306,"members":[{"index":0,"name":[["str","psIrCheckSetValues"]],"role":"sourceDeclaration"}],"normalization":null},{"sourceIndex":27,"sourceName":["psIrCheckPush"],"span":{"start":{"byteOffset":8366,"line":199,"column":1},"stop":{"byteOffset":8510,"line":200,"column":57}},"coreStart":2307,"members":[{"index":0,"name":[["str","psIrCheckPush"]],"role":"sourceDeclaration"}],"normalization":null},{"sourceIndex":28,"sourceName":["psIrCheckSchedule"],"span":{"start":{"byteOffset":8513,"line":202,"column":1},"stop":{"byteOffset":8666,"line":203,"column":58}},"coreStart":2308,"members":[{"index":0,"name":[["str","psIrCheckSchedule"]],"role":"sourceDeclaration"}],"normalization":null},{"sourceIndex":29,"sourceName":["psIrCheckFinding"],"span":{"start":{"byteOffset":8669,"line":205,"column":1},"stop":{"byteOffset":9252,"line":214,"column":67}},"coreStart":2309,"members":[{"index":0,"name":[["str","psIrCheckFinding"]],"role":"sourceDeclaration"}],"normalization":null},{"sourceIndex":30,"sourceName":["psIrCheckRecordIssue"],"span":{"start":{"byteOffset":9254,"line":216,"column":1},"stop":{"byteOffset":9719,"line":222,"column":14}},"coreStart":2310,"members":[{"index":0,"name":[["str","psIrCheckRecordIssue"]],"role":"sourceDeclaration"}],"normalization":null},{"sourceIndex":31,"sourceName":["psIrCheckInternal"],"span":{"start":{"byteOffset":9721,"line":224,"column":1},"stop":{"byteOffset":10128,"line":229,"column":49}},"coreStart":2311,"members":[{"index":0,"name":[["str","psIrCheckInternal"]],"role":"sourceDeclaration"}],"normalization":null},{"sourceIndex":32,"sourceName":["psIrCheckAnnotation"],"span":{"start":{"byteOffset":10130,"line":231,"column":1},"stop":{"byteOffset":10512,"line":236,"column":73}},"coreStart":2312,"members":[{"index":0,"name":[["str","psIrCheckAnnotation"]],"role":"sourceDeclaration"}],"normalization":null},{"sourceIndex":33,"sourceName":["psIrCheckTypeArguments"],"span":{"start":{"byteOffset":10514,"line":238,"column":1},"stop":{"byteOffset":10962,"line":245,"column":99}},"coreStart":2313,"members":[{"index":0,"name":[["str","psIrCheckTypeArguments"],["str","$psc0SH"],["num","0"]],"role":"normalizedWorker"},{"index":1,"name":[["str","psIrCheckTypeArguments"]],"role":"publicWrapper"}],"normalization":{"functionName":[["str","psIrCheckTypeArguments"]],"workerName":[["str","psIrCheckTypeArguments"],["str","$psc0SH"],["num","0"]],"parameterIds":["0","1","2","3","4","5"],"explicitIds":["0","1","2","3","4","5"],"majorId":"2","generalizedIds":["4","5"],"workerBinderCount":4,"workerTypeKind":"forallE","workerValueKind":"matchE","actualWorkerSyntaxRetained":true}},{"sourceIndex":34,"sourceName":["psIrCheckNames"],"span":{"start":{"byteOffset":10965,"line":247,"column":1},"stop":{"byteOffset":11618,"line":260,"column":75}},"coreStart":2315,"members":[{"index":0,"name":[["str","psIrCheckNames"],["str","$psc0SH"],["num","0"]],"role":"normalizedWorker"},{"index":1,"name":[["str","psIrCheckNames"]],"role":"publicWrapper"}],"normalization":{"functionName":[["str","psIrCheckNames"]],"workerName":[["str","psIrCheckNames"],["str","$psc0SH"],["num","0"]],"parameterIds":["0","1","2","3","4","5"],"explicitIds":["0","1","2","3","4","5"],"majorId":"1","generalizedIds":["4","5"],"workerBinderCount":4,"workerTypeKind":"forallE","workerValueKind":"matchE","actualWorkerSyntaxRetained":true}},{"sourceIndex":35,"sourceName":["psIrCheckCompare"],"span":{"start":{"byteOffset":11620,"line":262,"column":1},"stop":{"byteOffset":12107,"line":269,"column":51}},"coreStart":2317,"members":[{"index":0,"name":[["str","psIrCheckCompare"]],"role":"sourceDeclaration"}],"normalization":null},{"sourceIndex":36,"sourceName":["psIrCheckArity"],"span":{"start":{"byteOffset":12110,"line":271,"column":1},"stop":{"byteOffset":12547,"line":277,"column":54}},"coreStart":2318,"members":[{"index":0,"name":[["str","psIrCheckArity"]],"role":"sourceDeclaration"}],"normalization":null},{"sourceIndex":37,"sourceName":["psIrCheckValueType"],"span":{"start":{"byteOffset":12549,"line":279,"column":1},"stop":{"byteOffset":12714,"line":282,"column":21}},"coreStart":2319,"members":[{"index":0,"name":[["str","psIrCheckValueType"]],"role":"sourceDeclaration"}],"normalization":null},{"sourceIndex":38,"sourceName":["psIrCheckChooseExpected"],"span":{"start":{"byteOffset":12716,"line":284,"column":1},"stop":{"byteOffset":12924,"line":288,"column":18}},"coreStart":2320,"members":[{"index":0,"name":[["str","psIrCheckChooseExpected"]],"role":"sourceDeclaration"}],"normalization":null},{"sourceIndex":39,"sourceName":["psIrCheckGlobalValue"],"span":{"start":{"byteOffset":12926,"line":290,"column":1},"stop":{"byteOffset":13484,"line":298,"column":93}},"coreStart":2321,"members":[{"index":0,"name":[["str","psIrCheckGlobalValue"]],"role":"sourceDeclaration"}],"normalization":null},{"sourceIndex":40,"sourceName":["psIrCheckMissingFields"],"span":{"start":{"byteOffset":13486,"line":300,"column":1},"stop":{"byteOffset":13987,"line":309,"column":61}},"coreStart":2322,"members":[{"index":0,"name":[["str","psIrCheckMissingFields"],["str","$psc0SH"],["num","0"]],"role":"normalizedWorker"},{"index":1,"name":[["str","psIrCheckMissingFields"]],"role":"publicWrapper"}],"normalization":{"functionName":[["str","psIrCheckMissingFields"]],"workerName":[["str","psIrCheckMissingFields"],["str","$psc0SH"],["num","0"]],"parameterIds":["0","1","2","3","4"],"explicitIds":["0","1","2","3","4"],"majorId":"1","generalizedIds":["4"],"workerBinderCount":4,"workerTypeKind":"forallE","workerValueKind":"matchE","actualWorkerSyntaxRetained":true}},{"sourceIndex":41,"sourceName":["psIrCheckFieldOrder"],"span":{"start":{"byteOffset":13989,"line":311,"column":1},"stop":{"byteOffset":14375,"line":319,"column":93}},"coreStart":2324,"members":[{"index":0,"name":[["str","psIrCheckFieldOrder"],["str","$psc0SH"],["num","0"]],"role":"normalizedWorker"},{"index":1,"name":[["str","psIrCheckFieldOrder"]],"role":"publicWrapper"}],"normalization":{"functionName":[["str","psIrCheckFieldOrder"]],"workerName":[["str","psIrCheckFieldOrder"],["str","$psc0SH"],["num","0"]],"parameterIds":["0","1"],"explicitIds":["0","1"],"majorId":"0","generalizedIds":["1"],"workerBinderCount":1,"workerTypeKind":"forallE","workerValueKind":"matchE","actualWorkerSyntaxRetained":true}},{"sourceIndex":42,"sourceName":["psIrCheckMissingAlternatives"],"span":{"start":{"byteOffset":14377,"line":321,"column":1},"stop":{"byteOffset":14917,"line":330,"column":68}},"coreStart":2326,"members":[{"index":0,"name":[["str","psIrCheckMissingAlternatives"],["str","$psc0SH"],["num","0"]],"role":"normalizedWorker"},{"index":1,"name":[["str","psIrCheckMissingAlternatives"]],"role":"publicWrapper"}],"normalization":{"functionName":[["str","psIrCheckMissingAlternatives"]],"workerName":[["str","psIrCheckMissingAlternatives"],["str","$psc0SH"],["num","0"]],"parameterIds":["0","1","2","3","4"],"explicitIds":["0","1","2","3","4"],"majorId":"1","generalizedIds":["4"],"workerBinderCount":4,"workerTypeKind":"forallE","workerValueKind":"matchE","actualWorkerSyntaxRetained":true}},{"sourceIndex":43,"sourceName":["psIrCheckMatchBindings"],"span":{"start":{"byteOffset":14919,"line":332,"column":1},"stop":{"byteOffset":16605,"line":357,"column":88}},"coreStart":2328,"members":[{"index":0,"name":[["str","psIrCheckMatchBindings"],["str","$psc0SH"],["num","0"]],"role":"normalizedWorker"},{"index":1,"name":[["str","psIrCheckMatchBindings"]],"role":"publicWrapper"}],"normalization":{"functionName":[["str","psIrCheckMatchBindings"]],"workerName":[["str","psIrCheckMatchBindings"],["str","$psc0SH"],["num","0"]],"parameterIds":["0","1","2","3","4","5","6","7","8"],"explicitIds":["0","1","2","3","4","5","6","7","8"],"majorId":"2","generalizedIds":["6","7","8"],"workerBinderCount":6,"workerTypeKind":"forallE","workerValueKind":"matchE","actualWorkerSyntaxRetained":true}},{"sourceIndex":44,"sourceName":["psIrCheckReadVariable"],"span":{"start":{"byteOffset":16607,"line":359,"column":1},"stop":{"byteOffset":17471,"line":372,"column":39}},"coreStart":2330,"members":[{"index":0,"name":[["str","psIrCheckReadVariable"]],"role":"sourceDeclaration"}],"normalization":null},{"sourceIndex":45,"sourceName":["psIrCheckApplyFunction"],"span":{"start":{"byteOffset":17473,"line":374,"column":1},"stop":{"byteOffset":18356,"line":389,"column":58}},"coreStart":2331,"members":[{"index":0,"name":[["str","psIrCheckApplyFunction"]],"role":"sourceDeclaration"}],"normalization":null},{"sourceIndex":46,"sourceName":["psIrCheckCallee"],"span":{"start":{"byteOffset":18358,"line":391,"column":1},"stop":{"byteOffset":19861,"line":416,"column":60}},"coreStart":2332,"members":[{"index":0,"name":[["str","psIrCheckCallee"]],"role":"sourceDeclaration"}],"normalization":null},{"sourceIndex":47,"sourceName":["psIrCheckRecord"],"span":{"start":{"byteOffset":19863,"line":418,"column":1},"stop":{"byteOffset":21059,"line":436,"column":101}},"coreStart":2333,"members":[{"index":0,"name":[["str","psIrCheckRecord"]],"role":"sourceDeclaration"}],"normalization":null},{"sourceIndex":48,"sourceName":["psIrCheckConstructor"],"span":{"start":{"byteOffset":21061,"line":438,"column":1},"stop":{"byteOffset":22970,"line":468,"column":105}},"coreStart":2334,"members":[{"index":0,"name":[["str","psIrCheckConstructor"]],"role":"sourceDeclaration"}],"normalization":null},{"sourceIndex":49,"sourceName":["psIrCheckProjection"],"span":{"start":{"byteOffset":22972,"line":470,"column":1},"stop":{"byteOffset":24762,"line":498,"column":66}},"coreStart":2335,"members":[{"index":0,"name":[["str","psIrCheckProjection"]],"role":"sourceDeclaration"}],"normalization":null},{"sourceIndex":50,"sourceName":["psIrCheckMatch"],"span":{"start":{"byteOffset":24764,"line":500,"column":1},"stop":{"byteOffset":27253,"line":539,"column":76}},"coreStart":2336,"members":[{"index":0,"name":[["str","psIrCheckMatch"]],"role":"sourceDeclaration"}],"normalization":null},{"sourceIndex":51,"sourceName":["psIrCheckExpression"],"span":{"start":{"byteOffset":27255,"line":541,"column":1},"stop":{"byteOffset":31725,"line":605,"column":98}},"coreStart":2337,"members":[{"index":0,"name":[["str","psIrCheckExpression"]],"role":"sourceDeclaration"}],"normalization":null},{"sourceIndex":52,"sourceName":["psIrCheckAlternative"],"span":{"start":{"byteOffset":31727,"line":607,"column":1},"stop":{"byteOffset":33358,"line":632,"column":77}},"coreStart":2338,"members":[{"index":0,"name":[["str","psIrCheckAlternative"]],"role":"sourceDeclaration"}],"normalization":null},{"sourceIndex":53,"sourceName":["psIrCheckStep"],"span":{"start":{"byteOffset":33360,"line":634,"column":1},"stop":{"byteOffset":43620,"line":810,"column":86}},"coreStart":2339,"members":[{"index":0,"name":[["str","psIrCheckStep"]],"role":"sourceDeclaration"}],"normalization":null},{"sourceIndex":54,"sourceName":["psIrCheckRun"],"span":{"start":{"byteOffset":43622,"line":812,"column":1},"stop":{"byteOffset":44583,"line":829,"column":88}},"coreStart":2340,"members":[{"index":0,"name":[["str","psIrCheckRun"],["str","$psc0SH"],["num","0"]],"role":"normalizedWorker"},{"index":1,"name":[["str","psIrCheckRun"]],"role":"publicWrapper"}],"normalization":{"functionName":[["str","psIrCheckRun"]],"workerName":[["str","psIrCheckRun"],["str","$psc0SH"],["num","0"]],"parameterIds":["0","1","2","3"],"explicitIds":["0","1","2","3"],"majorId":"2","generalizedIds":["3"],"workerBinderCount":3,"workerTypeKind":"forallE","workerValueKind":"matchE","actualWorkerSyntaxRetained":true}},{"sourceIndex":55,"sourceName":["psIrCheckSizedModule"],"span":{"start":{"byteOffset":44586,"line":831,"column":1},"stop":{"byteOffset":45691,"line":850,"column":87}},"coreStart":2342,"members":[{"index":0,"name":[["str","psIrCheckSizedModule"]],"role":"sourceDeclaration"}],"normalization":null},{"sourceIndex":56,"sourceName":["psCheckVerifiedIrModule"],"span":{"start":{"byteOffset":45932,"line":855,"column":1},"stop":{"byteOffset":46478,"line":864,"column":75}},"coreStart":2343,"members":[{"index":0,"name":[["str","psCheckVerifiedIrModule"]],"role":"sourceDeclaration"}],"normalization":null}]},{"moduleName":["Ps","CompilerIr","Construct"],"coreStart":2344,"batches":[{"sourceIndex":0,"sourceName":["psIrCheckMakeParameter"],"span":{"start":{"byteOffset":176,"line":5,"column":1},"stop":{"byteOffset":312,"line":7,"column":37}},"coreStart":2344,"members":[{"index":0,"name":[["str","psIrCheckMakeParameter"]],"role":"sourceDeclaration"}],"normalization":null},{"sourceIndex":1,"sourceName":["psIrCheckMakeMatchBinding"],"span":{"start":{"byteOffset":314,"line":9,"column":1},"stop":{"byteOffset":482,"line":11,"column":46}},"coreStart":2345,"members":[{"index":0,"name":[["str","psIrCheckMakeMatchBinding"]],"role":"sourceDeclaration"}],"normalization":null},{"sourceIndex":2,"sourceName":["psIrCheckMakeTypeParameter"],"span":{"start":{"byteOffset":484,"line":13,"column":1},"stop":{"byteOffset":597,"line":14,"column":36}},"coreStart":2346,"members":[{"index":0,"name":[["str","psIrCheckMakeTypeParameter"]],"role":"sourceDeclaration"}],"normalization":null},{"sourceIndex":3,"sourceName":["psIrCheckMakeStructureField"],"span":{"start":{"byteOffset":599,"line":16,"column":1},"stop":{"byteOffset":750,"line":18,"column":42}},"coreStart":2347,"members":[{"index":0,"name":[["str","psIrCheckMakeStructureField"]],"role":"sourceDeclaration"}],"normalization":null},{"sourceIndex":4,"sourceName":["psIrCheckMakeStructure"],"span":{"start":{"byteOffset":752,"line":20,"column":1},"stop":{"byteOffset":976,"line":23,"column":54}},"coreStart":2348,"members":[{"index":0,"name":[["str","psIrCheckMakeStructure"]],"role":"sourceDeclaration"}],"normalization":null},{"sourceIndex":5,"sourceName":["psIrCheckMakeConstructorField"],"span":{"start":{"byteOffset":978,"line":25,"column":1},"stop":{"byteOffset":1135,"line":27,"column":44}},"coreStart":2349,"members":[{"index":0,"name":[["str","psIrCheckMakeConstructorField"]],"role":"sourceDeclaration"}],"normalization":null},{"sourceIndex":6,"sourceName":["psIrCheckMakeConstructor"],"span":{"start":{"byteOffset":1137,"line":29,"column":1},"stop":{"byteOffset":1300,"line":31,"column":41}},"coreStart":2350,"members":[{"index":0,"name":[["str","psIrCheckMakeConstructor"]],"role":"sourceDeclaration"}],"normalization":null},{"sourceIndex":7,"sourceName":["psIrCheckMakeInductive"],"span":{"start":{"byteOffset":1302,"line":33,"column":1},"stop":{"byteOffset":1535,"line":36,"column":60}},"coreStart":2351,"members":[{"index":0,"name":[["str","psIrCheckMakeInductive"]],"role":"sourceDeclaration"}],"normalization":null},{"sourceIndex":8,"sourceName":["psIrCheckMakeDeclaration"],"span":{"start":{"byteOffset":1537,"line":38,"column":1},"stop":{"byteOffset":1852,"line":43,"column":76}},"coreStart":2352,"members":[{"index":0,"name":[["str","psIrCheckMakeDeclaration"]],"role":"sourceDeclaration"}],"normalization":null},{"sourceIndex":9,"sourceName":["psIrCheckMakeExternalImport"],"span":{"start":{"byteOffset":1854,"line":45,"column":1},"stop":{"byteOffset":2077,"line":47,"column":67}},"coreStart":2353,"members":[{"index":0,"name":[["str","psIrCheckMakeExternalImport"]],"role":"sourceDeclaration"}],"normalization":null},{"sourceIndex":10,"sourceName":["psIrCheckMakeModule"],"span":{"start":{"byteOffset":2079,"line":49,"column":1},"stop":{"byteOffset":2379,"line":53,"column":67}},"coreStart":2354,"members":[{"index":0,"name":[["str","psIrCheckMakeModule"]],"role":"sourceDeclaration"}],"normalization":null},{"sourceIndex":11,"sourceName":["psIrCheckMakePair"],"span":{"start":{"byteOffset":2381,"line":55,"column":1},"stop":{"byteOffset":2509,"line":57,"column":23}},"coreStart":2355,"members":[{"index":0,"name":[["str","psIrCheckMakePair"]],"role":"sourceDeclaration"}],"normalization":null}]},{"moduleName":["Ps","BackendTs","Checked"],"coreStart":2356,"batches":[{"sourceIndex":0,"sourceName":["PsTsCheckedEmitError"],"span":{"start":{"byteOffset":261,"line":8,"column":1},"stop":{"byteOffset":367,"line":10,"column":33}},"coreStart":2356,"members":[{"index":0,"name":[["str","PsTsCheckedEmitError"]],"role":"inductiveType"},{"index":1,"name":[["str","PsTsCheckedEmitError"],["str","check"]],"role":"constructor"},{"index":2,"name":[["str","PsTsCheckedEmitError"],["str","emit"]],"role":"constructor"},{"index":3,"name":[["str","PsTsCheckedEmitError"],["str","rec"]],"role":"recursor"}],"normalization":null},{"sourceIndex":1,"sourceName":["PsTsCheckedEmission"],"span":{"start":{"byteOffset":369,"line":12,"column":1},"stop":{"byteOffset":453,"line":14,"column":22}},"coreStart":2360,"members":[{"index":0,"name":[["str","PsTsCheckedEmission"]],"role":"structureType"},{"index":1,"name":[["str","PsTsCheckedEmission"],["str","mk"]],"role":"constructor"},{"index":2,"name":[["str","PsTsCheckedEmission"],["str","rec"]],"role":"recursor"}],"normalization":null},{"sourceIndex":2,"sourceName":["psTsCheckModuleForEmission"],"span":{"start":{"byteOffset":681,"line":19,"column":1},"stop":{"byteOffset":1072,"line":27,"column":52}},"coreStart":2363,"members":[{"index":0,"name":[["str","psTsCheckModuleForEmission"]],"role":"sourceDeclaration"}],"normalization":null},{"sourceIndex":3,"sourceName":["psTsEmitCheckedModuleWithReport"],"span":{"start":{"byteOffset":1152,"line":30,"column":1},"stop":{"byteOffset":1611,"line":38,"column":76}},"coreStart":2364,"members":[{"index":0,"name":[["str","psTsEmitCheckedModuleWithReport"]],"role":"sourceDeclaration"}],"normalization":null},{"sourceIndex":4,"sourceName":["psTsEmitCheckedModule"],"span":{"start":{"byteOffset":1614,"line":40,"column":1},"stop":{"byteOffset":1895,"line":45,"column":52}},"coreStart":2365,"members":[{"index":0,"name":[["str","psTsEmitCheckedModule"]],"role":"sourceDeclaration"}],"normalization":null},{"sourceIndex":5,"sourceName":["PsCompilerCheckedTypeScriptError"],"span":{"start":{"byteOffset":1897,"line":47,"column":1},"stop":{"byteOffset":2031,"line":49,"column":47}},"coreStart":2366,"members":[{"index":0,"name":[["str","PsCompilerCheckedTypeScriptError"]],"role":"inductiveType"},{"index":1,"name":[["str","PsCompilerCheckedTypeScriptError"],["str","compiler"]],"role":"constructor"},{"index":2,"name":[["str","PsCompilerCheckedTypeScriptError"],["str","checkedEmit"]],"role":"constructor"},{"index":3,"name":[["str","PsCompilerCheckedTypeScriptError"],["str","rec"]],"role":"recursor"}],"normalization":null},{"sourceIndex":6,"sourceName":["psCompilerCheckedTypeScriptFromPrepared"],"span":{"start":{"byteOffset":2033,"line":51,"column":1},"stop":{"byteOffset":2594,"line":63,"column":27}},"coreStart":2370,"members":[{"index":0,"name":[["str","psCompilerCheckedTypeScriptFromPrepared"]],"role":"sourceDeclaration"}],"normalization":null}]},{"moduleName":["Ps","Compiler","Sh1"],"coreStart":2371,"batches":[{"sourceIndex":0,"sourceName":["PsSh1SourceInput"],"span":{"start":{"byteOffset":555,"line":10,"column":1},"stop":{"byteOffset":632,"line":12,"column":18}},"coreStart":2371,"members":[{"index":0,"name":[["str","PsSh1SourceInput"]],"role":"structureType"},{"index":1,"name":[["str","PsSh1SourceInput"],["str","mk"]],"role":"constructor"},{"index":2,"name":[["str","PsSh1SourceInput"],["str","rec"]],"role":"recursor"}],"normalization":null},{"sourceIndex":1,"sourceName":["psSh1SourceInput"],"span":{"start":{"byteOffset":634,"line":14,"column":1},"stop":{"byteOffset":765,"line":16,"column":40}},"coreStart":2374,"members":[{"index":0,"name":[["str","psSh1SourceInput"]],"role":"sourceDeclaration"}],"normalization":null},{"sourceIndex":2,"sourceName":["PsSh1SourceOptions"],"span":{"start":{"byteOffset":767,"line":18,"column":1},"stop":{"byteOffset":907,"line":23,"column":21}},"coreStart":2375,"members":[{"index":0,"name":[["str","PsSh1SourceOptions"]],"role":"structureType"},{"index":1,"name":[["str","PsSh1SourceOptions"],["str","mk"]],"role":"constructor"},{"index":2,"name":[["str","PsSh1SourceOptions"],["str","rec"]],"role":"recursor"}],"normalization":null},{"sourceIndex":3,"sourceName":["psSh1SourceOptionsWithLimits"],"span":{"start":{"byteOffset":909,"line":25,"column":1},"stop":{"byteOffset":1141,"line":29,"column":70}},"coreStart":2378,"members":[{"index":0,"name":[["str","psSh1SourceOptionsWithLimits"]],"role":"sourceDeclaration"}],"normalization":null},{"sourceIndex":4,"sourceName":["psSh1DefaultSourceOptions"],"span":{"start":{"byteOffset":1143,"line":31,"column":1},"stop":{"byteOffset":1258,"line":32,"column":62}},"coreStart":2379,"members":[{"index":0,"name":[["str","psSh1DefaultSourceOptions"]],"role":"sourceDeclaration"}],"normalization":null},{"sourceIndex":5,"sourceName":["PsSh1SourceFinding"],"span":{"start":{"byteOffset":1260,"line":34,"column":1},"stop":{"byteOffset":1396,"line":39,"column":29}},"coreStart":2380,"members":[{"index":0,"name":[["str","PsSh1SourceFinding"]],"role":"structureType"},{"index":1,"name":[["str","PsSh1SourceFinding"],["str","mk"]],"role":"constructor"},{"index":2,"name":[["str","PsSh1SourceFinding"],["str","rec"]],"role":"recursor"}],"normalization":null},{"sourceIndex":6,"sourceName":["PsSh1SourceError"],"span":{"start":{"byteOffset":1398,"line":41,"column":1},"stop":{"byteOffset":1594,"line":44,"column":61}},"coreStart":2383,"members":[{"index":0,"name":[["str","PsSh1SourceError"]],"role":"inductiveType"},{"index":1,"name":[["str","PsSh1SourceError"],["str","policy"]],"role":"constructor"},{"index":2,"name":[["str","PsSh1SourceError"],["str","compiler"]],"role":"constructor"},{"index":3,"name":[["str","PsSh1SourceError"],["str","origin"]],"role":"constructor"},{"index":4,"name":[["str","PsSh1SourceError"],["str","rec"]],"role":"recursor"}],"normalization":null},{"sourceIndex":7,"sourceName":["psSh1SourceFailure"],"span":{"start":{"byteOffset":1596,"line":46,"column":1},"stop":{"byteOffset":1804,"line":50,"column":61}},"coreStart":2388,"members":[{"index":0,"name":[["str","psSh1SourceFailure"]],"role":"sourceDeclaration"}],"normalization":null},{"sourceIndex":8,"sourceName":["PsSh1SyntaxStats"],"span":{"start":{"byteOffset":1807,"line":52,"column":1},"stop":{"byteOffset":1942,"line":57,"column":21}},"coreStart":2389,"members":[{"index":0,"name":[["str","PsSh1SyntaxStats"]],"role":"structureType"},{"index":1,"name":[["str","PsSh1SyntaxStats"],["str","mk"]],"role":"constructor"},{"index":2,"name":[["str","PsSh1SyntaxStats"],["str","rec"]],"role":"recursor"}],"normalization":null},{"sourceIndex":9,"sourceName":["psSh1EmptySyntaxStats"],"span":{"start":{"byteOffset":1944,"line":59,"column":1},"stop":{"byteOffset":2023,"line":60,"column":32}},"coreStart":2392,"members":[{"index":0,"name":[["str","psSh1EmptySyntaxStats"]],"role":"sourceDeclaration"}],"normalization":null},{"sourceIndex":10,"sourceName":["PsSh1SourceReport"],"span":{"start":{"byteOffset":2025,"line":62,"column":1},"stop":{"byteOffset":2350,"line":74,"column":28}},"coreStart":2393,"members":[{"index":0,"name":[["str","PsSh1SourceReport"]],"role":"structureType"},{"index":1,"name":[["str","PsSh1SourceReport"],["str","mk"]],"role":"constructor"},{"index":2,"name":[["str","PsSh1SourceReport"],["str","rec"]],"role":"recursor"}],"normalization":null},{"sourceIndex":11,"sourceName":["PsSh1ParsedModule"],"span":{"start":{"byteOffset":2352,"line":76,"column":1},"stop":{"byteOffset":2444,"line":78,"column":32}},"coreStart":2396,"members":[{"index":0,"name":[["str","PsSh1ParsedModule"]],"role":"structureType"},{"index":1,"name":[["str","PsSh1ParsedModule"],["str","mk"]],"role":"constructor"},{"index":2,"name":[["str","PsSh1ParsedModule"],["str","rec"]],"role":"recursor"}],"normalization":null},{"sourceIndex":12,"sourceName":["PsSh1ModuleOrigin"],"span":{"start":{"byteOffset":2757,"line":84,"column":1},"stop":{"byteOffset":2870,"line":87,"column":35}},"coreStart":2399,"members":[{"index":0,"name":[["str","PsSh1ModuleOrigin"]],"role":"structureType"},{"index":1,"name":[["str","PsSh1ModuleOrigin"],["str","mk"]],"role":"constructor"},{"index":2,"name":[["str","PsSh1ModuleOrigin"],["str","rec"]],"role":"recursor"}],"normalization":null},{"sourceIndex":13,"sourceName":["PsSh1PreparedSources"],"span":{"start":{"byteOffset":2872,"line":89,"column":1},"stop":{"byteOffset":3109,"line":95,"column":29}},"coreStart":2402,"members":[{"index":0,"name":[["str","PsSh1PreparedSources"]],"role":"structureType"},{"index":1,"name":[["str","PsSh1PreparedSources"],["str","mk"]],"role":"constructor"},{"index":2,"name":[["str","PsSh1PreparedSources"],["str","rec"]],"role":"recursor"}],"normalization":null},{"sourceIndex":14,"sourceName":["psSh1NameTextWorker"],"span":{"start":{"byteOffset":3111,"line":97,"column":1},"stop":{"byteOffset":3497,"line":105,"column":36}},"coreStart":2405,"members":[{"index":0,"name":[["str","psSh1NameTextWorker"],["str","$psc0SH"],["num","0"]],"role":"normalizedWorker"},{"index":1,"name":[["str","psSh1NameTextWorker"]],"role":"publicWrapper"}],"normalization":{"functionName":[["str","psSh1NameTextWorker"]],"workerName":[["str","psSh1NameTextWorker"],["str","$psc0SH"],["num","0"]],"parameterIds":["0","1"],"explicitIds":["0","1"],"majorId":"0","generalizedIds":["1"],"workerBinderCount":1,"workerTypeKind":"forallE","workerValueKind":"matchE","actualWorkerSyntaxRetained":true}},{"sourceIndex":15,"sourceName":["psSh1NameText"],"span":{"start":{"byteOffset":3499,"line":107,"column":1},"stop":{"byteOffset":3587,"line":108,"column":34}},"coreStart":2407,"members":[{"index":0,"name":[["str","psSh1NameText"]],"role":"sourceDeclaration"}],"normalization":null},{"sourceIndex":16,"sourceName":["psSh1SegmentsEqual"],"span":{"start":{"byteOffset":3589,"line":110,"column":1},"stop":{"byteOffset":3916,"line":118,"column":21}},"coreStart":2408,"members":[{"index":0,"name":[["str","psSh1SegmentsEqual"],["str","$psc0SH"],["num","0"]],"role":"normalizedWorker"},{"index":1,"name":[["str","psSh1SegmentsEqual"]],"role":"publicWrapper"}],"normalization":{"functionName":[["str","psSh1SegmentsEqual"]],"workerName":[["str","psSh1SegmentsEqual"],["str","$psc0SH"],["num","0"]],"parameterIds":["0","1"],"explicitIds":["0","1"],"majorId":"0","generalizedIds":["1"],"workerBinderCount":1,"workerTypeKind":"forallE","workerValueKind":"matchE","actualWorkerSyntaxRetained":true}},{"sourceIndex":17,"sourceName":["psSh1HasModule"],"span":{"start":{"byteOffset":3918,"line":120,"column":1},"stop":{"byteOffset":4158,"line":125,"column":36}},"coreStart":2410,"members":[{"index":0,"name":[["str","psSh1HasModule"]],"role":"sourceDeclaration"}],"normalization":null},{"sourceIndex":18,"sourceName":["psSh1PackageSectionAllowed"],"span":{"start":{"byteOffset":4160,"line":127,"column":1},"stop":{"byteOffset":4871,"line":140,"column":13}},"coreStart":2411,"members":[{"index":0,"name":[["str","psSh1PackageSectionAllowed"]],"role":"sourceDeclaration"}],"normalization":null},{"sourceIndex":19,"sourceName":["psSh1ModuleNameAllowed"],"span":{"start":{"byteOffset":4873,"line":142,"column":1},"stop":{"byteOffset":5258,"line":152,"column":17}},"coreStart":2412,"members":[{"index":0,"name":[["str","psSh1ModuleNameAllowed"]],"role":"sourceDeclaration"}],"normalization":null},{"sourceIndex":20,"sourceName":["psSh1NameBytesWorker"],"span":{"start":{"byteOffset":5494,"line":157,"column":1},"stop":{"byteOffset":6547,"line":181,"column":41}},"coreStart":2413,"members":[{"index":0,"name":[["str","psSh1NameBytesWorker"],["str","$psc0SH"],["num","0"]],"role":"normalizedWorker"},{"index":1,"name":[["str","psSh1NameBytesWorker"]],"role":"publicWrapper"}],"normalization":{"functionName":[["str","psSh1NameBytesWorker"]],"workerName":[["str","psSh1NameBytesWorker"],["str","$psc0SH"],["num","0"]],"parameterIds":["0","1","2","3"],"explicitIds":["0","1","2","3"],"majorId":"1","generalizedIds":["2","3"],"workerBinderCount":2,"workerTypeKind":"forallE","workerValueKind":"matchE","actualWorkerSyntaxRetained":true}},{"sourceIndex":21,"sourceName":["psSh1CollectDoOrigins"],"span":{"start":{"byteOffset":6550,"line":183,"column":1},"stop":{"byteOffset":7014,"line":194,"column":38}},"coreStart":2415,"members":[{"index":0,"name":[["str","psSh1CollectDoOrigins"],["str","$psc0SH"],["num","0"]],"role":"normalizedWorker"},{"index":1,"name":[["str","psSh1CollectDoOrigins"]],"role":"publicWrapper"}],"normalization":{"functionName":[["str","psSh1CollectDoOrigins"]],"workerName":[["str","psSh1CollectDoOrigins"],["str","$psc0SH"],["num","0"]],"parameterIds":["0","1"],"explicitIds":["0","1"],"majorId":"0","generalizedIds":["1"],"workerBinderCount":1,"workerTypeKind":"forallE","workerValueKind":"matchE","actualWorkerSyntaxRetained":true}},{"sourceIndex":22,"sourceName":["psSh1FindOrigin"],"span":{"start":{"byteOffset":7016,"line":196,"column":1},"stop":{"byteOffset":7297,"line":201,"column":39}},"coreStart":2417,"members":[{"index":0,"name":[["str","psSh1FindOrigin"]],"role":"sourceDeclaration"}],"normalization":null},{"sourceIndex":23,"sourceName":["psSh1IsCompilerDoName"],"span":{"start":{"byteOffset":7299,"line":203,"column":1},"stop":{"byteOffset":7579,"line":210,"column":17}},"coreStart":2418,"members":[{"index":0,"name":[["str","psSh1IsCompilerDoName"]],"role":"sourceDeclaration"}],"normalization":null},{"sourceIndex":24,"sourceName":["psSh1ReferenceFromDo"],"span":{"start":{"byteOffset":7900,"line":216,"column":1},"stop":{"byteOffset":8125,"line":220,"column":19}},"coreStart":2419,"members":[{"index":0,"name":[["str","psSh1ReferenceFromDo"]],"role":"sourceDeclaration"}],"normalization":null},{"sourceIndex":25,"sourceName":["PsSh1ParsedSource"],"span":{"start":{"byteOffset":8127,"line":222,"column":1},"stop":{"byteOffset":8224,"line":224,"column":32}},"coreStart":2420,"members":[{"index":0,"name":[["str","PsSh1ParsedSource"]],"role":"structureType"},{"index":1,"name":[["str","PsSh1ParsedSource"],["str","mk"]],"role":"constructor"},{"index":2,"name":[["str","PsSh1ParsedSource"],["str","rec"]],"role":"recursor"}],"normalization":null},{"sourceIndex":26,"sourceName":["psSh1LexSource"],"span":{"start":{"byteOffset":8226,"line":226,"column":1},"stop":{"byteOffset":8861,"line":239,"column":45}},"coreStart":2423,"members":[{"index":0,"name":[["str","psSh1LexSource"]],"role":"sourceDeclaration"}],"normalization":null},{"sourceIndex":27,"sourceName":["psSh1ParseTokens"],"span":{"start":{"byteOffset":8863,"line":241,"column":1},"stop":{"byteOffset":9554,"line":254,"column":57}},"coreStart":2424,"members":[{"index":0,"name":[["str","psSh1ParseTokens"]],"role":"sourceDeclaration"}],"normalization":null},{"sourceIndex":28,"sourceName":["psSh1ParseSource"],"span":{"start":{"byteOffset":9556,"line":256,"column":1},"stop":{"byteOffset":10036,"line":265,"column":86}},"coreStart":2425,"members":[{"index":0,"name":[["str","psSh1ParseSource"]],"role":"sourceDeclaration"}],"normalization":null},{"sourceIndex":29,"sourceName":["psSh1CheckImports"],"span":{"start":{"byteOffset":10040,"line":267,"column":1},"stop":{"byteOffset":11153,"line":290,"column":80}},"coreStart":2426,"members":[{"index":0,"name":[["str","psSh1CheckImports"],["str","$psc0SH"],["num","0"]],"role":"normalizedWorker"},{"index":1,"name":[["str","psSh1CheckImports"]],"role":"publicWrapper"}],"normalization":{"functionName":[["str","psSh1CheckImports"]],"workerName":[["str","psSh1CheckImports"],["str","$psc0SH"],["num","0"]],"parameterIds":["0","1","2","3","4"],"explicitIds":["0","1","2","3","4"],"majorId":"2","generalizedIds":["3","4"],"workerBinderCount":3,"workerTypeKind":"forallE","workerValueKind":"matchE","actualWorkerSyntaxRetained":true}},{"sourceIndex":30,"sourceName":["PsSh1SyntaxRegion"],"span":{"start":{"byteOffset":11157,"line":292,"column":1},"stop":{"byteOffset":11208,"line":294,"column":9}},"coreStart":2428,"members":[{"index":0,"name":[["str","PsSh1SyntaxRegion"]],"role":"inductiveType"},{"index":1,"name":[["str","PsSh1SyntaxRegion"],["str","type"]],"role":"constructor"},{"index":2,"name":[["str","PsSh1SyntaxRegion"],["str","term"]],"role":"constructor"},{"index":3,"name":[["str","PsSh1SyntaxRegion"],["str","rec"]],"role":"recursor"}],"normalization":null},{"sourceIndex":31,"sourceName":["PsSh1SyntaxTask"],"span":{"start":{"byteOffset":11210,"line":296,"column":1},"stop":{"byteOffset":11921,"line":306,"column":79}},"coreStart":2432,"members":[{"index":0,"name":[["str","PsSh1SyntaxTask"]],"role":"inductiveType"},{"index":1,"name":[["str","PsSh1SyntaxTask"],["str","declarations"]],"role":"constructor"},{"index":2,"name":[["str","PsSh1SyntaxTask"],["str","declaration"]],"role":"constructor"},{"index":3,"name":[["str","PsSh1SyntaxTask"],["str","term"]],"role":"constructor"},{"index":4,"name":[["str","PsSh1SyntaxTask"],["str","terms"]],"role":"constructor"},{"index":5,"name":[["str","PsSh1SyntaxTask"],["str","binders"]],"role":"constructor"},{"index":6,"name":[["str","PsSh1SyntaxTask"],["str","fields"]],"role":"constructor"},{"index":7,"name":[["str","PsSh1SyntaxTask"],["str","alternatives"]],"role":"constructor"},{"index":8,"name":[["str","PsSh1SyntaxTask"],["str","constructors"]],"role":"constructor"},{"index":9,"name":[["str","PsSh1SyntaxTask"],["str","rec"]],"role":"recursor"}],"normalization":null},{"sourceIndex":32,"sourceName":["PsSh1SyntaxState"],"span":{"start":{"byteOffset":11923,"line":308,"column":1},"stop":{"byteOffset":12013,"line":310,"column":27}},"coreStart":2442,"members":[{"index":0,"name":[["str","PsSh1SyntaxState"]],"role":"structureType"},{"index":1,"name":[["str","PsSh1SyntaxState"],["str","mk"]],"role":"constructor"},{"index":2,"name":[["str","PsSh1SyntaxState"],["str","rec"]],"role":"recursor"}],"normalization":null},{"sourceIndex":33,"sourceName":["psSh1SyntaxSchedule"],"span":{"start":{"byteOffset":12015,"line":312,"column":1},"stop":{"byteOffset":12189,"line":314,"column":67}},"coreStart":2445,"members":[{"index":0,"name":[["str","psSh1SyntaxSchedule"]],"role":"sourceDeclaration"}],"normalization":null},{"sourceIndex":34,"sourceName":["psSh1SyntaxSetStats"],"span":{"start":{"byteOffset":12191,"line":316,"column":1},"stop":{"byteOffset":12334,"line":318,"column":40}},"coreStart":2446,"members":[{"index":0,"name":[["str","psSh1SyntaxSetStats"]],"role":"sourceDeclaration"}],"normalization":null},{"sourceIndex":35,"sourceName":["psSh1CountTerm"],"span":{"start":{"byteOffset":12336,"line":320,"column":1},"stop":{"byteOffset":13490,"line":341,"column":45}},"coreStart":2447,"members":[{"index":0,"name":[["str","psSh1CountTerm"]],"role":"sourceDeclaration"}],"normalization":null},{"sourceIndex":36,"sourceName":["psSh1SyntaxTermStep"],"span":{"start":{"byteOffset":13649,"line":345,"column":1},"stop":{"byteOffset":16062,"line":391,"column":65}},"coreStart":2448,"members":[{"index":0,"name":[["str","psSh1SyntaxTermStep"]],"role":"sourceDeclaration"}],"normalization":null},{"sourceIndex":37,"sourceName":["psSh1CountDeclaration"],"span":{"start":{"byteOffset":16065,"line":393,"column":1},"stop":{"byteOffset":16469,"line":400,"column":53}},"coreStart":2449,"members":[{"index":0,"name":[["str","psSh1CountDeclaration"]],"role":"sourceDeclaration"}],"normalization":null},{"sourceIndex":38,"sourceName":["psSh1DeclarationTasks"],"span":{"start":{"byteOffset":16472,"line":402,"column":1},"stop":{"byteOffset":16851,"line":408,"column":60}},"coreStart":2450,"members":[{"index":0,"name":[["str","psSh1DeclarationTasks"]],"role":"sourceDeclaration"}],"normalization":null},{"sourceIndex":39,"sourceName":["psSh1PrimitiveDeclarationNameReserved"],"span":{"start":{"byteOffset":17157,"line":414,"column":1},"stop":{"byteOffset":19392,"line":457,"column":37}},"coreStart":2451,"members":[{"index":0,"name":[["str","psSh1PrimitiveDeclarationNameReserved"]],"role":"sourceDeclaration"}],"normalization":null},{"sourceIndex":40,"sourceName":["psSh1SourceDeclarationName"],"span":{"start":{"byteOffset":19394,"line":459,"column":1},"stop":{"byteOffset":19785,"line":465,"column":57}},"coreStart":2452,"members":[{"index":0,"name":[["str","psSh1SourceDeclarationName"]],"role":"sourceDeclaration"}],"normalization":null},{"sourceIndex":41,"sourceName":["psSh1SyntaxDeclarationBodyStep"],"span":{"start":{"byteOffset":20124,"line":473,"column":1},"stop":{"byteOffset":21857,"line":501,"column":85}},"coreStart":2453,"members":[{"index":0,"name":[["str","psSh1SyntaxDeclarationBodyStep"]],"role":"sourceDeclaration"}],"normalization":null},{"sourceIndex":42,"sourceName":["psSh1SyntaxDeclarationStep"],"span":{"start":{"byteOffset":21861,"line":504,"column":1},"stop":{"byteOffset":22720,"line":519,"column":62}},"coreStart":2454,"members":[{"index":0,"name":[["str","psSh1SyntaxDeclarationStep"]],"role":"sourceDeclaration"}],"normalization":null},{"sourceIndex":43,"sourceName":["psSh1PatternBody"],"span":{"start":{"byteOffset":22722,"line":521,"column":1},"stop":{"byteOffset":23112,"line":527,"column":80}},"coreStart":2455,"members":[{"index":0,"name":[["str","psSh1PatternBody"]],"role":"sourceDeclaration"}],"normalization":null},{"sourceIndex":44,"sourceName":["psSh1BinderType"],"span":{"start":{"byteOffset":23114,"line":529,"column":1},"stop":{"byteOffset":23674,"line":539,"column":67}},"coreStart":2456,"members":[{"index":0,"name":[["str","psSh1BinderType"]],"role":"sourceDeclaration"}],"normalization":null},{"sourceIndex":45,"sourceName":["psSh1SyntaxStep"],"span":{"start":{"byteOffset":23676,"line":541,"column":1},"stop":{"byteOffset":26044,"line":589,"column":54}},"coreStart":2457,"members":[{"index":0,"name":[["str","psSh1SyntaxStep"]],"role":"sourceDeclaration"}],"normalization":null},{"sourceIndex":46,"sourceName":["psSh1SyntaxRun"],"span":{"start":{"byteOffset":26047,"line":591,"column":1},"stop":{"byteOffset":27109,"line":611,"column":93}},"coreStart":2458,"members":[{"index":0,"name":[["str","psSh1SyntaxRun"],["str","$psc0SH"],["num","0"]],"role":"normalizedWorker"},{"index":1,"name":[["str","psSh1SyntaxRun"]],"role":"publicWrapper"}],"normalization":{"functionName":[["str","psSh1SyntaxRun"]],"workerName":[["str","psSh1SyntaxRun"],["str","$psc0SH"],["num","0"]],"parameterIds":["0","1","2","3","4"],"explicitIds":["0","1","2","3","4"],"majorId":"3","generalizedIds":["4"],"workerBinderCount":4,"workerTypeKind":"forallE","workerValueKind":"matchE","actualWorkerSyntaxRetained":true}},{"sourceIndex":47,"sourceName":["psSh1OriginCoreCount"],"span":{"start":{"byteOffset":27111,"line":613,"column":1},"stop":{"byteOffset":27345,"line":618,"column":76}},"coreStart":2460,"members":[{"index":0,"name":[["str","psSh1OriginCoreCount"],["str","$psc0SH"],["num","0"]],"role":"normalizedWorker"},{"index":1,"name":[["str","psSh1OriginCoreCount"]],"role":"publicWrapper"}],"normalization":{"functionName":[["str","psSh1OriginCoreCount"]],"workerName":[["str","psSh1OriginCoreCount"],["str","$psc0SH"],["num","0"]],"parameterIds":["0","1"],"explicitIds":["0","1"],"majorId":"0","generalizedIds":["1"],"workerBinderCount":1,"workerTypeKind":"forallE","workerValueKind":"matchE","actualWorkerSyntaxRetained":true}},{"sourceIndex":48,"sourceName":["PsSh1PreparationState"],"span":{"start":{"byteOffset":27349,"line":620,"column":1},"stop":{"byteOffset":27662,"line":630,"column":27}},"coreStart":2462,"members":[{"index":0,"name":[["str","PsSh1PreparationState"]],"role":"structureType"},{"index":1,"name":[["str","PsSh1PreparationState"],["str","mk"]],"role":"constructor"},{"index":2,"name":[["str","PsSh1PreparationState"],["str","rec"]],"role":"recursor"}],"normalization":null},{"sourceIndex":49,"sourceName":["psSh1PrepareModule"],"span":{"start":{"byteOffset":27664,"line":632,"column":1},"stop":{"byteOffset":31252,"line":687,"column":31}},"coreStart":2465,"members":[{"index":0,"name":[["str","psSh1PrepareModule"]],"role":"sourceDeclaration"}],"normalization":null},{"sourceIndex":50,"sourceName":["psSh1PrepareSourcesWorker"],"span":{"start":{"byteOffset":31255,"line":689,"column":1},"stop":{"byteOffset":31694,"line":697,"column":70}},"coreStart":2466,"members":[{"index":0,"name":[["str","psSh1PrepareSourcesWorker"],["str","$psc0SH"],["num","0"]],"role":"normalizedWorker"},{"index":1,"name":[["str","psSh1PrepareSourcesWorker"]],"role":"publicWrapper"}],"normalization":{"functionName":[["str","psSh1PrepareSourcesWorker"]],"workerName":[["str","psSh1PrepareSourcesWorker"],["str","$psc0SH"],["num","0"]],"parameterIds":["0","1","2"],"explicitIds":["0","1","2"],"majorId":"0","generalizedIds":["2"],"workerBinderCount":2,"workerTypeKind":"forallE","workerValueKind":"matchE","actualWorkerSyntaxRetained":true}},{"sourceIndex":51,"sourceName":["psCompilerSh1PrepareSources"],"span":{"start":{"byteOffset":31933,"line":702,"column":1},"stop":{"byteOffset":33239,"line":724,"column":86}},"coreStart":2468,"members":[{"index":0,"name":[["str","psCompilerSh1PrepareSources"]],"role":"sourceDeclaration"}],"normalization":null}]},{"moduleName":["Ps","BackendTs","Sh1Target"],"coreStart":2469,"batches":[{"sourceIndex":0,"sourceName":["psSh1TargetPolicy"],"span":{"start":{"byteOffset":502,"line":11,"column":1},"stop":{"byteOffset":558,"line":11,"column":57}},"coreStart":2469,"members":[{"index":0,"name":[["str","psSh1TargetPolicy"]],"role":"sourceDeclaration"}],"normalization":null},{"sourceIndex":1,"sourceName":["PsSh1TargetError"],"span":{"start":{"byteOffset":560,"line":13,"column":1},"stop":{"byteOffset":680,"line":18,"column":21}},"coreStart":2470,"members":[{"index":0,"name":[["str","PsSh1TargetError"]],"role":"structureType"},{"index":1,"name":[["str","PsSh1TargetError"],["str","mk"]],"role":"constructor"},{"index":2,"name":[["str","PsSh1TargetError"],["str","rec"]],"role":"recursor"}],"normalization":null},{"sourceIndex":2,"sourceName":["PsSh1TargetReport"],"span":{"start":{"byteOffset":682,"line":20,"column":1},"stop":{"byteOffset":799,"line":24,"column":21}},"coreStart":2473,"members":[{"index":0,"name":[["str","PsSh1TargetReport"]],"role":"structureType"},{"index":1,"name":[["str","PsSh1TargetReport"],["str","mk"]],"role":"constructor"},{"index":2,"name":[["str","PsSh1TargetReport"],["str","rec"]],"role":"recursor"}],"normalization":null},{"sourceIndex":3,"sourceName":["PsSh1TargetNameRole"],"span":{"start":{"byteOffset":801,"line":26,"column":1},"stop":{"byteOffset":957,"line":34,"column":19}},"coreStart":2476,"members":[{"index":0,"name":[["str","PsSh1TargetNameRole"]],"role":"inductiveType"},{"index":1,"name":[["str","PsSh1TargetNameRole"],["str","globalValue"]],"role":"constructor"},{"index":2,"name":[["str","PsSh1TargetNameRole"],["str","globalType"]],"role":"constructor"},{"index":3,"name":[["str","PsSh1TargetNameRole"],["str","globalBoth"]],"role":"constructor"},{"index":4,"name":[["str","PsSh1TargetNameRole"],["str","localValue"]],"role":"constructor"},{"index":5,"name":[["str","PsSh1TargetNameRole"],["str","localType"]],"role":"constructor"},{"index":6,"name":[["str","PsSh1TargetNameRole"],["str","reference"]],"role":"constructor"},{"index":7,"name":[["str","PsSh1TargetNameRole"],["str","property"]],"role":"constructor"},{"index":8,"name":[["str","PsSh1TargetNameRole"],["str","quotedProperty"]],"role":"constructor"},{"index":9,"name":[["str","PsSh1TargetNameRole"],["str","rec"]],"role":"recursor"}],"normalization":null},{"sourceIndex":4,"sourceName":["PsSh1TargetScope"],"span":{"start":{"byteOffset":959,"line":36,"column":1},"stop":{"byteOffset":1137,"line":42,"column":22}},"coreStart":2486,"members":[{"index":0,"name":[["str","PsSh1TargetScope"]],"role":"structureType"},{"index":1,"name":[["str","PsSh1TargetScope"],["str","mk"]],"role":"constructor"},{"index":2,"name":[["str","PsSh1TargetScope"],["str","rec"]],"role":"recursor"}],"normalization":null},{"sourceIndex":5,"sourceName":["PsSh1TargetTask"],"span":{"start":{"byteOffset":1139,"line":44,"column":1},"stop":{"byteOffset":3693,"line":91,"column":86}},"coreStart":2489,"members":[{"index":0,"name":[["str","PsSh1TargetTask"]],"role":"inductiveType"},{"index":1,"name":[["str","PsSh1TargetTask"],["str","noImports"]],"role":"constructor"},{"index":2,"name":[["str","PsSh1TargetTask"],["str","collectStructures"]],"role":"constructor"},{"index":3,"name":[["str","PsSh1TargetTask"],["str","collectInductives"]],"role":"constructor"},{"index":4,"name":[["str","PsSh1TargetTask"],["str","collectDeclarations"]],"role":"constructor"},{"index":5,"name":[["str","PsSh1TargetTask"],["str","addGlobal"]],"role":"constructor"},{"index":6,"name":[["str","PsSh1TargetTask"],["str","brandNames"]],"role":"constructor"},{"index":7,"name":[["str","PsSh1TargetTask"],["str","tagNames"]],"role":"constructor"},{"index":8,"name":[["str","PsSh1TargetTask"],["str","implementationNames"]],"role":"constructor"},{"index":9,"name":[["str","PsSh1TargetTask"],["str","addPrivate"]],"role":"constructor"},{"index":10,"name":[["str","PsSh1TargetTask"],["str","name"]],"role":"constructor"},{"index":11,"name":[["str","PsSh1TargetTask"],["str","nameChars"]],"role":"constructor"},{"index":12,"name":[["str","PsSh1TargetTask"],["str","structures"]],"role":"constructor"},{"index":13,"name":[["str","PsSh1TargetTask"],["str","inductives"]],"role":"constructor"},{"index":14,"name":[["str","PsSh1TargetTask"],["str","structureFields"]],"role":"constructor"},{"index":15,"name":[["str","PsSh1TargetTask"],["str","constructors"]],"role":"constructor"},{"index":16,"name":[["str","PsSh1TargetTask"],["str","constructorFields"]],"role":"constructor"},{"index":17,"name":[["str","PsSh1TargetTask"],["str","typeParameters"]],"role":"constructor"},{"index":18,"name":[["str","PsSh1TargetTask"],["str","declarations"]],"role":"constructor"},{"index":19,"name":[["str","PsSh1TargetTask"],["str","parameters"]],"role":"constructor"},{"index":20,"name":[["str","PsSh1TargetTask"],["str","runtimeType"]],"role":"constructor"},{"index":21,"name":[["str","PsSh1TargetTask"],["str","runtimeTypes"]],"role":"constructor"},{"index":22,"name":[["str","PsSh1TargetTask"],["str","expression"]],"role":"constructor"},{"index":23,"name":[["str","PsSh1TargetTask"],["str","expressions"]],"role":"constructor"},{"index":24,"name":[["str","PsSh1TargetTask"],["str","readVariable"]],"role":"constructor"},{"index":25,"name":[["str","PsSh1TargetTask"],["str","expressionFields"]],"role":"constructor"},{"index":26,"name":[["str","PsSh1TargetTask"],["str","alternatives"]],"role":"constructor"},{"index":27,"name":[["str","PsSh1TargetTask"],["str","matchBindings"]],"role":"constructor"},{"index":28,"name":[["str","PsSh1TargetTask"],["str","rec"]],"role":"recursor"}],"normalization":null},{"sourceIndex":6,"sourceName":["PsSh1TargetState"],"span":{"start":{"byteOffset":3695,"line":93,"column":1},"stop":{"byteOffset":3856,"line":97,"column":21}},"coreStart":2518,"members":[{"index":0,"name":[["str","PsSh1TargetState"]],"role":"structureType"},{"index":1,"name":[["str","PsSh1TargetState"],["str","mk"]],"role":"constructor"},{"index":2,"name":[["str","PsSh1TargetState"],["str","rec"]],"role":"recursor"}],"normalization":null},{"sourceIndex":7,"sourceName":["psSh1TargetEmptyNames"],"span":{"start":{"byteOffset":3858,"line":99,"column":1},"stop":{"byteOffset":3939,"line":100,"column":27}},"coreStart":2521,"members":[{"index":0,"name":[["str","psSh1TargetEmptyNames"]],"role":"sourceDeclaration"}],"normalization":null},{"sourceIndex":8,"sourceName":["psSh1TargetHasName"],"span":{"start":{"byteOffset":3941,"line":102,"column":1},"stop":{"byteOffset":4160,"line":106,"column":26}},"coreStart":2522,"members":[{"index":0,"name":[["str","psSh1TargetHasName"]],"role":"sourceDeclaration"}],"normalization":null},{"sourceIndex":9,"sourceName":["psSh1TargetIsGlobalType"],"span":{"start":{"byteOffset":4162,"line":108,"column":1},"stop":{"byteOffset":4393,"line":112,"column":33}},"coreStart":2523,"members":[{"index":0,"name":[["str","psSh1TargetIsGlobalType"]],"role":"sourceDeclaration"}],"normalization":null},{"sourceIndex":10,"sourceName":["psSh1TargetInsertName"],"span":{"start":{"byteOffset":4395,"line":114,"column":1},"stop":{"byteOffset":4581,"line":116,"column":76}},"coreStart":2524,"members":[{"index":0,"name":[["str","psSh1TargetInsertName"]],"role":"sourceDeclaration"}],"normalization":null},{"sourceIndex":11,"sourceName":["psSh1TargetRootScope"],"span":{"start":{"byteOffset":4583,"line":118,"column":1},"stop":{"byteOffset":4736,"line":119,"column":90}},"coreStart":2525,"members":[{"index":0,"name":[["str","psSh1TargetRootScope"]],"role":"sourceDeclaration"}],"normalization":null},{"sourceIndex":12,"sourceName":["psSh1TargetAt"],"span":{"start":{"byteOffset":4738,"line":121,"column":1},"stop":{"byteOffset":4993,"line":124,"column":65}},"coreStart":2526,"members":[{"index":0,"name":[["str","psSh1TargetAt"]],"role":"sourceDeclaration"}],"normalization":null},{"sourceIndex":13,"sourceName":["psSh1TargetAtIndex"],"span":{"start":{"byteOffset":4995,"line":126,"column":1},"stop":{"byteOffset":5172,"line":128,"column":72}},"coreStart":2527,"members":[{"index":0,"name":[["str","psSh1TargetAtIndex"]],"role":"sourceDeclaration"}],"normalization":null},{"sourceIndex":14,"sourceName":["psSh1TargetWithLocal"],"span":{"start":{"byteOffset":5176,"line":130,"column":1},"stop":{"byteOffset":5408,"line":133,"column":80}},"coreStart":2528,"members":[{"index":0,"name":[["str","psSh1TargetWithLocal"]],"role":"sourceDeclaration"}],"normalization":null},{"sourceIndex":15,"sourceName":["psSh1TargetSchedule"],"span":{"start":{"byteOffset":5410,"line":135,"column":1},"stop":{"byteOffset":5628,"line":138,"column":56}},"coreStart":2529,"members":[{"index":0,"name":[["str","psSh1TargetSchedule"]],"role":"sourceDeclaration"}],"normalization":null},{"sourceIndex":16,"sourceName":["psSh1TargetErrorAt"],"span":{"start":{"byteOffset":5630,"line":140,"column":1},"stop":{"byteOffset":5835,"line":143,"column":76}},"coreStart":2530,"members":[{"index":0,"name":[["str","psSh1TargetErrorAt"]],"role":"sourceDeclaration"}],"normalization":null},{"sourceIndex":17,"sourceName":["psSh1TargetStringIn"],"span":{"start":{"byteOffset":5837,"line":145,"column":1},"stop":{"byteOffset":6054,"line":149,"column":77}},"coreStart":2531,"members":[{"index":0,"name":[["str","psSh1TargetStringIn"]],"role":"sourceDeclaration"}],"normalization":null},{"sourceIndex":18,"sourceName":["psSh1TargetKeyword"],"span":{"start":{"byteOffset":6056,"line":151,"column":1},"stop":{"byteOffset":6621,"line":159,"column":66}},"coreStart":2532,"members":[{"index":0,"name":[["str","psSh1TargetKeyword"]],"role":"sourceDeclaration"}],"normalization":null},{"sourceIndex":19,"sourceName":["psSh1TargetTypeKeyword"],"span":{"start":{"byteOffset":6623,"line":161,"column":1},"stop":{"byteOffset":6828,"line":164,"column":57}},"coreStart":2533,"members":[{"index":0,"name":[["str","psSh1TargetTypeKeyword"]],"role":"sourceDeclaration"}],"normalization":null},{"sourceIndex":20,"sourceName":["psSh1TargetExpressionGlobal"],"span":{"start":{"byteOffset":7059,"line":169,"column":1},"stop":{"byteOffset":7207,"line":170,"column":90}},"coreStart":2534,"members":[{"index":0,"name":[["str","psSh1TargetExpressionGlobal"]],"role":"sourceDeclaration"}],"normalization":null},{"sourceIndex":21,"sourceName":["psSh1TargetModuleGlobal"],"span":{"start":{"byteOffset":7287,"line":173,"column":1},"stop":{"byteOffset":7504,"line":176,"column":85}},"coreStart":2535,"members":[{"index":0,"name":[["str","psSh1TargetModuleGlobal"]],"role":"sourceDeclaration"}],"normalization":null},{"sourceIndex":22,"sourceName":["psSh1TargetRuntimeName"],"span":{"start":{"byteOffset":7506,"line":178,"column":1},"stop":{"byteOffset":7880,"line":184,"column":27}},"coreStart":2536,"members":[{"index":0,"name":[["str","psSh1TargetRuntimeName"]],"role":"sourceDeclaration"}],"normalization":null},{"sourceIndex":23,"sourceName":["psSh1TargetRoleIsGlobal"],"span":{"start":{"byteOffset":7882,"line":186,"column":1},"stop":{"byteOffset":8054,"line":191,"column":15}},"coreStart":2537,"members":[{"index":0,"name":[["str","psSh1TargetRoleIsGlobal"]],"role":"sourceDeclaration"}],"normalization":null},{"sourceIndex":24,"sourceName":["psSh1TargetRoleIsType"],"span":{"start":{"byteOffset":8056,"line":193,"column":1},"stop":{"byteOffset":8224,"line":198,"column":15}},"coreStart":2538,"members":[{"index":0,"name":[["str","psSh1TargetRoleIsType"]],"role":"sourceDeclaration"}],"normalization":null},{"sourceIndex":25,"sourceName":["psSh1TargetRoleIsBinding"],"span":{"start":{"byteOffset":8226,"line":200,"column":1},"stop":{"byteOffset":8401,"line":205,"column":14}},"coreStart":2539,"members":[{"index":0,"name":[["str","psSh1TargetRoleIsBinding"]],"role":"sourceDeclaration"}],"normalization":null},{"sourceIndex":26,"sourceName":["psSh1TargetRoleUsesExpressionGlobals"],"span":{"start":{"byteOffset":8403,"line":207,"column":1},"stop":{"byteOffset":8588,"line":212,"column":15}},"coreStart":2540,"members":[{"index":0,"name":[["str","psSh1TargetRoleUsesExpressionGlobals"]],"role":"sourceDeclaration"}],"normalization":null},{"sourceIndex":27,"sourceName":["psSh1TargetAsciiBetween"],"span":{"start":{"byteOffset":8590,"line":214,"column":1},"stop":{"byteOffset":8743,"line":215,"column":84}},"coreStart":2541,"members":[{"index":0,"name":[["str","psSh1TargetAsciiBetween"]],"role":"sourceDeclaration"}],"normalization":null},{"sourceIndex":28,"sourceName":["psSh1TargetIdentifierStart"],"span":{"start":{"byteOffset":8745,"line":217,"column":1},"stop":{"byteOffset":8995,"line":221,"column":37}},"coreStart":2542,"members":[{"index":0,"name":[["str","psSh1TargetIdentifierStart"]],"role":"sourceDeclaration"}],"normalization":null},{"sourceIndex":29,"sourceName":["psSh1TargetIdentifierRest"],"span":{"start":{"byteOffset":8997,"line":223,"column":1},"stop":{"byteOffset":9142,"line":225,"column":43}},"coreStart":2543,"members":[{"index":0,"name":[["str","psSh1TargetIdentifierRest"]],"role":"sourceDeclaration"}],"normalization":null},{"sourceIndex":30,"sourceName":["psSh1TargetTypeCapture"],"span":{"start":{"byteOffset":9144,"line":227,"column":1},"stop":{"byteOffset":9407,"line":233,"column":15}},"coreStart":2544,"members":[{"index":0,"name":[["str","psSh1TargetTypeCapture"]],"role":"sourceDeclaration"}],"normalization":null},{"sourceIndex":31,"sourceName":["psSh1TargetCheckName"],"span":{"start":{"byteOffset":9409,"line":235,"column":1},"stop":{"byteOffset":11388,"line":265,"column":60}},"coreStart":2545,"members":[{"index":0,"name":[["str","psSh1TargetCheckName"]],"role":"sourceDeclaration"}],"normalization":null},{"sourceIndex":32,"sourceName":["psSh1TargetStep"],"span":{"start":{"byteOffset":11391,"line":267,"column":1},"stop":{"byteOffset":28251,"line":565,"column":43}},"coreStart":2546,"members":[{"index":0,"name":[["str","psSh1TargetStep"]],"role":"sourceDeclaration"}],"normalization":null},{"sourceIndex":33,"sourceName":["psSh1TargetFinished"],"span":{"start":{"byteOffset":28254,"line":567,"column":1},"stop":{"byteOffset":28397,"line":568,"column":70}},"coreStart":2547,"members":[{"index":0,"name":[["str","psSh1TargetFinished"]],"role":"sourceDeclaration"}],"normalization":null},{"sourceIndex":34,"sourceName":["psSh1TargetRun"],"span":{"start":{"byteOffset":28399,"line":570,"column":1},"stop":{"byteOffset":29243,"line":587,"column":60}},"coreStart":2548,"members":[{"index":0,"name":[["str","psSh1TargetRun"],["str","$psc0SH"],["num","0"]],"role":"normalizedWorker"},{"index":1,"name":[["str","psSh1TargetRun"]],"role":"publicWrapper"}],"normalization":{"functionName":[["str","psSh1TargetRun"]],"workerName":[["str","psSh1TargetRun"],["str","$psc0SH"],["num","0"]],"parameterIds":["0","1"],"explicitIds":["0","1"],"majorId":"0","generalizedIds":["1"],"workerBinderCount":1,"workerTypeKind":"forallE","workerValueKind":"matchE","actualWorkerSyntaxRetained":true}},{"sourceIndex":35,"sourceName":["psSh1CheckTarget"],"span":{"start":{"byteOffset":29245,"line":589,"column":1},"stop":{"byteOffset":30075,"line":603,"column":77}},"coreStart":2550,"members":[{"index":0,"name":[["str","psSh1CheckTarget"]],"role":"sourceDeclaration"}],"normalization":null}]},{"moduleName":["Ps","BackendTs","Sh1"],"coreStart":2551,"batches":[{"sourceIndex":0,"sourceName":["PsSh1EmitError"],"span":{"start":{"byteOffset":82,"line":5,"column":1},"stop":{"byteOffset":274,"line":9,"column":38}},"coreStart":2551,"members":[{"index":0,"name":[["str","PsSh1EmitError"]],"role":"inductiveType"},{"index":1,"name":[["str","PsSh1EmitError"],["str","source"]],"role":"constructor"},{"index":2,"name":[["str","PsSh1EmitError"],["str","compiler"]],"role":"constructor"},{"index":3,"name":[["str","PsSh1EmitError"],["str","checkedEmit"]],"role":"constructor"},{"index":4,"name":[["str","PsSh1EmitError"],["str","target"]],"role":"constructor"},{"index":5,"name":[["str","PsSh1EmitError"],["str","rec"]],"role":"recursor"}],"normalization":null},{"sourceIndex":1,"sourceName":["PsSh1Emission"],"span":{"start":{"byteOffset":510,"line":14,"column":1},"stop":{"byteOffset":927,"line":26,"column":25}},"coreStart":2557,"members":[{"index":0,"name":[["str","PsSh1Emission"]],"role":"structureType"},{"index":1,"name":[["str","PsSh1Emission"],["str","mk"]],"role":"constructor"},{"index":2,"name":[["str","PsSh1Emission"],["str","rec"]],"role":"recursor"}],"normalization":null},{"sourceIndex":2,"sourceName":["psCompilerSh1TypeScriptSources"],"span":{"start":{"byteOffset":1165,"line":31,"column":1},"stop":{"byteOffset":3402,"line":67,"column":56}},"coreStart":2560,"members":[{"index":0,"name":[["str","psCompilerSh1TypeScriptSources"]],"role":"sourceDeclaration"}],"normalization":null}]},{"moduleName":["Ps","BackendTs","Compiler"],"coreStart":2561,"batches":[{"sourceIndex":0,"sourceName":["PsCompilerTypeScriptError"],"span":{"start":{"byteOffset":103,"line":6,"column":1},"stop":{"byteOffset":216,"line":8,"column":33}},"coreStart":2561,"members":[{"index":0,"name":[["str","PsCompilerTypeScriptError"]],"role":"inductiveType"},{"index":1,"name":[["str","PsCompilerTypeScriptError"],["str","compiler"]],"role":"constructor"},{"index":2,"name":[["str","PsCompilerTypeScriptError"],["str","emit"]],"role":"constructor"},{"index":3,"name":[["str","PsCompilerTypeScriptError"],["str","rec"]],"role":"recursor"}],"normalization":null},{"sourceIndex":1,"sourceName":["psCompilerTypeScriptFromPrepared"],"span":{"start":{"byteOffset":218,"line":10,"column":1},"stop":{"byteOffset":696,"line":21,"column":27}},"coreStart":2565,"members":[{"index":0,"name":[["str","psCompilerTypeScriptFromPrepared"]],"role":"sourceDeclaration"}],"normalization":null},{"sourceIndex":2,"sourceName":["psCompilerTypeScriptFromElaborated"],"span":{"start":{"byteOffset":698,"line":23,"column":1},"stop":{"byteOffset":1037,"line":30,"column":48}},"coreStart":2566,"members":[{"index":0,"name":[["str","psCompilerTypeScriptFromElaborated"]],"role":"sourceDeclaration"}],"normalization":null},{"sourceIndex":3,"sourceName":["psCompilerTypeScriptSource"],"span":{"start":{"byteOffset":1039,"line":32,"column":1},"stop":{"byteOffset":1397,"line":40,"column":48}},"coreStart":2567,"members":[{"index":0,"name":[["str","psCompilerTypeScriptSource"]],"role":"sourceDeclaration"}],"normalization":null}]},{"moduleName":["Ps","Bootstrap","SelfHost"],"coreStart":2568,"batches":[]}],"semanticCorrespondenceDischarged":false},"preparationCount":1,"canonicalAdmissionEncodingCount":1,"environmentReconstructionCount":0,"portableIrCheckCount":1,"strictSh1Qualified":false,"semanticContractQualified":false,"providerChecked":false}
2026-10-10T00:09:45.1725919Z PSC0_SH1_IR_NATIVE_PASS: function-valued let has compositional type
2026-10-10T00:09:45.1726955Z PSC0_SH1_IR_NATIVE_PASS: checked emitter accepts the same valid IR
2026-10-10T00:09:45.1727721Z PSC0_SH1_IR_NATIVE_PASS: false let annotation is rejected
2026-10-10T00:09:45.1728434Z PSC0_SH1_IR_NATIVE_PASS: checked emitter refuses invalid IR
2026-10-10T00:09:45.1729234Z PSC0_SH1_IR_NATIVE_PASS: function parameter grouping is preserved
2026-10-10T00:09:45.1729997Z PSC0_SH1_IR_NATIVE_PASS: expression fuel exhaustion is explicit
2026-10-10T00:09:45.1730705Z PSC0_SH1_IR_NATIVE_PASS: type fuel exhaustion is explicit
2026-10-10T00:09:45.1731413Z PSC0_SH1_IR_NATIVE_PASS: diagnostic cap preserves finding count
2026-10-10T00:09:45.1732237Z PSC0_SH1_IR_NATIVE_PASS: empty layouts and typed empty results are accepted
2026-10-10T00:09:45.1733285Z PSC0_SH1_IR_NATIVE_PASS: empty layouts emit never and typed empty generators
2026-10-10T00:09:45.1734445Z PSC0_SH1_IR_NATIVE_PASS: empty match without an expected result is rejected
2026-10-10T00:09:45.1735385Z PSC0_SH1_IR_NATIVE_PASS: empty match still checks its scrutinee
2026-10-10T00:09:45.1736245Z PSC0_SH1_IR_NATIVE_PASS: empty match still checks layout type arity
2026-10-10T00:09:45.1737179Z PSC0_SH1_IR_NATIVE_PASS: empty alternatives still refuse an inhabited datatype
2026-10-10T00:09:45.1738366Z PSC0_SH1_IR_NATIVE_PASS: zero-field source record has its nullary inhabitant
2026-10-10T00:09:45.1744002Z PSC0_SH1_IR_NATIVE: {"schemaVersion":1,"status":"pass","cases":15,"checkedEmitterRejectsInvalidIr":true,"strictSh1Qualified":false,"emptyElimination":{"nativeSourceFixturePath":"test/fixtures/selfhost-sh1-empty.lean","nativeSourceFixtureSha256":"243b2660309aba388df6009af8af033a51e9f3ca080dde502e096c4f29b6a7a5","nativeSourceDeclarations":5,"emptyLayouts":2,"emptyEliminations":4,"nativeValueOracle":false},"zeroFieldRecords":{"structureCount":1,"fieldCount":0,"inhabited":true,"nullaryValueMatched":true}}
2026-10-10T00:09:45.1998227Z PSC0_SH1_IR_NATIVE_EVIDENCE: {"schemaVersion":1,"evidence":"native-portable-checker-current-source","nativeCheckerSha256":"96fdd5ba79559b84f1a55822d0b7e456f53ecae84de69b4e5a2e5c568f2c7b22","sourceClosureSha256":"a6375f709c7816594450f013045352cbcc7c5198d486886e2c15fce0c132431b","moduleCount":64,"nativeSourceReceipt":"/home/runner/work/pskernel/pskernel/psc0/dist/sh1/development/N1/strict-source-native.json","nativeSourceReceiptSha256":"6775d101e0beb3cdd8405aa8e827c1353f4f80dd8c7cfe86ebe44bdc0ee1cdf2","recipe":"Raw named module bundle enters the native atomic source/target API once; reuse its exact original-IR report and emitted TS; checker fixture executable runs separately.","fixtures":{"schemaVersion":1,"status":"pass","cases":15,"checkedEmitterRejectsInvalidIr":true,"strictSh1Qualified":false,"emptyElimination":{"nativeSourceFixturePath":"test/fixtures/selfhost-sh1-empty.lean","nativeSourceFixtureSha256":"243b2660309aba388df6009af8af033a51e9f3ca080dde502e096c4f29b6a7a5","nativeSourceDeclarations":5,"emptyLayouts":2,"emptyEliminations":4,"nativeValueOracle":false},"zeroFieldRecords":{"structureCount":1,"fieldCount":0,"inhabited":true,"nullaryValueMatched":true}},"fullCompilerIr":{"schemaVersion":1,"kind":"psc0-native-original-ir-check","accepted":true,"traversalComplete":true,"visitedSteps":828190,"expressionCount":64829,"findingCount":0,"retainedFindingCount":0,"omittedFindingDetails":0,"sameOriginalIrCheckedBeforeEmission":true,"strictSh1Qualified":false},"sourcePolicy":{"profile":"PSC0-SH/1","enforcementVersion":1,"sourceKind":"lean","accepted":true,"traversalComplete":true,"moduleCount":64,"sourceBytes":1266025,"inputBytes":1267104,"importCount":149,"options":{"maxModules":1024,"maxInputBytes":16777216,"maxSyntaxSteps":5000000,"maxTypeSteps":1000000,"maxTermSteps":5000000},"stats":{"visitedSteps":148646,"typeSteps":17937,"termSteps":58252,"declarationCount":1705,"theoremCount":0}},"targetPolicy":{"policy":"psc0-sh1-ts-target/1","accepted":true,"traversalComplete":true,"visitedSteps":1663720},"fullSourcePreparedAgain":false,"typescriptSha256":"0b160820b70f33c4a874cfe4481162b4a66c455e589f056fd652e01cc106a6ad","parity":"N1 is compiled directly from this native atomic checked emission.","strictSh1Qualified":false,"provider":{"status":"not-attempted","kernelChecked":false}}
2026-10-10T00:09:48.2370056Z PSC0_SH1_STRICT_NATIVE: {"schemaVersion":1,"kind":"psc0-native-strict-runtime-reference-execution","status":"reference-produced","sourcePath":"test/StrictRuntimeReference.lean","sourceSha256":"3a4ada94e66ce4bc8a18bf0417c2a9660c06e326b4de312c8ee83ba831bda008","contractPath":"docs/selfhost-language/strict/enabled-runtime-contract.json","contractSha256":"21a9272d9d9a68ca67041a705cc049f02d4ccdf8fc258666dc59cce8c428db89","execution":{"command":["lake","env","lean","--run","/home/runner/work/pskernel/pskernel/psc0/test/StrictRuntimeReference.lean"],"exitCode":0,"stdoutSha256":"7cea75c9df2ef55f61c0161594fb686d6b40dd85012db817e30fb834b4d1c53a","stderrSha256":"e3b0c44298fc1c149afbf4c8996fb92427ae41e4649b934ca495991b7852b855"},"versionExecution":{"command":["lake","env","lean","--version"],"exitCode":0,"stdout":"Lean (version 4.34.0, x86_64-unknown-linux-gnu, commit 293d5d0c0c3f3dded4688b3ccd6a33939ac5102b, Release)\n","stderr":""},"reference":{"contractSha256":"21a9272d9d9a68ca67041a705cc049f02d4ccdf8fc258666dc59cce8c428db89","contractVersion":"PSC0-TSJS-runtime/1","kind":"psc0-native-enabled-runtime-reference","leanGitHash":"293d5d0c0c3f3dded4688b3ccd6a33939ac5102b","leanVersion":"4.34.0","observationCount":186,"observations":[{"id":"natAdd.large","operation":"natAdd","resultType":"nat","value":"900719925474099312345678901234567907"},{"id":"natAdd.zero","operation":"natAdd","resultType":"nat","value":"0"},{"id":"natSub.truncate","operation":"natSub","resultType":"nat","value":"0"},{"id":"natSub.equal","operation":"natSub","resultType":"nat","value":"0"},{"id":"natSub.large","operation":"natSub","resultType":"nat","value":"900719925474099312345678901234567883"},{"id":"natMul.large","operation":"natMul","resultType":"nat","value":"8106479329266893811111110111111111010"},{"id":"natMul.zero","operation":"natMul","resultType":"nat","value":"0"},{"id":"natDiv.ordinary","operation":"natDiv","resultType":"nat","value":"3"},{"id":"natDiv.zero-divisor","operation":"natDiv","resultType":"nat","value":"0"},{"id":"natDiv.large","operation":"natDiv","resultType":"nat","value":"81883629588554482940516263748597080"},{"id":"natMod.ordinary","operation":"natMod","resultType":"nat","value":"2"},{"id":"natMod.zero-divisor","operation":"natMod","resultType":"nat","value":"900719925474099312345678901234567890"},{"id":"natMod.large","operation":"natMod","resultType":"nat","value":"10"},{"id":"natEq.equal","operation":"natEq","resultType":"bool","value":true},{"id":"natEq.ordered","operation":"natEq","resultType":"bool","value":false},{"id":"natEq.reversed","operation":"natEq","resultType":"bool","value":false},{"id":"natNe.equal","operation":"natNe","resultType":"bool","value":false},{"id":"natNe.ordered","operation":"natNe","resultType":"bool","value":true},{"id":"natNe.reversed","operation":"natNe","resultType":"bool","value":true},{"id":"natLe.equal","operation":"natLe","resultType":"bool","value":true},{"id":"natLe.ordered","operation":"natLe","resultType":"bool","value":true},{"id":"natLe.reversed","operation":"natLe","resultType":"bool","value":false},{"id":"natLt.equal","operation":"natLt","resultType":"bool","value":false},{"id":"natLt.ordered","operation":"natLt","resultType":"bool","value":true},{"id":"natLt.reversed","operation":"natLt","resultType":"bool","value":false},{"id":"intOfNat.large","operation":"intOfNat","resultType":"int","value":"900719925474099312345678901234567890"},{"id":"intRepr.negative","operation":"intRepr","resultType":"string","value":"-900719925474099312345678901234567890"},{"id":"intRepr.zero","operation":"intRepr","resultType":"string","value":"0"},{"id":"intNegSucc.zero","operation":"intNegSucc","resultType":"int","value":"-1"},{"id":"intNegSucc.large","operation":"intNegSucc","resultType":"int","value":"-900719925474099312345678901234567891"},{"id":"intNeg.negative","operation":"intNeg","resultType":"int","value":"900719925474099312345678901234567890"},{"id":"intNeg.zero","operation":"intNeg","resultType":"int","value":"0"},{"id":"intAdd.mixed","operation":"intAdd","resultType":"int","value":"-900719925474099312345678901234567873"},{"id":"intSub.negative","operation":"intSub","resultType":"int","value":"-8"},{"id":"intMul.negative","operation":"intMul","resultType":"int","value":"-6305039478318695186419752308641975230"},{"id":"intEq.equal","operation":"intEq","resultType":"bool","value":true},{"id":"intEq.ordered","operation":"intEq","resultType":"bool","value":false},{"id":"intEq.reversed","operation":"intEq","resultType":"bool","value":false},{"id":"intLe.equal","operation":"intLe","resultType":"bool","value":true},{"id":"intLe.ordered","operation":"intLe","resultType":"bool","value":true},{"id":"intLe.reversed","operation":"intLe","resultType":"bool","value":false},{"id":"intLt.equal","operation":"intLt","resultType":"bool","value":false},{"id":"intLt.ordered","operation":"intLt","resultType":"bool","value":true},{"id":"intLt.reversed","operation":"intLt","resultType":"bool","value":false},{"id":"boolNot.false","operation":"boolNot","resultType":"bool","value":true},{"id":"boolNot.true","operation":"boolNot","resultType":"bool","value":false},{"id":"boolAnd.false.false","operation":"boolAnd","resultType":"bool","value":false},{"id":"boolAnd.false.true","operation":"boolAnd","resultType":"bool","value":false},{"id":"boolAnd.true.false","operation":"boolAnd","resultType":"bool","value":false},{"id":"boolAnd.true.true","operation":"boolAnd","resultType":"bool","value":true},{"id":"boolOr.false.false","operation":"boolOr","resultType":"bool","value":false},{"id":"boolOr.false.true","operation":"boolOr","resultType":"bool","value":true},{"id":"boolOr.true.false","operation":"boolOr","resultType":"bool","value":true},{"id":"boolOr.true.true","operation":"boolOr","resultType":"bool","value":true},{"id":"boolEq.false.false","operation":"boolEq","resultType":"bool","value":true},{"id":"boolEq.false.true","operation":"boolEq","resultType":"bool","value":false},{"id":"boolEq.true.false","operation":"boolEq","resultType":"bool","value":false},{"id":"boolEq.true.true","operation":"boolEq","resultType":"bool","value":true},{"id":"boolNe.false.false","operation":"boolNe","resultType":"bool","value":false},{"id":"boolNe.false.true","operation":"boolNe","resultType":"bool","value":true},{"id":"boolNe.true.false","operation":"boolNe","resultType":"bool","value":true},{"id":"boolNe.true.true","operation":"boolNe","resultType":"bool","value":false},{"id":"charOfNat.0","operation":"charOfNat","resultType":"char","value":"0"},{"id":"charOfNat.65","operation":"charOfNat","resultType":"char","value":"65"},{"id":"charOfNat.127","operation":"charOfNat","resultType":"char","value":"127"},{"id":"charOfNat.128","operation":"charOfNat","resultType":"char","value":"128"},{"id":"charOfNat.2047","operation":"charOfNat","resultType":"char","value":"2047"},{"id":"charOfNat.2048","operation":"charOfNat","resultType":"char","value":"2048"},{"id":"charOfNat.55295","operation":"charOfNat","resultType":"char","value":"55295"},{"id":"charOfNat.55296","operation":"charOfNat","resultType":"char","value":"0"},{"id":"charOfNat.57343","operation":"charOfNat","resultType":"char","value":"0"},{"id":"charOfNat.57344","operation":"charOfNat","resultType":"char","value":"57344"},{"id":"charOfNat.65535","operation":"charOfNat","resultType":"char","value":"65535"},{"id":"charOfNat.65536","operation":"charOfNat","resultType":"char","value":"65536"},{"id":"charOfNat.1114111","operation":"charOfNat","resultType":"char","value":"1114111"},{"id":"charOfNat.1114112","operation":"charOfNat","resultType":"char","value":"0"},{"id":"charOfNat.900719925474099312345678901234567890","operation":"charOfNat","resultType":"char","value":"0"},{"id":"charToNat.0","operation":"charToNat","resultType":"nat","value":"0"},{"id":"charToNat.65","operation":"charToNat","resultType":"nat","value":"65"},{"id":"charToNat.128","operation":"charToNat","resultType":"nat","value":"128"},{"id":"charToNat.2048","operation":"charToNat","resultType":"nat","value":"2048"},{"id":"charToNat.128512","operation":"charToNat","resultType":"nat","value":"128512"},{"id":"charToNat.1114111","operation":"charToNat","resultType":"nat","value":"1114111"},{"id":"stringPush.nul","operation":"stringPush","resultType":"string","value":"Aé中😀\u0000é\u0000"},{"id":"stringSingleton.astral","operation":"stringSingleton","resultType":"string","value":"😀"},{"id":"stringLength.empty","operation":"stringLength","resultType":"nat","value":"0"},{"id":"stringUtf8ByteSize.empty","operation":"stringUtf8ByteSize","resultType":"nat","value":"0"},{"id":"stringLength.mixed","operation":"stringLength","resultType":"nat","value":"7"},{"id":"stringUtf8ByteSize.mixed","operation":"stringUtf8ByteSize","resultType":"nat","value":"14"},{"id":"stringAppend.boundary","operation":"stringAppend","resultType":"string","value":"é😀é"},{"id":"stringEq.equal","operation":"stringEq","resultType":"bool","value":true},{"id":"stringEq.no-normalization","operation":"stringEq","resultType":"bool","value":false},{"id":"stringGet.0","operation":"stringGet","resultType":"char","value":"65"},{"id":"stringNext.0","operation":"stringNext","resultType":"nat","value":"1"},{"id":"stringAtEnd.0","operation":"stringAtEnd","resultType":"bool","value":false},{"id":"stringGet.1","operation":"stringGet","resultType":"char","value":"233"},{"id":"stringNext.1","operation":"stringNext","resultType":"nat","value":"3"},{"id":"stringAtEnd.1","operation":"stringAtEnd","resultType":"bool","value":false},{"id":"stringGet.2","operation":"stringGet","resultType":"char","value":"65"},{"id":"stringNext.2","operation":"stringNext","resultType":"nat","value":"3"},{"id":"stringAtEnd.2","operation":"stringAtEnd","resultType":"bool","value":false},{"id":"stringGet.3","operation":"stringGet","resultType":"char","value":"20013"},{"id":"stringNext.3","operation":"stringNext","resultType":"nat","value":"6"},{"id":"stringAtEnd.3","operation":"stringAtEnd","resultType":"bool","value":false},{"id":"stringGet.4","operation":"stringGet","resultType":"char","value":"65"},{"id":"stringNext.4","operation":"stringNext","resultType":"nat","value":"5"},{"id":"stringAtEnd.4","operation":"stringAtEnd","resultType":"bool","value":false},{"id":"stringGet.5","operation":"stringGet","resultType":"char","value":"65"},{"id":"stringNext.5","operation":"stringNext","resultType":"nat","value":"6"},{"id":"stringAtEnd.5","operation":"stringAtEnd","resultType":"bool","value":false},{"id":"stringGet.6","operation":"stringGet","resultType":"char","value":"128512"},{"id":"stringNext.6","operation":"stringNext","resultType":"nat","value":"10"},{"id":"stringAtEnd.6","operation":"stringAtEnd","resultType":"bool","value":false},{"id":"stringGet.7","operation":"stringGet","resultType":"char","value":"65"},{"id":"stringNext.7","operation":"stringNext","resultType":"nat","value":"8"},{"id":"stringAtEnd.7","operation":"stringAtEnd","resultType":"bool","value":false},{"id":"stringGet.8","operation":"stringGet","resultType":"char","value":"65"},{"id":"stringNext.8","operation":"stringNext","resultType":"nat","value":"9"},{"id":"stringAtEnd.8","operation":"stringAtEnd","resultType":"bool","value":false},{"id":"stringGet.9","operation":"stringGet","resultType":"char","value":"65"},{"id":"stringNext.9","operation":"stringNext","resultType":"nat","value":"10"},{"id":"stringAtEnd.9","operation":"stringAtEnd","resultType":"bool","value":false},{"id":"stringGet.10","operation":"stringGet","resultType":"char","value":"0"},{"id":"stringNext.10","operation":"stringNext","resultType":"nat","value":"11"},{"id":"stringAtEnd.10","operation":"stringAtEnd","resultType":"bool","value":false},{"id":"stringGet.11","operation":"stringGet","resultType":"char","value":"101"},{"id":"stringNext.11","operation":"stringNext","resultType":"nat","value":"12"},{"id":"stringAtEnd.11","operation":"stringAtEnd","resultType":"bool","value":false},{"id":"stringGet.12","operation":"stringGet","resultType":"char","value":"769"},{"id":"stringNext.12","operation":"stringNext","resultType":"nat","value":"14"},{"id":"stringAtEnd.12","operation":"stringAtEnd","resultType":"bool","value":false},{"id":"stringGet.13","operation":"stringGet","resultType":"char","value":"65"},{"id":"stringNext.13","operation":"stringNext","resultType":"nat","value":"14"},{"id":"stringAtEnd.13","operation":"stringAtEnd","resultType":"bool","value":false},{"id":"stringGet.14","operation":"stringGet","resultType":"char","value":"65"},{"id":"stringNext.14","operation":"stringNext","resultType":"nat","value":"15"},{"id":"stringAtEnd.14","operation":"stringAtEnd","resultType":"bool","value":true},{"id":"stringGet.15","operation":"stringGet","resultType":"char","value":"65"},{"id":"stringNext.15","operation":"stringNext","resultType":"nat","value":"16"},{"id":"stringAtEnd.15","operation":"stringAtEnd","resultType":"bool","value":true},{"id":"stringGet.900719925474099312345678901234567890","operation":"stringGet","resultType":"char","value":"65"},{"id":"stringNext.900719925474099312345678901234567890","operation":"stringNext","resultType":"nat","value":"900719925474099312345678901234567891"},{"id":"stringAtEnd.900719925474099312345678901234567890","operation":"stringAtEnd","resultType":"bool","value":true},{"id":"stringExtract.0.1","operation":"stringExtract","resultType":"string","value":"A"},{"id":"stringExtract.1.3","operation":"stringExtract","resultType":"string","value":"é"},{"id":"stringExtract.3.6","operation":"stringExtract","resultType":"string","value":"中"},{"id":"stringExtract.6.10","operation":"stringExtract","resultType":"string","value":"😀"},{"id":"stringExtract.0.14","operation":"stringExtract","resultType":"string","value":"Aé中😀\u0000é"},{"id":"stringExtract.1.2","operation":"stringExtract","resultType":"string","value":"é中😀\u0000é"},{"id":"stringExtract.2.900719925474099312345678901234567890","operation":"stringExtract","resultType":"string","value":""},{"id":"stringExtract.0.900719925474099312345678901234567890","operation":"stringExtract","resultType":"string","value":"Aé中😀\u0000é"},{"id":"stringExtract.900719925474099312345678901234567890.900719925474099312345678901234567891","operation":"stringExtract","resultType":"string","value":""},{"id":"stringExtract.6.3","operation":"stringExtract","resultType":"string","value":""},{"id":"stringExtract.6.6","operation":"stringExtract","resultType":"string","value":""},{"id":"stringExtract.14.15","operation":"stringExtract","resultType":"string","value":""},{"id":"stringExtract.0.0","operation":"stringExtract","resultType":"string","value":""},{"id":"arrayEmptyWithCapacity.zero","operation":"arrayEmptyWithCapacity","resultType":"arrayNat","value":[]},{"id":"arrayEmptyWithCapacity.bounded","operation":"arrayEmptyWithCapacity","resultType":"arrayNat","value":[]},{"id":"arraySize.three","operation":"arraySize","resultType":"nat","value":"3"},{"id":"arraySize.empty","operation":"arraySize","resultType":"nat","value":"0"},{"id":"arrayPush.large","operation":"arrayPush","resultType":"arrayNat","value":["1","2","3","900719925474099312345678901234567890"]},{"id":"arrayPush.empty","operation":"arrayPush","resultType":"arrayNat","value":["7"]},{"id":"arrayGet.0","operation":"arrayGet","resultType":"nat","value":"1"},{"id":"arrayGet.2","operation":"arrayGet","resultType":"nat","value":"3"},{"id":"arrayGetD.1","operation":"arrayGetD","resultType":"nat","value":"2"},{"id":"arrayGetD.3","operation":"arrayGetD","resultType":"nat","value":"99"},{"id":"arrayGetD.900719925474099312345678901234567890","operation":"arrayGetD","resultType":"nat","value":"99"},{"id":"arrayGetD.empty","operation":"arrayGetD","resultType":"nat","value":"99"},{"id":"arraySet.0","operation":"arraySet","resultType":"arrayNat","value":["9","2","3"]},{"id":"arraySet.2","operation":"arraySet","resultType":"arrayNat","value":["1","2","9"]},{"id":"arraySetIfInBounds.1","operation":"arraySetIfInBounds","resultType":"arrayNat","value":["1","9","3"]},{"id":"arraySetIfInBounds.3","operation":"arraySetIfInBounds","resultType":"arrayNat","value":["1","2","3"]},{"id":"arraySetIfInBounds.900719925474099312345678901234567890","operation":"arraySetIfInBounds","resultType":"arrayNat","value":["1","2","3"]},{"id":"arraySetIfInBounds.empty","operation":"arraySetIfInBounds","resultType":"arrayNat","value":[]},{"id":"arrayMap.three","operation":"arrayMap","resultType":"arrayNat","value":["11","12","13"]},{"id":"arrayMap.empty","operation":"arrayMap","resultType":"arrayNat","value":[]},{"id":"arrayFoldl.0.3","operation":"arrayFoldl","resultType":"nat","value":"7123"},{"id":"arrayFoldl.1.3","operation":"arrayFoldl","resultType":"nat","value":"723"},{"id":"arrayFoldl.0.900719925474099312345678901234567890","operation":"arrayFoldl","resultType":"nat","value":"7123"},{"id":"arrayFoldl.3.900719925474099312345678901234567890","operation":"arrayFoldl","resultType":"nat","value":"7"},{"id":"arrayFoldl.2.1","operation":"arrayFoldl","resultType":"nat","value":"7"},{"id":"arrayFoldl.0.0","operation":"arrayFoldl","resultType":"nat","value":"7"},{"id":"arrayFoldl.empty","operation":"arrayFoldl","resultType":"nat","value":"7"},{"id":"arrayGet.unit","operation":"arrayGet","resultType":"unit","value":"unit"},{"id":"arrayGetD.unit-fallback","operation":"arrayGetD","resultType":"unit","value":"unit"},{"id":"arraySet.unit","operation":"arraySet","resultType":"arrayUnit","value":["unit","unit"]}],"operationCount":45,"schemaVersion":1,"sourceProofProvenanceReconstructed":false,"status":"reference-produced","strictSh1Qualified":false},"sourceEvaluationReference":{"schemaVersion":1,"kind":"psc0-native-source-evaluation-reference-execution","status":"reference-produced","source":{"path":"native-source-evaluation/reference.lean","sha256":"75486abeb314702a573b84c473e8fc8c4659b29ae8793f0ee7f89539e4c4a131","bytes":9628},"rawSource":{"path":"native-source-evaluation/fixture.lean","sha256":"aa068f731e363494a42127e33fc8fc292de66de62075593f5c29ffb2af45748e","bytes":2380},"execution":{"command":["lake","env","lean","--run","/home/runner/work/pskernel/pskernel/psc0/dist/sh1/development/N1/strict-runtime-reference/native-source-evaluation/reference.lean"],"exitCode":0,"stdoutPath":"native-source-evaluation/stdout.log","stdoutSha256":"262794fd22b3d227a53c92da88d598ef2d538841f192ecf7052f4283fb7f0d7c","stderrPath":"native-source-evaluation/stderr.log","stderrSha256":"e3b0c44298fc1c149afbf4c8996fb92427ae41e4649b934ca495991b7852b855"},"reference":{"formalPreservationProven":false,"kind":"psc0-native-source-evaluation-reference","leanGitHash":"293d5d0c0c3f3dded4688b3ccd6a33939ac5102b","leanVersion":"4.34.0","observationCount":24,"observations":[{"group":"natDemand","id":"computed.zero","resultType":"nat","value":"97"},{"group":"natDemand","id":"computed.successor","resultType":"nat","value":"7"},{"group":"natDemand","id":"computed.large","resultType":"nat","value":"900719925474099312345678901234567892"},{"group":"natDemand","id":"nested.zero-input","resultType":"nat","value":"8"},{"group":"natDemand","id":"nested.successor-input","resultType":"nat","value":"13"},{"group":"natDemand","id":"collision.zero-input","resultType":"nat","value":"13"},{"group":"natDemand","id":"collision.successor-input","resultType":"nat","value":"20"},{"group":"natDemand","id":"branch-name.zero","resultType":"nat","value":"23"},{"group":"natDemand","id":"branch-name.successor","resultType":"nat","value":"37"},{"group":"natDemand","id":"probe.zero","resultType":"nat","value":"117"},{"group":"natDemand","id":"probe.successor","resultType":"nat","value":"204"},{"group":"stringAtEnd","id":"atEnd.start","resultType":"bool","value":false},{"group":"stringAtEnd","id":"atEnd.middle","resultType":"bool","value":false},{"group":"stringAtEnd","id":"atEnd.exact-end","resultType":"bool","value":true},{"group":"stringAtEnd","id":"atEnd.after-end","resultType":"bool","value":true},{"group":"stringAtEnd","id":"atEnd.empty","resultType":"bool","value":true},{"group":"arrayEmptyWithCapacity","id":"empty.capacity-0","resultType":"arrayNat","value":[]},{"group":"arrayEmptyWithCapacity","id":"empty.capacity-17","resultType":"arrayNat","value":[]},{"group":"partialApplication","id":"partial.used","resultType":"nat","value":"488"},{"group":"partialApplication","id":"partial.unused","resultType":"nat","value":"4"},{"group":"partialApplication","id":"partial.nested","resultType":"nat","value":"492"},{"group":"partialApplication","id":"partial.generic-nat","resultType":"nat","value":"23"},{"group":"partialApplication","id":"partial.generic-bool","resultType":"bool","value":true},{"group":"partialApplication","id":"partial.generic-string","resultType":"string","value":"é😀"}],"rawSourceSha256":"aa068f731e363494a42127e33fc8fc292de66de62075593f5c29ffb2af45748e","schemaVersion":1,"semanticContractQualified":false,"status":"reference-produced","strictSh1Qualified":false},"observations":[{"id":"computed.zero","group":"natDemand","resultType":"nat","value":"97"},{"id":"computed.successor","group":"natDemand","resultType":"nat","value":"7"},{"id":"computed.large","group":"natDemand","resultType":"nat","value":"900719925474099312345678901234567892"},{"id":"nested.zero-input","group":"natDemand","resultType":"nat","value":"8"},{"id":"nested.successor-input","group":"natDemand","resultType":"nat","value":"13"},{"id":"collision.zero-input","group":"natDemand","resultType":"nat","value":"13"},{"id":"collision.successor-input","group":"natDemand","resultType":"nat","value":"20"},{"id":"branch-name.zero","group":"natDemand","resultType":"nat","value":"23"},{"id":"branch-name.successor","group":"natDemand","resultType":"nat","value":"37"},{"id":"probe.zero","group":"natDemand","resultType":"nat","value":"117"},{"id":"probe.successor","group":"natDemand","resultType":"nat","value":"204"},{"id":"atEnd.start","group":"stringAtEnd","resultType":"bool","value":false},{"id":"atEnd.middle","group":"stringAtEnd","resultType":"bool","value":false},{"id":"atEnd.exact-end","group":"stringAtEnd","resultType":"bool","value":true},{"id":"atEnd.after-end","group":"stringAtEnd","resultType":"bool","value":true},{"id":"atEnd.empty","group":"stringAtEnd","resultType":"bool","value":true},{"id":"empty.capacity-0","group":"arrayEmptyWithCapacity","resultType":"arrayNat","value":[]},{"id":"empty.capacity-17","group":"arrayEmptyWithCapacity","resultType":"arrayNat","value":[]},{"id":"partial.used","group":"partialApplication","resultType":"nat","value":"488"},{"id":"partial.unused","group":"partialApplication","resultType":"nat","value":"4"},{"id":"partial.nested","group":"partialApplication","resultType":"nat","value":"492"},{"id":"partial.generic-nat","group":"partialApplication","resultType":"nat","value":"23"},{"id":"partial.generic-bool","group":"partialApplication","resultType":"bool","value":true},{"id":"partial.generic-string","group":"partialApplication","resultType":"string","value":"é😀"}],"observationsSha256":"9aa5567a82c7789778037e145d35d20f310329632da36c7758c8be45431ecb6f","nativeExecutionCount":1,"strictSh1Qualified":false,"semanticContractQualified":false,"formalPreservationProven":false,"sourceEffectCapabilityAdded":false,"provider":{"status":"not-attempted","kernelChecked":false},"receipt":{"path":"native-source-evaluation/receipt.json","sha256":"18a60cd84fa8876de58a3c7d0ee7ad26fea431d9096183b335254c0bc3020917"}},"observationsSha256":"0ae6941aefcf107c31a9876372ee51805c5e048da4e3e27c9444c937f1a34cf7","strictSh1Qualified":false,"provider":{"status":"not-attempted","kernelChecked":false}}
2026-10-10T00:09:49.0555191Z node:internal/modules/run_main:123
2026-10-10T00:09:49.0556326Z     triggerUncaughtException(
2026-10-10T00:09:49.0556757Z     ^
2026-10-10T00:09:49.0556989Z 
2026-10-10T00:09:49.0557375Z AssertionError [ERR_ASSERTION]: Expected values to be strictly equal:
2026-10-10T00:09:49.0557891Z 
2026-10-10T00:09:49.0558153Z 'letE' !== 'call'
2026-10-10T00:09:49.0558405Z 
2026-10-10T00:09:49.0558976Z     at file:///home/runner/work/pskernel/pskernel/psc0/scripts/sh1-strict-source-conformance.mjs:94:14
2026-10-10T00:09:49.0559697Z     at Array.map (<anonymous>)
2026-10-10T00:09:49.0560911Z     at observeEmptySource (file:///home/runner/work/pskernel/pskernel/psc0/scripts/sh1-strict-source-conformance.mjs:67:33)
2026-10-10T00:09:49.0562372Z     at runStrictSourceConformance (file:///home/runner/work/pskernel/pskernel/psc0/scripts/sh1-strict-source-conformance.mjs:535:28)
2026-10-10T00:09:49.0563675Z     at async nativeCandidate (file:///home/runner/work/pskernel/pskernel/psc0/scripts/sh1-qualify.mjs:936:3)
2026-10-10T00:09:49.0564810Z     at async file:///home/runner/work/pskernel/pskernel/psc0/scripts/sh1-qualify.mjs:1058:3 {
2026-10-10T00:09:49.0565470Z   generatedMessage: true,
2026-10-10T00:09:49.0565832Z   code: 'ERR_ASSERTION',
2026-10-10T00:09:49.0566155Z   actual: 'letE',
2026-10-10T00:09:49.0566468Z   expected: 'call',
2026-10-10T00:09:49.0566783Z   operator: 'strictEqual',
2026-10-10T00:09:49.0567112Z   diff: 'simple'
2026-10-10T00:09:49.0567396Z }
2026-10-10T00:09:49.0567576Z 
2026-10-10T00:09:49.0567687Z Node.js v22.23.3
2026-10-10T00:09:49.0687574Z ##[error]Process completed with exit code 1.
2026-10-10T00:09:49.0766236Z ##[group]Run actions/cache/save@v4
2026-10-10T00:09:49.0766517Z with:
2026-10-10T00:09:49.0766751Z   path: psc0/.lake/build
2026-10-10T00:09:49.0767437Z   key: psc0-sh1-current-v1-Linux-X64-345295c92e112d8a5f19f7c147c3db40b6f4598f2c2154577e66ac53440ca424-ts7.0.2-fb8f8076df3ed8708f927f88aa2d32febbfa89dc
2026-10-10T00:09:49.0768150Z   enableCrossOsArchive: false
2026-10-10T00:09:49.0768417Z env:
2026-10-10T00:09:49.0768793Z   PSC0_TSC: /home/runner/work/_temp/psc0-typescript-7.0.2/node_modules/typescript/bin/tsc
2026-10-10T00:09:49.0769238Z   PSC0_TYPESCRIPT_VERSION: 7.0.2
2026-10-10T00:09:49.0769502Z ##[endgroup]
2026-10-10T00:09:49.1841405Z (node:4223) [DEP0040] DeprecationWarning: The `punycode` module is deprecated. Please use a userland alternative instead.
2026-10-10T00:09:49.1842561Z (Use `node --trace-deprecation ...` to show where the warning was created)
2026-10-10T00:09:49.1981401Z [command]/usr/bin/tar --posix -cf cache.tzst --exclude cache.tzst -P -C /home/runner/work/pskernel/pskernel --files-from manifest.txt --use-compress-program zstdmt
2026-10-10T00:09:49.5926514Z (node:4223) [DEP0169] DeprecationWarning: `url.parse()` behavior is not standardized and prone to errors that have security implications. Use the WHATWG URL API instead. CVEs are not issued for `url.parse()` vulnerabilities.
2026-10-10T00:09:50.3389614Z Sent 24185815 of 24185815 (100.0%), 30.6 MBs/sec
2026-10-10T00:09:50.4451425Z Cache saved with key: psc0-sh1-current-v1-Linux-X64-345295c92e112d8a5f19f7c147c3db40b6f4598f2c2154577e66ac53440ca424-ts7.0.2-fb8f8076df3ed8708f927f88aa2d32febbfa89dc
2026-10-10T00:09:50.4548254Z ##[group]Run actions/upload-artifact@v4
2026-10-10T00:09:50.4548573Z with:
2026-10-10T00:09:50.4548921Z   name: psc0-sh1-ts7.0.2-fb8f8076df3ed8708f927f88aa2d32febbfa89dc
2026-10-10T00:09:50.4549615Z   path: psc0/dist/sh1
psc0/.selfhost-seeds
psc0/dist/sh1-native-seed-recovery
psc0/dist/sh1-seed-selection
psc0/dist/typescript-profile

2026-10-10T00:09:50.4550246Z   include-hidden-files: true
2026-10-10T00:09:50.4550534Z   if-no-files-found: ignore
2026-10-10T00:09:50.4550822Z   retention-days: 30
2026-10-10T00:09:50.4551087Z   compression-level: 6
2026-10-10T00:09:50.4551343Z   overwrite: false
2026-10-10T00:09:50.4551586Z env:
2026-10-10T00:09:50.4551966Z   PSC0_TSC: /home/runner/work/_temp/psc0-typescript-7.0.2/node_modules/typescript/bin/tsc
2026-10-10T00:09:50.4552434Z   PSC0_TYPESCRIPT_VERSION: 7.0.2
2026-10-10T00:09:50.4552717Z ##[endgroup]
2026-10-10T00:09:50.6215156Z (node:4243) [DEP0040] DeprecationWarning: The `punycode` module is deprecated. Please use a userland alternative instead.
2026-10-10T00:09:50.6215931Z (Use `node --trace-deprecation ...` to show where the warning was created)
2026-10-10T00:09:50.6431073Z Multiple search paths detected. Calculating the least common ancestor of all paths
2026-10-10T00:09:50.6433735Z The least common ancestor is /home/runner/work/pskernel/pskernel/psc0. This will be the root directory of the artifact
2026-10-10T00:09:50.6434747Z With the provided path, there will be 63 files uploaded
2026-10-10T00:09:50.6440920Z Artifact name is valid!
2026-10-10T00:09:50.6441432Z Root directory input is valid!
2026-10-10T00:09:50.9087033Z Beginning upload of artifact content to blob storage
2026-10-10T00:09:51.3155264Z (node:4243) [DEP0169] DeprecationWarning: `url.parse()` behavior is not standardized and prone to errors that have security implications. Use the WHATWG URL API instead. CVEs are not issued for `url.parse()` vulnerabilities.
2026-10-10T00:09:51.7003447Z Uploaded bytes 1752868
2026-10-10T00:09:51.7435670Z Finished uploading artifact content to blob storage!
2026-10-10T00:09:51.7436805Z SHA256 digest of uploaded artifact zip is 35060aaceff9dd6366d961bd6f92737cffe0d5366ab8fce3140e63aba3bc6224
2026-10-10T00:09:51.7439148Z Finalizing artifact upload
2026-10-10T00:09:51.9514380Z Artifact psc0-sh1-ts7.0.2-fb8f8076df3ed8708f927f88aa2d32febbfa89dc.zip successfully finalized. Artifact ID 11652425108
2026-10-10T00:09:51.9515462Z Artifact psc0-sh1-ts7.0.2-fb8f8076df3ed8708f927f88aa2d32febbfa89dc has been successfully uploaded! Final size is 1752868 bytes. Artifact ID is 11652425108
2026-10-10T00:09:51.9520243Z Artifact download URL: https://github.com/dwijayuda/pskernel/actions/runs/38007714076/artifacts/11652425108
2026-10-10T00:09:51.9693465Z Post job cleanup.
2026-10-10T00:09:52.0526099Z [command]/usr/bin/git version
2026-10-10T00:09:52.0564805Z git version 2.55.0
2026-10-10T00:09:52.0597145Z Temporarily overriding HOME='/home/runner/work/_temp/ab621853-5ce8-4892-ae58-73249e7bcd9e' before making global git config changes
2026-10-10T00:09:52.0598578Z Adding repository directory to the temporary git global config as a safe directory
2026-10-10T00:09:52.0602560Z [command]/usr/bin/git config --global --add safe.directory /home/runner/work/pskernel/pskernel
2026-10-10T00:09:52.0639331Z [command]/usr/bin/git config --local --name-only --get-regexp core\.sshCommand
2026-10-10T00:09:52.0671431Z [command]/usr/bin/git submodule foreach --recursive sh -c "git config --local --name-only --get-regexp 'core\.sshCommand' && git config --local --unset-all 'core.sshCommand' || :"
2026-10-10T00:09:52.0912327Z [command]/usr/bin/git config --local --name-only --get-regexp http\.https\:\/\/github\.com\/\.extraheader
2026-10-10T00:09:52.0935181Z http.https://github.com/.extraheader
2026-10-10T00:09:52.0946989Z [command]/usr/bin/git config --local --unset-all http.https://github.com/.extraheader
2026-10-10T00:09:52.0983454Z [command]/usr/bin/git submodule foreach --recursive sh -c "git config --local --name-only --get-regexp 'http\.https\:\/\/github\.com\/\.extraheader' && git config --local --unset-all 'http.https://github.com/.extraheader' || :"
2026-10-10T00:09:52.1220314Z [command]/usr/bin/git config --local --name-only --get-regexp ^includeIf\.gitdir:
2026-10-10T00:09:52.1250860Z [command]/usr/bin/git submodule foreach --recursive git config --local --show-origin --name-only --get-regexp remote.origin.url
2026-10-10T00:09:52.1655010Z Evaluate and set job outputs
2026-10-10T00:09:52.1661878Z Set output 'qualified'
2026-10-10T00:09:52.1663836Z Set output 'node-version'
2026-10-10T00:09:52.1665098Z Cleaning up orphan processes
2026-10-10T00:09:52.1898358Z ##[warning]Node.js 20 is deprecated. The following actions target Node.js 20 but are being forced to run on Node.js 24: actions/cache/restore@v4, actions/cache/save@v4, actions/checkout@v4, actions/github-script@v7, actions/setup-node@v4, actions/upload-artifact@v4. For more information see: https://github.blog/changelog/2025-09-19-deprecation-of-node-20-on-github-actions-runners/
