2026-10-09T19:56:52.4950337Z Current runner version: '2.337.0'
2026-10-09T19:56:52.4969304Z ##[group]Runner Image Provisioner
2026-10-09T19:56:52.4969826Z Hosted Compute Agent
2026-10-09T19:56:52.4970231Z Version: 20261002.596
2026-10-09T19:56:52.4970653Z Commit: c3d12f3313a95f25162a1503be624f3b0617f8c0
2026-10-09T19:56:52.4971080Z Build Date: 2026-10-02T22:28:27Z
2026-10-09T19:56:52.4971524Z Worker ID: {a81dfa88-f25c-45b5-98aa-6a30f8c68321}
2026-10-09T19:56:52.4971977Z Region: centralus
2026-10-09T19:56:52.4972336Z Cloud: Azure
2026-10-09T19:56:52.4972708Z ##[endgroup]
2026-10-09T19:56:52.4973553Z ##[group]Operating System
2026-10-09T19:56:52.4973957Z Ubuntu
2026-10-09T19:56:52.4974572Z 24.04.5
2026-10-09T19:56:52.4974976Z LTS
2026-10-09T19:56:52.4975480Z ##[endgroup]
2026-10-09T19:56:52.4975926Z ##[group]Runner Image
2026-10-09T19:56:52.4976456Z Image: ubuntu-24.04
2026-10-09T19:56:52.4976986Z Version: 20261004.327.1
2026-10-09T19:56:52.4978072Z Included Software: https://github.com/actions/runner-images/blob/ubuntu24/20261004.327/images/ubuntu/Ubuntu2404-Readme.md
2026-10-09T19:56:52.4979470Z Image Release: https://github.com/actions/runner-images/releases/tag/ubuntu24%2F20261004.327
2026-10-09T19:56:52.4980375Z ##[endgroup]
2026-10-09T19:56:52.4981348Z ##[group]GITHUB_TOKEN Permissions
2026-10-09T19:56:52.4983307Z Actions: read
2026-10-09T19:56:52.4983790Z Contents: read
2026-10-09T19:56:52.4984422Z Metadata: read
2026-10-09T19:56:52.4984939Z ##[endgroup]
2026-10-09T19:56:52.4986763Z Secret source: Actions
2026-10-09T19:56:52.4987638Z Cache mode: write
2026-10-09T19:56:52.4988479Z Prepare workflow directory
2026-10-09T19:56:52.5992466Z Prepare all required actions
2026-10-09T19:56:52.6025472Z Getting action download info
2026-10-09T19:56:52.8483200Z Download action repository 'actions/checkout@v4' (SHA:11d5960a326750d5838078e36cf38b85af677262)
2026-10-09T19:56:53.1603867Z Download action repository 'actions/github-script@v7' (SHA:f28e40c7f34bde8b3046d885e986cb6290c5673b)
2026-10-09T19:56:53.7739888Z Download action repository 'actions/setup-node@v4' (SHA:49933ea5288caeca8642d1e84afbd3f7d6820020)
2026-10-09T19:56:54.1816147Z Download action repository 'leanprover/lean-action@v1' (SHA:f061402b660e0c34644504b324e830f2991d4865)
2026-10-09T19:56:54.5518569Z Download action repository 'actions/cache@v4' (SHA:0057852bfaa89a56745cba8c7296529d2fc39830)
2026-10-09T19:56:55.1735441Z Download action repository 'actions/upload-artifact@v4' (SHA:ea165f8d65b6e75b540449e92b4886f43607fa02)
2026-10-09T19:56:55.9565967Z Getting action download info
2026-10-09T19:56:56.0383646Z Download action repository 'actions/cache@caa296126883cff596d87d8935842f9db880ef25' (SHA:caa296126883cff596d87d8935842f9db880ef25)
2026-10-09T19:56:56.3807658Z Complete job name: compiler
2026-10-09T19:56:56.4472802Z ##[group]Run actions/checkout@v4
2026-10-09T19:56:56.4473097Z with:
2026-10-09T19:56:56.4473228Z   repository: dwijayuda/pskernel
2026-10-09T19:56:56.4474809Z   token: ***
2026-10-09T19:56:56.4474941Z   ssh-strict: true
2026-10-09T19:56:56.4475066Z   ssh-user: git
2026-10-09T19:56:56.4475210Z   persist-credentials: true
2026-10-09T19:56:56.4475353Z   clean: true
2026-10-09T19:56:56.4475498Z   sparse-checkout-cone-mode: true
2026-10-09T19:56:56.4475648Z   fetch-depth: 1
2026-10-09T19:56:56.4475764Z   fetch-tags: false
2026-10-09T19:56:56.4475894Z   show-progress: true
2026-10-09T19:56:56.4476014Z   lfs: false
2026-10-09T19:56:56.4476127Z   submodules: false
2026-10-09T19:56:56.4476250Z   set-safe-directory: true
2026-10-09T19:56:56.4476392Z   allow-unsafe-pr-checkout: false
2026-10-09T19:56:56.4476623Z ##[endgroup]
2026-10-09T19:56:56.5213352Z Syncing repository: dwijayuda/pskernel
2026-10-09T19:56:56.5215034Z ##[group]Getting Git version info
2026-10-09T19:56:56.5215496Z Working directory is '/home/runner/work/pskernel/pskernel'
2026-10-09T19:56:56.5216084Z [command]/usr/bin/git version
2026-10-09T19:56:56.5428330Z git version 2.55.0
2026-10-09T19:56:56.5457574Z ##[endgroup]
2026-10-09T19:56:56.5470571Z Temporarily overriding HOME='/home/runner/work/_temp/dff5e734-4047-48de-81de-b9f8c5317500' before making global git config changes
2026-10-09T19:56:56.5471892Z Adding repository directory to the temporary git global config as a safe directory
2026-10-09T19:56:56.5476250Z [command]/usr/bin/git config --global --add safe.directory /home/runner/work/pskernel/pskernel
2026-10-09T19:56:56.5790158Z Deleting the contents of '/home/runner/work/pskernel/pskernel'
2026-10-09T19:56:56.5794010Z ##[group]Initializing the repository
2026-10-09T19:56:56.5797275Z [command]/usr/bin/git init /home/runner/work/pskernel/pskernel
2026-10-09T19:56:56.5947873Z hint: Using 'master' as the name for the initial branch. This default branch name
2026-10-09T19:56:56.5948511Z hint: will change to "main" in Git 3.0. To configure the initial branch name
2026-10-09T19:56:56.5948946Z hint: to use in all of your new repositories, which will suppress this warning,
2026-10-09T19:56:56.5949193Z hint: call:
2026-10-09T19:56:56.5949303Z hint:
2026-10-09T19:56:56.5949483Z hint: 	git config --global init.defaultBranch <name>
2026-10-09T19:56:56.5949673Z hint:
2026-10-09T19:56:56.5949849Z hint: Names commonly chosen instead of 'master' are 'main', 'trunk' and
2026-10-09T19:56:56.5950134Z hint: 'development'. The just-created branch can be renamed via this command:
2026-10-09T19:56:56.5971892Z hint:
2026-10-09T19:56:56.5972052Z hint: 	git branch -m <name>
2026-10-09T19:56:56.5972195Z hint:
2026-10-09T19:56:56.5972397Z hint: Disable this message with "git config set advice.defaultBranchName false"
2026-10-09T19:56:56.6318319Z Initialized empty Git repository in /home/runner/work/pskernel/pskernel/.git/
2026-10-09T19:56:56.6328290Z [command]/usr/bin/git remote add origin https://github.com/dwijayuda/pskernel
2026-10-09T19:56:56.6741204Z ##[endgroup]
2026-10-09T19:56:56.6741667Z ##[group]Disabling automatic garbage collection
2026-10-09T19:56:56.6745957Z [command]/usr/bin/git config --local gc.auto 0
2026-10-09T19:56:56.7013319Z ##[endgroup]
2026-10-09T19:56:56.7013589Z ##[group]Setting up auth
2026-10-09T19:56:56.7019652Z [command]/usr/bin/git config --local --name-only --get-regexp core\.sshCommand
2026-10-09T19:56:56.7051349Z [command]/usr/bin/git submodule foreach --recursive sh -c "git config --local --name-only --get-regexp 'core\.sshCommand' && git config --local --unset-all 'core.sshCommand' || :"
2026-10-09T19:56:56.7519738Z [command]/usr/bin/git config --local --name-only --get-regexp http\.https\:\/\/github\.com\/\.extraheader
2026-10-09T19:56:56.7550048Z [command]/usr/bin/git submodule foreach --recursive sh -c "git config --local --name-only --get-regexp 'http\.https\:\/\/github\.com\/\.extraheader' && git config --local --unset-all 'http.https://github.com/.extraheader' || :"
2026-10-09T19:56:56.7786446Z [command]/usr/bin/git config --local --name-only --get-regexp ^includeIf\.gitdir:
2026-10-09T19:56:56.7866360Z [command]/usr/bin/git submodule foreach --recursive git config --local --show-origin --name-only --get-regexp remote.origin.url
2026-10-09T19:56:56.8213042Z [command]/usr/bin/git config --local http.https://github.com/.extraheader AUTHORIZATION: basic ***
2026-10-09T19:56:57.0011172Z ##[endgroup]
2026-10-09T19:56:57.0012050Z ##[group]Fetching the repository
2026-10-09T19:56:57.0020367Z [command]/usr/bin/git -c protocol.version=2 fetch --no-tags --prune --no-recurse-submodules --depth=1 origin +047a29f17392fea41ac5d59e7f8cbfc172b20313:refs/remotes/origin/psc0/strict-sh1-v1
2026-10-09T19:57:06.7285078Z From https://github.com/dwijayuda/pskernel
2026-10-09T19:57:06.7285487Z  * [new ref]           047a29f17392fea41ac5d59e7f8cbfc172b20313 -> origin/psc0/strict-sh1-v1
2026-10-09T19:57:06.7288592Z ##[endgroup]
2026-10-09T19:57:06.7288813Z ##[group]Determining the checkout info
2026-10-09T19:57:06.7290383Z ##[endgroup]
2026-10-09T19:57:06.7295284Z [command]/usr/bin/git sparse-checkout disable
2026-10-09T19:57:06.7343649Z [command]/usr/bin/git config --local --unset-all extensions.worktreeConfig
2026-10-09T19:57:06.7370928Z ##[group]Checking out the ref
2026-10-09T19:57:06.7374566Z [command]/usr/bin/git checkout --progress --force -B psc0/strict-sh1-v1 refs/remotes/origin/psc0/strict-sh1-v1
2026-10-09T19:57:08.2049960Z Updating files:   6% (1442/20736)
2026-10-09T19:57:08.2128827Z Updating files:   7% (1452/20736)
2026-10-09T19:57:08.2251856Z Updating files:   8% (1659/20736)
2026-10-09T19:57:08.2427308Z Updating files:   9% (1867/20736)
2026-10-09T19:57:08.2595375Z Updating files:  10% (2074/20736)
2026-10-09T19:57:08.2763291Z Updating files:  11% (2281/20736)
2026-10-09T19:57:08.2858961Z Updating files:  12% (2489/20736)
2026-10-09T19:57:08.7987372Z Updating files:  13% (2696/20736)
2026-10-09T19:57:09.5682048Z Updating files:  13% (2787/20736)
2026-10-09T19:57:09.5767685Z Updating files:  14% (2904/20736)
2026-10-09T19:57:09.5840931Z Updating files:  15% (3111/20736)
2026-10-09T19:57:09.5938718Z Updating files:  16% (3318/20736)
2026-10-09T19:57:09.6065624Z Updating files:  17% (3526/20736)
2026-10-09T19:57:09.6172585Z Updating files:  18% (3733/20736)
2026-10-09T19:57:09.6356029Z Updating files:  19% (3940/20736)
2026-10-09T19:57:09.6512538Z Updating files:  20% (4148/20736)
2026-10-09T19:57:09.6687135Z Updating files:  21% (4355/20736)
2026-10-09T19:57:09.6779753Z Updating files:  22% (4562/20736)
2026-10-09T19:57:09.9292933Z Updating files:  23% (4770/20736)
2026-10-09T19:57:10.9380561Z Updating files:  23% (4856/20736)
2026-10-09T19:57:10.9426891Z Updating files:  23% (4860/20736)
2026-10-09T19:57:10.9507919Z Updating files:  24% (4977/20736)
2026-10-09T19:57:10.9578331Z Updating files:  25% (5184/20736)
2026-10-09T19:57:10.9665584Z Updating files:  26% (5392/20736)
2026-10-09T19:57:10.9745489Z Updating files:  27% (5599/20736)
2026-10-09T19:57:10.9969366Z Updating files:  28% (5807/20736)
2026-10-09T19:57:11.0493420Z Updating files:  29% (6014/20736)
2026-10-09T19:57:11.0587998Z Updating files:  30% (6221/20736)
2026-10-09T19:57:11.0706715Z Updating files:  31% (6429/20736)
2026-10-09T19:57:11.0821510Z Updating files:  32% (6636/20736)
2026-10-09T19:57:11.0947939Z Updating files:  33% (6843/20736)
2026-10-09T19:57:11.1063484Z Updating files:  34% (7051/20736)
2026-10-09T19:57:11.1183027Z Updating files:  35% (7258/20736)
2026-10-09T19:57:11.1299898Z Updating files:  36% (7465/20736)
2026-10-09T19:57:11.1403999Z Updating files:  37% (7673/20736)
2026-10-09T19:57:11.1502201Z Updating files:  38% (7880/20736)
2026-10-09T19:57:11.1625376Z Updating files:  39% (8088/20736)
2026-10-09T19:57:11.1788581Z Updating files:  40% (8295/20736)
2026-10-09T19:57:11.2996284Z Updating files:  41% (8502/20736)
2026-10-09T19:57:11.3090282Z Updating files:  42% (8710/20736)
2026-10-09T19:57:11.3178270Z Updating files:  43% (8917/20736)
2026-10-09T19:57:11.3268498Z Updating files:  44% (9124/20736)
2026-10-09T19:57:11.4041331Z Updating files:  45% (9332/20736)
2026-10-09T19:57:11.4482749Z Updating files:  46% (9539/20736)
2026-10-09T19:57:11.5157389Z Updating files:  47% (9746/20736)
2026-10-09T19:57:11.5878954Z Updating files:  48% (9954/20736)
2026-10-09T19:57:11.7376380Z Updating files:  49% (10161/20736)
2026-10-09T19:57:11.7531361Z Updating files:  50% (10368/20736)
2026-10-09T19:57:11.9639229Z Updating files:  50% (10384/20736)
2026-10-09T19:57:12.1758669Z Updating files:  51% (10576/20736)
2026-10-09T19:57:12.3477621Z Updating files:  52% (10783/20736)
2026-10-09T19:57:12.5360415Z Updating files:  53% (10991/20736)
2026-10-09T19:57:12.7512608Z Updating files:  54% (11198/20736)
2026-10-09T19:57:12.7527170Z Updating files:  55% (11405/20736)
2026-10-09T19:57:12.8771014Z Updating files:  55% (11407/20736)
2026-10-09T19:57:12.9342529Z Updating files:  56% (11613/20736)
2026-10-09T19:57:12.9889368Z Updating files:  57% (11820/20736)
2026-10-09T19:57:12.9946208Z Updating files:  58% (12027/20736)
2026-10-09T19:57:12.9998814Z Updating files:  59% (12235/20736)
2026-10-09T19:57:13.0054020Z Updating files:  60% (12442/20736)
2026-10-09T19:57:13.0107474Z Updating files:  61% (12649/20736)
2026-10-09T19:57:13.0170387Z Updating files:  62% (12857/20736)
2026-10-09T19:57:13.0239674Z Updating files:  63% (13064/20736)
2026-10-09T19:57:13.0308137Z Updating files:  64% (13272/20736)
2026-10-09T19:57:13.0379372Z Updating files:  65% (13479/20736)
2026-10-09T19:57:13.0455015Z Updating files:  66% (13686/20736)
2026-10-09T19:57:13.0524341Z Updating files:  67% (13894/20736)
2026-10-09T19:57:13.0592846Z Updating files:  68% (14101/20736)
2026-10-09T19:57:13.0659839Z Updating files:  69% (14308/20736)
2026-10-09T19:57:13.0726376Z Updating files:  70% (14516/20736)
2026-10-09T19:57:13.0794968Z Updating files:  71% (14723/20736)
2026-10-09T19:57:13.0863538Z Updating files:  72% (14930/20736)
2026-10-09T19:57:13.0927578Z Updating files:  73% (15138/20736)
2026-10-09T19:57:13.1011916Z Updating files:  74% (15345/20736)
2026-10-09T19:57:13.1076108Z Updating files:  75% (15552/20736)
2026-10-09T19:57:13.1139012Z Updating files:  76% (15760/20736)
2026-10-09T19:57:13.1202162Z Updating files:  77% (15967/20736)
2026-10-09T19:57:13.1269746Z Updating files:  78% (16175/20736)
2026-10-09T19:57:13.1336655Z Updating files:  79% (16382/20736)
2026-10-09T19:57:13.1424312Z Updating files:  80% (16589/20736)
2026-10-09T19:57:13.1478102Z Updating files:  81% (16797/20736)
2026-10-09T19:57:13.1535303Z Updating files:  82% (17004/20736)
2026-10-09T19:57:13.1594034Z Updating files:  83% (17211/20736)
2026-10-09T19:57:13.1653006Z Updating files:  84% (17419/20736)
2026-10-09T19:57:13.1710923Z Updating files:  85% (17626/20736)
2026-10-09T19:57:13.1768860Z Updating files:  86% (17833/20736)
2026-10-09T19:57:13.1809818Z Updating files:  87% (18041/20736)
2026-10-09T19:57:13.1852932Z Updating files:  88% (18248/20736)
2026-10-09T19:57:13.1899383Z Updating files:  89% (18456/20736)
2026-10-09T19:57:13.2144200Z Updating files:  90% (18663/20736)
2026-10-09T19:57:13.2220756Z Updating files:  91% (18870/20736)
2026-10-09T19:57:13.2282478Z Updating files:  92% (19078/20736)
2026-10-09T19:57:13.2343517Z Updating files:  93% (19285/20736)
2026-10-09T19:57:13.3439961Z Updating files:  94% (19492/20736)
2026-10-09T19:57:13.4085570Z Updating files:  95% (19700/20736)
2026-10-09T19:57:13.4523121Z Updating files:  96% (19907/20736)
2026-10-09T19:57:13.4729449Z Updating files:  97% (20114/20736)
2026-10-09T19:57:13.7161671Z Updating files:  98% (20322/20736)
2026-10-09T19:57:13.7566883Z Updating files:  99% (20529/20736)
2026-10-09T19:57:13.8263860Z Updating files:  99% (20583/20736)
2026-10-09T19:57:13.8264562Z Updating files: 100% (20736/20736)
2026-10-09T19:57:13.8264851Z Updating files: 100% (20736/20736), done.
2026-10-09T19:57:14.0540790Z Switched to a new branch 'psc0/strict-sh1-v1'
2026-10-09T19:57:14.0541188Z branch 'psc0/strict-sh1-v1' set up to track 'origin/psc0/strict-sh1-v1'.
2026-10-09T19:57:14.0646197Z ##[endgroup]
2026-10-09T19:57:14.0692822Z [command]/usr/bin/git log -1 --format=%H
2026-10-09T19:57:14.0723473Z 047a29f17392fea41ac5d59e7f8cbfc172b20313
2026-10-09T19:57:14.2036687Z ##[group]Run actions/github-script@v7
2026-10-09T19:57:14.2036861Z with:
2026-10-09T19:57:14.2039359Z   script: const { mkdir, writeFile } = await import('node:fs/promises');
const path = await import('node:path');
const root = process.env.GITHUB_WORKSPACE + '/psc0';
const recovery = await import(root + '/scripts/sh1-native-seed-recovery.mjs');
const { selected, policySha256, recipeSha256 } = await recovery.readNativeSeedRecoveryPolicy({ root });
const directory = path.join(root, 'dist/sh1-seed-selection');
await mkdir(directory, { recursive: true });
await writeFile(path.join(directory, 'selected-native-recovery.json'), JSON.stringify({
  sourceRef: selected.sourceRef, identitySha256: selected.identitySha256,
  policySha256, recipeSha256, recipe: recovery.nativeSeedRecoveryRecipe,
  parentMetadataRetained: Boolean(selected.parent),
  parentExecutionRequired: false, typescriptVersion: '7.0.2',
}, null, 2) + '\n');
for (const [name, value] of Object.entries({
  mode: selected.mode,
  'full-qualification': process.env.PSC0_SH1_FULL_QUALIFICATION === 'true',
  'node-version': selected.nodeVersion,
  'source-ref': selected.sourceRef,
  'compiler-path': selected.compilerPath,
  'cache-key': selected.cacheKey,
  'cache-directory': selected.cacheDirectory,
  'artifact-run-id': selected.artifactRunId,
  'artifact-name': selected.artifactName,
  'recovery-typescript-version': '7.0.2',
  'has-parent': Boolean(selected.parent),
})) core.setOutput(name, value);

2026-10-09T19:57:14.2043311Z   github-token: ***
2026-10-09T19:57:14.2043434Z   debug: false
2026-10-09T19:57:14.2043559Z   user-agent: actions/github-script
2026-10-09T19:57:14.2043712Z   result-encoding: json
2026-10-09T19:57:14.2043838Z   retries: 0
2026-10-09T19:57:14.2043972Z   retry-exempt-status-codes: 400,401,403,404,422
2026-10-09T19:57:14.2044235Z env:
2026-10-09T19:57:14.2044351Z   PSC0_SH1_FULL_QUALIFICATION: true
2026-10-09T19:57:14.2044495Z ##[endgroup]
2026-10-09T19:57:14.3530919Z ##[group]Run actions/setup-node@v4
2026-10-09T19:57:14.3531085Z with:
2026-10-09T19:57:14.3531200Z   node-version: 22.23.3
2026-10-09T19:57:14.3531328Z   always-auth: false
2026-10-09T19:57:14.3531451Z   check-latest: false
2026-10-09T19:57:14.3532766Z   token: ***
2026-10-09T19:57:14.3532879Z ##[endgroup]
2026-10-09T19:57:14.4735048Z Found in cache @ /opt/hostedtoolcache/node/22.23.3/x64
2026-10-09T19:57:14.4738267Z (node:2136) [DEP0040] DeprecationWarning: The `punycode` module is deprecated. Please use a userland alternative instead.
2026-10-09T19:57:14.4738867Z (Use `node --trace-deprecation ...` to show where the warning was created)
2026-10-09T19:57:14.4740359Z ##[group]Environment details
2026-10-09T19:57:18.4467226Z node: v22.23.3
2026-10-09T19:57:18.4467502Z npm: 10.9.9
2026-10-09T19:57:18.4467669Z yarn: 1.22.22
2026-10-09T19:57:18.4468431Z ##[endgroup]
2026-10-09T19:57:18.4797164Z ##[group]Run node --max-old-space-size=8192 scripts/sh1-resource-policy.mjs --preflight dist/sh1/resource-policy-preflight.json
2026-10-09T19:57:18.4797736Z [36;1mnode --max-old-space-size=8192 scripts/sh1-resource-policy.mjs --preflight dist/sh1/resource-policy-preflight.json[0m
2026-10-09T19:57:18.5719352Z shell: /usr/bin/bash -e {0}
2026-10-09T19:57:18.5719526Z ##[endgroup]
2026-10-09T19:57:18.6706761Z PSC0_SH1_RESOURCE_POLICY: {"schemaVersion":1,"evidence":"generated-qualification-resource-preflight","command":"workflow-preflight","policy":{"id":"psc0-sh1-generated-qualification-resources/1","node":"v22.23.3","platform":"linux","architecture":"x64","oldSpaceMiB":8192,"minimumAvailableBytes":12884901888,"minimumHeapLimitBytes":8589934592,"maximumHeapLimitBytes":8858370048,"checkBoundary":"process-entry-before-generated-compiler-loading","automaticFallback":false,"semanticContractQualified":false},"node":"v22.23.3","platform":"linux","architecture":"x64","pid":2169,"passed":true,"strictSh1Qualified":false,"semanticContractQualified":false,"heap":{"explicitOldSpaceMiB":8192,"observedHeapLimitBytes":8640266240,"inheritedHeapOverride":false},"physical":{"totalBytes":16766414848,"availableBytes":15235063808},"nodeMemory":{"availableBytes":15235063808,"constrainedBytes":"18446744073709552000","bindingConstraintBytes":null},"cgroup":{"version":2,"membership":"/system.slice/hosted-compute-agent.service","mountRoot":"/","mountPoint":"/sys/fs/cgroup","visibility":"current-and-visible-ancestor-cgroups","observations":[{"directory":"/sys/fs/cgroup/system.slice/hosted-compute-agent.service","limitFile":"memory.max","limitBytes":"max","currentBytes":"3358011392","capacityBytes":16766414848,"availableBytes":16766414848},{"directory":"/sys/fs/cgroup/system.slice/hosted-compute-agent.service","limitFile":"memory.high","limitBytes":"max","currentBytes":"3358011392","capacityBytes":16766414848,"availableBytes":16766414848},{"directory":"/sys/fs/cgroup/system.slice","limitFile":"memory.max","limitBytes":"max","currentBytes":"5912682496","capacityBytes":16766414848,"availableBytes":16766414848},{"directory":"/sys/fs/cgroup/system.slice","limitFile":"memory.high","limitBytes":"max","currentBytes":"5912682496","capacityBytes":16766414848,"availableBytes":16766414848},{"directory":"/sys/fs/cgroup","globalRootWithoutMemoryController":true}]},"effectiveCapacityBytes":16766414848,"effectiveAvailableBytes":15235063808}
2026-10-09T19:57:18.7196067Z ##[group]Run leanprover/lean-action@v1
2026-10-09T19:57:18.7196238Z with:
2026-10-09T19:57:18.7196364Z   lake-package-directory: psc0
2026-10-09T19:57:18.7196505Z   auto-config: false
2026-10-09T19:57:18.7196621Z   build: false
2026-10-09T19:57:18.7196729Z   test: false
2026-10-09T19:57:18.7196845Z   use-github-cache: false
2026-10-09T19:57:18.7196980Z   use-mathlib-cache: false
2026-10-09T19:57:18.7197106Z   lint: default
2026-10-09T19:57:18.7197217Z   mk_all-check: false
2026-10-09T19:57:18.7197354Z   check-reservoir-eligibility: false
2026-10-09T19:57:18.7197503Z   leanchecker: false
2026-10-09T19:57:18.7197622Z   lean4checker: false
2026-10-09T19:57:18.7197738Z   nanoda: false
2026-10-09T19:57:18.7197854Z   nanoda-allow-sorry: true
2026-10-09T19:57:18.7197982Z   axiom-audit: false
2026-10-09T19:57:18.7198140Z   axiom-audit-allow: propext,Classical.choice,Quot.sound
2026-10-09T19:57:18.7198336Z   reinstall-transient-toolchain: false
2026-10-09T19:57:18.7198489Z ##[endgroup]
2026-10-09T19:57:18.7241702Z ##[start-action display=install elan;id=__leanprover_lean-action.__run]
2026-10-09T19:57:18.7789506Z ##[group]Run : Install Elan
2026-10-09T19:57:18.7789755Z [36;1m: Install Elan[0m
2026-10-09T19:57:18.7789992Z [36;1m${GITHUB_ACTION_PATH}/scripts/install_elan.sh[0m
2026-10-09T19:57:18.7845118Z shell: /usr/bin/bash --noprofile --norc -e -o pipefail {0}
2026-10-09T19:57:18.7845317Z ##[endgroup]
2026-10-09T19:57:18.9014712Z ##[group]Elan Installation Output
2026-10-09T19:57:19.0097828Z info: downloading installer
2026-10-09T19:57:20.4097481Z info: downloading https://releases.lean-lang.org/lean4/v4.34.0/lean-4.34.0-linux.tar.zst
2026-10-09T19:57:28.8943465Z info: installing /home/runner/.elan/toolchains/leanprover--lean4---v4.34.0
2026-10-09T19:57:36.5462639Z Lean (version 4.34.0, x86_64-unknown-linux-gnu, commit 293d5d0c0c3f3dded4688b3ccd6a33939ac5102b, Release)
2026-10-09T19:57:36.5811824Z Lake version 5.0.0-src+293d5d0 (Lean version 4.34.0)
2026-10-09T19:57:36.5849796Z ##[endgroup]
2026-10-09T19:57:36.5849936Z 
2026-10-09T19:57:36.5862741Z ##[end-action id=__leanprover_lean-action.__run;outcome=success;conclusion=success;duration_ms=17862]
2026-10-09T19:57:36.5866182Z ##[start-action display=configure `lean-action`;id=__leanprover_lean-action.config]
2026-10-09T19:57:36.5893430Z ##[group]Run : Configure Lean Action
2026-10-09T19:57:36.5893625Z [36;1m: Configure Lean Action[0m
2026-10-09T19:57:36.5893792Z [36;1m${GITHUB_ACTION_PATH}/scripts/config.sh[0m
2026-10-09T19:57:36.5948816Z shell: /usr/bin/bash --noprofile --norc -e -o pipefail {0}
2026-10-09T19:57:36.5949008Z env:
2026-10-09T19:57:36.5949120Z   AUTO_CONFIG: false
2026-10-09T19:57:36.5949242Z   BUILD: false
2026-10-09T19:57:36.5949356Z   TEST: false
2026-10-09T19:57:36.5949465Z   LINT: default
2026-10-09T19:57:36.5949583Z ##[endgroup]
2026-10-09T19:57:36.6425722Z ##[group]Configure lean-action
2026-10-09T19:57:36.6454416Z ##[end-action id=__leanprover_lean-action.config;outcome=success;conclusion=success;duration_ms=58]
2026-10-09T19:57:36.6456155Z ##[start-action display=reinstall transient toolchain;id=__leanprover_lean-action.__run_2]
2026-10-09T19:57:36.6460379Z ##[end-action id=__leanprover_lean-action.__run_2;outcome=skipped;conclusion=skipped;duration_ms=0]
2026-10-09T19:57:36.6461949Z ##[start-action display=ensure all files are imported;id=__leanprover_lean-action.mk_all]
2026-10-09T19:57:36.6463837Z ##[end-action id=__leanprover_lean-action.mk_all;outcome=skipped;conclusion=skipped;duration_ms=0]
2026-10-09T19:57:36.6465243Z ##[start-action display=Run actions/cache/restore@caa296126883cff596d87d8935842f9db880ef25;id=__leanprover_lean-action.__actions_cache]
2026-10-09T19:57:36.6467074Z ##[end-action id=__leanprover_lean-action.__actions_cache;outcome=skipped;conclusion=skipped;duration_ms=0]
2026-10-09T19:57:36.6468039Z ##[start-action display=detect mathlib;id=__leanprover_lean-action.detect-mathlib]
2026-10-09T19:57:36.6470011Z ##[end-action id=__leanprover_lean-action.detect-mathlib;outcome=skipped;conclusion=skipped;duration_ms=0]
2026-10-09T19:57:36.6471073Z ##[start-action display=get mathlib cache;id=__leanprover_lean-action.__run_3]
2026-10-09T19:57:36.6478447Z ##[end-action id=__leanprover_lean-action.__run_3;outcome=skipped;conclusion=skipped;duration_ms=0]
2026-10-09T19:57:36.6497069Z ##[start-action display=build dwijayuda/pskernel;id=__leanprover_lean-action.build]
2026-10-09T19:57:36.6499633Z ##[end-action id=__leanprover_lean-action.build;outcome=skipped;conclusion=skipped;duration_ms=0]
2026-10-09T19:57:36.6500813Z ##[start-action display=Run actions/cache/save@caa296126883cff596d87d8935842f9db880ef25;id=__leanprover_lean-action.__actions_cache_2]
2026-10-09T19:57:36.6502620Z ##[end-action id=__leanprover_lean-action.__actions_cache_2;outcome=skipped;conclusion=skipped;duration_ms=0]
2026-10-09T19:57:36.6504396Z ##[start-action display=test dwijayuda/pskernel;id=__leanprover_lean-action.test]
2026-10-09T19:57:36.6506779Z ##[end-action id=__leanprover_lean-action.test;outcome=skipped;conclusion=skipped;duration_ms=0]
2026-10-09T19:57:36.6508075Z ##[start-action display=lint dwijayuda/pskernel;id=__leanprover_lean-action.lint]
2026-10-09T19:57:36.6510227Z ##[end-action id=__leanprover_lean-action.lint;outcome=skipped;conclusion=skipped;duration_ms=0]
2026-10-09T19:57:36.6511173Z ##[start-action display=check reservoir eligibility;id=__leanprover_lean-action.__run_4]
2026-10-09T19:57:36.6512816Z ##[end-action id=__leanprover_lean-action.__run_4;outcome=skipped;conclusion=skipped;duration_ms=0]
2026-10-09T19:57:36.6514001Z ##[start-action display=check environment with leanchecker;id=__leanprover_lean-action.__run_5]
2026-10-09T19:57:36.6516697Z ##[end-action id=__leanprover_lean-action.__run_5;outcome=skipped;conclusion=skipped;duration_ms=0]
2026-10-09T19:57:36.6517816Z ##[start-action display=check environment with nanoda;id=__leanprover_lean-action.nanoda]
2026-10-09T19:57:36.6519447Z ##[end-action id=__leanprover_lean-action.nanoda;outcome=skipped;conclusion=skipped;duration_ms=0]
2026-10-09T19:57:36.6520566Z ##[start-action display=audit axioms with axiom-audit;id=__leanprover_lean-action.axiom-audit]
2026-10-09T19:57:36.6522189Z ##[end-action id=__leanprover_lean-action.axiom-audit;outcome=skipped;conclusion=skipped;duration_ms=0]
2026-10-09T19:57:36.6694336Z ##[group]Run npm install --prefix "$RUNNER_TEMP/psc0-typescript-7.0.2" --ignore-scripts --save-exact --no-audit --no-fund typescript@7.0.2
2026-10-09T19:57:36.6695170Z [36;1mnpm install --prefix "$RUNNER_TEMP/psc0-typescript-7.0.2" --ignore-scripts --save-exact --no-audit --no-fund typescript@7.0.2[0m
2026-10-09T19:57:36.6695681Z [36;1mnode --input-type=module <<'NODE'[0m
2026-10-09T19:57:36.6695945Z [36;1mimport assert from 'node:assert/strict';[0m
2026-10-09T19:57:36.6696383Z [36;1mimport { appendFileSync, copyFileSync, mkdirSync, readFileSync, realpathSync } from 'node:fs';[0m
2026-10-09T19:57:36.6696794Z [36;1mimport path from 'node:path';[0m
2026-10-09T19:57:36.6696979Z [36;1mimport { createRequire } from 'node:module';[0m
2026-10-09T19:57:36.6697177Z [36;1mimport { spawnSync } from 'node:child_process';[0m
2026-10-09T19:57:36.6697394Z [36;1mconst require = createRequire(import.meta.url);[0m
2026-10-09T19:57:36.6697663Z [36;1mconst directory = path.resolve('dist/typescript-profile/install');[0m
2026-10-09T19:57:36.6697903Z [36;1mmkdirSync(directory, { recursive: true });[0m
2026-10-09T19:57:36.6698078Z [36;1mconst version = '7.0.2';[0m
2026-10-09T19:57:36.6698308Z [36;1mconst prefix = path.join(process.env.RUNNER_TEMP, 'psc0-typescript-' + version);[0m
2026-10-09T19:57:36.6698642Z [36;1mconst manifestPath = require.resolve('typescript/package.json', { paths: [prefix] });[0m
2026-10-09T19:57:36.6698949Z [36;1mconst manifest = JSON.parse(readFileSync(manifestPath, 'utf8'));[0m
2026-10-09T19:57:36.6699180Z [36;1massert.equal(manifest.name, 'typescript');[0m
2026-10-09T19:57:36.6699366Z [36;1massert.equal(manifest.version, version);[0m
2026-10-09T19:57:36.6699605Z [36;1mconst bin = typeof manifest.bin === 'string' ? manifest.bin : manifest.bin?.tsc;[0m
2026-10-09T19:57:36.6700025Z [36;1massert.equal(typeof bin, 'string', 'PSC0_TYPESCRIPT_BIN_METADATA');[0m
2026-10-09T19:57:36.6700313Z [36;1mconst launcher = realpathSync(path.resolve(path.dirname(manifestPath), bin));[0m
2026-10-09T19:57:36.6700640Z [36;1mconst result = spawnSync(process.execPath, [launcher, '--version'], { encoding: 'utf8' });[0m
2026-10-09T19:57:36.6700922Z [36;1massert.equal(result.status, 0, result.stderr);[0m
2026-10-09T19:57:36.6701140Z [36;1massert.equal(result.stdout.trim(), 'Version ' + version);[0m
2026-10-09T19:57:36.6701408Z [36;1mappendFileSync(process.env.GITHUB_OUTPUT, 'current-cli=' + launcher + '\n');[0m
2026-10-09T19:57:36.6701768Z [36;1mcopyFileSync(path.join(prefix, 'package-lock.json'), path.join(directory, 'current-package-lock.json'));[0m
2026-10-09T19:57:36.6702121Z [36;1mcopyFileSync(manifestPath, path.join(directory, 'current-package.json'));[0m
2026-10-09T19:57:36.6702481Z [36;1mappendFileSync(process.env.GITHUB_ENV, 'PSC0_TSC=' + launcher + '\nPSC0_TYPESCRIPT_VERSION=' + version + '\n');[0m
2026-10-09T19:57:36.6702763Z [36;1mNODE[0m
2026-10-09T19:57:36.6755138Z shell: /usr/bin/bash --noprofile --norc -e -o pipefail {0}
2026-10-09T19:57:36.6755332Z ##[endgroup]
2026-10-09T19:57:40.7376446Z 
2026-10-09T19:57:40.7377203Z added 2 packages in 4s
2026-10-09T19:57:40.8854563Z ##[group]Run node scripts/check-typescript-profile.mjs --out dist/typescript-profile/contract
2026-10-09T19:57:40.8854992Z [36;1mnode scripts/check-typescript-profile.mjs --out dist/typescript-profile/contract[0m
2026-10-09T19:57:40.8908679Z shell: /usr/bin/bash -e {0}
2026-10-09T19:57:40.8908836Z env:
2026-10-09T19:57:40.8909052Z   PSC0_TSC: /home/runner/work/_temp/psc0-typescript-7.0.2/node_modules/typescript/bin/tsc
2026-10-09T19:57:40.8909304Z   PSC0_TYPESCRIPT_VERSION: 7.0.2
2026-10-09T19:57:40.8909450Z ##[endgroup]
2026-10-09T19:57:41.2251464Z PSC0_TYPESCRIPT_PROFILE: PASS {"mode":"installed-profile-contract","report":"/home/runner/work/pskernel/pskernel/psc0/dist/typescript-profile/contract/report.json","timings":[{"phase":"positional-source-with-unrelated-config","version":"7.0.2","elapsedMs":51.03846500000003}]}
2026-10-09T19:57:41.2339910Z ##[group]Run node --check scripts/typescript-cli.mjs
2026-10-09T19:57:41.2340197Z [36;1mnode --check scripts/typescript-cli.mjs[0m
2026-10-09T19:57:41.2340430Z [36;1mnode --check scripts/check-typescript-profile.mjs[0m
2026-10-09T19:57:41.2340655Z [36;1mnode --check scripts/native-typescript-cli.test.mjs[0m
2026-10-09T19:57:41.2340883Z [36;1mnode scripts/check-native-replay-host-source.mjs[0m
2026-10-09T19:57:41.2341154Z [36;1mnode --check scripts/sh1-resource-policy.mjs[0m
2026-10-09T19:57:41.2341345Z [36;1mnode --check scripts/sh1-qualify.mjs[0m
2026-10-09T19:57:41.2341528Z [36;1mnode --check scripts/sh1-capabilities.mjs[0m
2026-10-09T19:57:41.2341724Z [36;1mnode --check scripts/sh1-check-admissions.mjs[0m
2026-10-09T19:57:41.2341950Z [36;1mnode --check scripts/generated-preparation-session.mjs[0m
2026-10-09T19:57:41.2342192Z [36;1mnode --check scripts/original-ir-inventory.mjs[0m
2026-10-09T19:57:41.2342509Z [36;1mnode --check scripts/original-ir-carrier.mjs[0m
2026-10-09T19:57:41.2342836Z [36;1mnode --check scripts/sh1-ir-checker-conformance.mjs[0m
2026-10-09T19:57:41.2343154Z [36;1mnode --check scripts/sh1-strict-source.mjs[0m
2026-10-09T19:57:41.2343438Z [36;1mnode --check scripts/sh1-strict-source-conformance.mjs[0m
2026-10-09T19:57:41.2343672Z [36;1mnode --check scripts/sh1-strict-target-conformance.mjs[0m
2026-10-09T19:57:41.2343886Z [36;1mnode --check scripts/sh1-strict-evidence.mjs[0m
2026-10-09T19:57:41.2344243Z [36;1mnode --check scripts/sh1-strict-runtime-conformance.mjs[0m
2026-10-09T19:57:41.2344574Z [36;1mnode --check scripts/sh1-source-snapshot.mjs[0m
2026-10-09T19:57:41.2344769Z [36;1mnode --check scripts/sh1-seed-manifest.mjs[0m
2026-10-09T19:57:41.2344967Z [36;1mnode --check scripts/sh1-grammar-conformance.mjs[0m
2026-10-09T19:57:41.2345187Z [36;1mnode --check scripts/sh1-fresh-name-conformance.mjs[0m
2026-10-09T19:57:41.2345574Z [36;1mnode --check scripts/sh1-migration-worker-conformance.mjs[0m
2026-10-09T19:57:41.2345812Z [36;1mnode --check scripts/sh1-migration-worker-abi.mjs[0m
2026-10-09T19:57:41.2346031Z [36;1mnode --check scripts/sh1-projection-conformance.mjs[0m
2026-10-09T19:57:41.2346239Z [36;1mnode --check scripts/sh1-successor-seed.mjs[0m
2026-10-09T19:57:41.2346440Z [36;1mnode --check scripts/sh1-native-seed-recovery.mjs[0m
2026-10-09T19:57:41.2346655Z [36;1mnode --check scripts/sh1-successor-seed.test.mjs[0m
2026-10-09T19:57:41.2346860Z [36;1mnode --check scripts/proofscript-source.mjs[0m
2026-10-09T19:57:41.2347063Z [36;1mnode --check scripts/proofscript-source.test.mjs[0m
2026-10-09T19:57:41.2347276Z [36;1mnode --check scripts/checked-source-snapshot.mjs[0m
2026-10-09T19:57:41.2347499Z [36;1mnode --check scripts/checked-source-snapshot.test.mjs[0m
2026-10-09T19:57:41.2347727Z [36;1mnode --check scripts/checked-seed-session.test.mjs[0m
2026-10-09T19:57:41.2347932Z [36;1mnode --check scripts/checked-build.mjs[0m
2026-10-09T19:57:41.2348121Z [36;1mnode --check scripts/checked-build.test.mjs[0m
2026-10-09T19:57:41.2348332Z [36;1mnode --check scripts/checked-algebraic-build.test.mjs[0m
2026-10-09T19:57:41.2348551Z [36;1mnode --check scripts/checked-enum-build.test.mjs[0m
2026-10-09T19:57:41.2348772Z [36;1mnode --check scripts/checked-projection-build.test.mjs[0m
2026-10-09T19:57:41.2348992Z [36;1mnode --check scripts/checked-sum-build.test.mjs[0m
2026-10-09T19:57:41.2349199Z [36;1mnode --check scripts/checked-text-build.test.mjs[0m
2026-10-09T19:57:41.2349412Z [36;1mnode --check scripts/selfhost-source-workspace.mjs[0m
2026-10-09T19:57:41.2349643Z [36;1mnode --check scripts/selfhost-source-isolation-tests.mjs[0m
2026-10-09T19:57:41.2349888Z [36;1mnode --check scripts/native-workspace-isolation.test.mjs[0m
2026-10-09T19:57:41.2350113Z [36;1mnode --check scripts/compile-with-generated.mjs[0m
2026-10-09T19:57:41.2350328Z [36;1mnode --check scripts/emit-project-with-generated.mjs[0m
2026-10-09T19:57:41.2350562Z [36;1mnode --check scripts/reemit-project-with-generated.mjs[0m
2026-10-09T19:57:41.2350904Z [36;1mnode --check scripts/translate-with-generated.mjs[0m
2026-10-09T19:57:41.2351150Z [36;1mnode --check scripts/check-elab-term-selfhost-source-syntax.mjs[0m
2026-10-09T19:57:41.2351428Z [36;1mnode --check scripts/check-proofscript-binder-replay-source.mjs[0m
2026-10-09T19:57:41.2351693Z [36;1mnode scripts/check-elab-term-selfhost-source-syntax.mjs[0m
2026-10-09T19:57:41.2351941Z [36;1mnode scripts/check-proofscript-binder-replay-source.mjs[0m
2026-10-09T19:57:41.2352156Z [36;1mnode --check scripts/sh1-iterate.mjs[0m
2026-10-09T19:57:41.2352353Z [36;1mnode --check scripts/sh1-iteration-conformance.mjs[0m
2026-10-09T19:57:41.2352573Z [36;1mnode --check scripts/sh1-foundation-conformance.mjs[0m
2026-10-09T19:57:41.2352786Z [36;1mnode --check scripts/sh1-helper-conformance.mjs[0m
2026-10-09T19:57:41.2353005Z [36;1mnode --check scripts/sh1-generic-erasure-conformance.mjs[0m
2026-10-09T19:57:41.2353212Z [36;1mnode check-psc1-source.mjs[0m
2026-10-09T19:57:41.2353405Z [36;1mnode scripts/bootstrap-root-minimality-tests.mjs[0m
2026-10-09T19:57:41.2353629Z [36;1mnode scripts/check-modular-preparation-source.mjs[0m
2026-10-09T19:57:41.2408084Z shell: /usr/bin/bash -e {0}
2026-10-09T19:57:41.2408235Z env:
2026-10-09T19:57:41.2408443Z   PSC0_TSC: /home/runner/work/_temp/psc0-typescript-7.0.2/node_modules/typescript/bin/tsc
2026-10-09T19:57:41.2408696Z   PSC0_TYPESCRIPT_VERSION: 7.0.2
2026-10-09T19:57:41.2408841Z ##[endgroup]
2026-10-09T19:57:41.3331117Z PSC2_NATIVE_REPLAY_HOST_SOURCE: PASS (installed TypeScript 7 profile, exact payload transport and emission integrity)
2026-10-09T19:57:42.1738271Z PSC2_ELAB_TERM_SELFHOST_SOURCE_SYNTAX: PASS (invariant-safe projection, typed-binder accumulation and typed-binder closing recursion, typed projection-reference match, explicit projection-reference expectation, explicit character conversion, explicit typed-binder expectation, local list length, and explicit Option constructors)
2026-10-09T19:57:42.1986212Z PSC2_PROOFSCRIPT_BINDER_REPLAY_SOURCE: PASS (decreasing type parser, nested binders and generated workspace boundary)
2026-10-09T19:57:42.3640520Z PSC1_SOURCE_PROFILE: PASS (bootstrap; 69 portable modules across 12 source roots)
2026-10-09T19:57:42.4125563Z PSC2_BOOTSTRAP_ROOT_MINIMALITY: PASS (1 direct imports; 64 ordered closure modules; compiler-only=64)
2026-10-09T19:57:42.4422073Z PSC2_MODULAR_PREPARATION_SOURCE: PASS (ordered shared environment, origin companions, retained admission output and unchanged raw prepared/kernel gates)
2026-10-09T19:57:42.5204630Z ##[group]Run node --test scripts/sh1-successor-seed.test.mjs
2026-10-09T19:57:42.5205038Z [36;1mnode --test scripts/sh1-successor-seed.test.mjs[0m
2026-10-09T19:57:42.5264310Z shell: /usr/bin/bash -e {0}
2026-10-09T19:57:42.5264467Z env:
2026-10-09T19:57:42.5264682Z   PSC0_TSC: /home/runner/work/_temp/psc0-typescript-7.0.2/node_modules/typescript/bin/tsc
2026-10-09T19:57:42.5264953Z   PSC0_TYPESCRIPT_VERSION: 7.0.2
2026-10-09T19:57:42.5265097Z ##[endgroup]
2026-10-09T19:57:42.7079174Z TAP version 13
2026-10-09T19:57:42.8520261Z # PSC0_SH1_SUCCESSOR_CONTRACT: PASS (14 descriptor refusals, generation ancestry, evidence-stable identity, gated selection, cache authentication, unchanged v1 routing)
2026-10-09T19:57:42.8573131Z # Subtest: scripts/sh1-successor-seed.test.mjs
2026-10-09T19:57:42.8577620Z ok 1 - scripts/sh1-successor-seed.test.mjs
2026-10-09T19:57:42.8578025Z   ---
2026-10-09T19:57:42.8578217Z   duration_ms: 152.092915
2026-10-09T19:57:42.8578432Z   type: 'test'
2026-10-09T19:57:42.8578687Z   ...
2026-10-09T19:57:42.8578842Z 1..1
2026-10-09T19:57:42.8579000Z # tests 1
2026-10-09T19:57:42.8584861Z # suites 0
2026-10-09T19:57:42.8585140Z # pass 1
2026-10-09T19:57:42.8585359Z # fail 0
2026-10-09T19:57:42.8585525Z # cancelled 0
2026-10-09T19:57:42.8585856Z # skipped 0
2026-10-09T19:57:42.8586022Z # todo 0
2026-10-09T19:57:42.8586223Z # duration_ms 167.905697
2026-10-09T19:57:42.8695369Z ##[group]Run actions/cache/restore@v4
2026-10-09T19:57:42.8695529Z with:
2026-10-09T19:57:42.8695769Z   path: psc0/.selfhost-seeds/successors/47d88158e075f766f0d146ba3a13b28744c6e196d9844c71f4e52dc7351e2225
2026-10-09T19:57:42.8696150Z   key: psc0-sh1-successor-v1-47d88158e075f766f0d146ba3a13b28744c6e196d9844c71f4e52dc7351e2225
2026-10-09T19:57:42.8696419Z   enableCrossOsArchive: false
2026-10-09T19:57:42.8696567Z   fail-on-cache-miss: false
2026-10-09T19:57:42.8696702Z   lookup-only: false
2026-10-09T19:57:42.8696824Z env:
2026-10-09T19:57:42.8697021Z   PSC0_TSC: /home/runner/work/_temp/psc0-typescript-7.0.2/node_modules/typescript/bin/tsc
2026-10-09T19:57:42.8697264Z   PSC0_TYPESCRIPT_VERSION: 7.0.2
2026-10-09T19:57:42.8697402Z ##[endgroup]
2026-10-09T19:57:42.9429270Z (node:2792) [DEP0040] DeprecationWarning: The `punycode` module is deprecated. Please use a userland alternative instead.
2026-10-09T19:57:42.9429822Z (Use `node --trace-deprecation ...` to show where the warning was created)
2026-10-09T19:57:43.0791590Z Cache hit for: psc0-sh1-successor-v1-47d88158e075f766f0d146ba3a13b28744c6e196d9844c71f4e52dc7351e2225
2026-10-09T19:57:43.0859346Z (node:2792) [DEP0169] DeprecationWarning: `url.parse()` behavior is not standardized and prone to errors that have security implications. Use the WHATWG URL API instead. CVEs are not issued for `url.parse()` vulnerabilities.
2026-10-09T19:57:43.4043749Z Received 487319 of 487319 (100.0%), 2.6 MBs/sec
2026-10-09T19:57:43.4044226Z Cache Size: ~0 MB (487319 B)
2026-10-09T19:57:43.4061310Z [command]/usr/bin/tar -xf /home/runner/work/_temp/a493343c-520c-4a2d-b7ab-7b438603ebde/cache.tzst -P -C /home/runner/work/pskernel/pskernel --use-compress-program unzstd
2026-10-09T19:57:43.4176750Z Cache restored successfully
2026-10-09T19:57:43.4227328Z Cache restored from key: psc0-sh1-successor-v1-47d88158e075f766f0d146ba3a13b28744c6e196d9844c71f4e52dc7351e2225
2026-10-09T19:57:43.5171838Z ##[group]Run actions/github-script@v7
2026-10-09T19:57:43.5172198Z with:
2026-10-09T19:57:43.5172926Z   script: const root = process.env.GITHUB_WORKSPACE + '/psc0';
const seeds = await import(root + '/scripts/sh1-successor-seed.mjs');
const selected = await seeds.readSelectedAuthoringSeed();
const valid = selected.mode === 'qualified' && await seeds.verifyAuthoringSeedCache(
  root + '/' + selected.cacheDirectory, selected.manifest);
core.setOutput('qualified-valid', valid);

2026-10-09T19:57:43.5174960Z   github-token: ***
2026-10-09T19:57:43.5175082Z   debug: false
2026-10-09T19:57:43.5175211Z   user-agent: actions/github-script
2026-10-09T19:57:43.5175369Z   result-encoding: json
2026-10-09T19:57:43.5175501Z   retries: 0
2026-10-09T19:57:43.5175662Z   retry-exempt-status-codes: 400,401,403,404,422
2026-10-09T19:57:43.5175835Z env:
2026-10-09T19:57:43.5176048Z   PSC0_TSC: /home/runner/work/_temp/psc0-typescript-7.0.2/node_modules/typescript/bin/tsc
2026-10-09T19:57:43.5176342Z   PSC0_TYPESCRIPT_VERSION: 7.0.2
2026-10-09T19:57:43.5176491Z ##[endgroup]
2026-10-09T19:57:43.6185847Z ##[group]Run node --input-type=module <<'NODE'
2026-10-09T19:57:43.6187068Z [36;1mnode --input-type=module <<'NODE'[0m
2026-10-09T19:57:43.6187344Z [36;1mimport assert from 'node:assert/strict';[0m
2026-10-09T19:57:43.6187623Z [36;1mimport path from 'node:path';[0m
2026-10-09T19:57:43.6187928Z [36;1mimport { spawnSync } from 'node:child_process';[0m
2026-10-09T19:57:43.6188454Z [36;1mimport { readSelectedAuthoringSeed, verifyAuthoringSeedCache } from './scripts/sh1-successor-seed.mjs';[0m
2026-10-09T19:57:43.6188999Z [36;1mconst selected = await readSelectedAuthoringSeed();[0m
2026-10-09T19:57:43.6189551Z [36;1massert(await verifyAuthoringSeedCache(path.resolve(selected.cacheDirectory), selected.manifest),[0m
2026-10-09T19:57:43.6190082Z [36;1m  'PSC0_SH1_SELECTED_CACHE_REQUIRED');[0m
2026-10-09T19:57:43.6190346Z [36;1mconst capture = args => {[0m
2026-10-09T19:57:43.6190655Z [36;1m  const result = spawnSync('lean', args, { encoding: 'utf8' });[0m
2026-10-09T19:57:43.6191118Z [36;1m  assert.equal(result.status, 0, result.stderr);[0m
2026-10-09T19:57:43.6191461Z [36;1m  return result.stdout.trim();[0m
2026-10-09T19:57:43.6191718Z [36;1m};[0m
2026-10-09T19:57:43.6192031Z [36;1mconst { typescript, ...expectedRuntime } = selected.manifest.toolchain;[0m
2026-10-09T19:57:43.6192584Z [36;1massert.equal(typescript, 'Version ' + selected.recoveryTypeScriptVersion);[0m
2026-10-09T19:57:43.6192953Z [36;1massert.deepEqual({[0m
2026-10-09T19:57:43.6193304Z [36;1m  node: process.version, platform: process.platform, architecture: process.arch,[0m
2026-10-09T19:57:43.6194814Z [36;1m  lean: capture(['--version']), leanGitHash: capture(['--githash']),[0m
2026-10-09T19:57:43.6196058Z [36;1m}, expectedRuntime, 'PSC0_SH1_SELECTED_EXECUTION_RUNTIME');[0m
2026-10-09T19:57:43.6196369Z [36;1mNODE[0m
2026-10-09T19:57:43.6273451Z shell: /usr/bin/bash -e {0}
2026-10-09T19:57:43.6273608Z env:
2026-10-09T19:57:43.6273831Z   PSC0_TSC: /home/runner/work/_temp/psc0-typescript-7.0.2/node_modules/typescript/bin/tsc
2026-10-09T19:57:43.6274215Z   PSC0_TYPESCRIPT_VERSION: 7.0.2
2026-10-09T19:57:43.6274364Z ##[endgroup]
2026-10-09T19:57:43.9757943Z ##[group]Run actions/cache/restore@v4
2026-10-09T19:57:43.9758123Z with:
2026-10-09T19:57:43.9758243Z   path: psc0/.lake/build
2026-10-09T19:57:43.9758647Z   key: psc0-sh1-current-v1-Linux-X64-345295c92e112d8a5f19f7c147c3db40b6f4598f2c2154577e66ac53440ca424-ts7.0.2-047a29f17392fea41ac5d59e7f8cbfc172b20313
2026-10-09T19:57:43.9759219Z   restore-keys: psc0-sh1-current-v1-Linux-X64-345295c92e112d8a5f19f7c147c3db40b6f4598f2c2154577e66ac53440ca424-

2026-10-09T19:57:43.9759548Z   enableCrossOsArchive: false
2026-10-09T19:57:43.9759701Z   fail-on-cache-miss: false
2026-10-09T19:57:43.9759844Z   lookup-only: false
2026-10-09T19:57:43.9759971Z env:
2026-10-09T19:57:43.9760178Z   PSC0_TSC: /home/runner/work/_temp/psc0-typescript-7.0.2/node_modules/typescript/bin/tsc
2026-10-09T19:57:43.9760434Z   PSC0_TYPESCRIPT_VERSION: 7.0.2
2026-10-09T19:57:43.9760832Z ##[endgroup]
2026-10-09T19:57:44.0494865Z (node:2862) [DEP0040] DeprecationWarning: The `punycode` module is deprecated. Please use a userland alternative instead.
2026-10-09T19:57:44.0495345Z (Use `node --trace-deprecation ...` to show where the warning was created)
2026-10-09T19:57:44.1882136Z Cache hit for restore-key: psc0-sh1-current-v1-Linux-X64-345295c92e112d8a5f19f7c147c3db40b6f4598f2c2154577e66ac53440ca424-ts7.0.2-05f37fc04e52bfaed70389291a0fcdeda819f71f
2026-10-09T19:57:44.1948459Z (node:2862) [DEP0169] DeprecationWarning: `url.parse()` behavior is not standardized and prone to errors that have security implications. Use the WHATWG URL API instead. CVEs are not issued for `url.parse()` vulnerabilities.
2026-10-09T19:57:44.9449661Z Received 23139678 of 23139678 (100.0%), 38.3 MBs/sec
2026-10-09T19:57:44.9450062Z Cache Size: ~22 MB (23139678 B)
2026-10-09T19:57:44.9467059Z [command]/usr/bin/tar -xf /home/runner/work/_temp/0c5b562a-05c1-4d74-8cdf-e119fc470110/cache.tzst -P -C /home/runner/work/pskernel/pskernel --use-compress-program unzstd
2026-10-09T19:57:45.0676614Z Cache restored successfully
2026-10-09T19:57:45.0738088Z Cache restored from key: psc0-sh1-current-v1-Linux-X64-345295c92e112d8a5f19f7c147c3db40b6f4598f2c2154577e66ac53440ca424-ts7.0.2-05f37fc04e52bfaed70389291a0fcdeda819f71f
2026-10-09T19:57:45.0831739Z ##[group]Run lake build psc1 psc1_sh1_compile psc1_ir_check_tests psc1_tests psc1_translation_tests psc1_erasure_tests
2026-10-09T19:57:45.0832205Z [36;1mlake build psc1 psc1_sh1_compile psc1_ir_check_tests psc1_tests psc1_translation_tests psc1_erasure_tests[0m
2026-10-09T19:57:45.0884279Z shell: /usr/bin/bash -e {0}
2026-10-09T19:57:45.0884422Z env:
2026-10-09T19:57:45.0884630Z   PSC0_TSC: /home/runner/work/_temp/psc0-typescript-7.0.2/node_modules/typescript/bin/tsc
2026-10-09T19:57:45.0884892Z   PSC0_TYPESCRIPT_VERSION: 7.0.2
2026-10-09T19:57:45.0885040Z ##[endgroup]
2026-10-09T19:57:46.0246049Z ⚠ [2/44] Replayed Ps.Syntax.Cursor
2026-10-09T19:57:46.0305180Z warning: packages/syntax/src/Ps/Syntax/Cursor.lean:51:14: Variable name `head` is not explicitly referenced.
2026-10-09T19:57:46.0324365Z 
2026-10-09T19:57:46.0365216Z Hint: The binding can be removed (if unused) or named `_` (if used implicitly). Alternatively, prefix the name with `_` to silence this warning:
2026-10-09T19:57:46.0375560Z   [apply] _head
2026-10-09T19:57:46.0435306Z 
2026-10-09T19:57:46.0454906Z Note: This linter can be disabled with `set_option linter.unusedVariables false`
2026-10-09T19:57:46.0494853Z warning: packages/syntax/src/Ps/Syntax/Cursor.lean:51:19: Variable name `tail` is not explicitly referenced.
2026-10-09T19:57:46.0504327Z 
2026-10-09T19:57:46.0554823Z Hint: The binding can be removed (if unused) or named `_` (if used implicitly). Alternatively, prefix the name with `_` to silence this warning:
2026-10-09T19:57:46.0564918Z   [apply] _tail
2026-10-09T19:57:46.0614455Z 
2026-10-09T19:57:46.0675220Z Note: This linter can be disabled with `set_option linter.unusedVariables false`
2026-10-09T19:57:46.0726964Z warning: packages/syntax/src/Ps/Syntax/Cursor.lean:56:19: Variable name `rest` is not explicitly referenced.
2026-10-09T19:57:46.0744269Z 
2026-10-09T19:57:46.0789393Z Hint: The binding can be removed (if unused) or named `_` (if used implicitly). Alternatively, prefix the name with `_` to silence this warning:
2026-10-09T19:57:46.0791452Z   [apply] _rest
2026-10-09T19:57:46.0791765Z 
2026-10-09T19:57:46.0795251Z Note: This linter can be disabled with `set_option linter.unusedVariables false`
2026-10-09T19:57:46.0796433Z warning: packages/syntax/src/Ps/Syntax/Cursor.lean:89:14: Variable name `first` is not explicitly referenced.
2026-10-09T19:57:46.0796969Z 
2026-10-09T19:57:46.0814680Z Hint: The binding can be removed (if unused) or named `_` (if used implicitly). Alternatively, prefix the name with `_` to silence this warning:
2026-10-09T19:57:46.0815384Z   [apply] _first
2026-10-09T19:57:46.0815616Z 
2026-10-09T19:57:46.0816012Z Note: This linter can be disabled with `set_option linter.unusedVariables false`
2026-10-09T19:57:46.0817251Z warning: packages/syntax/src/Ps/Syntax/Cursor.lean:92:25: Variable name `tail` is not explicitly referenced.
2026-10-09T19:57:46.0817709Z 
2026-10-09T19:57:46.0818311Z Hint: The binding can be removed (if unused) or named `_` (if used implicitly). Alternatively, prefix the name with `_` to silence this warning:
2026-10-09T19:57:46.0818936Z   [apply] _tail
2026-10-09T19:57:46.0819160Z 
2026-10-09T19:57:46.0819539Z Note: This linter can be disabled with `set_option linter.unusedVariables false`
2026-10-09T19:57:46.0820392Z ⚠ [4/44] Replayed Ps.Syntax.Lexer
2026-10-09T19:57:46.0821018Z warning: packages/syntax/src/Ps/Syntax/Lexer.lean:89:11: Variable name `depth` is not explicitly referenced.
2026-10-09T19:57:46.0821474Z 
2026-10-09T19:57:46.0822054Z Hint: The binding can be removed (if unused) or named `_` (if used implicitly). Alternatively, prefix the name with `_` to silence this warning:
2026-10-09T19:57:46.0822654Z   [apply] _depth
2026-10-09T19:57:46.0822884Z 
2026-10-09T19:57:46.0823254Z Note: This linter can be disabled with `set_option linter.unusedVariables false`
2026-10-09T19:57:46.0824020Z warning: packages/syntax/src/Ps/Syntax/Lexer.lean:89:25: Variable name `remaining` is not explicitly referenced.
2026-10-09T19:57:46.0824747Z 
2026-10-09T19:57:46.0825777Z Hint: The binding can be removed (if unused) or named `_` (if used implicitly). Alternatively, prefix the name with `_` to silence this warning:
2026-10-09T19:57:46.0874521Z   [apply] _remaining
2026-10-09T19:57:46.0884548Z 
2026-10-09T19:57:46.0885109Z Note: This linter can be disabled with `set_option linter.unusedVariables false`
2026-10-09T19:57:46.0886061Z warning: packages/syntax/src/Ps/Syntax/Lexer.lean:406:11: Variable name `remaining` is not explicitly referenced.
2026-10-09T19:57:46.0904580Z 
2026-10-09T19:57:46.0905304Z Hint: The binding can be removed (if unused) or named `_` (if used implicitly). Alternatively, prefix the name with `_` to silence this warning:
2026-10-09T19:57:46.0906030Z   [apply] _remaining
2026-10-09T19:57:46.0906280Z 
2026-10-09T19:57:46.0906694Z Note: This linter can be disabled with `set_option linter.unusedVariables false`
2026-10-09T19:57:46.0907548Z warning: packages/syntax/src/Ps/Syntax/Lexer.lean:406:82: Variable name `charsRev` is not explicitly referenced.
2026-10-09T19:57:46.0908087Z 
2026-10-09T19:57:46.0908729Z Hint: The binding can be removed (if unused) or named `_` (if used implicitly). Alternatively, prefix the name with `_` to silence this warning:
2026-10-09T19:57:46.0909417Z   [apply] _charsRev
2026-10-09T19:57:46.0909656Z 
2026-10-09T19:57:46.0910052Z Note: This linter can be disabled with `set_option linter.unusedVariables false`
2026-10-09T19:57:46.0910846Z ⚠ [7/44] Replayed Ps.Syntax.ParserState
2026-10-09T19:57:46.0911572Z warning: packages/syntax/src/Ps/Syntax/ParserState.lean:30:20: Variable name `rest` is not explicitly referenced.
2026-10-09T19:57:46.0912117Z 
2026-10-09T19:57:46.0912771Z Hint: The binding can be removed (if unused) or named `_` (if used implicitly). Alternatively, prefix the name with `_` to silence this warning:
2026-10-09T19:57:46.0913472Z   [apply] _rest
2026-10-09T19:57:46.0913705Z 
2026-10-09T19:57:46.0914203Z Note: This linter can be disabled with `set_option linter.unusedVariables false`
2026-10-09T19:57:46.0914766Z ⚠ [15/44] Replayed Ps.Core.Abstract
2026-10-09T19:57:46.0915380Z warning: packages/core/src/Ps/Core/Abstract.lean:8:11: Variable name `depth` is not explicitly referenced.
2026-10-09T19:57:46.0915822Z 
2026-10-09T19:57:46.0916391Z Hint: The binding can be removed (if unused) or named `_` (if used implicitly). Alternatively, prefix the name with `_` to silence this warning:
2026-10-09T19:57:46.0916987Z   [apply] _depth
2026-10-09T19:57:46.0917213Z 
2026-10-09T19:57:46.0917583Z Note: This linter can be disabled with `set_option linter.unusedVariables false`
2026-10-09T19:57:46.0918414Z warning: packages/core/src/Ps/Core/Abstract.lean:16:11: Variable name `depth` is not explicitly referenced.
2026-10-09T19:57:46.0919129Z 
2026-10-09T19:57:46.0919761Z Hint: The binding can be removed (if unused) or named `_` (if used implicitly). Alternatively, prefix the name with `_` to silence this warning:
2026-10-09T19:57:46.0920375Z   [apply] _depth
2026-10-09T19:57:46.0920590Z 
2026-10-09T19:57:46.0920963Z Note: This linter can be disabled with `set_option linter.unusedVariables false`
2026-10-09T19:57:46.0921694Z warning: packages/core/src/Ps/Core/Abstract.lean:18:11: Variable name `depth` is not explicitly referenced.
2026-10-09T19:57:46.0922158Z 
2026-10-09T19:57:46.0922729Z Hint: The binding can be removed (if unused) or named `_` (if used implicitly). Alternatively, prefix the name with `_` to silence this warning:
2026-10-09T19:57:46.0923323Z   [apply] _depth
2026-10-09T19:57:46.0923538Z 
2026-10-09T19:57:46.0923897Z Note: This linter can be disabled with `set_option linter.unusedVariables false`
2026-10-09T19:57:46.0924810Z warning: packages/core/src/Ps/Core/Abstract.lean:20:11: Variable name `depth` is not explicitly referenced.
2026-10-09T19:57:46.0925267Z 
2026-10-09T19:57:46.0925853Z Hint: The binding can be removed (if unused) or named `_` (if used implicitly). Alternatively, prefix the name with `_` to silence this warning:
2026-10-09T19:57:46.0926446Z   [apply] _depth
2026-10-09T19:57:46.0926661Z 
2026-10-09T19:57:46.0927214Z Note: This linter can be disabled with `set_option linter.unusedVariables false`
2026-10-09T19:57:46.0928081Z warning: packages/core/src/Ps/Core/Abstract.lean:66:11: Variable name `depth` is not explicitly referenced.
2026-10-09T19:57:46.0928527Z 
2026-10-09T19:57:46.0929110Z Hint: The binding can be removed (if unused) or named `_` (if used implicitly). Alternatively, prefix the name with `_` to silence this warning:
2026-10-09T19:57:46.0929713Z   [apply] _depth
2026-10-09T19:57:46.0929931Z 
2026-10-09T19:57:46.0930294Z Note: This linter can be disabled with `set_option linter.unusedVariables false`
2026-10-09T19:57:46.0930840Z ⚠ [16/44] Replayed Ps.Core.Subst
2026-10-09T19:57:46.0931457Z warning: packages/core/src/Ps/Core/Subst.lean:14:11: Variable name `cutoff` is not explicitly referenced.
2026-10-09T19:57:46.0931907Z 
2026-10-09T19:57:46.0932485Z Hint: The binding can be removed (if unused) or named `_` (if used implicitly). Alternatively, prefix the name with `_` to silence this warning:
2026-10-09T19:57:46.0933096Z   [apply] _cutoff
2026-10-09T19:57:46.0933316Z 
2026-10-09T19:57:46.0933681Z Note: This linter can be disabled with `set_option linter.unusedVariables false`
2026-10-09T19:57:46.0934505Z warning: packages/core/src/Ps/Core/Subst.lean:16:11: Variable name `cutoff` is not explicitly referenced.
2026-10-09T19:57:46.0934949Z 
2026-10-09T19:57:46.0935518Z Hint: The binding can be removed (if unused) or named `_` (if used implicitly). Alternatively, prefix the name with `_` to silence this warning:
2026-10-09T19:57:46.0936128Z   [apply] _cutoff
2026-10-09T19:57:46.0936353Z 
2026-10-09T19:57:46.0936725Z Note: This linter can be disabled with `set_option linter.unusedVariables false`
2026-10-09T19:57:46.0937462Z warning: packages/core/src/Ps/Core/Subst.lean:18:11: Variable name `cutoff` is not explicitly referenced.
2026-10-09T19:57:46.0937917Z 
2026-10-09T19:57:46.0938515Z Hint: The binding can be removed (if unused) or named `_` (if used implicitly). Alternatively, prefix the name with `_` to silence this warning:
2026-10-09T19:57:46.0939112Z   [apply] _cutoff
2026-10-09T19:57:46.0939324Z 
2026-10-09T19:57:46.0939682Z Note: This linter can be disabled with `set_option linter.unusedVariables false`
2026-10-09T19:57:46.0940410Z warning: packages/core/src/Ps/Core/Subst.lean:20:11: Variable name `cutoff` is not explicitly referenced.
2026-10-09T19:57:46.0940854Z 
2026-10-09T19:57:46.0941436Z Hint: The binding can be removed (if unused) or named `_` (if used implicitly). Alternatively, prefix the name with `_` to silence this warning:
2026-10-09T19:57:46.0942113Z   [apply] _cutoff
2026-10-09T19:57:46.0942348Z 
2026-10-09T19:57:46.0942714Z Note: This linter can be disabled with `set_option linter.unusedVariables false`
2026-10-09T19:57:46.0943588Z warning: packages/core/src/Ps/Core/Subst.lean:66:11: Variable name `cutoff` is not explicitly referenced.
2026-10-09T19:57:46.0944034Z 
2026-10-09T19:57:46.0944783Z Hint: The binding can be removed (if unused) or named `_` (if used implicitly). Alternatively, prefix the name with `_` to silence this warning:
2026-10-09T19:57:46.0945440Z   [apply] _cutoff
2026-10-09T19:57:46.0945674Z 
2026-10-09T19:57:46.0946070Z Note: This linter can be disabled with `set_option linter.unusedVariables false`
2026-10-09T19:57:46.0946830Z warning: packages/core/src/Ps/Core/Subst.lean:94:11: Variable name `depth` is not explicitly referenced.
2026-10-09T19:57:46.0947327Z 
2026-10-09T19:57:46.0947969Z Hint: The binding can be removed (if unused) or named `_` (if used implicitly). Alternatively, prefix the name with `_` to silence this warning:
2026-10-09T19:57:46.0948641Z   [apply] _depth
2026-10-09T19:57:46.0948875Z 
2026-10-09T19:57:46.0949278Z Note: This linter can be disabled with `set_option linter.unusedVariables false`
2026-10-09T19:57:46.0950078Z warning: packages/core/src/Ps/Core/Subst.lean:96:11: Variable name `depth` is not explicitly referenced.
2026-10-09T19:57:46.0950560Z 
2026-10-09T19:57:46.0951339Z Hint: The binding can be removed (if unused) or named `_` (if used implicitly). Alternatively, prefix the name with `_` to silence this warning:
2026-10-09T19:57:46.0952006Z   [apply] _depth
2026-10-09T19:57:46.0952231Z 
2026-10-09T19:57:46.0952622Z Note: This linter can be disabled with `set_option linter.unusedVariables false`
2026-10-09T19:57:46.0953404Z warning: packages/core/src/Ps/Core/Subst.lean:98:11: Variable name `depth` is not explicitly referenced.
2026-10-09T19:57:46.0953884Z 
2026-10-09T19:57:46.0954675Z Hint: The binding can be removed (if unused) or named `_` (if used implicitly). Alternatively, prefix the name with `_` to silence this warning:
2026-10-09T19:57:46.0955373Z   [apply] _depth
2026-10-09T19:57:46.0955606Z 
2026-10-09T19:57:46.0956005Z Note: This linter can be disabled with `set_option linter.unusedVariables false`
2026-10-09T19:57:46.0956810Z warning: packages/core/src/Ps/Core/Subst.lean:100:11: Variable name `depth` is not explicitly referenced.
2026-10-09T19:57:46.0957299Z 
2026-10-09T19:57:46.0957958Z Hint: The binding can be removed (if unused) or named `_` (if used implicitly). Alternatively, prefix the name with `_` to silence this warning:
2026-10-09T19:57:46.0958621Z   [apply] _depth
2026-10-09T19:57:46.0958846Z 
2026-10-09T19:57:46.0959226Z Note: This linter can be disabled with `set_option linter.unusedVariables false`
2026-10-09T19:57:46.0959994Z warning: packages/core/src/Ps/Core/Subst.lean:146:11: Variable name `depth` is not explicitly referenced.
2026-10-09T19:57:46.0960493Z 
2026-10-09T19:57:46.0961146Z Hint: The binding can be removed (if unused) or named `_` (if used implicitly). Alternatively, prefix the name with `_` to silence this warning:
2026-10-09T19:57:46.0961828Z   [apply] _depth
2026-10-09T19:57:46.0962060Z 
2026-10-09T19:57:46.0962469Z Note: This linter can be disabled with `set_option linter.unusedVariables false`
2026-10-09T19:57:46.0963086Z ⚠ [27/44] Replayed Ps.Core.LevelSubst
2026-10-09T19:57:46.0963800Z warning: packages/core/src/Ps/Core/LevelSubst.lean:8:11: Variable name `arguments` is not explicitly referenced.
2026-10-09T19:57:46.0964428Z 
2026-10-09T19:57:46.0965067Z Hint: The binding can be removed (if unused) or named `_` (if used implicitly). Alternatively, prefix the name with `_` to silence this warning:
2026-10-09T19:57:46.0965741Z   [apply] _arguments
2026-10-09T19:57:46.0965985Z 
2026-10-09T19:57:46.0966378Z Note: This linter can be disabled with `set_option linter.unusedVariables false`
2026-10-09T19:57:46.0967174Z warning: packages/core/src/Ps/Core/LevelSubst.lean:9:13: Variable name `target` is not explicitly referenced.
2026-10-09T19:57:46.0967688Z 
2026-10-09T19:57:46.0968295Z Hint: The binding can be removed (if unused) or named `_` (if used implicitly). Alternatively, prefix the name with `_` to silence this warning:
2026-10-09T19:57:46.0969378Z   [apply] _target
2026-10-09T19:57:46.0975500Z 
2026-10-09T19:57:46.0975955Z Note: This linter can be disabled with `set_option linter.unusedVariables false`
2026-10-09T19:57:46.0976599Z ⚠ [28/44] Replayed Ps.Meta.LevelContext
2026-10-09T19:57:46.0977309Z warning: packages/meta/src/Ps/Meta/LevelContext.lean:59:4: Variable name `assignment` is not explicitly referenced.
2026-10-09T19:57:46.0977796Z 
2026-10-09T19:57:46.0978392Z Hint: The binding can be removed (if unused) or named `_` (if used implicitly). Alternatively, prefix the name with `_` to silence this warning:
2026-10-09T19:57:46.0979021Z   [apply] _assignment
2026-10-09T19:57:46.0979251Z 
2026-10-09T19:57:46.0979623Z Note: This linter can be disabled with `set_option linter.unusedVariables false`
2026-10-09T19:57:46.0980162Z ⚠ [33/44] Replayed Ps.Meta.Unify
2026-10-09T19:57:46.0980799Z warning: packages/meta/src/Ps/Meta/Unify.lean:90:11: Variable name `environment` is not explicitly referenced.
2026-10-09T19:57:46.0981278Z 
2026-10-09T19:57:46.0981854Z Hint: The binding can be removed (if unused) or named `_` (if used implicitly). Alternatively, prefix the name with `_` to silence this warning:
2026-10-09T19:57:46.0982476Z   [apply] _environment
2026-10-09T19:57:46.0982712Z 
2026-10-09T19:57:46.0983272Z Note: This linter can be disabled with `set_option linter.unusedVariables false`
2026-10-09T19:57:46.0984026Z warning: packages/meta/src/Ps/Meta/Unify.lean:91:11: Variable name `localContext` is not explicitly referenced.
2026-10-09T19:57:46.0984611Z 
2026-10-09T19:57:46.0985195Z Hint: The binding can be removed (if unused) or named `_` (if used implicitly). Alternatively, prefix the name with `_` to silence this warning:
2026-10-09T19:57:46.0985820Z   [apply] _localContext
2026-10-09T19:57:46.0986058Z 
2026-10-09T19:57:46.0986427Z Note: This linter can be disabled with `set_option linter.unusedVariables false`
2026-10-09T19:57:46.0987143Z warning: packages/meta/src/Ps/Meta/Unify.lean:93:11: Variable name `left` is not explicitly referenced.
2026-10-09T19:57:46.0987589Z 
2026-10-09T19:57:46.0988175Z Hint: The binding can be removed (if unused) or named `_` (if used implicitly). Alternatively, prefix the name with `_` to silence this warning:
2026-10-09T19:57:46.0988788Z   [apply] _left
2026-10-09T19:57:46.0989017Z 
2026-10-09T19:57:46.0989385Z Note: This linter can be disabled with `set_option linter.unusedVariables false`
2026-10-09T19:57:46.0990108Z warning: packages/meta/src/Ps/Meta/Unify.lean:94:11: Variable name `right` is not explicitly referenced.
2026-10-09T19:57:46.0990550Z 
2026-10-09T19:57:46.0991128Z Hint: The binding can be removed (if unused) or named `_` (if used implicitly). Alternatively, prefix the name with `_` to silence this warning:
2026-10-09T19:57:46.0991741Z   [apply] _right
2026-10-09T19:57:46.0991963Z 
2026-10-09T19:57:46.0992331Z Note: This linter can be disabled with `set_option linter.unusedVariables false`
2026-10-09T19:57:46.0993075Z warning: packages/meta/src/Ps/Meta/Unify.lean:178:17: Variable name `leftName` is not explicitly referenced.
2026-10-09T19:57:46.0993536Z 
2026-10-09T19:57:46.0994209Z Hint: The binding can be removed (if unused) or named `_` (if used implicitly). Alternatively, prefix the name with `_` to silence this warning:
2026-10-09T19:57:46.0994890Z   [apply] _leftName
2026-10-09T19:57:46.0995120Z 
2026-10-09T19:57:46.0995483Z Note: This linter can be disabled with `set_option linter.unusedVariables false`
2026-10-09T19:57:46.0996226Z warning: packages/meta/src/Ps/Meta/Unify.lean:207:21: Variable name `leftName` is not explicitly referenced.
2026-10-09T19:57:46.0996687Z 
2026-10-09T19:57:46.0997267Z Hint: The binding can be removed (if unused) or named `_` (if used implicitly). Alternatively, prefix the name with `_` to silence this warning:
2026-10-09T19:57:46.0997876Z   [apply] _leftName
2026-10-09T19:57:46.0998096Z 
2026-10-09T19:57:46.0998533Z Note: This linter can be disabled with `set_option linter.unusedVariables false`
2026-10-09T19:57:46.0999078Z ⚠ [36/44] Replayed Ps.Elab.Literal
2026-10-09T19:57:46.0999835Z warning: packages/elab/src/Ps/Elab/Literal.lean:166:11: Variable name `chars` is not explicitly referenced.
2026-10-09T19:57:46.1000285Z 
2026-10-09T19:57:46.1000872Z Hint: The binding can be removed (if unused) or named `_` (if used implicitly). Alternatively, prefix the name with `_` to silence this warning:
2026-10-09T19:57:46.1001489Z   [apply] _chars
2026-10-09T19:57:46.1001708Z 
2026-10-09T19:57:46.1002068Z Note: This linter can be disabled with `set_option linter.unusedVariables false`
2026-10-09T19:57:46.1002821Z warning: packages/elab/src/Ps/Elab/Literal.lean:167:13: Variable name `charsRev` is not explicitly referenced.
2026-10-09T19:57:46.1003284Z 
2026-10-09T19:57:46.1003868Z Hint: The binding can be removed (if unused) or named `_` (if used implicitly). Alternatively, prefix the name with `_` to silence this warning:
2026-10-09T19:57:46.1004597Z   [apply] _charsRev
2026-10-09T19:57:46.1021169Z 
2026-10-09T19:57:46.1021650Z Note: This linter can be disabled with `set_option linter.unusedVariables false`
2026-10-09T19:57:46.1022392Z ⚠ [37/44] Replayed Ps.Elab.Term
2026-10-09T19:57:46.1023086Z warning: packages/elab/src/Ps/Elab/Term.lean:2781:11: Variable name `context` is not explicitly referenced.
2026-10-09T19:57:46.1023602Z 
2026-10-09T19:57:46.1024547Z Hint: The binding can be removed (if unused) or named `_` (if used implicitly). Alternatively, prefix the name with `_` to silence this warning:
2026-10-09T19:57:46.1025315Z   [apply] _context
2026-10-09T19:57:46.1025621Z 
2026-10-09T19:57:46.1026032Z Note: This linter can be disabled with `set_option linter.unusedVariables false`
2026-10-09T19:57:46.1026866Z warning: packages/elab/src/Ps/Elab/Term.lean:2782:13: Variable name `recursion` is not explicitly referenced.
2026-10-09T19:57:46.1027377Z 
2026-10-09T19:57:46.1028014Z Hint: The binding can be removed (if unused) or named `_` (if used implicitly). Alternatively, prefix the name with `_` to silence this warning:
2026-10-09T19:57:46.1028707Z   [apply] _recursion
2026-10-09T19:57:46.1028953Z 
2026-10-09T19:57:46.1029355Z Note: This linter can be disabled with `set_option linter.unusedVariables false`
2026-10-09T19:57:46.1030158Z warning: packages/elab/src/Ps/Elab/Term.lean:2783:15: Variable name `index` is not explicitly referenced.
2026-10-09T19:57:46.1030648Z 
2026-10-09T19:57:46.1031286Z Hint: The binding can be removed (if unused) or named `_` (if used implicitly). Alternatively, prefix the name with `_` to silence this warning:
2026-10-09T19:57:46.1031954Z   [apply] _index
2026-10-09T19:57:46.1032191Z 
2026-10-09T19:57:46.1032593Z Note: This linter can be disabled with `set_option linter.unusedVariables false`
2026-10-09T19:57:46.7288742Z ✔ [38/52] Built Ps.Syntax.PrintLean (791ms)
2026-10-09T19:57:46.8282394Z ✔ [42/52] Built Ps.Elab.Recursion (873ms)
2026-10-09T19:57:47.4285847Z ✔ [44/55] Built Ps.Syntax.ParseProofScript (1.5s)
2026-10-09T19:57:47.8272635Z ✔ [47/56] Built Ps.Syntax.ParseLean (1.8s)
2026-10-09T19:57:47.9285961Z ✔ [48/64] Built Ps.Elab.Declaration (1.1s)
2026-10-09T19:57:48.1280933Z ✔ [52/69] Built Ps.Syntax.Translate (352ms)
2026-10-09T19:57:48.2321773Z ⚠ [53/136] Built Ps.BackendTs.Expr (810ms)
2026-10-09T19:57:48.2323328Z warning: packages/backend-ts/src/Ps/BackendTs/Expr.lean:631:32: Variable name `fieldName` is not explicitly referenced.
2026-10-09T19:57:48.2324301Z 
2026-10-09T19:57:48.2325036Z Hint: The binding can be removed (if unused) or named `_` (if used implicitly). Alternatively, prefix the name with `_` to silence this warning:
2026-10-09T19:57:48.2326548Z   [apply] _fieldName
2026-10-09T19:57:48.2326850Z 
2026-10-09T19:57:48.2327287Z Note: This linter can be disabled with `set_option linter.unusedVariables false`
2026-10-09T19:57:48.3321445Z ⚠ [62/136] Built Ps.Erasure.Expr (1.5s)
2026-10-09T19:57:48.3349127Z warning: packages/erasure/src/Ps/Erasure/Expr.lean:917:21: Variable name `name` is not explicitly referenced.
2026-10-09T19:57:48.3374702Z 
2026-10-09T19:57:48.3406418Z Hint: The binding can be removed (if unused) or named `_` (if used implicitly). Alternatively, prefix the name with `_` to silence this warning:
2026-10-09T19:57:48.3434943Z   [apply] _name
2026-10-09T19:57:48.3464562Z 
2026-10-09T19:57:48.3465208Z Note: This linter can be disabled with `set_option linter.unusedVariables false`
2026-10-09T19:57:48.8321043Z ✔ [63/136] Built Ps.Host.ProjectCompiler (620ms)
2026-10-09T19:57:49.0335594Z ⚠ [65/136] Built Ps.CompilerIr.Check (1.1s)
2026-10-09T19:57:49.0385275Z warning: packages/compiler-ir/src/Ps/CompilerIr/Check.lean:690:27: Variable name `scope` is not explicitly referenced.
2026-10-09T19:57:49.0414410Z 
2026-10-09T19:57:49.0425427Z Hint: The binding can be removed (if unused) or named `_` (if used implicitly). Alternatively, prefix the name with `_` to silence this warning:
2026-10-09T19:57:49.0454711Z   [apply] _scope
2026-10-09T19:57:49.0474367Z 
2026-10-09T19:57:49.0504785Z Note: This linter can be disabled with `set_option linter.unusedVariables false`
2026-10-09T19:57:49.3335513Z ✔ [95/136] Built Ps.Syntax.PrintLean:c.o (524ms)
2026-10-09T19:57:49.9345604Z ✔ [96/139] Built Ps.Elab.Recursion:c.o (833ms)
2026-10-09T19:57:50.0345867Z ✔ [106/139] Built Ps.Syntax.ParseProofScript:c.o (1.7s)
2026-10-09T19:57:50.1345672Z ✔ [107/139] Built Ps.Syntax.ParseLean:c.o (1.8s)
2026-10-09T19:57:50.3347991Z ✔ [109/142] Built Ps.Elab.Declaration:c.o (1.0s)
2026-10-09T19:57:50.6397778Z ✔ [110/142] Built Ps.BackendTs.Expr:c.o (739ms)
2026-10-09T19:57:51.1409784Z ✔ [112/153] Built Ps.Erasure.Definition (553ms)
2026-10-09T19:57:51.1425286Z ✔ [114/153] Built Ps.CompilerIr.Check:c.o (1.0s)
2026-10-09T19:57:51.4435799Z ✔ [117/153] Built Ps.BackendTs.Module (1.1s)
2026-10-09T19:57:51.8450539Z ✔ [118/153] Built TranslationTests (650ms)
2026-10-09T19:57:52.0435706Z ✔ [119/153] Built Ps.Compiler.Api (556ms)
2026-10-09T19:57:52.2429517Z ✔ [121/153] Built Ps.Erasure.Expr:c.o (2.2s)
2026-10-09T19:57:52.3445762Z ✔ [122/153] Built Ps.Compiler.Api:c.o (356ms)
2026-10-09T19:57:52.8447209Z ⚠ [123/153] Built BootstrapTests (1.7s)
2026-10-09T19:57:52.8483603Z warning: test/BootstrapTests.lean:335:10: Variable name `id` is not explicitly referenced.
2026-10-09T19:57:52.8524422Z 
2026-10-09T19:57:52.8575252Z Hint: The binding can be removed (if unused) or named `_` (if used implicitly). Alternatively, prefix the name with `_` to silence this warning:
2026-10-09T19:57:52.8594881Z   [apply] _id
2026-10-09T19:57:52.8614392Z 
2026-10-09T19:57:52.8646862Z Note: This linter can be disabled with `set_option linter.unusedVariables false`
2026-10-09T19:57:53.0428020Z ✔ [124/153] Built Ps.BackendTs.Module:c.o (1.2s)
2026-10-09T19:57:53.1430396Z ⚠ [125/153] Built Ps.Host.TypeScriptCompiler (751ms)
2026-10-09T19:57:53.1431289Z warning: host/src/Ps/Host/TypeScriptCompiler.lean:15:10: `String.dropRight` has been deprecated: Use `String.dropEnd` instead
2026-10-09T19:57:53.1431763Z 
2026-10-09T19:57:53.1444218Z Note: The updated constant has a different type:
2026-10-09T19:57:53.1444747Z   String → Nat → String.Slice
2026-10-09T19:57:53.1445095Z instead of
2026-10-09T19:57:53.1446748Z   String → Nat → String
2026-10-09T19:57:53.1456953Z ✔ [126/153] Built ErasureTests (932ms)
2026-10-09T19:57:53.3453061Z ✔ [129/153] Built psc1_translation_tests:exe (332ms)
2026-10-09T19:57:53.6468042Z ✔ [131/153] Built Ps.BackendTs.Checked (517ms)
2026-10-09T19:57:53.6470849Z ✔ [133/153] Built psc1_tests:exe (279ms)
2026-10-09T19:57:53.8486680Z ✔ [134/153] Built Ps.BackendTs.Sh1Target (954ms)
2026-10-09T19:57:53.8487966Z ✔ [136/153] Built psc1_erasure_tests:exe (241ms)
2026-10-09T19:57:54.1492691Z ✔ [137/153] Built Ps.Compiler.Sh1 (988ms)
2026-10-09T19:57:54.2497126Z ⚠ [138/153] Built IrCheckerTests (589ms)
2026-10-09T19:57:54.2515323Z warning: test/IrCheckerTests.lean:47:42: Variable name `emptyResult` is not explicitly referenced.
2026-10-09T19:57:54.2541708Z 
2026-10-09T19:57:54.2555521Z Hint: The binding can be removed (if unused) or named `_` (if used implicitly). Alternatively, prefix the name with `_` to silence this warning:
2026-10-09T19:57:54.2556289Z   [apply] _emptyResult
2026-10-09T19:57:54.2556996Z 
2026-10-09T19:57:54.2557433Z Note: This linter can be disabled with `set_option linter.unusedVariables false`
2026-10-09T19:57:54.5500304Z ✔ [139/153] Built Ps.BackendTs.Sh1 (462ms)
2026-10-09T19:57:54.6516707Z ✔ [140/153] Built IrCheckerTests:c.o (425ms)
2026-10-09T19:57:54.7515912Z ✔ [141/153] Built Ps.BackendTs.Sh1:c.o (135ms)
2026-10-09T19:57:54.8511847Z ✔ [142/153] Built Ps.Compiler.Sh1:c.o (710ms)
2026-10-09T19:57:55.0515609Z ✔ [143/153] Built Ps.BackendTs.Compiler (455ms)
2026-10-09T19:57:55.0515975Z ✔ [145/153] Built psc1_ir_check_tests:exe (313ms)
2026-10-09T19:57:55.1515907Z ⚠ [146/153] Built StrictSourceCompile (468ms)
2026-10-09T19:57:55.1516851Z warning: scripts/StrictSourceCompile.lean:111:38: `String.dropRight` has been deprecated: Use `String.dropEnd` instead
2026-10-09T19:57:55.1517399Z 
2026-10-09T19:57:55.1517856Z Note: The updated constant has a different type:
2026-10-09T19:57:55.1518331Z   String → Nat → String.Slice
2026-10-09T19:57:55.1518582Z instead of
2026-10-09T19:57:55.1518854Z   String → Nat → String
2026-10-09T19:57:55.3516919Z ⚠ [147/153] Built Ps.Host.CompilerDriver (345ms)
2026-10-09T19:57:55.3517896Z warning: host/src/Ps/Host/CompilerDriver.lean:118:23: `String.dropRight` has been deprecated: Use `String.dropEnd` instead
2026-10-09T19:57:55.3519160Z 
2026-10-09T19:57:55.3519529Z Note: The updated constant has a different type:
2026-10-09T19:57:55.3520002Z   String → Nat → String.Slice
2026-10-09T19:57:55.3520377Z instead of
2026-10-09T19:57:55.3520733Z   String → Nat → String
2026-10-09T19:57:55.4518158Z ✔ [149/153] Built StrictSourceCompile:c.o (348ms)
2026-10-09T19:57:55.6519683Z ✔ [150/153] Built Main (306ms)
2026-10-09T19:57:55.6520013Z ✔ [152/153] Built psc1_sh1_compile:exe (207ms)
2026-10-09T19:57:55.8521776Z ✔ [153/153] Built psc1:exe (162ms)
2026-10-09T19:57:55.8664659Z Build completed successfully (153 jobs).
2026-10-09T19:57:56.0489503Z ##[group]Run regression_status=0
2026-10-09T19:57:56.0489805Z [36;1mregression_status=0[0m
2026-10-09T19:57:56.0490168Z [36;1mfor target in psc1_tests psc1_translation_tests psc1_erasure_tests; do[0m
2026-10-09T19:57:56.0490577Z [36;1m  if ! lake exe "$target"; then regression_status=1; fi[0m
2026-10-09T19:57:56.0490863Z [36;1mdone[0m
2026-10-09T19:57:56.0491053Z [36;1mexit "$regression_status"[0m
2026-10-09T19:57:56.0546117Z shell: /usr/bin/bash -e {0}
2026-10-09T19:57:56.0546274Z env:
2026-10-09T19:57:56.0546483Z   PSC0_TSC: /home/runner/work/_temp/psc0-typescript-7.0.2/node_modules/typescript/bin/tsc
2026-10-09T19:57:56.0546735Z   PSC0_TYPESCRIPT_VERSION: 7.0.2
2026-10-09T19:57:56.0546883Z ##[endgroup]
2026-10-09T19:57:56.4501456Z ⚠ [4/76] Replayed Ps.Syntax.Cursor
2026-10-09T19:57:56.4502123Z warning: packages/syntax/src/Ps/Syntax/Cursor.lean:51:14: Variable name `head` is not explicitly referenced.
2026-10-09T19:57:56.4502489Z 
2026-10-09T19:57:56.4503142Z Hint: The binding can be removed (if unused) or named `_` (if used implicitly). Alternatively, prefix the name with `_` to silence this warning:
2026-10-09T19:57:56.4503675Z   [apply] _head
2026-10-09T19:57:56.4503795Z 
2026-10-09T19:57:56.4504205Z Note: This linter can be disabled with `set_option linter.unusedVariables false`
2026-10-09T19:57:56.4504849Z warning: packages/syntax/src/Ps/Syntax/Cursor.lean:51:19: Variable name `tail` is not explicitly referenced.
2026-10-09T19:57:56.4505203Z 
2026-10-09T19:57:56.4505679Z Hint: The binding can be removed (if unused) or named `_` (if used implicitly). Alternatively, prefix the name with `_` to silence this warning:
2026-10-09T19:57:56.4506181Z   [apply] _tail
2026-10-09T19:57:56.4506292Z 
2026-10-09T19:57:56.4506555Z Note: This linter can be disabled with `set_option linter.unusedVariables false`
2026-10-09T19:57:56.4507174Z warning: packages/syntax/src/Ps/Syntax/Cursor.lean:56:19: Variable name `rest` is not explicitly referenced.
2026-10-09T19:57:56.4507400Z 
2026-10-09T19:57:56.4507697Z Hint: The binding can be removed (if unused) or named `_` (if used implicitly). Alternatively, prefix the name with `_` to silence this warning:
2026-10-09T19:57:56.4508242Z   [apply] _rest
2026-10-09T19:57:56.4508315Z 
2026-10-09T19:57:56.4508480Z Note: This linter can be disabled with `set_option linter.unusedVariables false`
2026-10-09T19:57:56.4508884Z warning: packages/syntax/src/Ps/Syntax/Cursor.lean:89:14: Variable name `first` is not explicitly referenced.
2026-10-09T19:57:56.4509109Z 
2026-10-09T19:57:56.4509403Z Hint: The binding can be removed (if unused) or named `_` (if used implicitly). Alternatively, prefix the name with `_` to silence this warning:
2026-10-09T19:57:56.4509746Z   [apply] _first
2026-10-09T19:57:56.4509819Z 
2026-10-09T19:57:56.4509983Z Note: This linter can be disabled with `set_option linter.unusedVariables false`
2026-10-09T19:57:56.4510376Z warning: packages/syntax/src/Ps/Syntax/Cursor.lean:92:25: Variable name `tail` is not explicitly referenced.
2026-10-09T19:57:56.4510598Z 
2026-10-09T19:57:56.4510886Z Hint: The binding can be removed (if unused) or named `_` (if used implicitly). Alternatively, prefix the name with `_` to silence this warning:
2026-10-09T19:57:56.4511200Z   [apply] _tail
2026-10-09T19:57:56.4511272Z 
2026-10-09T19:57:56.4511433Z Note: This linter can be disabled with `set_option linter.unusedVariables false`
2026-10-09T19:57:56.4511732Z ⚠ [6/76] Replayed Ps.Syntax.Lexer
2026-10-09T19:57:56.4512061Z warning: packages/syntax/src/Ps/Syntax/Lexer.lean:89:11: Variable name `depth` is not explicitly referenced.
2026-10-09T19:57:56.4512276Z 
2026-10-09T19:57:56.4512564Z Hint: The binding can be removed (if unused) or named `_` (if used implicitly). Alternatively, prefix the name with `_` to silence this warning:
2026-10-09T19:57:56.4512916Z   [apply] _depth
2026-10-09T19:57:56.4512992Z 
2026-10-09T19:57:56.4513153Z Note: This linter can be disabled with `set_option linter.unusedVariables false`
2026-10-09T19:57:56.4513705Z warning: packages/syntax/src/Ps/Syntax/Lexer.lean:89:25: Variable name `remaining` is not explicitly referenced.
2026-10-09T19:57:56.4513928Z 
2026-10-09T19:57:56.4514320Z Hint: The binding can be removed (if unused) or named `_` (if used implicitly). Alternatively, prefix the name with `_` to silence this warning:
2026-10-09T19:57:56.4514635Z   [apply] _remaining
2026-10-09T19:57:56.4514714Z 
2026-10-09T19:57:56.4514874Z Note: This linter can be disabled with `set_option linter.unusedVariables false`
2026-10-09T19:57:56.4515272Z warning: packages/syntax/src/Ps/Syntax/Lexer.lean:406:11: Variable name `remaining` is not explicitly referenced.
2026-10-09T19:57:56.4515499Z 
2026-10-09T19:57:56.4515788Z Hint: The binding can be removed (if unused) or named `_` (if used implicitly). Alternatively, prefix the name with `_` to silence this warning:
2026-10-09T19:57:56.4516100Z   [apply] _remaining
2026-10-09T19:57:56.4516178Z 
2026-10-09T19:57:56.4516339Z Note: This linter can be disabled with `set_option linter.unusedVariables false`
2026-10-09T19:57:56.4516739Z warning: packages/syntax/src/Ps/Syntax/Lexer.lean:406:82: Variable name `charsRev` is not explicitly referenced.
2026-10-09T19:57:56.4516962Z 
2026-10-09T19:57:56.4517249Z Hint: The binding can be removed (if unused) or named `_` (if used implicitly). Alternatively, prefix the name with `_` to silence this warning:
2026-10-09T19:57:56.4517561Z   [apply] _charsRev
2026-10-09T19:57:56.4517640Z 
2026-10-09T19:57:56.4517801Z Note: This linter can be disabled with `set_option linter.unusedVariables false`
2026-10-09T19:57:56.4518083Z ⚠ [8/76] Replayed Ps.Syntax.ParserState
2026-10-09T19:57:56.4518437Z warning: packages/syntax/src/Ps/Syntax/ParserState.lean:30:20: Variable name `rest` is not explicitly referenced.
2026-10-09T19:57:56.4518668Z 
2026-10-09T19:57:56.4518952Z Hint: The binding can be removed (if unused) or named `_` (if used implicitly). Alternatively, prefix the name with `_` to silence this warning:
2026-10-09T19:57:56.4519265Z   [apply] _rest
2026-10-09T19:57:56.4519343Z 
2026-10-09T19:57:56.4519503Z Note: This linter can be disabled with `set_option linter.unusedVariables false`
2026-10-09T19:57:56.4519864Z ⚠ [14/76] Replayed Ps.Core.Abstract
2026-10-09T19:57:56.4520189Z warning: packages/core/src/Ps/Core/Abstract.lean:8:11: Variable name `depth` is not explicitly referenced.
2026-10-09T19:57:56.4520405Z 
2026-10-09T19:57:56.4520695Z Hint: The binding can be removed (if unused) or named `_` (if used implicitly). Alternatively, prefix the name with `_` to silence this warning:
2026-10-09T19:57:56.4521009Z   [apply] _depth
2026-10-09T19:57:56.4521084Z 
2026-10-09T19:57:56.4521245Z Note: This linter can be disabled with `set_option linter.unusedVariables false`
2026-10-09T19:57:56.4521640Z warning: packages/core/src/Ps/Core/Abstract.lean:16:11: Variable name `depth` is not explicitly referenced.
2026-10-09T19:57:56.4521854Z 
2026-10-09T19:57:56.4522146Z Hint: The binding can be removed (if unused) or named `_` (if used implicitly). Alternatively, prefix the name with `_` to silence this warning:
2026-10-09T19:57:56.4522463Z   [apply] _depth
2026-10-09T19:57:56.4522536Z 
2026-10-09T19:57:56.4522700Z Note: This linter can be disabled with `set_option linter.unusedVariables false`
2026-10-09T19:57:56.4523084Z warning: packages/core/src/Ps/Core/Abstract.lean:18:11: Variable name `depth` is not explicitly referenced.
2026-10-09T19:57:56.4523299Z 
2026-10-09T19:57:56.4523585Z Hint: The binding can be removed (if unused) or named `_` (if used implicitly). Alternatively, prefix the name with `_` to silence this warning:
2026-10-09T19:57:56.4523896Z   [apply] _depth
2026-10-09T19:57:56.4523967Z 
2026-10-09T19:57:56.4524200Z Note: This linter can be disabled with `set_option linter.unusedVariables false`
2026-10-09T19:57:56.4524584Z warning: packages/core/src/Ps/Core/Abstract.lean:20:11: Variable name `depth` is not explicitly referenced.
2026-10-09T19:57:56.4524795Z 
2026-10-09T19:57:56.4525186Z Hint: The binding can be removed (if unused) or named `_` (if used implicitly). Alternatively, prefix the name with `_` to silence this warning:
2026-10-09T19:57:56.4525502Z   [apply] _depth
2026-10-09T19:57:56.4525577Z 
2026-10-09T19:57:56.4525761Z Note: This linter can be disabled with `set_option linter.unusedVariables false`
2026-10-09T19:57:56.4526145Z warning: packages/core/src/Ps/Core/Abstract.lean:66:11: Variable name `depth` is not explicitly referenced.
2026-10-09T19:57:56.4526355Z 
2026-10-09T19:57:56.4526642Z Hint: The binding can be removed (if unused) or named `_` (if used implicitly). Alternatively, prefix the name with `_` to silence this warning:
2026-10-09T19:57:56.4526953Z   [apply] _depth
2026-10-09T19:57:56.4527024Z 
2026-10-09T19:57:56.4527185Z Note: This linter can be disabled with `set_option linter.unusedVariables false`
2026-10-09T19:57:56.4527457Z ⚠ [22/76] Replayed Ps.Meta.LevelContext
2026-10-09T19:57:56.4527807Z warning: packages/meta/src/Ps/Meta/LevelContext.lean:59:4: Variable name `assignment` is not explicitly referenced.
2026-10-09T19:57:56.4528037Z 
2026-10-09T19:57:56.4528330Z Hint: The binding can be removed (if unused) or named `_` (if used implicitly). Alternatively, prefix the name with `_` to silence this warning:
2026-10-09T19:57:56.4528651Z   [apply] _assignment
2026-10-09T19:57:56.4528730Z 
2026-10-09T19:57:56.4528892Z Note: This linter can be disabled with `set_option linter.unusedVariables false`
2026-10-09T19:57:56.4529163Z ⚠ [24/76] Replayed Ps.Core.LevelSubst
2026-10-09T19:57:56.4529493Z warning: packages/core/src/Ps/Core/LevelSubst.lean:8:11: Variable name `arguments` is not explicitly referenced.
2026-10-09T19:57:56.4529717Z 
2026-10-09T19:57:56.4530004Z Hint: The binding can be removed (if unused) or named `_` (if used implicitly). Alternatively, prefix the name with `_` to silence this warning:
2026-10-09T19:57:56.4530316Z   [apply] _arguments
2026-10-09T19:57:56.4530392Z 
2026-10-09T19:57:56.4530553Z Note: This linter can be disabled with `set_option linter.unusedVariables false`
2026-10-09T19:57:56.4530950Z warning: packages/core/src/Ps/Core/LevelSubst.lean:9:13: Variable name `target` is not explicitly referenced.
2026-10-09T19:57:56.4531169Z 
2026-10-09T19:57:56.4531539Z Hint: The binding can be removed (if unused) or named `_` (if used implicitly). Alternatively, prefix the name with `_` to silence this warning:
2026-10-09T19:57:56.4531851Z   [apply] _target
2026-10-09T19:57:56.4531925Z 
2026-10-09T19:57:56.4532085Z Note: This linter can be disabled with `set_option linter.unusedVariables false`
2026-10-09T19:57:56.4532346Z ⚠ [25/76] Replayed Ps.Core.Subst
2026-10-09T19:57:56.4532660Z warning: packages/core/src/Ps/Core/Subst.lean:14:11: Variable name `cutoff` is not explicitly referenced.
2026-10-09T19:57:56.4532868Z 
2026-10-09T19:57:56.4534575Z Hint: The binding can be removed (if unused) or named `_` (if used implicitly). Alternatively, prefix the name with `_` to silence this warning:
2026-10-09T19:57:56.4535751Z   [apply] _cutoff
2026-10-09T19:57:56.4535850Z 
2026-10-09T19:57:56.4536070Z Note: This linter can be disabled with `set_option linter.unusedVariables false`
2026-10-09T19:57:56.4537747Z warning: packages/core/src/Ps/Core/Subst.lean:16:11: Variable name `cutoff` is not explicitly referenced.
2026-10-09T19:57:56.4537960Z 
2026-10-09T19:57:56.4538249Z Hint: The binding can be removed (if unused) or named `_` (if used implicitly). Alternatively, prefix the name with `_` to silence this warning:
2026-10-09T19:57:56.4539748Z   [apply] _cutoff
2026-10-09T19:57:56.4539818Z 
2026-10-09T19:57:56.4539979Z Note: This linter can be disabled with `set_option linter.unusedVariables false`
2026-10-09T19:57:56.4541625Z warning: packages/core/src/Ps/Core/Subst.lean:18:11: Variable name `cutoff` is not explicitly referenced.
2026-10-09T19:57:56.4542952Z 
2026-10-09T19:57:56.4543293Z Hint: The binding can be removed (if unused) or named `_` (if used implicitly). Alternatively, prefix the name with `_` to silence this warning:
2026-10-09T19:57:56.4545850Z   [apply] _cutoff
2026-10-09T19:57:56.4545981Z 
2026-10-09T19:57:56.4546301Z Note: This linter can be disabled with `set_option linter.unusedVariables false`
2026-10-09T19:57:56.4546683Z warning: packages/core/src/Ps/Core/Subst.lean:20:11: Variable name `cutoff` is not explicitly referenced.
2026-10-09T19:57:56.4546893Z 
2026-10-09T19:57:56.4547181Z Hint: The binding can be removed (if unused) or named `_` (if used implicitly). Alternatively, prefix the name with `_` to silence this warning:
2026-10-09T19:57:56.4547515Z   [apply] _cutoff
2026-10-09T19:57:56.4547586Z 
2026-10-09T19:57:56.4547744Z Note: This linter can be disabled with `set_option linter.unusedVariables false`
2026-10-09T19:57:56.4548396Z warning: packages/core/src/Ps/Core/Subst.lean:66:11: Variable name `cutoff` is not explicitly referenced.
2026-10-09T19:57:56.4548754Z 
2026-10-09T19:57:56.4550618Z Hint: The binding can be removed (if unused) or named `_` (if used implicitly). Alternatively, prefix the name with `_` to silence this warning:
2026-10-09T19:57:56.4551120Z   [apply] _cutoff
2026-10-09T19:57:56.4551230Z 
2026-10-09T19:57:56.4551494Z Note: This linter can be disabled with `set_option linter.unusedVariables false`
2026-10-09T19:57:56.4552111Z warning: packages/core/src/Ps/Core/Subst.lean:94:11: Variable name `depth` is not explicitly referenced.
2026-10-09T19:57:56.4552389Z 
2026-10-09T19:57:56.4552676Z Hint: The binding can be removed (if unused) or named `_` (if used implicitly). Alternatively, prefix the name with `_` to silence this warning:
2026-10-09T19:57:56.4552991Z   [apply] _depth
2026-10-09T19:57:56.4553063Z 
2026-10-09T19:57:56.4553221Z Note: This linter can be disabled with `set_option linter.unusedVariables false`
2026-10-09T19:57:56.4553642Z warning: packages/core/src/Ps/Core/Subst.lean:96:11: Variable name `depth` is not explicitly referenced.
2026-10-09T19:57:56.4553931Z 
2026-10-09T19:57:56.4554491Z Hint: The binding can be removed (if unused) or named `_` (if used implicitly). Alternatively, prefix the name with `_` to silence this warning:
2026-10-09T19:57:56.4554904Z   [apply] _depth
2026-10-09T19:57:56.4555005Z 
2026-10-09T19:57:56.4555210Z Note: This linter can be disabled with `set_option linter.unusedVariables false`
2026-10-09T19:57:56.4557323Z warning: packages/core/src/Ps/Core/Subst.lean:98:11: Variable name `depth` is not explicitly referenced.
2026-10-09T19:57:56.4557583Z 
2026-10-09T19:57:56.4559144Z Hint: The binding can be removed (if unused) or named `_` (if used implicitly). Alternatively, prefix the name with `_` to silence this warning:
2026-10-09T19:57:56.4560754Z   [apply] _depth
2026-10-09T19:57:56.4560855Z 
2026-10-09T19:57:56.4561044Z Note: This linter can be disabled with `set_option linter.unusedVariables false`
2026-10-09T19:57:56.4562749Z warning: packages/core/src/Ps/Core/Subst.lean:100:11: Variable name `depth` is not explicitly referenced.
2026-10-09T19:57:56.4563868Z 
2026-10-09T19:57:56.4564358Z Hint: The binding can be removed (if unused) or named `_` (if used implicitly). Alternatively, prefix the name with `_` to silence this warning:
2026-10-09T19:57:56.4565795Z   [apply] _depth
2026-10-09T19:57:56.4565868Z 
2026-10-09T19:57:56.4566026Z Note: This linter can be disabled with `set_option linter.unusedVariables false`
2026-10-09T19:57:56.4567418Z warning: packages/core/src/Ps/Core/Subst.lean:146:11: Variable name `depth` is not explicitly referenced.
2026-10-09T19:57:56.4567627Z 
2026-10-09T19:57:56.4569044Z Hint: The binding can be removed (if unused) or named `_` (if used implicitly). Alternatively, prefix the name with `_` to silence this warning:
2026-10-09T19:57:56.4569387Z   [apply] _depth
2026-10-09T19:57:56.4569458Z 
2026-10-09T19:57:56.4569616Z Note: This linter can be disabled with `set_option linter.unusedVariables false`
2026-10-09T19:57:56.4569899Z ⚠ [28/76] Replayed Ps.Meta.Unify
2026-10-09T19:57:56.4570222Z warning: packages/meta/src/Ps/Meta/Unify.lean:90:11: Variable name `environment` is not explicitly referenced.
2026-10-09T19:57:56.4570443Z 
2026-10-09T19:57:56.4570844Z Hint: The binding can be removed (if unused) or named `_` (if used implicitly). Alternatively, prefix the name with `_` to silence this warning:
2026-10-09T19:57:56.4571204Z   [apply] _environment
2026-10-09T19:57:56.4571289Z 
2026-10-09T19:57:56.4571456Z Note: This linter can be disabled with `set_option linter.unusedVariables false`
2026-10-09T19:57:56.4573159Z warning: packages/meta/src/Ps/Meta/Unify.lean:91:11: Variable name `localContext` is not explicitly referenced.
2026-10-09T19:57:56.4573464Z 
2026-10-09T19:57:56.4573755Z Hint: The binding can be removed (if unused) or named `_` (if used implicitly). Alternatively, prefix the name with `_` to silence this warning:
2026-10-09T19:57:56.4574153Z   [apply] _localContext
2026-10-09T19:57:56.4574236Z 
2026-10-09T19:57:56.4574400Z Note: This linter can be disabled with `set_option linter.unusedVariables false`
2026-10-09T19:57:56.4574779Z warning: packages/meta/src/Ps/Meta/Unify.lean:93:11: Variable name `left` is not explicitly referenced.
2026-10-09T19:57:56.4574989Z 
2026-10-09T19:57:56.4575285Z Hint: The binding can be removed (if unused) or named `_` (if used implicitly). Alternatively, prefix the name with `_` to silence this warning:
2026-10-09T19:57:56.4575602Z   [apply] _left
2026-10-09T19:57:56.4575676Z 
2026-10-09T19:57:56.4575840Z Note: This linter can be disabled with `set_option linter.unusedVariables false`
2026-10-09T19:57:56.4576225Z warning: packages/meta/src/Ps/Meta/Unify.lean:94:11: Variable name `right` is not explicitly referenced.
2026-10-09T19:57:56.4576431Z 
2026-10-09T19:57:56.4576723Z Hint: The binding can be removed (if unused) or named `_` (if used implicitly). Alternatively, prefix the name with `_` to silence this warning:
2026-10-09T19:57:56.4577040Z   [apply] _right
2026-10-09T19:57:56.4577110Z 
2026-10-09T19:57:56.4577274Z Note: This linter can be disabled with `set_option linter.unusedVariables false`
2026-10-09T19:57:56.4577668Z warning: packages/meta/src/Ps/Meta/Unify.lean:178:17: Variable name `leftName` is not explicitly referenced.
2026-10-09T19:57:56.4577882Z 
2026-10-09T19:57:56.4578177Z Hint: The binding can be removed (if unused) or named `_` (if used implicitly). Alternatively, prefix the name with `_` to silence this warning:
2026-10-09T19:57:56.4578580Z   [apply] _leftName
2026-10-09T19:57:56.4578653Z 
2026-10-09T19:57:56.4578816Z Note: This linter can be disabled with `set_option linter.unusedVariables false`
2026-10-09T19:57:56.4579208Z warning: packages/meta/src/Ps/Meta/Unify.lean:207:21: Variable name `leftName` is not explicitly referenced.
2026-10-09T19:57:56.4579422Z 
2026-10-09T19:57:56.4579714Z Hint: The binding can be removed (if unused) or named `_` (if used implicitly). Alternatively, prefix the name with `_` to silence this warning:
2026-10-09T19:57:56.4580031Z   [apply] _leftName
2026-10-09T19:57:56.4580104Z 
2026-10-09T19:57:56.4580268Z Note: This linter can be disabled with `set_option linter.unusedVariables false`
2026-10-09T19:57:56.4580543Z ⚠ [33/76] Replayed Ps.Elab.Literal
2026-10-09T19:57:56.4580869Z warning: packages/elab/src/Ps/Elab/Literal.lean:166:11: Variable name `chars` is not explicitly referenced.
2026-10-09T19:57:56.4581094Z 
2026-10-09T19:57:56.4581387Z Hint: The binding can be removed (if unused) or named `_` (if used implicitly). Alternatively, prefix the name with `_` to silence this warning:
2026-10-09T19:57:56.4581709Z   [apply] _chars
2026-10-09T19:57:56.4581784Z 
2026-10-09T19:57:56.4581947Z Note: This linter can be disabled with `set_option linter.unusedVariables false`
2026-10-09T19:57:56.4582344Z warning: packages/elab/src/Ps/Elab/Literal.lean:167:13: Variable name `charsRev` is not explicitly referenced.
2026-10-09T19:57:56.4582567Z 
2026-10-09T19:57:56.4582861Z Hint: The binding can be removed (if unused) or named `_` (if used implicitly). Alternatively, prefix the name with `_` to silence this warning:
2026-10-09T19:57:56.4583182Z   [apply] _charsRev
2026-10-09T19:57:56.4583257Z 
2026-10-09T19:57:56.4583419Z Note: This linter can be disabled with `set_option linter.unusedVariables false`
2026-10-09T19:57:56.4583684Z ⚠ [34/76] Replayed Ps.Elab.Term
2026-10-09T19:57:56.4584160Z warning: packages/elab/src/Ps/Elab/Term.lean:2781:11: Variable name `context` is not explicitly referenced.
2026-10-09T19:57:56.4584380Z 
2026-10-09T19:57:56.4584671Z Hint: The binding can be removed (if unused) or named `_` (if used implicitly). Alternatively, prefix the name with `_` to silence this warning:
2026-10-09T19:57:56.4584990Z   [apply] _context
2026-10-09T19:57:56.4585064Z 
2026-10-09T19:57:56.4585226Z Note: This linter can be disabled with `set_option linter.unusedVariables false`
2026-10-09T19:57:56.4585621Z warning: packages/elab/src/Ps/Elab/Term.lean:2782:13: Variable name `recursion` is not explicitly referenced.
2026-10-09T19:57:56.4585838Z 
2026-10-09T19:57:56.4586131Z Hint: The binding can be removed (if unused) or named `_` (if used implicitly). Alternatively, prefix the name with `_` to silence this warning:
2026-10-09T19:57:56.4586451Z   [apply] _recursion
2026-10-09T19:57:56.4586528Z 
2026-10-09T19:57:56.4586691Z Note: This linter can be disabled with `set_option linter.unusedVariables false`
2026-10-09T19:57:56.4587084Z warning: packages/elab/src/Ps/Elab/Term.lean:2783:15: Variable name `index` is not explicitly referenced.
2026-10-09T19:57:56.4587297Z 
2026-10-09T19:57:56.4587590Z Hint: The binding can be removed (if unused) or named `_` (if used implicitly). Alternatively, prefix the name with `_` to silence this warning:
2026-10-09T19:57:56.4587907Z   [apply] _index
2026-10-09T19:57:56.4587977Z 
2026-10-09T19:57:56.4588140Z Note: This linter can be disabled with `set_option linter.unusedVariables false`
2026-10-09T19:57:56.4588409Z ⚠ [38/76] Replayed BootstrapTests
2026-10-09T19:57:56.4588700Z warning: test/BootstrapTests.lean:335:10: Variable name `id` is not explicitly referenced.
2026-10-09T19:57:56.4588896Z 
2026-10-09T19:57:56.4589191Z Hint: The binding can be removed (if unused) or named `_` (if used implicitly). Alternatively, prefix the name with `_` to silence this warning:
2026-10-09T19:57:56.4589506Z   [apply] _id
2026-10-09T19:57:56.4589577Z 
2026-10-09T19:57:56.4589745Z Note: This linter can be disabled with `set_option linter.unusedVariables false`
2026-10-09T19:57:56.4654724Z PSC1_TEST_PASS: dual-source core elaboration
2026-10-09T19:57:56.4655288Z PSC1_TEST_PASS: dual-source binder kinds elaboration
2026-10-09T19:57:56.4655638Z PSC1_TEST_PASS: dual-source simple parse
2026-10-09T19:57:56.4655974Z PSC1_TEST_PASS: dual-source binder application parse
2026-10-09T19:57:56.4656318Z PSC1_TEST_PASS: dual-source binder kinds parse
2026-10-09T19:57:56.4656648Z PSC1_TEST_PASS: dual-source typed lambda parse
2026-10-09T19:57:56.4656989Z PSC1_TEST_PASS: dual-source typed lambda elaboration
2026-10-09T19:57:56.4657353Z PSC1_TEST_PASS: structure stops before partial def
2026-10-09T19:57:56.4658950Z PSC1_TEST_PASS: Lean list literal sugar
2026-10-09T19:57:56.4659228Z PSC1_TEST_PASS: Lean list pattern sugar
2026-10-09T19:57:56.4659727Z PSC1_TEST_PASS: repeated wildcard match binders
2026-10-09T19:57:56.4660023Z PSC1_TEST_PASS: Lean Nat match sugar
2026-10-09T19:57:56.4660300Z PSC1_TEST_PASS: Lean grouped typed binders
2026-10-09T19:57:56.4660593Z PSC1_TEST_PASS: lambda match uses expected type
2026-10-09T19:57:56.4660933Z PSC1_TEST_PASS: two-argument equation definition
2026-10-09T19:57:56.4661162Z PSC1_TEST_PASS: dual-source Pi parse
2026-10-09T19:57:56.4661364Z PSC1_TEST_PASS: dual-source Pi lambda declaration
2026-10-09T19:57:56.4661567Z PSC1_TEST_PASS: dual-source annotated let
2026-10-09T19:57:56.4661757Z PSC1_TEST_PASS: dual-source inferred let
2026-10-09T19:57:56.4661940Z PSC1_TEST_PASS: dual-source Bool literal
2026-10-09T19:57:56.4662135Z PSC1_TEST_PASS: dual-source if
2026-10-09T19:57:56.4662314Z PSC1_TEST_PASS: inductive metadata lookup
2026-10-09T19:57:56.4662535Z PSC1_TEST_PASS: bootstrap List/Option type constructors
2026-10-09T19:57:56.4662761Z PSC1_TEST_PASS: positive nested recursive field
2026-10-09T19:57:56.4662981Z PSC1_TEST_PASS: reject negative nested recursive field
2026-10-09T19:57:56.4663214Z PSC1_TEST_PASS: Lean product inside application parse
2026-10-09T19:57:56.4663531Z PSC1_TEST_PASS: dual-source basic match parse
2026-10-09T19:57:56.4663744Z PSC1_TEST_PASS: Lean nested match dedent parse
2026-10-09T19:57:56.4663957Z PSC1_TEST_PASS: constructor match pattern parse
2026-10-09T19:57:56.4664338Z PSC1_TEST_PASS: dual-source basic match elaboration
2026-10-09T19:57:56.4664559Z PSC1_TEST_PASS: dual-source field match elaboration
2026-10-09T19:57:56.4664761Z PSC1_TEST_PASS: defeq beta under forall
2026-10-09T19:57:56.4664963Z PSC1_TEST_PASS: dual-source inductive enum parse
2026-10-09T19:57:56.4665176Z PSC1_TEST_PASS: dual-source inductive field parse
2026-10-09T19:57:56.4665425Z PSC1_TEST_PASS: dual-source inductive enum elaboration
2026-10-09T19:57:56.4665656Z PSC1_TEST_PASS: dual-source inductive field elaboration
2026-10-09T19:57:56.4665883Z PSC1_TEST_PASS: dual-source Type Prop elaboration
2026-10-09T19:57:56.4667656Z PSC1_TEST_PASS: dual-source parametric inductive
2026-10-09T19:57:56.4667878Z PSC1_TEST_PASS: Lean implicit constructor elaborates
2026-10-09T19:57:56.4668143Z PSC1_TEST_PASS: ProofScript implicit constructor elaborates
2026-10-09T19:57:56.4668445Z PSC1_TEST_PASS: Lean implicit constructor application
2026-10-09T19:57:56.4668695Z PSC1_TEST_PASS: ProofScript implicit constructor application
2026-10-09T19:57:56.4668950Z PSC1_TEST_PASS: dual-source implicit constructor application
2026-10-09T19:57:56.4669185Z PSC1_TEST_PASS: dual-source structural recursion
2026-10-09T19:57:56.4669415Z PSC1_TEST_PASS: dual-source controlled partial definition
2026-10-09T19:57:56.4669687Z PSC1_TEST_PASS: reject non-decreasing structural recursion
2026-10-09T19:57:56.4669942Z PSC1_TEST_PASS: reject changed invariant structural recursion
2026-10-09T19:57:56.4671629Z PSC1_TEST_PASS: dual-source String literal
2026-10-09T19:57:56.4671833Z PSC1_TEST_PASS: reject invalid String escapes
2026-10-09T19:57:56.4672033Z PSC1_TEST_PASS: dual-source grouping
2026-10-09T19:57:56.4672211Z PSC1_TEST_PASS: dual-source Unit
2026-10-09T19:57:56.4672406Z PSC1_TEST_PASS: Lean parenthesized application
2026-10-09T19:57:56.4672607Z PSC1_TEST_PASS: dual-source Char literal
2026-10-09T19:57:56.4672820Z PSC1_TEST_PASS: reject invalid Char escapes
2026-10-09T19:57:56.4673144Z PSC1_TEST_PASS: ProofScript explicit Unit call
2026-10-09T19:57:56.4675401Z PSC1_TEST_PASS: ProofScript accepts spaced call
2026-10-09T19:57:56.4675767Z PSC1_TEST_PASS: ProofScript empty call preserves no arguments
2026-10-09T19:57:56.4676205Z PSC1_TEST_PASS: ProofScript empty call rejected by elaboration
2026-10-09T19:57:56.4677810Z PSC1_TEST_PASS: Lean interleaved binder kinds parse
2026-10-09T19:57:56.4678149Z PSC1_TEST_PASS: Lean interleaved binder kinds elaboration
2026-10-09T19:57:56.4678443Z PSC1_TEST_PASS: ProofScript rejects interleaved declaration binders
2026-10-09T19:57:56.4680024Z PSC1_TEST_PASS: lexer UTF-8 byte offsets
2026-10-09T19:57:56.4681083Z PSC1_TEST_PASS: lexer nested trivia
2026-10-09T19:57:56.4681318Z PSC1_TEST_PASS: module graph
2026-10-09T19:57:56.4681520Z PSC1_TEST_PASS: global instance synthesis
2026-10-09T19:57:56.4681721Z PSC1_TEST_PASS: generic instance synthesis
2026-10-09T19:57:56.4681942Z PSC1_TEST_PASS: dependent instance synthesis
2026-10-09T19:57:56.4682145Z PSC1_TEST_PASS: local instance synthesis
2026-10-09T19:57:56.4687979Z PSC1_TEST_PASS: transactional unification
2026-10-09T19:57:56.4688254Z PSC1_TEST_PASS: binder-info unification
2026-10-09T19:57:56.4688511Z PSC1_TEST_PASS: level metavariable unification
2026-10-09T19:57:56.4688736Z PSC1_TEST_PASS: scoped metavariable assignment
2026-10-09T19:57:56.4688960Z PSC1_TEST_PASS: reject out-of-scope assignment
2026-10-09T19:57:56.4689151Z PSC1_TEST_PASS: beta WHNF
2026-10-09T19:57:56.4689320Z PSC1_TEST_PASS: infer identity
2026-10-09T19:57:56.4689494Z PSC1_BOOTSTRAP_TESTS: PASS
2026-10-09T19:57:56.9015502Z ⚠ [3/32] Replayed Ps.Syntax.Cursor
2026-10-09T19:57:56.9016171Z warning: packages/syntax/src/Ps/Syntax/Cursor.lean:51:14: Variable name `head` is not explicitly referenced.
2026-10-09T19:57:56.9016536Z 
2026-10-09T19:57:56.9017366Z Hint: The binding can be removed (if unused) or named `_` (if used implicitly). Alternatively, prefix the name with `_` to silence this warning:
2026-10-09T19:57:56.9017902Z   [apply] _head
2026-10-09T19:57:56.9018017Z 
2026-10-09T19:57:56.9018286Z Note: This linter can be disabled with `set_option linter.unusedVariables false`
2026-10-09T19:57:56.9018918Z warning: packages/syntax/src/Ps/Syntax/Cursor.lean:51:19: Variable name `tail` is not explicitly referenced.
2026-10-09T19:57:56.9019257Z 
2026-10-09T19:57:56.9019725Z Hint: The binding can be removed (if unused) or named `_` (if used implicitly). Alternatively, prefix the name with `_` to silence this warning:
2026-10-09T19:57:56.9020225Z   [apply] _tail
2026-10-09T19:57:56.9020334Z 
2026-10-09T19:57:56.9020586Z Note: This linter can be disabled with `set_option linter.unusedVariables false`
2026-10-09T19:57:56.9021194Z warning: packages/syntax/src/Ps/Syntax/Cursor.lean:56:19: Variable name `rest` is not explicitly referenced.
2026-10-09T19:57:56.9021531Z 
2026-10-09T19:57:56.9021985Z Hint: The binding can be removed (if unused) or named `_` (if used implicitly). Alternatively, prefix the name with `_` to silence this warning:
2026-10-09T19:57:56.9022472Z   [apply] _rest
2026-10-09T19:57:56.9022579Z 
2026-10-09T19:57:56.9022826Z Note: This linter can be disabled with `set_option linter.unusedVariables false`
2026-10-09T19:57:56.9023441Z warning: packages/syntax/src/Ps/Syntax/Cursor.lean:89:14: Variable name `first` is not explicitly referenced.
2026-10-09T19:57:56.9023779Z 
2026-10-09T19:57:56.9024365Z Hint: The binding can be removed (if unused) or named `_` (if used implicitly). Alternatively, prefix the name with `_` to silence this warning:
2026-10-09T19:57:56.9024847Z   [apply] _first
2026-10-09T19:57:56.9024956Z 
2026-10-09T19:57:56.9025202Z Note: This linter can be disabled with `set_option linter.unusedVariables false`
2026-10-09T19:57:56.9025808Z warning: packages/syntax/src/Ps/Syntax/Cursor.lean:92:25: Variable name `tail` is not explicitly referenced.
2026-10-09T19:57:56.9026144Z 
2026-10-09T19:57:56.9026601Z Hint: The binding can be removed (if unused) or named `_` (if used implicitly). Alternatively, prefix the name with `_` to silence this warning:
2026-10-09T19:57:56.9027230Z   [apply] _tail
2026-10-09T19:57:56.9027333Z 
2026-10-09T19:57:56.9027580Z Note: This linter can be disabled with `set_option linter.unusedVariables false`
2026-10-09T19:57:56.9027996Z ⚠ [5/32] Replayed Ps.Syntax.Lexer
2026-10-09T19:57:56.9028495Z warning: packages/syntax/src/Ps/Syntax/Lexer.lean:89:11: Variable name `depth` is not explicitly referenced.
2026-10-09T19:57:56.9028828Z 
2026-10-09T19:57:56.9029280Z Hint: The binding can be removed (if unused) or named `_` (if used implicitly). Alternatively, prefix the name with `_` to silence this warning:
2026-10-09T19:57:56.9029759Z   [apply] _depth
2026-10-09T19:57:56.9029867Z 
2026-10-09T19:57:56.9030119Z Note: This linter can be disabled with `set_option linter.unusedVariables false`
2026-10-09T19:57:56.9030736Z warning: packages/syntax/src/Ps/Syntax/Lexer.lean:89:25: Variable name `remaining` is not explicitly referenced.
2026-10-09T19:57:56.9031076Z 
2026-10-09T19:57:56.9031537Z Hint: The binding can be removed (if unused) or named `_` (if used implicitly). Alternatively, prefix the name with `_` to silence this warning:
2026-10-09T19:57:56.9032017Z   [apply] _remaining
2026-10-09T19:57:56.9032134Z 
2026-10-09T19:57:56.9032406Z Note: This linter can be disabled with `set_option linter.unusedVariables false`
2026-10-09T19:57:56.9033028Z warning: packages/syntax/src/Ps/Syntax/Lexer.lean:406:11: Variable name `remaining` is not explicitly referenced.
2026-10-09T19:57:56.9033378Z 
2026-10-09T19:57:56.9033829Z Hint: The binding can be removed (if unused) or named `_` (if used implicitly). Alternatively, prefix the name with `_` to silence this warning:
2026-10-09T19:57:56.9034408Z   [apply] _remaining
2026-10-09T19:57:56.9034521Z 
2026-10-09T19:57:56.9034770Z Note: This linter can be disabled with `set_option linter.unusedVariables false`
2026-10-09T19:57:56.9035488Z warning: packages/syntax/src/Ps/Syntax/Lexer.lean:406:82: Variable name `charsRev` is not explicitly referenced.
2026-10-09T19:57:56.9035836Z 
2026-10-09T19:57:56.9036292Z Hint: The binding can be removed (if unused) or named `_` (if used implicitly). Alternatively, prefix the name with `_` to silence this warning:
2026-10-09T19:57:56.9036774Z   [apply] _charsRev
2026-10-09T19:57:56.9036883Z 
2026-10-09T19:57:56.9037132Z Note: This linter can be disabled with `set_option linter.unusedVariables false`
2026-10-09T19:57:56.9037560Z ⚠ [8/32] Replayed Ps.Syntax.ParserState
2026-10-09T19:57:56.9038099Z warning: packages/syntax/src/Ps/Syntax/ParserState.lean:30:20: Variable name `rest` is not explicitly referenced.
2026-10-09T19:57:56.9038455Z 
2026-10-09T19:57:56.9038906Z Hint: The binding can be removed (if unused) or named `_` (if used implicitly). Alternatively, prefix the name with `_` to silence this warning:
2026-10-09T19:57:56.9039380Z   [apply] _rest
2026-10-09T19:57:56.9039484Z 
2026-10-09T19:57:56.9039744Z Note: This linter can be disabled with `set_option linter.unusedVariables false`
2026-10-09T19:57:56.9125902Z PSC1_TRANSLATION_PASS: unsupported ProofScript do rejected
2026-10-09T19:57:56.9126435Z PSC1_TRANSLATION_PASS: explicit compiler effect calls preserve translation
2026-10-09T19:57:56.9126936Z PSC1_TRANSLATION_PASS: explicit Unit argument survives canonical printing
2026-10-09T19:57:56.9127428Z PSC1_TRANSLATION_PASS: grouped and dependent ProofScript binder types
2026-10-09T19:57:56.9127892Z PSC1_TRANSLATION_PASS: nested function binder canonical round trip
2026-10-09T19:57:56.9128347Z PSC1_TRANSLATION_PASS: complex application .lean <-> .ps
2026-10-09T19:57:56.9128759Z PSC1_TRANSLATION_PASS: partial def .lean <-> .ps
2026-10-09T19:57:56.9129124Z PSC1_TRANSLATION_PASS: structure .lean <-> .ps
2026-10-09T19:57:56.9129457Z PSC1_TRANSLATION_PASS: .lean -> .ps -> .lean
2026-10-09T19:57:56.9129855Z PSC1_TRANSLATION_PASS: .ps -> .lean -> .ps
2026-10-09T19:57:57.3149965Z ⚠ [3/96] Replayed Ps.Syntax.Cursor
2026-10-09T19:57:57.3150634Z warning: packages/syntax/src/Ps/Syntax/Cursor.lean:51:14: Variable name `head` is not explicitly referenced.
2026-10-09T19:57:57.3151333Z 
2026-10-09T19:57:57.3151833Z Hint: The binding can be removed (if unused) or named `_` (if used implicitly). Alternatively, prefix the name with `_` to silence this warning:
2026-10-09T19:57:57.3152272Z   [apply] _head
2026-10-09T19:57:57.3152355Z 
2026-10-09T19:57:57.3152533Z Note: This linter can be disabled with `set_option linter.unusedVariables false`
2026-10-09T19:57:57.3152956Z warning: packages/syntax/src/Ps/Syntax/Cursor.lean:51:19: Variable name `tail` is not explicitly referenced.
2026-10-09T19:57:57.3153186Z 
2026-10-09T19:57:57.3153488Z Hint: The binding can be removed (if unused) or named `_` (if used implicitly). Alternatively, prefix the name with `_` to silence this warning:
2026-10-09T19:57:57.3153816Z   [apply] _tail
2026-10-09T19:57:57.3153892Z 
2026-10-09T19:57:57.3154199Z Note: This linter can be disabled with `set_option linter.unusedVariables false`
2026-10-09T19:57:57.3154604Z warning: packages/syntax/src/Ps/Syntax/Cursor.lean:56:19: Variable name `rest` is not explicitly referenced.
2026-10-09T19:57:57.3154834Z 
2026-10-09T19:57:57.3155131Z Hint: The binding can be removed (if unused) or named `_` (if used implicitly). Alternatively, prefix the name with `_` to silence this warning:
2026-10-09T19:57:57.3155456Z   [apply] _rest
2026-10-09T19:57:57.3155527Z 
2026-10-09T19:57:57.3155695Z Note: This linter can be disabled with `set_option linter.unusedVariables false`
2026-10-09T19:57:57.3156105Z warning: packages/syntax/src/Ps/Syntax/Cursor.lean:89:14: Variable name `first` is not explicitly referenced.
2026-10-09T19:57:57.3156330Z 
2026-10-09T19:57:57.3156628Z Hint: The binding can be removed (if unused) or named `_` (if used implicitly). Alternatively, prefix the name with `_` to silence this warning:
2026-10-09T19:57:57.3156949Z   [apply] _first
2026-10-09T19:57:57.3157022Z 
2026-10-09T19:57:57.3157301Z Note: This linter can be disabled with `set_option linter.unusedVariables false`
2026-10-09T19:57:57.3157703Z warning: packages/syntax/src/Ps/Syntax/Cursor.lean:92:25: Variable name `tail` is not explicitly referenced.
2026-10-09T19:57:57.3157927Z 
2026-10-09T19:57:57.3158225Z Hint: The binding can be removed (if unused) or named `_` (if used implicitly). Alternatively, prefix the name with `_` to silence this warning:
2026-10-09T19:57:57.3158589Z   [apply] _tail
2026-10-09T19:57:57.3158663Z 
2026-10-09T19:57:57.3158827Z Note: This linter can be disabled with `set_option linter.unusedVariables false`
2026-10-09T19:57:57.3159108Z ⚠ [5/96] Replayed Ps.Syntax.Lexer
2026-10-09T19:57:57.3159440Z warning: packages/syntax/src/Ps/Syntax/Lexer.lean:89:11: Variable name `depth` is not explicitly referenced.
2026-10-09T19:57:57.3159663Z 
2026-10-09T19:57:57.3159960Z Hint: The binding can be removed (if unused) or named `_` (if used implicitly). Alternatively, prefix the name with `_` to silence this warning:
2026-10-09T19:57:57.3160291Z   [apply] _depth
2026-10-09T19:57:57.3160363Z 
2026-10-09T19:57:57.3160530Z Note: This linter can be disabled with `set_option linter.unusedVariables false`
2026-10-09T19:57:57.3160941Z warning: packages/syntax/src/Ps/Syntax/Lexer.lean:89:25: Variable name `remaining` is not explicitly referenced.
2026-10-09T19:57:57.3161164Z 
2026-10-09T19:57:57.3161457Z Hint: The binding can be removed (if unused) or named `_` (if used implicitly). Alternatively, prefix the name with `_` to silence this warning:
2026-10-09T19:57:57.3161785Z   [apply] _remaining
2026-10-09T19:57:57.3161866Z 
2026-10-09T19:57:57.3162029Z Note: This linter can be disabled with `set_option linter.unusedVariables false`
2026-10-09T19:57:57.3162439Z warning: packages/syntax/src/Ps/Syntax/Lexer.lean:406:11: Variable name `remaining` is not explicitly referenced.
2026-10-09T19:57:57.3162665Z 
2026-10-09T19:57:57.3162962Z Hint: The binding can be removed (if unused) or named `_` (if used implicitly). Alternatively, prefix the name with `_` to silence this warning:
2026-10-09T19:57:57.3163283Z   [apply] _remaining
2026-10-09T19:57:57.3163360Z 
2026-10-09T19:57:57.3163614Z Note: This linter can be disabled with `set_option linter.unusedVariables false`
2026-10-09T19:57:57.3164016Z warning: packages/syntax/src/Ps/Syntax/Lexer.lean:406:82: Variable name `charsRev` is not explicitly referenced.
2026-10-09T19:57:57.3164312Z 
2026-10-09T19:57:57.3164607Z Hint: The binding can be removed (if unused) or named `_` (if used implicitly). Alternatively, prefix the name with `_` to silence this warning:
2026-10-09T19:57:57.3164929Z   [apply] _charsRev
2026-10-09T19:57:57.3165007Z 
2026-10-09T19:57:57.3165169Z Note: This linter can be disabled with `set_option linter.unusedVariables false`
2026-10-09T19:57:57.3165456Z ⚠ [8/96] Replayed Ps.Syntax.ParserState
2026-10-09T19:57:57.3165810Z warning: packages/syntax/src/Ps/Syntax/ParserState.lean:30:20: Variable name `rest` is not explicitly referenced.
2026-10-09T19:57:57.3166074Z 
2026-10-09T19:57:57.3166374Z Hint: The binding can be removed (if unused) or named `_` (if used implicitly). Alternatively, prefix the name with `_` to silence this warning:
2026-10-09T19:57:57.3166697Z   [apply] _rest
2026-10-09T19:57:57.3166772Z 
2026-10-09T19:57:57.3166936Z Note: This linter can be disabled with `set_option linter.unusedVariables false`
2026-10-09T19:57:57.3167207Z ⚠ [19/96] Replayed Ps.Core.Abstract
2026-10-09T19:57:57.3167540Z warning: packages/core/src/Ps/Core/Abstract.lean:8:11: Variable name `depth` is not explicitly referenced.
2026-10-09T19:57:57.3167757Z 
2026-10-09T19:57:57.3168052Z Hint: The binding can be removed (if unused) or named `_` (if used implicitly). Alternatively, prefix the name with `_` to silence this warning:
2026-10-09T19:57:57.3168371Z   [apply] _depth
2026-10-09T19:57:57.3168443Z 
2026-10-09T19:57:57.3168609Z Note: This linter can be disabled with `set_option linter.unusedVariables false`
2026-10-09T19:57:57.3169095Z warning: packages/core/src/Ps/Core/Abstract.lean:16:11: Variable name `depth` is not explicitly referenced.
2026-10-09T19:57:57.3169313Z 
2026-10-09T19:57:57.3169610Z Hint: The binding can be removed (if unused) or named `_` (if used implicitly). Alternatively, prefix the name with `_` to silence this warning:
2026-10-09T19:57:57.3169936Z   [apply] _depth
2026-10-09T19:57:57.3170007Z 
2026-10-09T19:57:57.3170173Z Note: This linter can be disabled with `set_option linter.unusedVariables false`
2026-10-09T19:57:57.3170565Z warning: packages/core/src/Ps/Core/Abstract.lean:18:11: Variable name `depth` is not explicitly referenced.
2026-10-09T19:57:57.3170784Z 
2026-10-09T19:57:57.3171074Z Hint: The binding can be removed (if unused) or named `_` (if used implicitly). Alternatively, prefix the name with `_` to silence this warning:
2026-10-09T19:57:57.3171399Z   [apply] _depth
2026-10-09T19:57:57.3171471Z 
2026-10-09T19:57:57.3171630Z Note: This linter can be disabled with `set_option linter.unusedVariables false`
2026-10-09T19:57:57.3172030Z warning: packages/core/src/Ps/Core/Abstract.lean:20:11: Variable name `depth` is not explicitly referenced.
2026-10-09T19:57:57.3172250Z 
2026-10-09T19:57:57.3172542Z Hint: The binding can be removed (if unused) or named `_` (if used implicitly). Alternatively, prefix the name with `_` to silence this warning:
2026-10-09T19:57:57.3172868Z   [apply] _depth
2026-10-09T19:57:57.3183734Z 
2026-10-09T19:57:57.3184037Z Note: This linter can be disabled with `set_option linter.unusedVariables false`
2026-10-09T19:57:57.3184767Z warning: packages/core/src/Ps/Core/Abstract.lean:66:11: Variable name `depth` is not explicitly referenced.
2026-10-09T19:57:57.3185007Z 
2026-10-09T19:57:57.3185321Z Hint: The binding can be removed (if unused) or named `_` (if used implicitly). Alternatively, prefix the name with `_` to silence this warning:
2026-10-09T19:57:57.3185649Z   [apply] _depth
2026-10-09T19:57:57.3185727Z 
2026-10-09T19:57:57.3185892Z Note: This linter can be disabled with `set_option linter.unusedVariables false`
2026-10-09T19:57:57.3186203Z ⚠ [20/96] Replayed Ps.Core.Subst
2026-10-09T19:57:57.3186531Z warning: packages/core/src/Ps/Core/Subst.lean:14:11: Variable name `cutoff` is not explicitly referenced.
2026-10-09T19:57:57.3186883Z 
2026-10-09T19:57:57.3187180Z Hint: The binding can be removed (if unused) or named `_` (if used implicitly). Alternatively, prefix the name with `_` to silence this warning:
2026-10-09T19:57:57.3187502Z   [apply] _cutoff
2026-10-09T19:57:57.3187580Z 
2026-10-09T19:57:57.3187747Z Note: This linter can be disabled with `set_option linter.unusedVariables false`
2026-10-09T19:57:57.3188135Z warning: packages/core/src/Ps/Core/Subst.lean:16:11: Variable name `cutoff` is not explicitly referenced.
2026-10-09T19:57:57.3188350Z 
2026-10-09T19:57:57.3188836Z Hint: The binding can be removed (if unused) or named `_` (if used implicitly). Alternatively, prefix the name with `_` to silence this warning:
2026-10-09T19:57:57.3189557Z   [apply] _cutoff
2026-10-09T19:57:57.3189725Z 
2026-10-09T19:57:57.3190120Z Note: This linter can be disabled with `set_option linter.unusedVariables false`
2026-10-09T19:57:57.3191062Z warning: packages/core/src/Ps/Core/Subst.lean:18:11: Variable name `cutoff` is not explicitly referenced.
2026-10-09T19:57:57.3191483Z 
2026-10-09T19:57:57.3192010Z Hint: The binding can be removed (if unused) or named `_` (if used implicitly). Alternatively, prefix the name with `_` to silence this warning:
2026-10-09T19:57:57.3192513Z   [apply] _cutoff
2026-10-09T19:57:57.3192621Z 
2026-10-09T19:57:57.3192871Z Note: This linter can be disabled with `set_option linter.unusedVariables false`
2026-10-09T19:57:57.3193451Z warning: packages/core/src/Ps/Core/Subst.lean:20:11: Variable name `cutoff` is not explicitly referenced.
2026-10-09T19:57:57.3193776Z 
2026-10-09T19:57:57.3194444Z Hint: The binding can be removed (if unused) or named `_` (if used implicitly). Alternatively, prefix the name with `_` to silence this warning:
2026-10-09T19:57:57.3194969Z   [apply] _cutoff
2026-10-09T19:57:57.3195084Z 
2026-10-09T19:57:57.3195463Z Note: This linter can be disabled with `set_option linter.unusedVariables false`
2026-10-09T19:57:57.3196073Z warning: packages/core/src/Ps/Core/Subst.lean:66:11: Variable name `cutoff` is not explicitly referenced.
2026-10-09T19:57:57.3196416Z 
2026-10-09T19:57:57.3196895Z Hint: The binding can be removed (if unused) or named `_` (if used implicitly). Alternatively, prefix the name with `_` to silence this warning:
2026-10-09T19:57:57.3197403Z   [apply] _cutoff
2026-10-09T19:57:57.3197519Z 
2026-10-09T19:57:57.3197784Z Note: This linter can be disabled with `set_option linter.unusedVariables false`
2026-10-09T19:57:57.3198405Z warning: packages/core/src/Ps/Core/Subst.lean:94:11: Variable name `depth` is not explicitly referenced.
2026-10-09T19:57:57.3198746Z 
2026-10-09T19:57:57.3199227Z Hint: The binding can be removed (if unused) or named `_` (if used implicitly). Alternatively, prefix the name with `_` to silence this warning:
2026-10-09T19:57:57.3199738Z   [apply] _depth
2026-10-09T19:57:57.3199855Z 
2026-10-09T19:57:57.3200127Z Note: This linter can be disabled with `set_option linter.unusedVariables false`
2026-10-09T19:57:57.3200750Z warning: packages/core/src/Ps/Core/Subst.lean:96:11: Variable name `depth` is not explicitly referenced.
2026-10-09T19:57:57.3201093Z 
2026-10-09T19:57:57.3201577Z Hint: The binding can be removed (if unused) or named `_` (if used implicitly). Alternatively, prefix the name with `_` to silence this warning:
2026-10-09T19:57:57.3202076Z   [apply] _depth
2026-10-09T19:57:57.3202189Z 
2026-10-09T19:57:57.3202447Z Note: This linter can be disabled with `set_option linter.unusedVariables false`
2026-10-09T19:57:57.3203040Z warning: packages/core/src/Ps/Core/Subst.lean:98:11: Variable name `depth` is not explicitly referenced.
2026-10-09T19:57:57.3203366Z 
2026-10-09T19:57:57.3203826Z Hint: The binding can be removed (if unused) or named `_` (if used implicitly). Alternatively, prefix the name with `_` to silence this warning:
2026-10-09T19:57:57.3204416Z   [apply] _depth
2026-10-09T19:57:57.3204533Z 
2026-10-09T19:57:57.3204789Z Note: This linter can be disabled with `set_option linter.unusedVariables false`
2026-10-09T19:57:57.3205526Z warning: packages/core/src/Ps/Core/Subst.lean:100:11: Variable name `depth` is not explicitly referenced.
2026-10-09T19:57:57.3205853Z 
2026-10-09T19:57:57.3206312Z Hint: The binding can be removed (if unused) or named `_` (if used implicitly). Alternatively, prefix the name with `_` to silence this warning:
2026-10-09T19:57:57.3206800Z   [apply] _depth
2026-10-09T19:57:57.3206907Z 
2026-10-09T19:57:57.3207161Z Note: This linter can be disabled with `set_option linter.unusedVariables false`
2026-10-09T19:57:57.3207758Z warning: packages/core/src/Ps/Core/Subst.lean:146:11: Variable name `depth` is not explicitly referenced.
2026-10-09T19:57:57.3208084Z 
2026-10-09T19:57:57.3208548Z Hint: The binding can be removed (if unused) or named `_` (if used implicitly). Alternatively, prefix the name with `_` to silence this warning:
2026-10-09T19:57:57.3209039Z   [apply] _depth
2026-10-09T19:57:57.3209152Z 
2026-10-09T19:57:57.3209406Z Note: This linter can be disabled with `set_option linter.unusedVariables false`
2026-10-09T19:57:57.3209859Z ⚠ [23/96] Replayed Ps.Core.LevelSubst
2026-10-09T19:57:57.3210387Z warning: packages/core/src/Ps/Core/LevelSubst.lean:8:11: Variable name `arguments` is not explicitly referenced.
2026-10-09T19:57:57.3210737Z 
2026-10-09T19:57:57.3211197Z Hint: The binding can be removed (if unused) or named `_` (if used implicitly). Alternatively, prefix the name with `_` to silence this warning:
2026-10-09T19:57:57.3211691Z   [apply] _arguments
2026-10-09T19:57:57.3211813Z 
2026-10-09T19:57:57.3212069Z Note: This linter can be disabled with `set_option linter.unusedVariables false`
2026-10-09T19:57:57.3212691Z warning: packages/core/src/Ps/Core/LevelSubst.lean:9:13: Variable name `target` is not explicitly referenced.
2026-10-09T19:57:57.3213038Z 
2026-10-09T19:57:57.3213615Z Hint: The binding can be removed (if unused) or named `_` (if used implicitly). Alternatively, prefix the name with `_` to silence this warning:
2026-10-09T19:57:57.3214201Z   [apply] _target
2026-10-09T19:57:57.3214318Z 
2026-10-09T19:57:57.3214573Z Note: This linter can be disabled with `set_option linter.unusedVariables false`
2026-10-09T19:57:57.3214999Z ⚠ [24/96] Replayed Ps.Meta.LevelContext
2026-10-09T19:57:57.3215552Z warning: packages/meta/src/Ps/Meta/LevelContext.lean:59:4: Variable name `assignment` is not explicitly referenced.
2026-10-09T19:57:57.3215913Z 
2026-10-09T19:57:57.3216377Z Hint: The binding can be removed (if unused) or named `_` (if used implicitly). Alternatively, prefix the name with `_` to silence this warning:
2026-10-09T19:57:57.3216870Z   [apply] _assignment
2026-10-09T19:57:57.3216991Z 
2026-10-09T19:57:57.3217247Z Note: This linter can be disabled with `set_option linter.unusedVariables false`
2026-10-09T19:57:57.3217668Z ⚠ [29/96] Replayed Ps.Meta.Unify
2026-10-09T19:57:57.3218212Z warning: packages/meta/src/Ps/Meta/Unify.lean:90:11: Variable name `environment` is not explicitly referenced.
2026-10-09T19:57:57.3218563Z 
2026-10-09T19:57:57.3219042Z Hint: The binding can be removed (if unused) or named `_` (if used implicitly). Alternatively, prefix the name with `_` to silence this warning:
2026-10-09T19:57:57.3219566Z   [apply] _environment
2026-10-09T19:57:57.3219689Z 
2026-10-09T19:57:57.3219951Z Note: This linter can be disabled with `set_option linter.unusedVariables false`
2026-10-09T19:57:57.3220598Z warning: packages/meta/src/Ps/Meta/Unify.lean:91:11: Variable name `localContext` is not explicitly referenced.
2026-10-09T19:57:57.3220953Z 
2026-10-09T19:57:57.3221429Z Hint: The binding can be removed (if unused) or named `_` (if used implicitly). Alternatively, prefix the name with `_` to silence this warning:
2026-10-09T19:57:57.3221945Z   [apply] _localContext
2026-10-09T19:57:57.3222071Z 
2026-10-09T19:57:57.3222337Z Note: This linter can be disabled with `set_option linter.unusedVariables false`
2026-10-09T19:57:57.3222958Z warning: packages/meta/src/Ps/Meta/Unify.lean:93:11: Variable name `left` is not explicitly referenced.
2026-10-09T19:57:57.3223287Z 
2026-10-09T19:57:57.3223874Z Hint: The binding can be removed (if unused) or named `_` (if used implicitly). Alternatively, prefix the name with `_` to silence this warning:
2026-10-09T19:57:57.3224476Z   [apply] _left
2026-10-09T19:57:57.3224586Z 
2026-10-09T19:57:57.3224848Z Note: This linter can be disabled with `set_option linter.unusedVariables false`
2026-10-09T19:57:57.3225463Z warning: packages/meta/src/Ps/Meta/Unify.lean:94:11: Variable name `right` is not explicitly referenced.
2026-10-09T19:57:57.3225793Z 
2026-10-09T19:57:57.3226270Z Hint: The binding can be removed (if unused) or named `_` (if used implicitly). Alternatively, prefix the name with `_` to silence this warning:
2026-10-09T19:57:57.3226773Z   [apply] _right
2026-10-09T19:57:57.3226882Z 
2026-10-09T19:57:57.3227145Z Note: This linter can be disabled with `set_option linter.unusedVariables false`
2026-10-09T19:57:57.3227783Z warning: packages/meta/src/Ps/Meta/Unify.lean:178:17: Variable name `leftName` is not explicitly referenced.
2026-10-09T19:57:57.3228134Z 
2026-10-09T19:57:57.3228614Z Hint: The binding can be removed (if unused) or named `_` (if used implicitly). Alternatively, prefix the name with `_` to silence this warning:
2026-10-09T19:57:57.3229122Z   [apply] _leftName
2026-10-09T19:57:57.3229237Z 
2026-10-09T19:57:57.3229502Z Note: This linter can be disabled with `set_option linter.unusedVariables false`
2026-10-09T19:57:57.3230185Z warning: packages/meta/src/Ps/Meta/Unify.lean:207:21: Variable name `leftName` is not explicitly referenced.
2026-10-09T19:57:57.3230534Z 
2026-10-09T19:57:57.3231009Z Hint: The binding can be removed (if unused) or named `_` (if used implicitly). Alternatively, prefix the name with `_` to silence this warning:
2026-10-09T19:57:57.3231522Z   [apply] _leftName
2026-10-09T19:57:57.3231638Z 
2026-10-09T19:57:57.3232008Z Note: This linter can be disabled with `set_option linter.unusedVariables false`
2026-10-09T19:57:57.3232443Z ⚠ [32/96] Replayed Ps.Elab.Literal
2026-10-09T19:57:57.3232965Z warning: packages/elab/src/Ps/Elab/Literal.lean:166:11: Variable name `chars` is not explicitly referenced.
2026-10-09T19:57:57.3233328Z 
2026-10-09T19:57:57.3233805Z Hint: The binding can be removed (if unused) or named `_` (if used implicitly). Alternatively, prefix the name with `_` to silence this warning:
2026-10-09T19:57:57.3234416Z   [apply] _chars
2026-10-09T19:57:57.3234530Z 
2026-10-09T19:57:57.3234883Z Note: This linter can be disabled with `set_option linter.unusedVariables false`
2026-10-09T19:57:57.3235586Z warning: packages/elab/src/Ps/Elab/Literal.lean:167:13: Variable name `charsRev` is not explicitly referenced.
2026-10-09T19:57:57.3235951Z 
2026-10-09T19:57:57.3236432Z Hint: The binding can be removed (if unused) or named `_` (if used implicitly). Alternatively, prefix the name with `_` to silence this warning:
2026-10-09T19:57:57.3236948Z   [apply] _charsRev
2026-10-09T19:57:57.3237067Z 
2026-10-09T19:57:57.3237349Z Note: This linter can be disabled with `set_option linter.unusedVariables false`
2026-10-09T19:57:57.3237797Z ⚠ [33/96] Replayed Ps.Elab.Term
2026-10-09T19:57:57.3238318Z warning: packages/elab/src/Ps/Elab/Term.lean:2781:11: Variable name `context` is not explicitly referenced.
2026-10-09T19:57:57.3238670Z 
2026-10-09T19:57:57.3239178Z Hint: The binding can be removed (if unused) or named `_` (if used implicitly). Alternatively, prefix the name with `_` to silence this warning:
2026-10-09T19:57:57.3239694Z   [apply] _context
2026-10-09T19:57:57.3239815Z 
2026-10-09T19:57:57.3240093Z Note: This linter can be disabled with `set_option linter.unusedVariables false`
2026-10-09T19:57:57.3240768Z warning: packages/elab/src/Ps/Elab/Term.lean:2782:13: Variable name `recursion` is not explicitly referenced.
2026-10-09T19:57:57.3241119Z 
2026-10-09T19:57:57.3241611Z Hint: The binding can be removed (if unused) or named `_` (if used implicitly). Alternatively, prefix the name with `_` to silence this warning:
2026-10-09T19:57:57.3242136Z   [apply] _recursion
2026-10-09T19:57:57.3242255Z 
2026-10-09T19:57:57.3242651Z Note: This linter can be disabled with `set_option linter.unusedVariables false`
2026-10-09T19:57:57.3243326Z warning: packages/elab/src/Ps/Elab/Term.lean:2783:15: Variable name `index` is not explicitly referenced.
2026-10-09T19:57:57.3243751Z 
2026-10-09T19:57:57.3244399Z Hint: The binding can be removed (if unused) or named `_` (if used implicitly). Alternatively, prefix the name with `_` to silence this warning:
2026-10-09T19:57:57.3245039Z   [apply] _index
2026-10-09T19:57:57.3245164Z 
2026-10-09T19:57:57.3245421Z Note: This linter can be disabled with `set_option linter.unusedVariables false`
2026-10-09T19:57:57.3245869Z ⚠ [39/96] Replayed Ps.Erasure.Expr
2026-10-09T19:57:57.3246404Z warning: packages/erasure/src/Ps/Erasure/Expr.lean:917:21: Variable name `name` is not explicitly referenced.
2026-10-09T19:57:57.3246776Z 
2026-10-09T19:57:57.3247282Z Hint: The binding can be removed (if unused) or named `_` (if used implicitly). Alternatively, prefix the name with `_` to silence this warning:
2026-10-09T19:57:57.3247819Z   [apply] _name
2026-10-09T19:57:57.3247935Z 
2026-10-09T19:57:57.3248203Z Note: This linter can be disabled with `set_option linter.unusedVariables false`
2026-10-09T19:57:57.3248657Z ⚠ [46/96] Replayed Ps.BackendTs.Expr
2026-10-09T19:57:57.3249244Z warning: packages/backend-ts/src/Ps/BackendTs/Expr.lean:631:32: Variable name `fieldName` is not explicitly referenced.
2026-10-09T19:57:57.3249623Z 
2026-10-09T19:57:57.3250101Z Hint: The binding can be removed (if unused) or named `_` (if used implicitly). Alternatively, prefix the name with `_` to silence this warning:
2026-10-09T19:57:57.3250602Z   [apply] _fieldName
2026-10-09T19:57:57.3250726Z 
2026-10-09T19:57:57.3250992Z Note: This linter can be disabled with `set_option linter.unusedVariables false`
2026-10-09T19:57:57.3292151Z PSC1_ERASURE_PASS: dual-source Lean-native identity
2026-10-09T19:57:57.3295144Z PSC1_ERASURE_PASS: dual-source Lean-native generic identity
2026-10-09T19:57:57.3305179Z PSC1_ERASURE_PASS: dual-source Lean-native let
2026-10-09T19:57:57.3305547Z PSC1_ERASURE_PASS: dual-source Lean-native if
2026-10-09T19:57:57.3305909Z PSC1_ERASURE_PASS: dual-source Lean-native Maybe match
2026-10-09T19:57:57.3306382Z PSC1_ERASURE_PASS: dual-source Lean-native structure projection
2026-10-09T19:57:57.3306802Z PSC1_ERASURE_PASS: dual-source Lean-native structural recursion
2026-10-09T19:57:57.3307042Z PSC1_ERASURE_PASS: dual-source Lean-native Int
2026-10-09T19:57:57.3307286Z PSC1_ERASURE_PASS: dual-source Lean-native Array basics
2026-10-09T19:57:57.3307517Z PSC1_ERASURE_PASS: dual-source Lean-native Array map
2026-10-09T19:57:57.3307749Z PSC1_ERASURE_PASS: dual-source Lean-native Array foldl
2026-10-09T19:57:57.3307997Z PSC1_ERASURE_PASS: dual-source Lean-native Array higher-order
2026-10-09T19:57:57.3308273Z PSC1_ERASURE_PASS: dual-source Lean-native partial application
2026-10-09T19:57:57.3308537Z PSC1_ERASURE_PASS: dual-source Lean-native text primitives
2026-10-09T19:57:57.3308817Z PSC1_ERASURE_PASS: dual-source Lean-native String raw-position bridge
2026-10-09T19:57:57.3309105Z PSC1_ERASURE_PASS: dual-source Lean-native controlled partial def
2026-10-09T19:57:57.3309321Z PSC1_ERASURE_TESTS: PASS
2026-10-09T19:57:57.3666376Z ##[group]Run lake build psc2_lean_checked_seed
2026-10-09T19:57:57.3666610Z [36;1mlake build psc2_lean_checked_seed[0m
2026-10-09T19:57:57.3720818Z shell: /usr/bin/bash -e {0}
2026-10-09T19:57:57.3720967Z env:
2026-10-09T19:57:57.3721180Z   PSC0_TSC: /home/runner/work/_temp/psc0-typescript-7.0.2/node_modules/typescript/bin/tsc
2026-10-09T19:57:57.3721441Z   PSC0_TYPESCRIPT_VERSION: 7.0.2
2026-10-09T19:57:57.3721591Z ##[endgroup]
2026-10-09T19:57:57.7610346Z info: psc2LeanChecked: no previous manifest, creating one from scratch
2026-10-09T19:57:57.7610871Z info: updating toolchain to 'leanprover/lean4:v4.34.0'
2026-10-09T19:57:57.7611209Z info: restarting Lake via Elan
2026-10-09T19:57:58.0289544Z info: psc2LeanChecked: no previous manifest, creating one from scratch
2026-10-09T19:57:58.0289893Z info: toolchain not updated; already up-to-date
2026-10-09T19:57:58.6953165Z ⚠ [4/145] Replayed Ps.Syntax.Cursor
2026-10-09T19:57:58.6953958Z warning: packages/syntax/src/Ps/Syntax/Cursor.lean:51:14: Variable name `head` is not explicitly referenced.
2026-10-09T19:57:58.6954493Z 
2026-10-09T19:57:58.6954812Z Hint: The binding can be removed (if unused) or named `_` (if used implicitly). Alternatively, prefix the name with `_` to silence this warning:
2026-10-09T19:57:58.6955147Z   [apply] _head
2026-10-09T19:57:58.6955224Z 
2026-10-09T19:57:58.6955399Z Note: This linter can be disabled with `set_option linter.unusedVariables false`
2026-10-09T19:57:58.6955813Z warning: packages/syntax/src/Ps/Syntax/Cursor.lean:51:19: Variable name `tail` is not explicitly referenced.
2026-10-09T19:57:58.6956036Z 
2026-10-09T19:57:58.6956328Z Hint: The binding can be removed (if unused) or named `_` (if used implicitly). Alternatively, prefix the name with `_` to silence this warning:
2026-10-09T19:57:58.6956652Z   [apply] _tail
2026-10-09T19:57:58.6956738Z 
2026-10-09T19:57:58.6956902Z Note: This linter can be disabled with `set_option linter.unusedVariables false`
2026-10-09T19:57:58.6957307Z warning: packages/syntax/src/Ps/Syntax/Cursor.lean:56:19: Variable name `rest` is not explicitly referenced.
2026-10-09T19:57:58.6957525Z 
2026-10-09T19:57:58.6957813Z Hint: The binding can be removed (if unused) or named `_` (if used implicitly). Alternatively, prefix the name with `_` to silence this warning:
2026-10-09T19:57:58.6958132Z   [apply] _rest
2026-10-09T19:57:58.6958202Z 
2026-10-09T19:57:58.6958362Z Note: This linter can be disabled with `set_option linter.unusedVariables false`
2026-10-09T19:57:58.6958763Z warning: packages/syntax/src/Ps/Syntax/Cursor.lean:89:14: Variable name `first` is not explicitly referenced.
2026-10-09T19:57:58.6958982Z 
2026-10-09T19:57:58.6959268Z Hint: The binding can be removed (if unused) or named `_` (if used implicitly). Alternatively, prefix the name with `_` to silence this warning:
2026-10-09T19:57:58.6959586Z   [apply] _first
2026-10-09T19:57:58.6959657Z 
2026-10-09T19:57:58.6959818Z Note: This linter can be disabled with `set_option linter.unusedVariables false`
2026-10-09T19:57:58.6960211Z warning: packages/syntax/src/Ps/Syntax/Cursor.lean:92:25: Variable name `tail` is not explicitly referenced.
2026-10-09T19:57:58.6960428Z 
2026-10-09T19:57:58.6960714Z Hint: The binding can be removed (if unused) or named `_` (if used implicitly). Alternatively, prefix the name with `_` to silence this warning:
2026-10-09T19:57:58.6961028Z   [apply] _tail
2026-10-09T19:57:58.6961098Z 
2026-10-09T19:57:58.6961256Z Note: This linter can be disabled with `set_option linter.unusedVariables false`
2026-10-09T19:57:58.6961539Z ⚠ [6/145] Replayed Ps.Syntax.Lexer
2026-10-09T19:57:58.6961919Z warning: packages/syntax/src/Ps/Syntax/Lexer.lean:89:11: Variable name `depth` is not explicitly referenced.
2026-10-09T19:57:58.6962135Z 
2026-10-09T19:57:58.6962424Z Hint: The binding can be removed (if unused) or named `_` (if used implicitly). Alternatively, prefix the name with `_` to silence this warning:
2026-10-09T19:57:58.6962746Z   [apply] _depth
2026-10-09T19:57:58.6962818Z 
2026-10-09T19:57:58.6963431Z Note: This linter can be disabled with `set_option linter.unusedVariables false`
2026-10-09T19:57:58.6963831Z warning: packages/syntax/src/Ps/Syntax/Lexer.lean:89:25: Variable name `remaining` is not explicitly referenced.
2026-10-09T19:57:58.6964056Z 
2026-10-09T19:57:58.6964424Z Hint: The binding can be removed (if unused) or named `_` (if used implicitly). Alternatively, prefix the name with `_` to silence this warning:
2026-10-09T19:57:58.6964744Z   [apply] _remaining
2026-10-09T19:57:58.6964824Z 
2026-10-09T19:57:58.6964982Z Note: This linter can be disabled with `set_option linter.unusedVariables false`
2026-10-09T19:57:58.6965384Z warning: packages/syntax/src/Ps/Syntax/Lexer.lean:406:11: Variable name `remaining` is not explicitly referenced.
2026-10-09T19:57:58.6965612Z 
2026-10-09T19:57:58.6965896Z Hint: The binding can be removed (if unused) or named `_` (if used implicitly). Alternatively, prefix the name with `_` to silence this warning:
2026-10-09T19:57:58.6966338Z   [apply] _remaining
2026-10-09T19:57:58.6966419Z 
2026-10-09T19:57:58.6966577Z Note: This linter can be disabled with `set_option linter.unusedVariables false`
2026-10-09T19:57:58.6966975Z warning: packages/syntax/src/Ps/Syntax/Lexer.lean:406:82: Variable name `charsRev` is not explicitly referenced.
2026-10-09T19:57:58.6967199Z 
2026-10-09T19:57:58.6967484Z Hint: The binding can be removed (if unused) or named `_` (if used implicitly). Alternatively, prefix the name with `_` to silence this warning:
2026-10-09T19:57:58.6967800Z   [apply] _charsRev
2026-10-09T19:57:58.6967876Z 
2026-10-09T19:57:58.6968033Z Note: This linter can be disabled with `set_option linter.unusedVariables false`
2026-10-09T19:57:58.6968317Z ⚠ [9/145] Replayed Ps.Syntax.ParserState
2026-10-09T19:57:58.6968666Z warning: packages/syntax/src/Ps/Syntax/ParserState.lean:30:20: Variable name `rest` is not explicitly referenced.
2026-10-09T19:57:58.6968933Z 
2026-10-09T19:57:58.6969230Z Hint: The binding can be removed (if unused) or named `_` (if used implicitly). Alternatively, prefix the name with `_` to silence this warning:
2026-10-09T19:57:58.6969542Z   [apply] _rest
2026-10-09T19:57:58.6969615Z 
2026-10-09T19:57:58.6969774Z Note: This linter can be disabled with `set_option linter.unusedVariables false`
2026-10-09T19:57:58.6970040Z ⚠ [21/145] Replayed Ps.Core.Abstract
2026-10-09T19:57:58.6970369Z warning: packages/core/src/Ps/Core/Abstract.lean:8:11: Variable name `depth` is not explicitly referenced.
2026-10-09T19:57:58.6970583Z 
2026-10-09T19:57:58.6970869Z Hint: The binding can be removed (if unused) or named `_` (if used implicitly). Alternatively, prefix the name with `_` to silence this warning:
2026-10-09T19:57:58.6971182Z   [apply] _depth
2026-10-09T19:57:58.6971254Z 
2026-10-09T19:57:58.6971414Z Note: This linter can be disabled with `set_option linter.unusedVariables false`
2026-10-09T19:57:58.6971809Z warning: packages/core/src/Ps/Core/Abstract.lean:16:11: Variable name `depth` is not explicitly referenced.
2026-10-09T19:57:58.6972024Z 
2026-10-09T19:57:58.6972313Z Hint: The binding can be removed (if unused) or named `_` (if used implicitly). Alternatively, prefix the name with `_` to silence this warning:
2026-10-09T19:57:58.6972632Z   [apply] _depth
2026-10-09T19:57:58.6972702Z 
2026-10-09T19:57:58.6972862Z Note: This linter can be disabled with `set_option linter.unusedVariables false`
2026-10-09T19:57:58.6973249Z warning: packages/core/src/Ps/Core/Abstract.lean:18:11: Variable name `depth` is not explicitly referenced.
2026-10-09T19:57:58.6973462Z 
2026-10-09T19:57:58.6973750Z Hint: The binding can be removed (if unused) or named `_` (if used implicitly). Alternatively, prefix the name with `_` to silence this warning:
2026-10-09T19:57:58.6974064Z   [apply] _depth
2026-10-09T19:57:58.6974302Z 
2026-10-09T19:57:58.6974465Z Note: This linter can be disabled with `set_option linter.unusedVariables false`
2026-10-09T19:57:58.6974856Z warning: packages/core/src/Ps/Core/Abstract.lean:20:11: Variable name `depth` is not explicitly referenced.
2026-10-09T19:57:58.6975188Z 
2026-10-09T19:57:58.6975477Z Hint: The binding can be removed (if unused) or named `_` (if used implicitly). Alternatively, prefix the name with `_` to silence this warning:
2026-10-09T19:57:58.6975792Z   [apply] _depth
2026-10-09T19:57:58.6975864Z 
2026-10-09T19:57:58.6976021Z Note: This linter can be disabled with `set_option linter.unusedVariables false`
2026-10-09T19:57:58.6976409Z warning: packages/core/src/Ps/Core/Abstract.lean:66:11: Variable name `depth` is not explicitly referenced.
2026-10-09T19:57:58.6976625Z 
2026-10-09T19:57:58.6976912Z Hint: The binding can be removed (if unused) or named `_` (if used implicitly). Alternatively, prefix the name with `_` to silence this warning:
2026-10-09T19:57:58.6977232Z   [apply] _depth
2026-10-09T19:57:58.6977303Z 
2026-10-09T19:57:58.6977461Z Note: This linter can be disabled with `set_option linter.unusedVariables false`
2026-10-09T19:57:58.6977818Z ⚠ [22/145] Replayed Ps.Core.Subst
2026-10-09T19:57:58.6978142Z warning: packages/core/src/Ps/Core/Subst.lean:14:11: Variable name `cutoff` is not explicitly referenced.
2026-10-09T19:57:58.6978353Z 
2026-10-09T19:57:58.6978641Z Hint: The binding can be removed (if unused) or named `_` (if used implicitly). Alternatively, prefix the name with `_` to silence this warning:
2026-10-09T19:57:58.6978953Z   [apply] _cutoff
2026-10-09T19:57:58.6979029Z 
2026-10-09T19:57:58.6979191Z Note: This linter can be disabled with `set_option linter.unusedVariables false`
2026-10-09T19:57:58.6979570Z warning: packages/core/src/Ps/Core/Subst.lean:16:11: Variable name `cutoff` is not explicitly referenced.
2026-10-09T19:57:58.6979779Z 
2026-10-09T19:57:58.6980067Z Hint: The binding can be removed (if unused) or named `_` (if used implicitly). Alternatively, prefix the name with `_` to silence this warning:
2026-10-09T19:57:58.6980378Z   [apply] _cutoff
2026-10-09T19:57:58.6980459Z 
2026-10-09T19:57:58.6980620Z Note: This linter can be disabled with `set_option linter.unusedVariables false`
2026-10-09T19:57:58.6981002Z warning: packages/core/src/Ps/Core/Subst.lean:18:11: Variable name `cutoff` is not explicitly referenced.
2026-10-09T19:57:58.6981210Z 
2026-10-09T19:57:58.6981500Z Hint: The binding can be removed (if unused) or named `_` (if used implicitly). Alternatively, prefix the name with `_` to silence this warning:
2026-10-09T19:57:58.6981810Z   [apply] _cutoff
2026-10-09T19:57:58.6981882Z 
2026-10-09T19:57:58.6982042Z Note: This linter can be disabled with `set_option linter.unusedVariables false`
2026-10-09T19:57:58.6982420Z warning: packages/core/src/Ps/Core/Subst.lean:20:11: Variable name `cutoff` is not explicitly referenced.
2026-10-09T19:57:58.6982629Z 
2026-10-09T19:57:58.6982915Z Hint: The binding can be removed (if unused) or named `_` (if used implicitly). Alternatively, prefix the name with `_` to silence this warning:
2026-10-09T19:57:58.6983229Z   [apply] _cutoff
2026-10-09T19:57:58.6983301Z 
2026-10-09T19:57:58.6983461Z Note: This linter can be disabled with `set_option linter.unusedVariables false`
2026-10-09T19:57:58.6983839Z warning: packages/core/src/Ps/Core/Subst.lean:66:11: Variable name `cutoff` is not explicitly referenced.
2026-10-09T19:57:58.6984048Z 
2026-10-09T19:57:58.6984405Z Hint: The binding can be removed (if unused) or named `_` (if used implicitly). Alternatively, prefix the name with `_` to silence this warning:
2026-10-09T19:57:58.6984719Z   [apply] _cutoff
2026-10-09T19:57:58.6984792Z 
2026-10-09T19:57:58.6984952Z Note: This linter can be disabled with `set_option linter.unusedVariables false`
2026-10-09T19:57:58.6985329Z warning: packages/core/src/Ps/Core/Subst.lean:94:11: Variable name `depth` is not explicitly referenced.
2026-10-09T19:57:58.6985537Z 
2026-10-09T19:57:58.6985822Z Hint: The binding can be removed (if unused) or named `_` (if used implicitly). Alternatively, prefix the name with `_` to silence this warning:
2026-10-09T19:57:58.6986135Z   [apply] _depth
2026-10-09T19:57:58.6986206Z 
2026-10-09T19:57:58.6986461Z Note: This linter can be disabled with `set_option linter.unusedVariables false`
2026-10-09T19:57:58.6986839Z warning: packages/core/src/Ps/Core/Subst.lean:96:11: Variable name `depth` is not explicitly referenced.
2026-10-09T19:57:58.6987048Z 
2026-10-09T19:57:58.6987335Z Hint: The binding can be removed (if unused) or named `_` (if used implicitly). Alternatively, prefix the name with `_` to silence this warning:
2026-10-09T19:57:58.6987646Z   [apply] _depth
2026-10-09T19:57:58.6987718Z 
2026-10-09T19:57:58.6987878Z Note: This linter can be disabled with `set_option linter.unusedVariables false`
2026-10-09T19:57:58.6988254Z warning: packages/core/src/Ps/Core/Subst.lean:98:11: Variable name `depth` is not explicitly referenced.
2026-10-09T19:57:58.6988461Z 
2026-10-09T19:57:58.6988749Z Hint: The binding can be removed (if unused) or named `_` (if used implicitly). Alternatively, prefix the name with `_` to silence this warning:
2026-10-09T19:57:58.6989149Z   [apply] _depth
2026-10-09T19:57:58.6989219Z 
2026-10-09T19:57:58.6989381Z Note: This linter can be disabled with `set_option linter.unusedVariables false`
2026-10-09T19:57:58.6989763Z warning: packages/core/src/Ps/Core/Subst.lean:100:11: Variable name `depth` is not explicitly referenced.
2026-10-09T19:57:58.6989973Z 
2026-10-09T19:57:58.6990260Z Hint: The binding can be removed (if unused) or named `_` (if used implicitly). Alternatively, prefix the name with `_` to silence this warning:
2026-10-09T19:57:58.6990574Z   [apply] _depth
2026-10-09T19:57:58.6990643Z 
2026-10-09T19:57:58.6990806Z Note: This linter can be disabled with `set_option linter.unusedVariables false`
2026-10-09T19:57:58.6991191Z warning: packages/core/src/Ps/Core/Subst.lean:146:11: Variable name `depth` is not explicitly referenced.
2026-10-09T19:57:58.6991399Z 
2026-10-09T19:57:58.6991687Z Hint: The binding can be removed (if unused) or named `_` (if used implicitly). Alternatively, prefix the name with `_` to silence this warning:
2026-10-09T19:57:58.6992007Z   [apply] _depth
2026-10-09T19:57:58.6992076Z 
2026-10-09T19:57:58.6992239Z Note: This linter can be disabled with `set_option linter.unusedVariables false`
2026-10-09T19:57:58.6992517Z ⚠ [33/145] Replayed Ps.Core.LevelSubst
2026-10-09T19:57:58.6992853Z warning: packages/core/src/Ps/Core/LevelSubst.lean:8:11: Variable name `arguments` is not explicitly referenced.
2026-10-09T19:57:58.6993081Z 
2026-10-09T19:57:58.6993369Z Hint: The binding can be removed (if unused) or named `_` (if used implicitly). Alternatively, prefix the name with `_` to silence this warning:
2026-10-09T19:57:58.6993683Z   [apply] _arguments
2026-10-09T19:57:58.6993762Z 
2026-10-09T19:57:58.6993923Z Note: This linter can be disabled with `set_option linter.unusedVariables false`
2026-10-09T19:57:58.6994526Z warning: packages/core/src/Ps/Core/LevelSubst.lean:9:13: Variable name `target` is not explicitly referenced.
2026-10-09T19:57:58.6994748Z 
2026-10-09T19:57:58.6995044Z Hint: The binding can be removed (if unused) or named `_` (if used implicitly). Alternatively, prefix the name with `_` to silence this warning:
2026-10-09T19:57:58.6995360Z   [apply] _target
2026-10-09T19:57:58.6995437Z 
2026-10-09T19:57:58.6995598Z Note: This linter can be disabled with `set_option linter.unusedVariables false`
2026-10-09T19:57:58.6995874Z ⚠ [34/145] Replayed Ps.Meta.LevelContext
2026-10-09T19:57:58.6996226Z warning: packages/meta/src/Ps/Meta/LevelContext.lean:59:4: Variable name `assignment` is not explicitly referenced.
2026-10-09T19:57:58.6996455Z 
2026-10-09T19:57:58.6996742Z Hint: The binding can be removed (if unused) or named `_` (if used implicitly). Alternatively, prefix the name with `_` to silence this warning:
2026-10-09T19:57:58.6997060Z   [apply] _assignment
2026-10-09T19:57:58.6997138Z 
2026-10-09T19:57:58.6997299Z Note: This linter can be disabled with `set_option linter.unusedVariables false`
2026-10-09T19:57:58.6997586Z ⚠ [39/145] Replayed Ps.Meta.Unify
2026-10-09T19:57:58.6997916Z warning: packages/meta/src/Ps/Meta/Unify.lean:90:11: Variable name `environment` is not explicitly referenced.
2026-10-09T19:57:58.6998136Z 
2026-10-09T19:57:58.6998526Z Hint: The binding can be removed (if unused) or named `_` (if used implicitly). Alternatively, prefix the name with `_` to silence this warning:
2026-10-09T19:57:58.6998845Z   [apply] _environment
2026-10-09T19:57:58.6998927Z 
2026-10-09T19:57:58.6999089Z Note: This linter can be disabled with `set_option linter.unusedVariables false`
2026-10-09T19:57:58.6999487Z warning: packages/meta/src/Ps/Meta/Unify.lean:91:11: Variable name `localContext` is not explicitly referenced.
2026-10-09T19:57:58.6999709Z 
2026-10-09T19:57:58.6999996Z Hint: The binding can be removed (if unused) or named `_` (if used implicitly). Alternatively, prefix the name with `_` to silence this warning:
2026-10-09T19:57:58.7000313Z   [apply] _localContext
2026-10-09T19:57:58.7000398Z 
2026-10-09T19:57:58.7000560Z Note: This linter can be disabled with `set_option linter.unusedVariables false`
2026-10-09T19:57:58.7001025Z warning: packages/meta/src/Ps/Meta/Unify.lean:93:11: Variable name `left` is not explicitly referenced.
2026-10-09T19:57:58.7001233Z 
2026-10-09T19:57:58.7001523Z Hint: The binding can be removed (if unused) or named `_` (if used implicitly). Alternatively, prefix the name with `_` to silence this warning:
2026-10-09T19:57:58.7001836Z   [apply] _left
2026-10-09T19:57:58.7001909Z 
2026-10-09T19:57:58.7002069Z Note: This linter can be disabled with `set_option linter.unusedVariables false`
2026-10-09T19:57:58.7002450Z warning: packages/meta/src/Ps/Meta/Unify.lean:94:11: Variable name `right` is not explicitly referenced.
2026-10-09T19:57:58.7002659Z 
2026-10-09T19:57:58.7002946Z Hint: The binding can be removed (if unused) or named `_` (if used implicitly). Alternatively, prefix the name with `_` to silence this warning:
2026-10-09T19:57:58.7003264Z   [apply] _right
2026-10-09T19:57:58.7003338Z 
2026-10-09T19:57:58.7003499Z Note: This linter can be disabled with `set_option linter.unusedVariables false`
2026-10-09T19:57:58.7003897Z warning: packages/meta/src/Ps/Meta/Unify.lean:178:17: Variable name `leftName` is not explicitly referenced.
2026-10-09T19:57:58.7004184Z 
2026-10-09T19:57:58.7004472Z Hint: The binding can be removed (if unused) or named `_` (if used implicitly). Alternatively, prefix the name with `_` to silence this warning:
2026-10-09T19:57:58.7004787Z   [apply] _leftName
2026-10-09T19:57:58.7004864Z 
2026-10-09T19:57:58.7005024Z Note: This linter can be disabled with `set_option linter.unusedVariables false`
2026-10-09T19:57:58.7005412Z warning: packages/meta/src/Ps/Meta/Unify.lean:207:21: Variable name `leftName` is not explicitly referenced.
2026-10-09T19:57:58.7005628Z 
2026-10-09T19:57:58.7005917Z Hint: The binding can be removed (if unused) or named `_` (if used implicitly). Alternatively, prefix the name with `_` to silence this warning:
2026-10-09T19:57:58.7006231Z   [apply] _leftName
2026-10-09T19:57:58.7006306Z 
2026-10-09T19:57:58.7006470Z Note: This linter can be disabled with `set_option linter.unusedVariables false`
2026-10-09T19:57:58.7006742Z ⚠ [42/145] Replayed Ps.Elab.Literal
2026-10-09T19:57:58.7007064Z warning: packages/elab/src/Ps/Elab/Literal.lean:166:11: Variable name `chars` is not explicitly referenced.
2026-10-09T19:57:58.7007278Z 
2026-10-09T19:57:58.7007564Z Hint: The binding can be removed (if unused) or named `_` (if used implicitly). Alternatively, prefix the name with `_` to silence this warning:
2026-10-09T19:57:58.7007878Z   [apply] _chars
2026-10-09T19:57:58.7007949Z 
2026-10-09T19:57:58.7008110Z Note: This linter can be disabled with `set_option linter.unusedVariables false`
2026-10-09T19:57:58.7008504Z warning: packages/elab/src/Ps/Elab/Literal.lean:167:13: Variable name `charsRev` is not explicitly referenced.
2026-10-09T19:57:58.7008726Z 
2026-10-09T19:57:58.7009009Z Hint: The binding can be removed (if unused) or named `_` (if used implicitly). Alternatively, prefix the name with `_` to silence this warning:
2026-10-09T19:57:58.7009329Z   [apply] _charsRev
2026-10-09T19:57:58.7009405Z 
2026-10-09T19:57:58.7009659Z Note: This linter can be disabled with `set_option linter.unusedVariables false`
2026-10-09T19:57:58.7009927Z ⚠ [43/145] Replayed Ps.Elab.Term
2026-10-09T19:57:58.7010245Z warning: packages/elab/src/Ps/Elab/Term.lean:2781:11: Variable name `context` is not explicitly referenced.
2026-10-09T19:57:58.7010463Z 
2026-10-09T19:57:58.7010752Z Hint: The binding can be removed (if unused) or named `_` (if used implicitly). Alternatively, prefix the name with `_` to silence this warning:
2026-10-09T19:57:58.7011068Z   [apply] _context
2026-10-09T19:57:58.7011143Z 
2026-10-09T19:57:58.7011303Z Note: This linter can be disabled with `set_option linter.unusedVariables false`
2026-10-09T19:57:58.7011691Z warning: packages/elab/src/Ps/Elab/Term.lean:2782:13: Variable name `recursion` is not explicitly referenced.
2026-10-09T19:57:58.7011908Z 
2026-10-09T19:57:58.7012195Z Hint: The binding can be removed (if unused) or named `_` (if used implicitly). Alternatively, prefix the name with `_` to silence this warning:
2026-10-09T19:57:58.7012596Z   [apply] _recursion
2026-10-09T19:57:58.7012680Z 
2026-10-09T19:57:58.7012840Z Note: This linter can be disabled with `set_option linter.unusedVariables false`
2026-10-09T19:57:58.7013222Z warning: packages/elab/src/Ps/Elab/Term.lean:2783:15: Variable name `index` is not explicitly referenced.
2026-10-09T19:57:58.7013432Z 
2026-10-09T19:57:58.7013719Z Hint: The binding can be removed (if unused) or named `_` (if used implicitly). Alternatively, prefix the name with `_` to silence this warning:
2026-10-09T19:57:58.7014033Z   [apply] _index
2026-10-09T19:57:58.7014176Z 
2026-10-09T19:57:58.7014337Z Note: This linter can be disabled with `set_option linter.unusedVariables false`
2026-10-09T19:57:58.7014604Z ⚠ [48/145] Replayed Ps.Erasure.Expr
2026-10-09T19:57:58.7014936Z warning: packages/erasure/src/Ps/Erasure/Expr.lean:917:21: Variable name `name` is not explicitly referenced.
2026-10-09T19:57:58.7015166Z 
2026-10-09T19:57:58.7015459Z Hint: The binding can be removed (if unused) or named `_` (if used implicitly). Alternatively, prefix the name with `_` to silence this warning:
2026-10-09T19:57:58.7015775Z   [apply] _name
2026-10-09T19:57:58.7015849Z 
2026-10-09T19:57:58.7016007Z Note: This linter can be disabled with `set_option linter.unusedVariables false`
2026-10-09T19:57:58.7016279Z ⚠ [55/145] Replayed Ps.BackendTs.Expr
2026-10-09T19:57:58.7016637Z warning: packages/backend-ts/src/Ps/BackendTs/Expr.lean:631:32: Variable name `fieldName` is not explicitly referenced.
2026-10-09T19:57:58.7016876Z 
2026-10-09T19:57:58.7017166Z Hint: The binding can be removed (if unused) or named `_` (if used implicitly). Alternatively, prefix the name with `_` to silence this warning:
2026-10-09T19:57:58.7017481Z   [apply] _fieldName
2026-10-09T19:57:58.7017561Z 
2026-10-09T19:57:58.7017720Z Note: This linter can be disabled with `set_option linter.unusedVariables false`
2026-10-09T19:57:58.7017992Z ⚠ [59/145] Replayed Ps.CompilerIr.Check
2026-10-09T19:57:58.7018356Z warning: packages/compiler-ir/src/Ps/CompilerIr/Check.lean:690:27: Variable name `scope` is not explicitly referenced.
2026-10-09T19:57:58.7018598Z 
2026-10-09T19:57:58.7018882Z Hint: The binding can be removed (if unused) or named `_` (if used implicitly). Alternatively, prefix the name with `_` to silence this warning:
2026-10-09T19:57:58.7019197Z   [apply] _scope
2026-10-09T19:57:58.7019270Z 
2026-10-09T19:57:58.7019429Z Note: This linter can be disabled with `set_option linter.unusedVariables false`
2026-10-09T19:57:58.8957978Z ✔ [131/145] Built PsKernelLean.Error (223ms)
2026-10-09T19:57:58.9958987Z ✔ [132/145] Built PsKernelLean.Error:c.o (118ms)
2026-10-09T19:57:59.5965742Z ✔ [133/145] Built PsKernelLean.Convert (713ms)
2026-10-09T19:57:59.7967653Z ✔ [134/145] Built PsKernelLean.Convert:c.o (197ms)
2026-10-09T19:58:00.4003361Z ✔ [135/145] Built PsKernelLean.Protocol (801ms)
2026-10-09T19:58:00.4004641Z ✔ [136/145] Built PsKernelLean.Prelude (810ms)
2026-10-09T19:58:00.7000250Z ✔ [137/145] Built PsKernelLean.Prelude:c.o (322ms)
2026-10-09T19:58:00.8004621Z ✔ [138/145] Built PsKernelLean.Protocol:c.o (429ms)
2026-10-09T19:58:01.1016965Z ✔ [139/145] Built PsKernelLean.Admission (720ms)
2026-10-09T19:58:01.2018121Z ✔ [140/145] Built PsKernelLean.Admission:c.o (82ms)
2026-10-09T19:58:01.8036061Z ✔ [141/145] Built Ps.Host.LeanChecked (713ms)
2026-10-09T19:58:01.9025738Z ✔ [142/145] Built Ps.Host.LeanChecked:c.o (71ms)
2026-10-09T19:58:02.7033949Z ⚠ [143/145] Built LeanCheckedSeed (840ms)
2026-10-09T19:58:02.7034564Z warning: ../scripts/LeanCheckedSeed.lean:108:13: `String.trim` has been deprecated: Use `String.trimAscii` instead
2026-10-09T19:58:02.7034809Z 
2026-10-09T19:58:02.7034919Z Note: The updated constant has a different type:
2026-10-09T19:58:02.7035139Z   String → String.Slice
2026-10-09T19:58:02.7035282Z instead of
2026-10-09T19:58:02.7035423Z   String → String
2026-10-09T19:58:02.7035755Z warning: ../scripts/LeanCheckedSeed.lean:111:18: `String.trim` has been deprecated: Use `String.trimAscii` instead
2026-10-09T19:58:02.7036387Z 
2026-10-09T19:58:02.7036506Z Note: The updated constant has a different type:
2026-10-09T19:58:02.7036705Z   String → String.Slice
2026-10-09T19:58:02.7036841Z instead of
2026-10-09T19:58:02.7036973Z   String → String
2026-10-09T19:58:03.0037525Z ✔ [144/145] Built LeanCheckedSeed:c.o (311ms)
2026-10-09T19:58:03.6043216Z ✔ [145/145] Built psc2_lean_checked_seed:exe (606ms)
2026-10-09T19:58:03.6192851Z Build completed successfully (145 jobs).
2026-10-09T19:58:03.6840745Z ##[group]Run test -x lean-checked/.lake/build/bin/psc2_lean_checked_seed
2026-10-09T19:58:03.6841065Z [36;1mtest -x lean-checked/.lake/build/bin/psc2_lean_checked_seed[0m
2026-10-09T19:58:03.6841341Z [36;1mnpm run --workspace @proofscript/pskernel-lean-wasm verify:prebuilt[0m
2026-10-09T19:58:03.6841767Z [36;1mnode --test scripts/proofscript-source.test.mjs scripts/checked-source-snapshot.test.mjs scripts/checked-seed-session.test.mjs[0m
2026-10-09T19:58:03.6842274Z [36;1mnode --test --test-name-pattern='^actual PS build (rejects|resolves|prepares)' scripts/checked-build.test.mjs[0m
2026-10-09T19:58:03.6842615Z [36;1mnode scripts/selfhost-source-isolation-tests.mjs[0m
2026-10-09T19:58:03.6842854Z [36;1mnode scripts/native-workspace-isolation.test.mjs[0m
2026-10-09T19:58:03.6895344Z shell: /usr/bin/bash -e {0}
2026-10-09T19:58:03.6895497Z env:
2026-10-09T19:58:03.6895715Z   PSC0_TSC: /home/runner/work/_temp/psc0-typescript-7.0.2/node_modules/typescript/bin/tsc
2026-10-09T19:58:03.6896005Z   PSC0_TYPESCRIPT_VERSION: 7.0.2
2026-10-09T19:58:03.6896154Z ##[endgroup]
2026-10-09T19:58:03.7842094Z 
2026-10-09T19:58:03.7842781Z > @proofscript/pskernel-lean-wasm@4.34.0 verify:prebuilt
2026-10-09T19:58:03.7843076Z > node host/verify-prebuilt.mjs
2026-10-09T19:58:03.7843184Z 
2026-10-09T19:58:03.8589788Z PSC2_LEAN_KERNEL_WASM_PREBUILT_VERIFY: PASS 2177471 bytes 1b21b2483df7e8de7542873c24eaff2501539b1b
2026-10-09T19:58:03.8973709Z TAP version 13
2026-10-09T19:58:04.1607705Z # Subtest: real lean module session emits only after the explicit Wasm check
2026-10-09T19:58:04.1610583Z ok 1 - real lean module session emits only after the explicit Wasm check
2026-10-09T19:58:04.1611772Z   ---
2026-10-09T19:58:04.1612009Z   duration_ms: 236.462314
2026-10-09T19:58:04.1612261Z   type: 'test'
2026-10-09T19:58:04.1612467Z   ...
2026-10-09T19:58:04.1957720Z # Subtest: real lean module session blocks emission on rejection
2026-10-09T19:58:04.1958330Z ok 2 - real lean module session blocks emission on rejection
2026-10-09T19:58:04.1958633Z   ---
2026-10-09T19:58:04.1958856Z   duration_ms: 35.122269
2026-10-09T19:58:04.1959081Z   type: 'test'
2026-10-09T19:58:04.1959273Z   ...
2026-10-09T19:58:04.3422635Z # Subtest: real ps module session emits only after the explicit Wasm check
2026-10-09T19:58:04.3423592Z ok 3 - real ps module session emits only after the explicit Wasm check
2026-10-09T19:58:04.3424667Z   ---
2026-10-09T19:58:04.3424898Z   duration_ms: 146.49942
2026-10-09T19:58:04.3425251Z   type: 'test'
2026-10-09T19:58:04.3425441Z   ...
2026-10-09T19:58:04.3714294Z # Subtest: real ps module session blocks emission on rejection
2026-10-09T19:58:04.3714978Z ok 4 - real ps module session blocks emission on rejection
2026-10-09T19:58:04.3715345Z   ---
2026-10-09T19:58:04.3715573Z   duration_ms: 28.619209
2026-10-09T19:58:04.3715840Z   type: 'test'
2026-10-09T19:58:04.3716038Z   ...
2026-10-09T19:58:04.3716362Z # Subtest: module partition must exactly reproduce the immutable source
2026-10-09T19:58:04.3716736Z ok 5 - module partition must exactly reproduce the immutable source
2026-10-09T19:58:04.3716967Z   ---
2026-10-09T19:58:04.3717097Z   duration_ms: 0.440552
2026-10-09T19:58:04.3717238Z   type: 'test'
2026-10-09T19:58:04.3717362Z   ...
2026-10-09T19:58:04.3782250Z # Subtest: standalone source snapshot does not reread changed files
2026-10-09T19:58:04.3782809Z ok 6 - standalone source snapshot does not reread changed files
2026-10-09T19:58:04.3783456Z   ---
2026-10-09T19:58:04.3783648Z   duration_ms: 14.275511
2026-10-09T19:58:04.3783881Z   type: 'test'
2026-10-09T19:58:04.3784061Z   ...
2026-10-09T19:58:04.3789830Z # Subtest: PS dependency cannot be shadowed by Lean sibling
2026-10-09T19:58:04.3804795Z ok 7 - PS dependency cannot be shadowed by Lean sibling
2026-10-09T19:58:04.3805389Z   ---
2026-10-09T19:58:04.3805581Z   duration_ms: 10.45188
2026-10-09T19:58:04.3805788Z   type: 'test'
2026-10-09T19:58:04.3805974Z   ...
2026-10-09T19:58:04.3806588Z # Subtest: missing PS dependency cannot fall back to Lean
2026-10-09T19:58:04.3806969Z ok 8 - missing PS dependency cannot fall back to Lean
2026-10-09T19:58:04.3807233Z   ---
2026-10-09T19:58:04.3807411Z   duration_ms: 2.978877
2026-10-09T19:58:04.3807613Z   type: 'test'
2026-10-09T19:58:04.3807788Z   ...
2026-10-09T19:58:04.3807979Z # Subtest: cycles rejected
2026-10-09T19:58:04.3808128Z ok 9 - cycles rejected
2026-10-09T19:58:04.3808255Z   ---
2026-10-09T19:58:04.3808365Z   duration_ms: 2.174789
2026-10-09T19:58:04.3808509Z   type: 'test'
2026-10-09T19:58:04.3820907Z   ...
2026-10-09T19:58:04.3821209Z # Subtest: symlink dependency escape rejected
2026-10-09T19:58:04.3821475Z ok 10 - symlink dependency escape rejected
2026-10-09T19:58:04.3821642Z   ---
2026-10-09T19:58:04.3821786Z   duration_ms: 2.16169
2026-10-09T19:58:04.3821921Z   type: 'test'
2026-10-09T19:58:04.3822037Z   ...
2026-10-09T19:58:04.3822263Z # Subtest: generated manifest is verified by the same production resolver
2026-10-09T19:58:04.3822723Z ok 11 - generated manifest is verified by the same production resolver
2026-10-09T19:58:04.3823125Z   ---
2026-10-09T19:58:04.3823304Z   duration_ms: 7.270227
2026-10-09T19:58:04.3823516Z   type: 'test'
2026-10-09T19:58:04.3823735Z   ...
2026-10-09T19:58:04.3823948Z # Subtest: PS snapshot requires an actual parser adapter
2026-10-09T19:58:04.3824390Z ok 12 - PS snapshot requires an actual parser adapter
2026-10-09T19:58:04.3824654Z   ---
2026-10-09T19:58:04.3824832Z   duration_ms: 1.645112
2026-10-09T19:58:04.3825039Z   type: 'test'
2026-10-09T19:58:04.3825214Z   ...
2026-10-09T19:58:04.3825426Z # Subtest: PS snapshot validates raw import bytes before dependency access
2026-10-09T19:58:04.3825739Z ok 13 - PS snapshot validates raw import bytes before dependency access
2026-10-09T19:58:04.3825942Z   ---
2026-10-09T19:58:04.3826057Z   duration_ms: 2.239727
2026-10-09T19:58:04.3826193Z   type: 'test'
2026-10-09T19:58:04.3826310Z   ...
2026-10-09T19:58:04.3826493Z # Subtest: PS import cycles retain their dependency error
2026-10-09T19:58:04.3826737Z ok 14 - PS import cycles retain their dependency error
2026-10-09T19:58:04.3826913Z   ---
2026-10-09T19:58:04.3827026Z   duration_ms: 5.556341
2026-10-09T19:58:04.3827160Z   type: 'test'
2026-10-09T19:58:04.3827275Z   ...
2026-10-09T19:58:04.3827509Z # Subtest: generated source adapter delegates complete raw source and AST import names
2026-10-09T19:58:04.3827871Z ok 15 - generated source adapter delegates complete raw source and AST import names
2026-10-09T19:58:04.3828103Z   ---
2026-10-09T19:58:04.3828222Z   duration_ms: 1.386193
2026-10-09T19:58:04.3828353Z   type: 'test'
2026-10-09T19:58:04.3828473Z   ...
2026-10-09T19:58:04.3828708Z # Subtest: generated parser errors and missing parser API cannot become empty imports
2026-10-09T19:58:04.3829064Z ok 16 - generated parser errors and missing parser API cannot become empty imports
2026-10-09T19:58:04.3829286Z   ---
2026-10-09T19:58:04.3829401Z   duration_ms: 0.515275
2026-10-09T19:58:04.3829530Z   type: 'test'
2026-10-09T19:58:04.3829646Z   ...
2026-10-09T19:58:04.3829878Z # Subtest: generated import-list shape failure cannot silently hide a dependency
2026-10-09T19:58:04.3830210Z ok 17 - generated import-list shape failure cannot silently hide a dependency
2026-10-09T19:58:04.3830426Z   ---
2026-10-09T19:58:04.3830537Z   duration_ms: 0.161122
2026-10-09T19:58:04.3830669Z   type: 'test'
2026-10-09T19:58:04.3830784Z   ...
2026-10-09T19:58:04.3831059Z # Subtest: current PS host refuses historical and mismatched compiler grammar identities before parsing
2026-10-09T19:58:04.3831689Z ok 18 - current PS host refuses historical and mismatched compiler grammar identities before parsing
2026-10-09T19:58:04.3831941Z   ---
2026-10-09T19:58:04.3832057Z   duration_ms: 0.231027
2026-10-09T19:58:04.3832186Z   type: 'test'
2026-10-09T19:58:04.3832305Z   ...
2026-10-09T19:58:04.3832572Z # Subtest: reusable PS preparation rejects old and mismatched grammars before compiler operations
2026-10-09T19:58:04.3833081Z ok 19 - reusable PS preparation rejects old and mismatched grammars before compiler operations
2026-10-09T19:58:04.3833326Z   ---
2026-10-09T19:58:04.3833461Z   duration_ms: 0.655075
2026-10-09T19:58:04.3833589Z   type: 'test'
2026-10-09T19:58:04.3833709Z   ...
2026-10-09T19:58:04.3833935Z # Subtest: reusable current PS preparation binds grammar in cold and warm receipts
2026-10-09T19:58:04.3834625Z ok 20 - reusable current PS preparation binds grammar in cold and warm receipts
2026-10-09T19:58:04.3834951Z   ---
2026-10-09T19:58:04.3835083Z   duration_ms: 1.321095
2026-10-09T19:58:04.3835218Z   type: 'test'
2026-10-09T19:58:04.3835333Z   ...
2026-10-09T19:58:04.3835603Z # Subtest: reusable historical Lean preparation retains its receipt and warm state after PS refusal
2026-10-09T19:58:04.3836010Z ok 21 - reusable historical Lean preparation retains its receipt and warm state after PS refusal
2026-10-09T19:58:04.3836257Z   ---
2026-10-09T19:58:04.3836369Z   duration_ms: 0.550197
2026-10-09T19:58:04.3836499Z   type: 'test'
2026-10-09T19:58:04.3836614Z   ...
2026-10-09T19:58:04.3836886Z # Subtest: actual native parser discovers commented imports and preserves legal literal/comment bytes
2026-10-09T19:58:04.3837302Z ok 22 - actual native parser discovers commented imports and preserves legal literal/comment bytes
2026-10-09T19:58:04.3837550Z   ---
2026-10-09T19:58:04.3837668Z   duration_ms: 44.263799
2026-10-09T19:58:04.3837803Z   type: 'test'
2026-10-09T19:58:04.3837923Z   ...
2026-10-09T19:58:04.3838099Z # Subtest: actual native parser rejects semicolon import
2026-10-09T19:58:04.3838344Z ok 23 - actual native parser rejects semicolon import
2026-10-09T19:58:04.3838514Z   ---
2026-10-09T19:58:04.3838628Z   duration_ms: 36.230766
2026-10-09T19:58:04.3838759Z   type: 'test'
2026-10-09T19:58:04.3838873Z   ...
2026-10-09T19:58:04.3839042Z # Subtest: actual native parser rejects tab in import
2026-10-09T19:58:04.3839266Z ok 24 - actual native parser rejects tab in import
2026-10-09T19:58:04.3839436Z   ---
2026-10-09T19:58:04.3839549Z   duration_ms: 28.126815
2026-10-09T19:58:04.3839687Z   type: 'test'
2026-10-09T19:58:04.3839801Z   ...
2026-10-09T19:58:04.3839978Z # Subtest: actual native parser rejects lone CR in import
2026-10-09T19:58:04.3840219Z ok 25 - actual native parser rejects lone CR in import
2026-10-09T19:58:04.3840387Z   ---
2026-10-09T19:58:04.3840500Z   duration_ms: 27.833204
2026-10-09T19:58:04.3840631Z   type: 'test'
2026-10-09T19:58:04.3840749Z   ...
2026-10-09T19:58:04.3840943Z # Subtest: actual native parser rejects old declaration separator
2026-10-09T19:58:04.3841225Z ok 26 - actual native parser rejects old declaration separator
2026-10-09T19:58:04.3841432Z   ---
2026-10-09T19:58:04.3841546Z   duration_ms: 37.218749
2026-10-09T19:58:04.3841679Z   type: 'test'
2026-10-09T19:58:04.3841793Z   ...
2026-10-09T19:58:04.3842028Z # Subtest: PS file reads reject malformed UTF-8 and retain a leading BOM for the lexer
2026-10-09T19:58:04.3842371Z ok 27 - PS file reads reject malformed UTF-8 and retain a leading BOM for the lexer
2026-10-09T19:58:04.3842591Z   ---
2026-10-09T19:58:04.3842705Z   duration_ms: 12.643949
2026-10-09T19:58:04.3842835Z   type: 'test'
2026-10-09T19:58:04.3842949Z   ...
2026-10-09T19:58:04.3843053Z 1..27
2026-10-09T19:58:04.3843162Z # tests 27
2026-10-09T19:58:04.3843273Z # suites 0
2026-10-09T19:58:04.3843386Z # pass 27
2026-10-09T19:58:04.3843495Z # fail 0
2026-10-09T19:58:04.3843606Z # cancelled 0
2026-10-09T19:58:04.3843727Z # skipped 0
2026-10-09T19:58:04.3843836Z # todo 0
2026-10-09T19:58:04.3843958Z # duration_ms 492.533815
2026-10-09T19:58:04.4105705Z TAP version 13
2026-10-09T19:58:04.5552338Z # Subtest: actual PS build rejects semicolon import before dependency lookup
2026-10-09T19:58:04.5556038Z ok 1 - actual PS build rejects semicolon import before dependency lookup
2026-10-09T19:58:04.5556481Z   ---
2026-10-09T19:58:04.5557685Z   duration_ms: 113.616676
2026-10-09T19:58:04.5557863Z   type: 'test'
2026-10-09T19:58:04.5557985Z   ...
2026-10-09T19:58:04.6657980Z # Subtest: actual PS build rejects tab in import before dependency lookup
2026-10-09T19:58:04.6659139Z ok 2 - actual PS build rejects tab in import before dependency lookup
2026-10-09T19:58:04.6659701Z   ---
2026-10-09T19:58:04.6660148Z   duration_ms: 110.637318
2026-10-09T19:58:04.6660327Z   type: 'test'
2026-10-09T19:58:04.6660450Z   ...
2026-10-09T19:58:04.7811698Z # Subtest: actual PS build resolves a commented unused import and cannot ignore a missing file
2026-10-09T19:58:04.7812804Z ok 3 - actual PS build resolves a commented unused import and cannot ignore a missing file
2026-10-09T19:58:04.7813317Z   ---
2026-10-09T19:58:04.7813451Z   duration_ms: 115.382796
2026-10-09T19:58:04.7813597Z   type: 'test'
2026-10-09T19:58:04.7813717Z   ...
2026-10-09T19:58:05.0566097Z # Subtest: actual PS build prepares complete imported modules in dependency order
2026-10-09T19:58:05.0566889Z ok 4 - actual PS build prepares complete imported modules in dependency order
2026-10-09T19:58:05.0567303Z   ---
2026-10-09T19:58:05.0567522Z   duration_ms: 275.479717
2026-10-09T19:58:05.0567799Z   type: 'test'
2026-10-09T19:58:05.0568027Z   ...
2026-10-09T19:58:05.0641486Z 1..4
2026-10-09T19:58:05.0641699Z # tests 4
2026-10-09T19:58:05.0641896Z # suites 0
2026-10-09T19:58:05.0642069Z # pass 4
2026-10-09T19:58:05.0642239Z # fail 0
2026-10-09T19:58:05.0642413Z # cancelled 0
2026-10-09T19:58:05.0642636Z # skipped 0
2026-10-09T19:58:05.0642837Z # todo 0
2026-10-09T19:58:05.0643102Z # duration_ms 660.55021
2026-10-09T19:58:05.2072330Z PSC2_SELFHOST_SOURCE_ISOLATION_CASE: PASS nested generated workspace without stdlib
2026-10-09T19:58:05.3243293Z PSC2_SELFHOST_SOURCE_ISOLATION_CASE: PASS isolated generated workspace without stdlib
2026-10-09T19:58:05.4375892Z PSC2_SELFHOST_SOURCE_ISOLATION_CASE: PASS stale Lean sibling cannot shadow canonical PS
2026-10-09T19:58:05.4722176Z PSC2_SELFHOST_SOURCE_ISOLATION_CASE: PASS tampered source bytes
2026-10-09T19:58:05.5054844Z PSC2_SELFHOST_SOURCE_ISOLATION_CASE: PASS missing PS cannot fall back to Lean
2026-10-09T19:58:05.5387911Z PSC2_SELFHOST_SOURCE_ISOLATION_CASE: PASS unlisted imported source
2026-10-09T19:58:05.5734850Z PSC2_SELFHOST_SOURCE_ISOLATION_CASE: PASS manifest includes unreachable source
2026-10-09T19:58:05.6075836Z PSC2_SELFHOST_SOURCE_ISOLATION_CASE: PASS manifest entry mismatch
2026-10-09T19:58:05.6439466Z PSC2_SELFHOST_SOURCE_ISOLATION_CASE: PASS malformed manifest cannot fall back to parent
2026-10-09T19:58:05.6779268Z PSC2_SELFHOST_SOURCE_ISOLATION_CASE: PASS generation tag mismatch
2026-10-09T19:58:05.7119369Z PSC2_SELFHOST_SOURCE_ISOLATION_CASE: PASS ambiguous generation manifests
2026-10-09T19:58:05.7488889Z PSC2_SELFHOST_SOURCE_ISOLATION_CASE: PASS symlink cannot escape generated root
2026-10-09T19:58:05.7859792Z PSC2_SELFHOST_SOURCE_ISOLATION_CASE: PASS cyclic source imports
2026-10-09T19:58:05.9024876Z PSC2_SELFHOST_SOURCE_ISOLATION_CASE: PASS selfhost generation manifest accepted
2026-10-09T19:58:05.9043618Z PSC2_SELFHOST_SOURCE_ISOLATION: PASS (14 passed; 0 platform skips; compiler double and pinned TypeScript)
2026-10-09T19:58:05.9620811Z PSC2_NATIVE_WORKSPACE_ISOLATION: PASS (bootstrap, selfhost and project roots without stdlib; original sources rejected)
2026-10-09T19:58:05.9719452Z ##[group]Run node scripts/selfhost-replay-runtime.test.mjs
2026-10-09T19:58:05.9719727Z [36;1mnode scripts/selfhost-replay-runtime.test.mjs[0m
2026-10-09T19:58:05.9719952Z [36;1mnode scripts/checked-erasure-name-index.test.mjs[0m
2026-10-09T19:58:05.9774263Z shell: /usr/bin/bash -e {0}
2026-10-09T19:58:05.9774436Z env:
2026-10-09T19:58:05.9774797Z   PSC0_TSC: /home/runner/work/_temp/psc0-typescript-7.0.2/node_modules/typescript/bin/tsc
2026-10-09T19:58:05.9775053Z   PSC0_TYPESCRIPT_VERSION: 7.0.2
2026-10-09T19:58:05.9775206Z ##[endgroup]
2026-10-09T19:58:06.2493179Z PSC2_NATIVE_TYPESCRIPT_CLI: PASS (exact profile, unrelated config, installed override and PATH discovery, precompile rejection and no fallback)
2026-10-09T19:58:06.2821074Z PSC2_NATIVE_WORKSPACE_ISOLATION: PASS (bootstrap, selfhost and project roots without stdlib; original sources rejected)
2026-10-09T19:58:07.8670755Z PSC2_SELFHOST_REPLAY_RUNTIME: PASS (strict TypeScript; 20000-step recursion, function results, name collisions, generic lists and exact UTF-8 positions)
2026-10-09T19:58:07.9126846Z TAP version 13
2026-10-09T19:58:08.4184195Z # Subtest: generated erasure indexes preserve collisions, structured names, precedence and output reservations
2026-10-09T19:58:08.4188769Z ok 1 - generated erasure indexes preserve collisions, structured names, precedence and output reservations
2026-10-09T19:58:08.4189742Z   ---
2026-10-09T19:58:08.4189960Z   duration_ms: 506.782838
2026-10-09T19:58:08.4190496Z   type: 'test'
2026-10-09T19:58:08.4190686Z   ...
2026-10-09T19:58:08.4220852Z 1..1
2026-10-09T19:58:08.4221783Z # tests 1
2026-10-09T19:58:08.4222637Z # suites 0
2026-10-09T19:58:08.4223242Z # pass 1
2026-10-09T19:58:08.4223622Z # fail 0
2026-10-09T19:58:08.4225676Z # cancelled 0
2026-10-09T19:58:08.4225894Z # skipped 0
2026-10-09T19:58:08.4226093Z # todo 0
2026-10-09T19:58:08.4226387Z # duration_ms 512.999811
2026-10-09T19:58:08.4400172Z ##[group]Run node --input-type=module <<'NODE'
2026-10-09T19:58:08.4400432Z [36;1mnode --input-type=module <<'NODE'[0m
2026-10-09T19:58:08.4400615Z [36;1mimport assert from 'node:assert/strict';[0m
2026-10-09T19:58:08.4400835Z [36;1mimport { mkdir, writeFile } from 'node:fs/promises';[0m
2026-10-09T19:58:08.4401045Z [36;1mimport path from 'node:path';[0m
2026-10-09T19:58:08.4401291Z [36;1mimport { readSelectedAuthoringSeed } from './scripts/sh1-successor-seed.mjs';[0m
2026-10-09T19:58:08.4401639Z [36;1mimport { loadGeneratedCompiler } from './scripts/sh1-source-snapshot.mjs';[0m
2026-10-09T19:58:08.4401920Z [36;1mimport { valueTag } from './scripts/sh1-capabilities.mjs';[0m
2026-10-09T19:58:08.4402250Z [36;1mimport { runMigrationWorkerConformance } from './scripts/sh1-migration-worker-conformance.mjs';[0m
2026-10-09T19:58:08.4402691Z [36;1mimport { migrationWorkerAbiProbeSource, runMigrationWorkerAbiProbe } from './scripts/sh1-migration-worker-abi.mjs';[0m
2026-10-09T19:58:08.4403082Z [36;1mconst selected = await readSelectedAuthoringSeed();[0m
2026-10-09T19:58:08.4403308Z [36;1massert.equal(selected.mode, 'qualified');[0m
2026-10-09T19:58:08.4403560Z [36;1massert.equal(selected.manifest.kind, 'psc0-qualified-successor-seed');[0m
2026-10-09T19:58:08.4403891Z [36;1mconst loaded = await loadGeneratedCompiler(path.resolve(selected.compilerPath), {[0m
2026-10-09T19:58:08.4404448Z [36;1m  expectedSha256: selected.manifest.expectedArtifacts.javascriptSha256,[0m
2026-10-09T19:58:08.4404694Z [36;1m});[0m
2026-10-09T19:58:08.4404839Z [36;1mawait mkdir('dist/sh1', { recursive: true });[0m
2026-10-09T19:58:08.4405132Z [36;1mawait writeFile('dist/sh1/worker-abi-probe.lean', migrationWorkerAbiProbeSource, 'utf8');[0m
2026-10-09T19:58:08.4405420Z [36;1mconst started = performance.now();[0m
2026-10-09T19:58:08.4405664Z [36;1mconst report = runMigrationWorkerConformance(loaded.compiler, valueTag);[0m
2026-10-09T19:58:08.4405910Z [36;1massert.equal(report.cases, 87);[0m
2026-10-09T19:58:08.4406144Z [36;1mconst abiProbe = runMigrationWorkerAbiProbe(loaded.compiler, valueTag);[0m
2026-10-09T19:58:08.4406419Z [36;1massert.equal(abiProbe.signatureTypeAnnotations, 12);[0m
2026-10-09T19:58:08.4406680Z [36;1massert.equal(abiProbe.typedGenericPartialWrappers, 12);[0m
2026-10-09T19:58:08.4406945Z [36;1massert.equal(abiProbe.currentSourceCoreOrIrCompared, false);[0m
2026-10-09T19:58:08.4407167Z [36;1mconst receipt = {[0m
2026-10-09T19:58:08.4407600Z [36;1m  schemaVersion: 1, evidence: 'migration-fixture-authenticated-reference-preflight',[0m
2026-10-09T19:58:08.4407962Z [36;1m  recipeSourceRef: process.env.GITHUB_SHA, referenceSourceRef: selected.sourceRef,[0m
2026-10-09T19:58:08.4408248Z [36;1m  referenceCompilerSha256: loaded.compilerSha256,[0m
2026-10-09T19:58:08.4408482Z [36;1m  selectedSeedIdentitySha256: selected.identitySha256,[0m
2026-10-09T19:58:08.4408758Z [36;1m  elapsedMs: performance.now() - started, report, abiProbe, passed: true,[0m
2026-10-09T19:58:08.4409053Z [36;1m  compilerBuilt: false, currentSourceQualifiedByThisCheck: false,[0m
2026-10-09T19:58:08.4409271Z [36;1m};[0m
2026-10-09T19:58:08.4409441Z [36;1mawait writeFile('dist/sh1/worker-harness-reference.json',[0m
2026-10-09T19:58:08.4409679Z [36;1m  JSON.stringify(receipt, null, 2) + '\n', 'utf8');[0m
2026-10-09T19:58:08.4409943Z [36;1mconsole.log('PSC0_SH1_WORKER_HARNESS_REFERENCE: ' + JSON.stringify(receipt));[0m
2026-10-09T19:58:08.4410170Z [36;1mNODE[0m
2026-10-09T19:58:08.4464596Z shell: /usr/bin/bash -e {0}
2026-10-09T19:58:08.4464751Z env:
2026-10-09T19:58:08.4464969Z   PSC0_TSC: /home/runner/work/_temp/psc0-typescript-7.0.2/node_modules/typescript/bin/tsc
2026-10-09T19:58:08.4465223Z   PSC0_TYPESCRIPT_VERSION: 7.0.2
2026-10-09T19:58:08.4465376Z ##[endgroup]
2026-10-09T19:58:09.7007156Z PSC0_SH1_WORKER_HARNESS_REFERENCE: {"schemaVersion":1,"evidence":"migration-fixture-authenticated-reference-preflight","recipeSourceRef":"047a29f17392fea41ac5d59e7f8cbfc172b20313","referenceSourceRef":"fe2560aba0f347b1caf8d000d371464642d44f23","referenceCompilerSha256":"70db0131fa3af62f7193576407ad529be10df2f4296c712f53f7c31f42209061","selectedSeedIdentitySha256":"47d88158e075f766f0d146ba3a13b28744c6e196d9844c71f4e52dc7351e2225","elapsedMs":1063.023142,"report":{"schemaVersion":1,"evidence":"finite-migration-worker-generated-export-conformance","cases":87,"families":[{"family":"F1","workerCases":44,"wrapperCases":7,"observations":[{"name":"local-zero-fresh","result":"x$0"},{"name":"local-zero-colliding","result":"x$7"},{"name":"local-first-free","result":"x$7"},{"name":"local-exhaustion-can-collide","result":"x$8"},{"name":"local-global-collision-chain","result":"x$9"},{"name":"local-global-only-collision","result":"x$5"},{"name":"local-duplicates-consume-one-candidate","result":"x$6"},{"name":"local-future-collision-does-not-skip-free","result":"x$7"},{"name":"local-arbitrary-base","result":"é_$3"},{"name":"local-large-nat-index","result":"x$9007199254740993"},{"name":"eta-zero","result":["error","fuelExhausted"]},{"name":"eta-first-free","result":["ok","__ps_eta_4"]},{"name":"eta-used-exhausts","result":["error","fuelExhausted"]},{"name":"eta-used-collision","result":["ok","__ps_eta_5"]},{"name":"eta-body-collision","result":["ok","__ps_eta_5"]},{"name":"eta-used-and-body-chain","result":["ok","__ps_eta_6"]},{"name":"eta-lambda-binder-counts","result":["ok","__ps_eta_5"]},{"name":"eta-let-binder-counts","result":["ok","__ps_eta_5"]},{"name":"eta-record-label-does-not-count","result":["ok","__ps_eta_4"]},{"name":"eta-last-inspected-depth","result":["ok","__ps_eta_4"]},{"name":"eta-conservative-depth-exhaustion","result":["error","fuelExhausted"]},{"name":"eta-zero-with-deep-body","result":["error","fuelExhausted"]},{"name":"eta-large-nat-index","result":["ok","__ps_eta_9007199254740993"]},{"name":"match-zero","result":"__ps$match$overflow"},{"name":"match-zero-colliding-overflow","result":"__ps$match$overflow"},{"name":"match-first-free","result":"__ps$match$7"},{"name":"match-collision-exhausts","result":"__ps$match$overflow"},{"name":"match-collision-chain","result":"__ps$match$9"},{"name":"match-lambda-binder-counts","result":"__ps$match$8"},{"name":"match-record-label-does-not-count","result":"__ps$match$7"},{"name":"match-last-inspected-depth","result":"__ps$match$7"},{"name":"match-conservative-depth-exhaustion","result":"__ps$match$overflow"},{"name":"match-large-nat-index","result":"__ps$match$9007199254740993"},{"name":"internal-zero","result":["poverflow","8"]},{"name":"internal-zero-colliding-overflow","result":["poverflow","8"]},{"name":"internal-first-free","result":["p7","8"]},{"name":"internal-one-collision-exhausts","result":["poverflow","9"]},{"name":"internal-all-collisions-exhaust","result":["poverflow","11"]},{"name":"internal-first-free-after-chain","result":["p9","10"]},{"name":"internal-duplicate-used-names","result":["p8","9"]},{"name":"internal-future-collision-does-not-skip-free","result":["p7","8"]},{"name":"internal-empty-prefix","result":["2","3"]},{"name":"internal-arbitrary-prefix","result":["é_$8","9"]},{"name":"internal-large-nat-index","result":["p9007199254740993","9007199254740994"]},{"name":"wrapper-reserved-arguments","result":"_arguments"},{"name":"wrapper-reserved-eval-collision","result":"_eval$3"},{"name":"wrapper-underscore-fallback","result":"tmp$12"},{"name":"wrapper-sanitized-global-collision","result":"x_y$3"},{"name":"wrapper-match-argument-order","result":"__ps$match$8"},{"name":"wrapper-internal-argument-order","result":["p9","10"]},{"name":"wrapper-eta-parameter-order","result":["__ps_eta_1","__ps_eta_2"]}],"observationSha256":"637829f32a117a029b9f95bb7e19313239ca3ea42977f62961102534c785aa2b"},{"family":"F2","cases":36,"observations":[{"name":"preparation-empty-state","result":{"sourceKind":"lean","declarationsRev":[{"tag":"definitionDecl","levelParams":[],"name":{"tag":"str","parent":{"tag":"anonymous"},"value":"f2Prefix"},"type":{"tag":"constE","levels":[],"name":{"tag":"str","parent":{"tag":"anonymous"},"value":"Nat"}},"value":{"tag":"lit","value":{"tag":"natural","value":"11"}}}],"environment":{"declarationCount":82,"addedNewestFirst":["f2Prefix"],"declarations":[{"tag":"definitionDecl","levelParams":[],"name":{"tag":"str","parent":{"tag":"anonymous"},"value":"f2Prefix"},"type":{"tag":"constE","levels":[],"name":{"tag":"str","parent":{"tag":"anonymous"},"value":"Nat"}},"value":{"tag":"lit","value":{"tag":"natural","value":"11"}}}]}}},{"name":"preparation-ordered-dependencies","result":{"sourceKind":"lean","declarationsRev":[{"tag":"definitionDecl","levelParams":[],"name":{"tag":"str","parent":{"tag":"anonymous"},"value":"f2Last"},"type":{"tag":"constE","levels":[],"name":{"tag":"str","parent":{"tag":"anonymous"},"value":"Nat"}},"value":{"tag":"constE","levels":[],"name":{"tag":"str","parent":{"tag":"anonymous"},"value":"f2Next"}}},{"tag":"definitionDecl","levelParams":[],"name":{"tag":"str","parent":{"tag":"anonymous"},"value":"f2Next"},"type":{"tag":"constE","levels":[],"name":{"tag":"str","parent":{"tag":"anonymous"},"value":"Nat"}},"value":{"tag":"constE","levels":[],"name":{"tag":"str","parent":{"tag":"anonymous"},"value":"f2Base"}}},{"tag":"definitionDecl","levelParams":[],"name":{"tag":"str","parent":{"tag":"anonymous"},"value":"f2Base"},"type":{"tag":"constE","levels":[],"name":{"tag":"str","parent":{"tag":"anonymous"},"value":"Nat"}},"value":{"tag":"lit","value":{"tag":"natural","value":"17"}}},{"tag":"definitionDecl","levelParams":[],"name":{"tag":"str","parent":{"tag":"anonymous"},"value":"f2Prefix"},"type":{"tag":"constE","levels":[],"name":{"tag":"str","parent":{"tag":"anonymous"},"value":"Nat"}},"value":{"tag":"lit","value":{"tag":"natural","value":"11"}}}],"environment":{"declarationCount":85,"addedNewestFirst":["f2Last","f2Next","f2Base","f2Prefix"],"declarations":[{"tag":"definitionDecl","levelParams":[],"name":{"tag":"str","parent":{"tag":"anonymous"},"value":"f2Last"},"type":{"tag":"constE","levels":[],"name":{"tag":"str","parent":{"tag":"anonymous"},"value":"Nat"}},"value":{"tag":"constE","levels":[],"name":{"tag":"str","parent":{"tag":"anonymous"},"value":"f2Next"}}},{"tag":"definitionDecl","levelParams":[],"name":{"tag":"str","parent":{"tag":"anonymous"},"value":"f2Next"},"type":{"tag":"constE","levels":[],"name":{"tag":"str","parent":{"tag":"anonymous"},"value":"Nat"}},"value":{"tag":"constE","levels":[],"name":{"tag":"str","parent":{"tag":"anonymous"},"value":"f2Base"}}},{"tag":"definitionDecl","levelParams":[],"name":{"tag":"str","parent":{"tag":"anonymous"},"value":"f2Base"},"type":{"tag":"constE","levels":[],"name":{"tag":"str","parent":{"tag":"anonymous"},"value":"Nat"}},"value":{"tag":"lit","value":{"tag":"natural","value":"17"}}},{"tag":"definitionDecl","levelParams":[],"name":{"tag":"str","parent":{"tag":"anonymous"},"value":"f2Prefix"},"type":{"tag":"constE","levels":[],"name":{"tag":"str","parent":{"tag":"anonymous"},"value":"Nat"}},"value":{"tag":"lit","value":{"tag":"natural","value":"11"}}}]}}},{"name":"preparation-first-parse-error","result":{"tag":"leanFrontend","error":{"tag":"parse","error":{"tag":"expectedText","actual":"","expected":"term","span":{"start":{"byteOffset":"22","column":"1","line":"2"},"stop":{"byteOffset":"22","column":"1","line":"2"}}}}}},{"name":"preparation-middle-elaboration-error","result":{"tag":"elaboration","error":{"tag":"unknownName","name":{"tag":"str","parent":{"tag":"anonymous"},"value":"f2MissingSecond"}}}},{"name":"preparation-parsed-step-correspondence","result":{"sourceKind":"lean","declarationsRev":[{"tag":"definitionDecl","levelParams":[],"name":{"tag":"str","parent":{"tag":"anonymous"},"value":"f2Last"},"type":{"tag":"constE","levels":[],"name":{"tag":"str","parent":{"tag":"anonymous"},"value":"Nat"}},"value":{"tag":"constE","levels":[],"name":{"tag":"str","parent":{"tag":"anonymous"},"value":"f2Next"}}},{"tag":"definitionDecl","levelParams":[],"name":{"tag":"str","parent":{"tag":"anonymous"},"value":"f2Next"},"type":{"tag":"constE","levels":[],"name":{"tag":"str","parent":{"tag":"anonymous"},"value":"Nat"}},"value":{"tag":"constE","levels":[],"name":{"tag":"str","parent":{"tag":"anonymous"},"value":"f2Base"}}},{"tag":"definitionDecl","levelParams":[],"name":{"tag":"str","parent":{"tag":"anonymous"},"value":"f2Base"},"type":{"tag":"constE","levels":[],"name":{"tag":"str","parent":{"tag":"anonymous"},"value":"Nat"}},"value":{"tag":"lit","value":{"tag":"natural","value":"17"}}},{"tag":"definitionDecl","levelParams":[],"name":{"tag":"str","parent":{"tag":"anonymous"},"value":"f2Prefix"},"type":{"tag":"constE","levels":[],"name":{"tag":"str","parent":{"tag":"anonymous"},"value":"Nat"}},"value":{"tag":"lit","value":{"tag":"natural","value":"11"}}}],"environment":{"declarationCount":85,"addedNewestFirst":["f2Last","f2Next","f2Base","f2Prefix"],"declarations":[{"tag":"definitionDecl","levelParams":[],"name":{"tag":"str","parent":{"tag":"anonymous"},"value":"f2Last"},"type":{"tag":"constE","levels":[],"name":{"tag":"str","parent":{"tag":"anonymous"},"value":"Nat"}},"value":{"tag":"constE","levels":[],"name":{"tag":"str","parent":{"tag":"anonymous"},"value":"f2Next"}}},{"tag":"definitionDecl","levelParams":[],"name":{"tag":"str","parent":{"tag":"anonymous"},"value":"f2Next"},"type":{"tag":"constE","levels":[],"name":{"tag":"str","parent":{"tag":"anonymous"},"value":"Nat"}},"value":{"tag":"constE","levels":[],"name":{"tag":"str","parent":{"tag":"anonymous"},"value":"f2Base"}}},{"tag":"definitionDecl","levelParams":[],"name":{"tag":"str","parent":{"tag":"anonymous"},"value":"f2Base"},"type":{"tag":"constE","levels":[],"name":{"tag":"str","parent":{"tag":"anonymous"},"value":"Nat"}},"value":{"tag":"lit","value":{"tag":"natural","value":"17"}}},{"tag":"definitionDecl","levelParams":[],"name":{"tag":"str","parent":{"tag":"anonymous"},"value":"f2Prefix"},"type":{"tag":"constE","levels":[],"name":{"tag":"str","parent":{"tag":"anonymous"},"value":"Nat"}},"value":{"tag":"lit","value":{"tag":"natural","value":"11"}}}]}}},{"name":"add-empty-environment","result":{"declarationCount":82,"addedNewestFirst":["f2Prefix"],"declarations":[{"tag":"definitionDecl","levelParams":[],"name":{"tag":"str","parent":{"tag":"anonymous"},"value":"f2Prefix"},"type":{"tag":"constE","levels":[],"name":{"tag":"str","parent":{"tag":"anonymous"},"value":"Nat"}},"value":{"tag":"lit","value":{"tag":"natural","value":"11"}}}]}},{"name":"add-ordered-declarations","result":{"declarationCount":84,"addedNewestFirst":["f2Second","f2First","f2Prefix"],"declarations":[{"tag":"definitionDecl","levelParams":[],"name":{"tag":"str","parent":{"tag":"anonymous"},"value":"f2Second"},"type":{"tag":"constE","levels":[],"name":{"tag":"str","parent":{"tag":"anonymous"},"value":"Nat"}},"value":{"tag":"lit","value":{"tag":"natural","value":"23"}}},{"tag":"definitionDecl","levelParams":[],"name":{"tag":"str","parent":{"tag":"anonymous"},"value":"f2First"},"type":{"tag":"constE","levels":[],"name":{"tag":"str","parent":{"tag":"anonymous"},"value":"Nat"}},"value":{"tag":"lit","value":{"tag":"natural","value":"17"}}},{"tag":"definitionDecl","levelParams":[],"name":{"tag":"str","parent":{"tag":"anonymous"},"value":"f2Prefix"},"type":{"tag":"constE","levels":[],"name":{"tag":"str","parent":{"tag":"anonymous"},"value":"Nat"}},"value":{"tag":"lit","value":{"tag":"natural","value":"11"}}}]}},{"name":"add-duplicate-initial","result":{"tag":"duplicateDeclaration","name":{"tag":"str","parent":{"tag":"anonymous"},"value":"f2Prefix"}}},{"name":"add-duplicate-earlier-input","result":{"tag":"duplicateDeclaration","name":{"tag":"str","parent":{"tag":"anonymous"},"value":"f2First"}}},{"name":"add-owned-bootstrap-replacement","result":[{"name":"Prod","environment":{"declarationCount":1,"addedNewestFirst":["Prod"],"declarations":[{"tag":"definitionDecl","levelParams":[],"name":{"tag":"str","parent":{"tag":"anonymous"},"value":"Prod"},"type":{"tag":"constE","levels":[],"name":{"tag":"str","parent":{"tag":"anonymous"},"value":"Nat"}},"value":{"tag":"lit","value":{"tag":"natural","value":"7"}}}]},"rejection":{"tag":"duplicateDeclaration","name":{"tag":"str","parent":{"tag":"anonymous"},"value":"Prod"}}},{"name":"List","environment":{"declarationCount":1,"addedNewestFirst":["List"],"declarations":[{"tag":"definitionDecl","levelParams":[],"name":{"tag":"str","parent":{"tag":"anonymous"},"value":"List"},"type":{"tag":"constE","levels":[],"name":{"tag":"str","parent":{"tag":"anonymous"},"value":"Nat"}},"value":{"tag":"lit","value":{"tag":"natural","value":"7"}}}]},"rejection":{"tag":"duplicateDeclaration","name":{"tag":"str","parent":{"tag":"anonymous"},"value":"List"}}},{"name":"Option","environment":{"declarationCount":1,"addedNewestFirst":["Option"],"declarations":[{"tag":"definitionDecl","levelParams":[],"name":{"tag":"str","parent":{"tag":"anonymous"},"value":"Option"},"type":{"tag":"constE","levels":[],"name":{"tag":"str","parent":{"tag":"anonymous"},"value":"Nat"}},"value":{"tag":"lit","value":{"tag":"natural","value":"7"}}}]},"rejection":{"tag":"duplicateDeclaration","name":{"tag":"str","parent":{"tag":"anonymous"},"value":"Option"}}}]},{"name":"elab-empty-reverse-accumulator","result":{"declarations":[{"tag":"definitionDecl","levelParams":[],"name":{"tag":"str","parent":{"tag":"anonymous"},"value":"f2Prefix"},"type":{"tag":"constE","levels":[],"name":{"tag":"str","parent":{"tag":"anonymous"},"value":"Nat"}},"value":{"tag":"lit","value":{"tag":"natural","value":"11"}}},{"tag":"definitionDecl","levelParams":[],"name":{"tag":"str","parent":{"tag":"anonymous"},"value":"f2First"},"type":{"tag":"constE","levels":[],"name":{"tag":"str","parent":{"tag":"anonymous"},"value":"Nat"}},"value":{"tag":"lit","value":{"tag":"natural","value":"17"}}},{"tag":"definitionDecl","levelParams":[],"name":{"tag":"str","parent":{"tag":"anonymous"},"value":"f2Second"},"type":{"tag":"constE","levels":[],"name":{"tag":"str","parent":{"tag":"anonymous"},"value":"Nat"}},"value":{"tag":"lit","value":{"tag":"natural","value":"23"}}}],"environment":{"declarationCount":84,"addedNewestFirst":["f2Second","f2First","f2Prefix"],"declarations":[{"tag":"definitionDecl","levelParams":[],"name":{"tag":"str","parent":{"tag":"anonymous"},"value":"f2Second"},"type":{"tag":"constE","levels":[],"name":{"tag":"str","parent":{"tag":"anonymous"},"value":"Nat"}},"value":{"tag":"lit","value":{"tag":"natural","value":"23"}}},{"tag":"definitionDecl","levelParams":[],"name":{"tag":"str","parent":{"tag":"anonymous"},"value":"f2First"},"type":{"tag":"constE","levels":[],"name":{"tag":"str","parent":{"tag":"anonymous"},"value":"Nat"}},"value":{"tag":"lit","value":{"tag":"natural","value":"17"}}},{"tag":"definitionDecl","levelParams":[],"name":{"tag":"str","parent":{"tag":"anonymous"},"value":"f2Prefix"},"type":{"tag":"constE","levels":[],"name":{"tag":"str","parent":{"tag":"anonymous"},"value":"Nat"}},"value":{"tag":"lit","value":{"tag":"natural","value":"11"}}}]}}},{"name":"elab-ordered-batches","result":{"declarations":[{"tag":"definitionDecl","levelParams":[],"name":{"tag":"str","parent":{"tag":"anonymous"},"value":"f2Prefix"},"type":{"tag":"constE","levels":[],"name":{"tag":"str","parent":{"tag":"anonymous"},"value":"Nat"}},"value":{"tag":"lit","value":{"tag":"natural","value":"11"}}},{"tag":"inductiveDecl","info":{"constructors":[{"tag":"str","parent":{"tag":"str","parent":{"tag":"anonymous"},"value":"F2Cell"},"value":"mk"}],"isStructure":true,"levelParams":[],"name":{"tag":"str","parent":{"tag":"anonymous"},"value":"F2Cell"},"numIndices":"0","numParams":"0","type":{"tag":"sortE","level":{"tag":"succ","of":{"tag":"zero"}}}}},{"tag":"constructorDecl","info":{"constructorIndex":"0","inductiveName":{"tag":"str","parent":{"tag":"anonymous"},"value":"F2Cell"},"levelParams":[],"name":{"tag":"str","parent":{"tag":"str","parent":{"tag":"anonymous"},"value":"F2Cell"},"value":"mk"},"numFields":"1","numParams":"0","recursiveFields":[],"type":{"tag":"forallE","binder":{"tag":"explicit"},"body":{"tag":"constE","levels":[],"name":{"tag":"str","parent":{"tag":"anonymous"},"value":"F2Cell"}},"name":{"tag":"str","parent":{"tag":"anonymous"},"value":"value"},"type":{"tag":"constE","levels":[],"name":{"tag":"str","parent":{"tag":"anonymous"},"value":"Nat"}}}}},{"tag":"recursorDecl","info":{"inductiveNames":[{"tag":"str","parent":{"tag":"anonymous"},"value":"F2Cell"}],"levelParams":[{"tag":"str","parent":{"tag":"anonymous"},"value":"u"}],"name":{"tag":"str","parent":{"tag":"str","parent":{"tag":"anonymous"},"value":"F2Cell"},"value":"rec"},"numIndices":"0","numMinors":"1","numMotives":"1","numParams":"0","type":{"tag":"forallE","binder":{"tag":"explicit"},"body":{"tag":"forallE","binder":{"tag":"explicit"},"body":{"tag":"forallE","binder":{"tag":"explicit"},"body":{"tag":"app","arg":{"tag":"bvar","index":"0"},"fn":{"tag":"bvar","index":"2"}},"name":{"tag":"str","parent":{"tag":"anonymous"},"value":"_major"},"type":{"tag":"constE","levels":[],"name":{"tag":"str","parent":{"tag":"anonymous"},"value":"F2Cell"}}},"name":{"tag":"num","parent":{"tag":"str","parent":{"tag":"anonymous"},"value":"_minor"},"value":"0"},"type":{"tag":"forallE","binder":{"tag":"explicit"},"body":{"tag":"app","arg":{"tag":"app","arg":{"tag":"bvar","index":"0"},"fn":{"tag":"constE","levels":[],"name":{"tag":"str","parent":{"tag":"str","parent":{"tag":"anonymous"},"value":"F2Cell"},"value":"mk"}}},"fn":{"tag":"bvar","index":"1"}},"name":{"tag":"str","parent":{"tag":"anonymous"},"value":"value"},"type":{"tag":"constE","levels":[],"name":{"tag":"str","parent":{"tag":"anonymous"},"value":"Nat"}}}},"name":{"tag":"str","parent":{"tag":"anonymous"},"value":"_motive"},"type":{"tag":"forallE","binder":{"tag":"explicit"},"body":{"tag":"sortE","level":{"tag":"param","name":{"tag":"str","parent":{"tag":"anonymous"},"value":"u"}}},"name":{"tag":"str","parent":{"tag":"anonymous"},"value":"_major"},"type":{"tag":"constE","levels":[],"name":{"tag":"str","parent":{"tag":"anonymous"},"value":"F2Cell"}}}}}},{"tag":"definitionDecl","levelParams":[],"name":{"tag":"str","parent":{"tag":"anonymous"},"value":"f2Cell"},"type":{"tag":"constE","levels":[],"name":{"tag":"str","parent":{"tag":"anonymous"},"value":"F2Cell"}},"value":{"tag":"app","arg":{"tag":"lit","value":{"tag":"natural","value":"31"}},"fn":{"tag":"constE","levels":[],"name":{"tag":"str","parent":{"tag":"str","parent":{"tag":"anonymous"},"value":"F2Cell"},"value":"mk"}}}},{"tag":"definitionDecl","levelParams":[],"name":{"tag":"str","parent":{"tag":"anonymous"},"value":"f2Read"},"type":{"tag":"constE","levels":[],"name":{"tag":"str","parent":{"tag":"anonymous"},"value":"Nat"}},"value":{"tag":"proj","index":"0","typeName":{"tag":"str","parent":{"tag":"anonymous"},"value":"F2Cell"},"value":{"tag":"constE","levels":[],"name":{"tag":"str","parent":{"tag":"anonymous"},"value":"f2Cell"}}}}],"environment":{"declarationCount":87,"addedNewestFirst":["f2Read","f2Cell","F2Cell.rec","F2Cell.mk","F2Cell","f2Prefix"],"declarations":[{"tag":"definitionDecl","levelParams":[],"name":{"tag":"str","parent":{"tag":"anonymous"},"value":"f2Read"},"type":{"tag":"constE","levels":[],"name":{"tag":"str","parent":{"tag":"anonymous"},"value":"Nat"}},"value":{"tag":"proj","index":"0","typeName":{"tag":"str","parent":{"tag":"anonymous"},"value":"F2Cell"},"value":{"tag":"constE","levels":[],"name":{"tag":"str","parent":{"tag":"anonymous"},"value":"f2Cell"}}}},{"tag":"definitionDecl","levelParams":[],"name":{"tag":"str","parent":{"tag":"anonymous"},"value":"f2Cell"},"type":{"tag":"constE","levels":[],"name":{"tag":"str","parent":{"tag":"anonymous"},"value":"F2Cell"}},"value":{"tag":"app","arg":{"tag":"lit","value":{"tag":"natural","value":"31"}},"fn":{"tag":"constE","levels":[],"name":{"tag":"str","parent":{"tag":"str","parent":{"tag":"anonymous"},"value":"F2Cell"},"value":"mk"}}}},{"tag":"recursorDecl","info":{"inductiveNames":[{"tag":"str","parent":{"tag":"anonymous"},"value":"F2Cell"}],"levelParams":[{"tag":"str","parent":{"tag":"anonymous"},"value":"u"}],"name":{"tag":"str","parent":{"tag":"str","parent":{"tag":"anonymous"},"value":"F2Cell"},"value":"rec"},"numIndices":"0","numMinors":"1","numMotives":"1","numParams":"0","type":{"tag":"forallE","binder":{"tag":"explicit"},"body":{"tag":"forallE","binder":{"tag":"explicit"},"body":{"tag":"forallE","binder":{"tag":"explicit"},"body":{"tag":"app","arg":{"tag":"bvar","index":"0"},"fn":{"tag":"bvar","index":"2"}},"name":{"tag":"str","parent":{"tag":"anonymous"},"value":"_major"},"type":{"tag":"constE","levels":[],"name":{"tag":"str","parent":{"tag":"anonymous"},"value":"F2Cell"}}},"name":{"tag":"num","parent":{"tag":"str","parent":{"tag":"anonymous"},"value":"_minor"},"value":"0"},"type":{"tag":"forallE","binder":{"tag":"explicit"},"body":{"tag":"app","arg":{"tag":"app","arg":{"tag":"bvar","index":"0"},"fn":{"tag":"constE","levels":[],"name":{"tag":"str","parent":{"tag":"str","parent":{"tag":"anonymous"},"value":"F2Cell"},"value":"mk"}}},"fn":{"tag":"bvar","index":"1"}},"name":{"tag":"str","parent":{"tag":"anonymous"},"value":"value"},"type":{"tag":"constE","levels":[],"name":{"tag":"str","parent":{"tag":"anonymous"},"value":"Nat"}}}},"name":{"tag":"str","parent":{"tag":"anonymous"},"value":"_motive"},"type":{"tag":"forallE","binder":{"tag":"explicit"},"body":{"tag":"sortE","level":{"tag":"param","name":{"tag":"str","parent":{"tag":"anonymous"},"value":"u"}}},"name":{"tag":"str","parent":{"tag":"anonymous"},"value":"_major"},"type":{"tag":"constE","levels":[],"name":{"tag":"str","parent":{"tag":"anonymous"},"value":"F2Cell"}}}}}},{"tag":"constructorDecl","info":{"constructorIndex":"0","inductiveName":{"tag":"str","parent":{"tag":"anonymous"},"value":"F2Cell"},"levelParams":[],"name":{"tag":"str","parent":{"tag":"str","parent":{"tag":"anonymous"},"value":"F2Cell"},"value":"mk"},"numFields":"1","numParams":"0","recursiveFields":[],"type":{"tag":"forallE","binder":{"tag":"explicit"},"body":{"tag":"constE","levels":[],"name":{"tag":"str","parent":{"tag":"anonymous"},"value":"F2Cell"}},"name":{"tag":"str","parent":{"tag":"anonymous"},"value":"value"},"type":{"tag":"constE","levels":[],"name":{"tag":"str","parent":{"tag":"anonymous"},"value":"Nat"}}}}},{"tag":"inductiveDecl","info":{"constructors":[{"tag":"str","parent":{"tag":"str","parent":{"tag":"anonymous"},"value":"F2Cell"},"value":"mk"}],"isStructure":true,"levelParams":[],"name":{"tag":"str","parent":{"tag":"anonymous"},"value":"F2Cell"},"numIndices":"0","numParams":"0","type":{"tag":"sortE","level":{"tag":"succ","of":{"tag":"zero"}}}}},{"tag":"definitionDecl","levelParams":[],"name":{"tag":"str","parent":{"tag":"anonymous"},"value":"f2Prefix"},"type":{"tag":"constE","levels":[],"name":{"tag":"str","parent":{"tag":"anonymous"},"value":"Nat"}},"value":{"tag":"lit","value":{"tag":"natural","value":"11"}}}]}}},{"name":"elab-first-failure","result":{"tag":"unknownName","name":{"tag":"str","parent":{"tag":"anonymous"},"value":"f2MissingFirst"}}},{"name":"elab-duplicate-before-tail-failure","result":{"tag":"duplicateDeclaration","name":{"tag":"str","parent":{"tag":"anonymous"},"value":"f2Prefix"}}},{"name":"names-empty-state","result":{"used":["usedBefore"],"entriesRev":[["before","before_output"]]}},{"name":"names-kind-whitelist","result":{"used":["F2ChoiceA","f2Theorem","f2Partial","f2First","usedBefore"],"entriesRev":[["F2ChoiceA","F2ChoiceA"],["f2Theorem","f2Theorem"],["f2Partial","f2Partial"],["f2First","f2First"],["before","before_output"]]}},{"name":"names-sanitizing-collisions","result":{"used":["a_b____","a_b___","a_b__","a_b","a_b_"],"entriesRev":[["a.b","a_b____"],["a_b","a_b___"],["a.b","a_b__"],["before","before_output"]]}},{"name":"names-prefix-and-fallback","result":{"used":["decl","_1name"],"entriesRev":[["","decl"],["1name","_1name"]]}},{"name":"erase-empty-reverse-accumulator","result":[{"body":{"tag":"literal","value":{"tag":"natural","value":"5"}},"name":"keptA","parameters":[],"resultType":{"tag":"primitive","name":{"tag":"nat"}},"typeParameters":[]},{"body":{"tag":"literal","value":{"tag":"natural","value":"6"}},"name":"keptB","parameters":[],"resultType":{"tag":"primitive","name":{"tag":"nat"}},"typeParameters":[]}]},{"name":"erase-definition-and-partial","result":[{"body":{"tag":"literal","value":{"tag":"natural","value":"5"}},"name":"keptA","parameters":[],"resultType":{"tag":"primitive","name":{"tag":"nat"}},"typeParameters":[]},{"body":{"tag":"literal","value":{"tag":"natural","value":"17"}},"name":"runtime_first","parameters":[],"resultType":{"tag":"primitive","name":{"tag":"nat"}},"typeParameters":[]},{"body":{"tag":"literal","value":{"tag":"natural","value":"29"}},"name":"runtime_partial","parameters":[],"resultType":{"tag":"primitive","name":{"tag":"nat"}},"typeParameters":[]}]},{"name":"erase-proof-omission","result":[{"body":{"tag":"literal","value":{"tag":"natural","value":"17"}},"name":"runtime_first","parameters":[],"resultType":{"tag":"primitive","name":{"tag":"nat"}},"typeParameters":[]},{"body":{"tag":"literal","value":{"tag":"natural","value":"23"}},"name":"f2Second","parameters":[],"resultType":{"tag":"primitive","name":{"tag":"nat"}},"typeParameters":[]}]},{"name":"erase-skipped-variants","result":[{"body":{"tag":"literal","value":{"tag":"natural","value":"17"}},"name":"runtime_first","parameters":[],"resultType":{"tag":"primitive","name":{"tag":"nat"}},"typeParameters":[]}]},{"name":"erase-first-refusal","result":{"tag":"unknownLocal","id":"701"}},{"name":"structures-empty-reverse-accumulator","result":{"ir":[{"fields":[],"name":"keptRecordA","typeParameters":[]},{"fields":[],"name":"keptRecordB","typeParameters":[]}],"scope":{"currentDefinition":{"tag":"some","value":{"name":"keptDefinition","runtimeParameters":["keptRuntime"],"typeArgumentsRev":[]}},"declarationNames":{"byCore":{"tag":"branch","left":{"tag":"branch","left":{"tag":"branch","left":{"tag":"branch","left":{"tag":"empty"},"right":{"tag":"branch","left":{"tag":"branch","left":{"tag":"empty"},"right":{"tag":"branch","left":{"tag":"branch","left":{"tag":"empty"},"right":{"tag":"branch","left":{"tag":"branch","left":{"tag":"branch","left":{"tag":"empty"},"right":{"tag":"branch","left":{"tag":"empty"},"right":{"tag":"branch","left":{"tag":"branch","left":{"tag":"empty"},"right":{"tag":"branch","left":{"tag":"branch","left":{"tag":"empty"},"right":{"tag":"bucket","entries":[{"fst":{"tag":"str","parent":{"tag":"anonymous"},"value":"F2RecordB"},"snd":"record_B"}]}},"right":{"tag":"empty"}}},"right":{"tag":"empty"}}}},"right":{"tag":"empty"}},"right":{"tag":"empty"}}},"right":{"tag":"empty"}}},"right":{"tag":"empty"}}},"right":{"tag":"empty"}},"right":{"tag":"branch","left":{"tag":"empty"},"right":{"tag":"branch","left":{"tag":"empty"},"right":{"tag":"branch","left":{"tag":"branch","left":{"tag":"branch","left":{"tag":"empty"},"right":{"tag":"branch","left":{"tag":"empty"},"right":{"tag":"branch","left":{"tag":"branch","left":{"tag":"empty"},"right":{"tag":"branch","left":{"tag":"branch","left":{"tag":"empty"},"right":{"tag":"branch","left":{"tag":"empty"},"right":{"tag":"branch","left":{"tag":"empty"},"right":{"tag":"branch","left":{"tag":"branch","left":{"tag":"empty"},"right":{"tag":"bucket","entries":[{"fst":{"tag":"str","parent":{"tag":"anonymous"},"value":"F2ChoiceA"},"snd":"choice_A"}]}},"right":{"tag":"empty"}}}}},"right":{"tag":"empty"}}},"right":{"tag":"empty"}}}},"right":{"tag":"empty"}},"right":{"tag":"empty"}}}}},"right":{"tag":"branch","left":{"tag":"empty"},"right":{"tag":"branch","left":{"tag":"empty"},"right":{"tag":"branch","left":{"tag":"branch","left":{"tag":"branch","left":{"tag":"empty"},"right":{"tag":"branch","left":{"tag":"branch","left":{"tag":"empty"},"right":{"tag":"branch","left":{"tag":"branch","left":{"tag":"branch","left":{"tag":"empty"},"right":{"tag":"branch","left":{"tag":"empty"},"right":{"tag":"branch","left":{"tag":"branch","left":{"tag":"empty"},"right":{"tag":"branch","left":{"tag":"branch","left":{"tag":"empty"},"right":{"tag":"bucket","entries":[{"fst":{"tag":"str","parent":{"tag":"anonymous"},"value":"F2RecordA"},"snd":"record_A"}]}},"right":{"tag":"empty"}}},"right":{"tag":"empty"}}}},"right":{"tag":"empty"}},"right":{"tag":"empty"}}},"right":{"tag":"empty"}}},"right":{"tag":"empty"}},"right":{"tag":"branch","left":{"tag":"branch","left":{"tag":"branch","left":{"tag":"empty"},"right":{"tag":"branch","left":{"tag":"empty"},"right":{"tag":"branch","left":{"tag":"branch","left":{"tag":"empty"},"right":{"tag":"branch","left":{"tag":"branch","left":{"tag":"empty"},"right":{"tag":"branch","left":{"tag":"empty"},"right":{"tag":"branch","left":{"tag":"empty"},"right":{"tag":"branch","left":{"tag":"branch","left":{"tag":"empty"},"right":{"tag":"bucket","entries":[{"fst":{"tag":"str","parent":{"tag":"anonymous"},"value":"F2ChoiceB"},"snd":"choice_B"}]}},"right":{"tag":"empty"}}}}},"right":{"tag":"empty"}}},"right":{"tag":"empty"}}}},"right":{"tag":"empty"}},"right":{"tag":"empty"}}}}}},"byOutput":{"tag":"branch","left":{"tag":"branch","left":{"tag":"branch","left":{"tag":"branch","left":{"tag":"branch","left":{"tag":"branch","left":{"tag":"branch","left":{"tag":"empty"},"right":{"tag":"branch","left":{"tag":"empty"},"right":{"tag":"branch","left":{"tag":"empty"},"right":{"tag":"branch","left":{"tag":"empty"},"right":{"tag":"branch","left":{"tag":"empty"},"right":{"tag":"branch","left":{"tag":"empty"},"right":{"tag":"branch","left":{"tag":"empty"},"right":{"tag":"branch","left":{"tag":"empty"},"right":{"tag":"branch","left":{"tag":"branch","left":{"tag":"bucket","entries":[{"fst":{"tag":"str","parent":{"tag":"anonymous"},"value":"record_A"},"snd":true}]},"right":{"tag":"empty"}},"right":{"tag":"empty"}}}}}}}}}},"right":{"tag":"empty"}},"right":{"tag":"empty"}},"right":{"tag":"branch","left":{"tag":"branch","left":{"tag":"branch","left":{"tag":"branch","left":{"tag":"empty"},"right":{"tag":"branch","left":{"tag":"branch","left":{"tag":"empty"},"right":{"tag":"branch","left":{"tag":"empty"},"right":{"tag":"branch","left":{"tag":"branch","left":{"tag":"empty"},"right":{"tag":"branch","left":{"tag":"empty"},"right":{"tag":"branch","left":{"tag":"empty"},"right":{"tag":"branch","left":{"tag":"empty"},"right":{"tag":"bucket","entries":[{"fst":{"tag":"str","parent":{"tag":"anonymous"},"value":"choice_A"},"snd":true}]}}}}},"right":{"tag":"empty"}}}},"right":{"tag":"empty"}}},"right":{"tag":"empty"}},"right":{"tag":"empty"}},"right":{"tag":"empty"}}},"right":{"tag":"empty"}},"right":{"tag":"empty"}},"right":{"tag":"branch","left":{"tag":"branch","left":{"tag":"branch","left":{"tag":"branch","left":{"tag":"branch","left":{"tag":"branch","left":{"tag":"empty"},"right":{"tag":"branch","left":{"tag":"empty"},"right":{"tag":"branch","left":{"tag":"empty"},"right":{"tag":"branch","left":{"tag":"empty"},"right":{"tag":"branch","left":{"tag":"empty"},"right":{"tag":"branch","left":{"tag":"empty"},"right":{"tag":"branch","left":{"tag":"empty"},"right":{"tag":"branch","left":{"tag":"empty"},"right":{"tag":"branch","left":{"tag":"branch","left":{"tag":"bucket","entries":[{"fst":{"tag":"str","parent":{"tag":"anonymous"},"value":"record_B"},"snd":true}]},"right":{"tag":"empty"}},"right":{"tag":"empty"}}}}}}}}}},"right":{"tag":"empty"}},"right":{"tag":"empty"}},"right":{"tag":"branch","left":{"tag":"branch","left":{"tag":"branch","left":{"tag":"branch","left":{"tag":"empty"},"right":{"tag":"branch","left":{"tag":"branch","left":{"tag":"empty"},"right":{"tag":"branch","left":{"tag":"empty"},"right":{"tag":"branch","left":{"tag":"branch","left":{"tag":"empty"},"right":{"tag":"branch","left":{"tag":"empty"},"right":{"tag":"branch","left":{"tag":"empty"},"right":{"tag":"branch","left":{"tag":"empty"},"right":{"tag":"bucket","entries":[{"fst":{"tag":"str","parent":{"tag":"anonymous"},"value":"choice_B"},"snd":true}]}}}}},"right":{"tag":"empty"}}}},"right":{"tag":"empty"}}},"right":{"tag":"empty"}},"right":{"tag":"empty"}},"right":{"tag":"empty"}}},"right":{"tag":"empty"}},"right":{"tag":"empty"}}},"count":"4"},"erasedLocals":[],"localContext":{"declarations":[{"tag":"binding","binder":{"tag":"explicit"},"id":"0","type":{"tag":"constE","levels":[],"name":{"tag":"str","parent":{"tag":"anonymous"},"value":"Nat"}},"userName":{"tag":"str","parent":{"tag":"anonymous"},"value":"keptLocal"}}],"nextId":"1"},"runtimeConstructors":{"tag":"empty"},"runtimeExpressions":[{"fst":"0","snd":{"tag":"var","name":"keptRuntime"}}],"runtimeLocals":[{"fst":"0","snd":"keptRuntime"}],"runtimeRecursors":{"tag":"branch","left":{"tag":"empty"},"right":{"tag":"branch","left":{"tag":"branch","left":{"tag":"branch","left":{"tag":"branch","left":{"tag":"branch","left":{"tag":"empty"},"right":{"tag":"branch","left":{"tag":"empty"},"right":{"tag":"branch","left":{"tag":"empty"},"right":{"tag":"branch","left":{"tag":"empty"},"right":{"tag":"branch","left":{"tag":"empty"},"right":{"tag":"branch","left":{"tag":"branch","left":{"tag":"branch","left":{"tag":"branch","left":{"tag":"empty"},"right":{"tag":"branch","left":{"tag":"branch","left":{"tag":"bucket","entries":[{"fst":{"tag":"str","parent":{"tag":"str","parent":{"tag":"anonymous"},"value":"Nat"},"value":"rec"},"snd":{"constructors":[{"coreName":{"tag":"str","parent":{"tag":"str","parent":{"tag":"anonymous"},"value":"Nat"},"value":"zero"},"fields":[],"inductiveName":"Nat","name":"zero","numParams":"0"},{"coreName":{"tag":"str","parent":{"tag":"str","parent":{"tag":"anonymous"},"value":"Nat"},"value":"succ"},"fields":[{"name":"predecessor","recursive":true,"sourceIndex":"0","type":{"tag":"primitive","name":{"tag":"nat"}}}],"inductiveName":"Nat","name":"succ","numParams":"0"}],"coreName":{"tag":"str","parent":{"tag":"anonymous"},"value":"Nat"},"name":"Nat","numParams":"0","recursorName":{"tag":"str","parent":{"tag":"str","parent":{"tag":"anonymous"},"value":"Nat"},"value":"rec"},"typeParameters":[]}}]},"right":{"tag":"empty"}},"right":{"tag":"empty"}}},"right":{"tag":"empty"}},"right":{"tag":"empty"}},"right":{"tag":"empty"}}}}}}},"right":{"tag":"empty"}},"right":{"tag":"empty"}},"right":{"tag":"empty"}},"right":{"tag":"empty"}}},"runtimeStructureConstructors":{"tag":"empty"},"runtimeStructures":{"tag":"empty"},"typeLocals":[]}}},{"name":"structures-mixed-stream","result":{"ir":[{"fields":[],"name":"keptRecordA","typeParameters":[]},{"fields":[{"name":"value","type":{"tag":"primitive","name":{"tag":"nat"}}}],"name":"record_A","typeParameters":[]},{"fields":[{"name":"prior","type":{"tag":"named","arguments":[],"name":"record_A"}}],"name":"record_B","typeParameters":[]}],"runtimeStructures":[{"constructorName":{"tag":"str","parent":{"tag":"str","parent":{"tag":"anonymous"},"value":"F2RecordA"},"value":"mk"},"coreName":{"tag":"str","parent":{"tag":"anonymous"},"value":"F2RecordA"},"fields":[{"name":"value","projectionIndex":"0","sourceIndex":"0","type":{"tag":"primitive","name":{"tag":"nat"}}}],"name":"record_A","numParams":"0","typeParameters":[]},{"constructorName":{"tag":"str","parent":{"tag":"str","parent":{"tag":"anonymous"},"value":"F2RecordB"},"value":"mk"},"coreName":{"tag":"str","parent":{"tag":"anonymous"},"value":"F2RecordB"},"fields":[{"name":"prior","projectionIndex":"0","sourceIndex":"0","type":{"tag":"named","arguments":[],"name":"record_A"}}],"name":"record_B","numParams":"0","typeParameters":[]}]}},{"name":"structures-threaded-scope","result":{"ir":[{"fields":[],"name":"keptRecordA","typeParameters":[]},{"fields":[],"name":"keptRecordB","typeParameters":[]},{"fields":[{"name":"prior","type":{"tag":"named","arguments":[],"name":"record_A"}}],"name":"record_B","typeParameters":[]}],"runtimeStructures":[{"constructorName":{"tag":"str","parent":{"tag":"str","parent":{"tag":"anonymous"},"value":"F2RecordA"},"value":"mk"},"coreName":{"tag":"str","parent":{"tag":"anonymous"},"value":"F2RecordA"},"fields":[{"name":"value","projectionIndex":"0","sourceIndex":"0","type":{"tag":"primitive","name":{"tag":"nat"}}}],"name":"record_A","numParams":"0","typeParameters":[]},{"constructorName":{"tag":"str","parent":{"tag":"str","parent":{"tag":"anonymous"},"value":"F2RecordB"},"value":"mk"},"coreName":{"tag":"str","parent":{"tag":"anonymous"},"value":"F2RecordB"},"fields":[{"name":"prior","projectionIndex":"0","sourceIndex":"0","type":{"tag":"named","arguments":[],"name":"record_A"}}],"name":"record_B","numParams":"0","typeParameters":[]}]}},{"name":"structures-first-refusal","result":{"tag":"unknownConstant","name":{"tag":"str","parent":{"tag":"str","parent":{"tag":"anonymous"},"value":"F2RecordA"},"value":"missingFirst"}}},{"name":"inductives-empty-reverse-accumulator","result":{"ir":[{"constructors":[],"name":"keptChoiceA","typeParameters":[]},{"constructors":[],"name":"keptChoiceB","typeParameters":[]}],"scope":{"currentDefinition":{"tag":"some","value":{"name":"keptDefinition","runtimeParameters":["keptRuntime"],"typeArgumentsRev":[]}},"declarationNames":{"byCore":{"tag":"branch","left":{"tag":"branch","left":{"tag":"branch","left":{"tag":"branch","left":{"tag":"empty"},"right":{"tag":"branch","left":{"tag":"branch","left":{"tag":"empty"},"right":{"tag":"branch","left":{"tag":"branch","left":{"tag":"empty"},"right":{"tag":"branch","left":{"tag":"branch","left":{"tag":"branch","left":{"tag":"empty"},"right":{"tag":"branch","left":{"tag":"empty"},"right":{"tag":"branch","left":{"tag":"branch","left":{"tag":"empty"},"right":{"tag":"branch","left":{"tag":"branch","left":{"tag":"empty"},"right":{"tag":"bucket","entries":[{"fst":{"tag":"str","parent":{"tag":"anonymous"},"value":"F2RecordB"},"snd":"record_B"}]}},"right":{"tag":"empty"}}},"right":{"tag":"empty"}}}},"right":{"tag":"empty"}},"right":{"tag":"empty"}}},"right":{"tag":"empty"}}},"right":{"tag":"empty"}}},"right":{"tag":"empty"}},"right":{"tag":"branch","left":{"tag":"empty"},"right":{"tag":"branch","left":{"tag":"empty"},"right":{"tag":"branch","left":{"tag":"branch","left":{"tag":"branch","left":{"tag":"empty"},"right":{"tag":"branch","left":{"tag":"empty"},"right":{"tag":"branch","left":{"tag":"branch","left":{"tag":"empty"},"right":{"tag":"branch","left":{"tag":"branch","left":{"tag":"empty"},"right":{"tag":"branch","left":{"tag":"empty"},"right":{"tag":"branch","left":{"tag":"empty"},"right":{"tag":"branch","left":{"tag":"branch","left":{"tag":"empty"},"right":{"tag":"bucket","entries":[{"fst":{"tag":"str","parent":{"tag":"anonymous"},"value":"F2ChoiceA"},"snd":"choice_A"}]}},"right":{"tag":"empty"}}}}},"right":{"tag":"empty"}}},"right":{"tag":"empty"}}}},"right":{"tag":"empty"}},"right":{"tag":"empty"}}}}},"right":{"tag":"branch","left":{"tag":"empty"},"right":{"tag":"branch","left":{"tag":"empty"},"right":{"tag":"branch","left":{"tag":"branch","left":{"tag":"branch","left":{"tag":"empty"},"right":{"tag":"branch","left":{"tag":"branch","left":{"tag":"empty"},"right":{"tag":"branch","left":{"tag":"branch","left":{"tag":"branch","left":{"tag":"empty"},"right":{"tag":"branch","left":{"tag":"empty"},"right":{"tag":"branch","left":{"tag":"branch","left":{"tag":"empty"},"right":{"tag":"branch","left":{"tag":"branch","left":{"tag":"empty"},"right":{"tag":"bucket","entries":[{"fst":{"tag":"str","parent":{"tag":"anonymous"},"value":"F2RecordA"},"snd":"record_A"}]}},"right":{"tag":"empty"}}},"right":{"tag":"empty"}}}},"right":{"tag":"empty"}},"right":{"tag":"empty"}}},"right":{"tag":"empty"}}},"right":{"tag":"empty"}},"right":{"tag":"branch","left":{"tag":"branch","left":{"tag":"branch","left":{"tag":"empty"},"right":{"tag":"branch","left":{"tag":"empty"},"right":{"tag":"branch","left":{"tag":"branch","left":{"tag":"empty"},"right":{"tag":"branch","left":{"tag":"branch","left":{"tag":"empty"},"right":{"tag":"branch","left":{"tag":"empty"},"right":{"tag":"branch","left":{"tag":"empty"},"right":{"tag":"branch","left":{"tag":"branch","left":{"tag":"empty"},"right":{"tag":"bucket","entries":[{"fst":{"tag":"str","parent":{"tag":"anonymous"},"value":"F2ChoiceB"},"snd":"choice_B"}]}},"right":{"tag":"empty"}}}}},"right":{"tag":"empty"}}},"right":{"tag":"empty"}}}},"right":{"tag":"empty"}},"right":{"tag":"empty"}}}}}},"byOutput":{"tag":"branch","left":{"tag":"branch","left":{"tag":"branch","left":{"tag":"branch","left":{"tag":"branch","left":{"tag":"branch","left":{"tag":"branch","left":{"tag":"empty"},"right":{"tag":"branch","left":{"tag":"empty"},"right":{"tag":"branch","left":{"tag":"empty"},"right":{"tag":"branch","left":{"tag":"empty"},"right":{"tag":"branch","left":{"tag":"empty"},"right":{"tag":"branch","left":{"tag":"empty"},"right":{"tag":"branch","left":{"tag":"empty"},"right":{"tag":"branch","left":{"tag":"empty"},"right":{"tag":"branch","left":{"tag":"branch","left":{"tag":"bucket","entries":[{"fst":{"tag":"str","parent":{"tag":"anonymous"},"value":"record_A"},"snd":true}]},"right":{"tag":"empty"}},"right":{"tag":"empty"}}}}}}}}}},"right":{"tag":"empty"}},"right":{"tag":"empty"}},"right":{"tag":"branch","left":{"tag":"branch","left":{"tag":"branch","left":{"tag":"branch","left":{"tag":"empty"},"right":{"tag":"branch","left":{"tag":"branch","left":{"tag":"empty"},"right":{"tag":"branch","left":{"tag":"empty"},"right":{"tag":"branch","left":{"tag":"branch","left":{"tag":"empty"},"right":{"tag":"branch","left":{"tag":"empty"},"right":{"tag":"branch","left":{"tag":"empty"},"right":{"tag":"branch","left":{"tag":"empty"},"right":{"tag":"bucket","entries":[{"fst":{"tag":"str","parent":{"tag":"anonymous"},"value":"choice_A"},"snd":true}]}}}}},"right":{"tag":"empty"}}}},"right":{"tag":"empty"}}},"right":{"tag":"empty"}},"right":{"tag":"empty"}},"right":{"tag":"empty"}}},"right":{"tag":"empty"}},"right":{"tag":"empty"}},"right":{"tag":"branch","left":{"tag":"branch","left":{"tag":"branch","left":{"tag":"branch","left":{"tag":"branch","left":{"tag":"branch","left":{"tag":"empty"},"right":{"tag":"branch","left":{"tag":"empty"},"right":{"tag":"branch","left":{"tag":"empty"},"right":{"tag":"branch","left":{"tag":"empty"},"right":{"tag":"branch","left":{"tag":"empty"},"right":{"tag":"branch","left":{"tag":"empty"},"right":{"tag":"branch","left":{"tag":"empty"},"right":{"tag":"branch","left":{"tag":"empty"},"right":{"tag":"branch","left":{"tag":"branch","left":{"tag":"bucket","entries":[{"fst":{"tag":"str","parent":{"tag":"anonymous"},"value":"record_B"},"snd":true}]},"right":{"tag":"empty"}},"right":{"tag":"empty"}}}}}}}}}},"right":{"tag":"empty"}},"right":{"tag":"empty"}},"right":{"tag":"branch","left":{"tag":"branch","left":{"tag":"branch","left":{"tag":"branch","left":{"tag":"empty"},"right":{"tag":"branch","left":{"tag":"branch","left":{"tag":"empty"},"right":{"tag":"branch","left":{"tag":"empty"},"right":{"tag":"branch","left":{"tag":"branch","left":{"tag":"empty"},"right":{"tag":"branch","left":{"tag":"empty"},"right":{"tag":"branch","left":{"tag":"empty"},"right":{"tag":"branch","left":{"tag":"empty"},"right":{"tag":"bucket","entries":[{"fst":{"tag":"str","parent":{"tag":"anonymous"},"value":"choice_B"},"snd":true}]}}}}},"right":{"tag":"empty"}}}},"right":{"tag":"empty"}}},"right":{"tag":"empty"}},"right":{"tag":"empty"}},"right":{"tag":"empty"}}},"right":{"tag":"empty"}},"right":{"tag":"empty"}}},"count":"4"},"erasedLocals":[],"localContext":{"declarations":[{"tag":"binding","binder":{"tag":"explicit"},"id":"0","type":{"tag":"constE","levels":[],"name":{"tag":"str","parent":{"tag":"anonymous"},"value":"Nat"}},"userName":{"tag":"str","parent":{"tag":"anonymous"},"value":"keptLocal"}}],"nextId":"1"},"runtimeConstructors":{"tag":"empty"},"runtimeExpressions":[{"fst":"0","snd":{"tag":"var","name":"keptRuntime"}}],"runtimeLocals":[{"fst":"0","snd":"keptRuntime"}],"runtimeRecursors":{"tag":"branch","left":{"tag":"empty"},"right":{"tag":"branch","left":{"tag":"branch","left":{"tag":"branch","left":{"tag":"branch","left":{"tag":"branch","left":{"tag":"empty"},"right":{"tag":"branch","left":{"tag":"empty"},"right":{"tag":"branch","left":{"tag":"empty"},"right":{"tag":"branch","left":{"tag":"empty"},"right":{"tag":"branch","left":{"tag":"empty"},"right":{"tag":"branch","left":{"tag":"branch","left":{"tag":"branch","left":{"tag":"branch","left":{"tag":"empty"},"right":{"tag":"branch","left":{"tag":"branch","left":{"tag":"bucket","entries":[{"fst":{"tag":"str","parent":{"tag":"str","parent":{"tag":"anonymous"},"value":"Nat"},"value":"rec"},"snd":{"constructors":[{"coreName":{"tag":"str","parent":{"tag":"str","parent":{"tag":"anonymous"},"value":"Nat"},"value":"zero"},"fields":[],"inductiveName":"Nat","name":"zero","numParams":"0"},{"coreName":{"tag":"str","parent":{"tag":"str","parent":{"tag":"anonymous"},"value":"Nat"},"value":"succ"},"fields":[{"name":"predecessor","recursive":true,"sourceIndex":"0","type":{"tag":"primitive","name":{"tag":"nat"}}}],"inductiveName":"Nat","name":"succ","numParams":"0"}],"coreName":{"tag":"str","parent":{"tag":"anonymous"},"value":"Nat"},"name":"Nat","numParams":"0","recursorName":{"tag":"str","parent":{"tag":"str","parent":{"tag":"anonymous"},"value":"Nat"},"value":"rec"},"typeParameters":[]}}]},"right":{"tag":"empty"}},"right":{"tag":"empty"}}},"right":{"tag":"empty"}},"right":{"tag":"empty"}},"right":{"tag":"empty"}}}}}}},"right":{"tag":"empty"}},"right":{"tag":"empty"}},"right":{"tag":"empty"}},"right":{"tag":"empty"}}},"runtimeStructureConstructors":{"tag":"empty"},"runtimeStructures":{"tag":"empty"},"typeLocals":[]}}},{"name":"inductives-mixed-stream","result":{"ir":[{"constructors":[],"name":"keptChoiceA","typeParameters":[]},{"constructors":[{"fields":[],"name":"first"},{"fields":[],"name":"second"}],"name":"choice_A","typeParameters":[]},{"constructors":[{"fields":[{"name":"prior","type":{"tag":"named","arguments":[],"name":"choice_A"}}],"name":"wrap"}],"name":"choice_B","typeParameters":[]}],"runtime":{"recursors":[{"constructors":[{"coreName":{"tag":"str","parent":{"tag":"str","parent":{"tag":"anonymous"},"value":"F2ChoiceA"},"value":"first"},"fields":[],"inductiveName":"choice_A","name":"first","numParams":"0"},{"coreName":{"tag":"str","parent":{"tag":"str","parent":{"tag":"anonymous"},"value":"F2ChoiceA"},"value":"second"},"fields":[],"inductiveName":"choice_A","name":"second","numParams":"0"}],"coreName":{"tag":"str","parent":{"tag":"anonymous"},"value":"F2ChoiceA"},"name":"choice_A","numParams":"0","recursorName":{"tag":"str","parent":{"tag":"str","parent":{"tag":"anonymous"},"value":"F2ChoiceA"},"value":"rec"},"typeParameters":[]},{"constructors":[{"coreName":{"tag":"str","parent":{"tag":"str","parent":{"tag":"anonymous"},"value":"F2ChoiceB"},"value":"wrap"},"fields":[{"name":"prior","recursive":false,"sourceIndex":"0","type":{"tag":"named","arguments":[],"name":"choice_A"}}],"inductiveName":"choice_B","name":"wrap","numParams":"0"}],"coreName":{"tag":"str","parent":{"tag":"anonymous"},"value":"F2ChoiceB"},"name":"choice_B","numParams":"0","recursorName":{"tag":"str","parent":{"tag":"str","parent":{"tag":"anonymous"},"value":"F2ChoiceB"},"value":"rec"},"typeParameters":[]}],"constructors":[{"coreName":{"tag":"str","parent":{"tag":"str","parent":{"tag":"anonymous"},"value":"F2ChoiceA"},"value":"first"},"fields":[],"inductiveName":"choice_A","name":"first","numParams":"0"},{"coreName":{"tag":"str","parent":{"tag":"str","parent":{"tag":"anonymous"},"value":"F2ChoiceA"},"value":"second"},"fields":[],"inductiveName":"choice_A","name":"second","numParams":"0"},{"coreName":{"tag":"str","parent":{"tag":"str","parent":{"tag":"anonymous"},"value":"F2ChoiceB"},"value":"wrap"},"fields":[{"name":"prior","recursive":false,"sourceIndex":"0","type":{"tag":"named","arguments":[],"name":"choice_A"}}],"inductiveName":"choice_B","name":"wrap","numParams":"0"}]}}},{"name":"inductives-threaded-scope","result":{"ir":[{"constructors":[],"name":"keptChoiceA","typeParameters":[]},{"constructors":[],"name":"keptChoiceB","typeParameters":[]},{"constructors":[{"fields":[{"name":"prior","type":{"tag":"named","arguments":[],"name":"choice_A"}}],"name":"wrap"}],"name":"choice_B","typeParameters":[]}],"runtime":{"recursors":[{"constructors":[{"coreName":{"tag":"str","parent":{"tag":"str","parent":{"tag":"anonymous"},"value":"F2ChoiceA"},"value":"first"},"fields":[],"inductiveName":"choice_A","name":"first","numParams":"0"},{"coreName":{"tag":"str","parent":{"tag":"str","parent":{"tag":"anonymous"},"value":"F2ChoiceA"},"value":"second"},"fields":[],"inductiveName":"choice_A","name":"second","numParams":"0"}],"coreName":{"tag":"str","parent":{"tag":"anonymous"},"value":"F2ChoiceA"},"name":"choice_A","numParams":"0","recursorName":{"tag":"str","parent":{"tag":"str","parent":{"tag":"anonymous"},"value":"F2ChoiceA"},"value":"rec"},"typeParameters":[]},{"constructors":[{"coreName":{"tag":"str","parent":{"tag":"str","parent":{"tag":"anonymous"},"value":"F2ChoiceB"},"value":"wrap"},"fields":[{"name":"prior","recursive":false,"sourceIndex":"0","type":{"tag":"named","arguments":[],"name":"choice_A"}}],"inductiveName":"choice_B","name":"wrap","numParams":"0"}],"coreName":{"tag":"str","parent":{"tag":"anonymous"},"value":"F2ChoiceB"},"name":"choice_B","numParams":"0","recursorName":{"tag":"str","parent":{"tag":"str","parent":{"tag":"anonymous"},"value":"F2ChoiceB"},"value":"rec"},"typeParameters":[]}],"constructors":[{"coreName":{"tag":"str","parent":{"tag":"str","parent":{"tag":"anonymous"},"value":"F2ChoiceA"},"value":"first"},"fields":[],"inductiveName":"choice_A","name":"first","numParams":"0"},{"coreName":{"tag":"str","parent":{"tag":"str","parent":{"tag":"anonymous"},"value":"F2ChoiceA"},"value":"second"},"fields":[],"inductiveName":"choice_A","name":"second","numParams":"0"},{"coreName":{"tag":"str","parent":{"tag":"str","parent":{"tag":"anonymous"},"value":"F2ChoiceB"},"value":"wrap"},"fields":[{"name":"prior","recursive":false,"sourceIndex":"0","type":{"tag":"named","arguments":[],"name":"choice_A"}}],"inductiveName":"choice_B","name":"wrap","numParams":"0"}]}}},{"name":"inductives-first-refusal","result":{"tag":"unknownConstant","name":{"tag":"str","parent":{"tag":"str","parent":{"tag":"anonymous"},"value":"F2ChoiceA"},"value":"missingFirst"}}},{"name":"symbols-empty-state","result":{"used":["usedBefore"],"nextIndex":"3","entriesRev":[["before","usedBefore"]]}},{"name":"symbols-collision-and-index","result":{"used":["p6","p4","p3","p5"],"nextIndex":"7","entriesRev":[["beta","p6"],["alpha","p4"],["prior","p3"]]}},{"name":"symbols-duplicate-source-names","result":{"used":["p1","p0"],"nextIndex":"2","entriesRev":[["duplicate","p1"],["duplicate","p0"]]}},{"name":"symbols-brand-wrapper","result":[["keptRecordA","__ps$brand$1"],["keptRecordB","__ps$brand$2"]]},{"name":"symbols-tag-wrapper","result":[["keptChoiceA","__ps$tag$1"],["keptChoiceB","__ps$tag$2"]]}],"observationSha256":"8ff7547b87a96a8d2f7cc964e08b2b050fc3344b4b2309f66fac0566e8247d59"}],"observationSha256":"697616ab48daf77a44b90ce20085432593ddce9a06fdad124a5a898ece3621be","scope":{"eachCompilerOwnsAllTaggedInputs":true,"irRecordsUseExistingCompilerFactories":true,"copiedRecordsRetainOwningCompilerBrands":true,"hostStructuralFixtureRecords":["PsErasureNameState","PsTsSymbolMapState","PsErasureCurrentDefinition"],"hostStructuralFixtureBoundary":"Explicit unbranded non-IR host records with owning-compiler tagged children; their exercised paths project fields or reset the marker, and do not inspect brands. They are not compiler-created branded records and never enter original-IR carrier checking.","independentExplicitExpectations":true,"saturatedPublicArgumentOrderChecked":true,"completePublicTypes":"separate migration ABI gate","pscPartialApplications":"separate typed migration ABI probes","performanceImprovementClaimed":false,"exhaustiveForAllInputs":false,"kernelChecked":false}},"abiProbe":{"schemaVersion":1,"evidence":"isolated-migration-signature-and-partial-probe","sourceSha256":"b8a51317306f4803aaba1a7553999aa41599861d5d0677a2d8f8686f69a3f41b","sourceKind":"lean","abstractTypeDeclarations":19,"abstractTypeNames":["PsCompilerError","PsCompilerPreparationState","PsDeclaration","PsElabError","PsElabModuleResult","PsEnvironment","PsErasureError","PsErasureNameState","PsErasureScope","PsPreparedInductivesResult","PsPreparedStructuresResult","PsSyntaxDeclaration","PsTsFreshNameResult","PsTsSymbolMapState","PsVerifiedIrDeclaration","PsVerifiedIrExpr","PsVerifiedIrInductive","PsVerifiedIrParameter","PsVerifiedIrStructure"],"signatureTypeAnnotations":12,"typedGenericPartialWrappers":12,"declarationCount":69,"referenceTypes":[{"name":"psErasureLocalNameWithFuel","completePublicType":"PsErasureScope -> String -> Nat -> Nat -> String","coreType":["forallE",[["binder",["explicit",[]]],["body",["forallE",[["binder",["explicit",[]]],["body",["forallE",[["binder",["explicit",[]]],["body",["forallE",[["binder",["explicit",[]]],["body",["constE",[["levels",["nil",[]]],["name",["str",[["parent",["anonymous",[]]],["value","String"]]]]]]],["type",["constE",[["levels",["nil",[]]],["name",["str",[["parent",["anonymous",[]]],["value","Nat"]]]]]]]]]],["type",["constE",[["levels",["nil",[]]],["name",["str",[["parent",["anonymous",[]]],["value","Nat"]]]]]]]]]],["type",["constE",[["levels",["nil",[]]],["name",["str",[["parent",["anonymous",[]]],["value","String"]]]]]]]]]],["type",["constE",[["levels",["nil",[]]],["name",["str",[["parent",["anonymous",[]]],["value","PsErasureScope"]]]]]]]]],"originalOuterArguments":3,"partialApplicationType":"Nat -> String","genericPartialWrapperElaborated":true},{"name":"psErasureEtaNameWithFuel","completePublicType":"PsVerifiedIrExpr -> List PsVerifiedIrParameter -> Nat -> Nat -> Except PsErasureError String","coreType":["forallE",[["binder",["explicit",[]]],["body",["forallE",[["binder",["explicit",[]]],["body",["forallE",[["binder",["explicit",[]]],["body",["forallE",[["binder",["explicit",[]]],["body",["app",[["arg",["constE",[["levels",["nil",[]]],["name",["str",[["parent",["anonymous",[]]],["value","String"]]]]]]],["fn",["app",[["arg",["constE",[["levels",["nil",[]]],["name",["str",[["parent",["anonymous",[]]],["value","PsErasureError"]]]]]]],["fn",["constE",[["levels",["nil",[]]],["name",["str",[["parent",["anonymous",[]]],["value","Except"]]]]]]]]]]]]],["type",["constE",[["levels",["nil",[]]],["name",["str",[["parent",["anonymous",[]]],["value","Nat"]]]]]]]]]],["type",["constE",[["levels",["nil",[]]],["name",["str",[["parent",["anonymous",[]]],["value","Nat"]]]]]]]]]],["type",["app",[["arg",["constE",[["levels",["nil",[]]],["name",["str",[["parent",["anonymous",[]]],["value","PsVerifiedIrParameter"]]]]]]],["fn",["constE",[["levels",["nil",[]]],["name",["str",[["parent",["anonymous",[]]],["value","List"]]]]]]]]]]]]],["type",["constE",[["levels",["nil",[]]],["name",["str",[["parent",["anonymous",[]]],["value","PsVerifiedIrExpr"]]]]]]]]],"originalOuterArguments":3,"partialApplicationType":"Nat -> Except PsErasureError String","genericPartialWrapperElaborated":true},{"name":"psTsFreshMatchTempWorker","completePublicType":"PsVerifiedIrExpr -> Nat -> Nat -> String","coreType":["forallE",[["binder",["explicit",[]]],["body",["forallE",[["binder",["explicit",[]]],["body",["forallE",[["binder",["explicit",[]]],["body",["constE",[["levels",["nil",[]]],["name",["str",[["parent",["anonymous",[]]],["value","String"]]]]]]],["type",["constE",[["levels",["nil",[]]],["name",["str",[["parent",["anonymous",[]]],["value","Nat"]]]]]]]]]],["type",["constE",[["levels",["nil",[]]],["name",["str",[["parent",["anonymous",[]]],["value","Nat"]]]]]]]]]],["type",["constE",[["levels",["nil",[]]],["name",["str",[["parent",["anonymous",[]]],["value","PsVerifiedIrExpr"]]]]]]]]],"originalOuterArguments":2,"partialApplicationType":"Nat -> String","genericPartialWrapperElaborated":true},{"name":"psTsFreshInternalWorker","completePublicType":"List String -> String -> Nat -> Nat -> PsTsFreshNameResult","coreType":["forallE",[["binder",["explicit",[]]],["body",["forallE",[["binder",["explicit",[]]],["body",["forallE",[["binder",["explicit",[]]],["body",["forallE",[["binder",["explicit",[]]],["body",["constE",[["levels",["nil",[]]],["name",["str",[["parent",["anonymous",[]]],["value","PsTsFreshNameResult"]]]]]]],["type",["constE",[["levels",["nil",[]]],["name",["str",[["parent",["anonymous",[]]],["value","Nat"]]]]]]]]]],["type",["constE",[["levels",["nil",[]]],["name",["str",[["parent",["anonymous",[]]],["value","Nat"]]]]]]]]]],["type",["constE",[["levels",["nil",[]]],["name",["str",[["parent",["anonymous",[]]],["value","String"]]]]]]]]]],["type",["app",[["arg",["constE",[["levels",["nil",[]]],["name",["str",[["parent",["anonymous",[]]],["value","String"]]]]]]],["fn",["constE",[["levels",["nil",[]]],["name",["str",[["parent",["anonymous",[]]],["value","List"]]]]]]]]]]]],"originalOuterArguments":3,"partialApplicationType":"Nat -> PsTsFreshNameResult","genericPartialWrapperElaborated":true},{"name":"psCompilerPreparationSourcesWorker","completePublicType":"List String -> PsCompilerPreparationState -> Except PsCompilerError PsCompilerPreparationState","coreType":["forallE",[["binder",["explicit",[]]],["body",["forallE",[["binder",["explicit",[]]],["body",["app",[["arg",["constE",[["levels",["nil",[]]],["name",["str",[["parent",["anonymous",[]]],["value","PsCompilerPreparationState"]]]]]]],["fn",["app",[["arg",["constE",[["levels",["nil",[]]],["name",["str",[["parent",["anonymous",[]]],["value","PsCompilerError"]]]]]]],["fn",["constE",[["levels",["nil",[]]],["name",["str",[["parent",["anonymous",[]]],["value","Except"]]]]]]]]]]]]],["type",["constE",[["levels",["nil",[]]],["name",["str",[["parent",["anonymous",[]]],["value","PsCompilerPreparationState"]]]]]]]]]],["type",["app",[["arg",["constE",[["levels",["nil",[]]],["name",["str",[["parent",["anonymous",[]]],["value","String"]]]]]]],["fn",["constE",[["levels",["nil",[]]],["name",["str",[["parent",["anonymous",[]]],["value","List"]]]]]]]]]]]],"originalOuterArguments":1,"partialApplicationType":"PsCompilerPreparationState -> Except PsCompilerError PsCompilerPreparationState","genericPartialWrapperElaborated":true},{"name":"psAddDeclarationListWorker","completePublicType":"List PsDeclaration -> PsEnvironment -> Except PsElabError PsEnvironment","coreType":["forallE",[["binder",["explicit",[]]],["body",["forallE",[["binder",["explicit",[]]],["body",["app",[["arg",["constE",[["levels",["nil",[]]],["name",["str",[["parent",["anonymous",[]]],["value","PsEnvironment"]]]]]]],["fn",["app",[["arg",["constE",[["levels",["nil",[]]],["name",["str",[["parent",["anonymous",[]]],["value","PsElabError"]]]]]]],["fn",["constE",[["levels",["nil",[]]],["name",["str",[["parent",["anonymous",[]]],["value","Except"]]]]]]]]]]]]],["type",["constE",[["levels",["nil",[]]],["name",["str",[["parent",["anonymous",[]]],["value","PsEnvironment"]]]]]]]]]],["type",["app",[["arg",["constE",[["levels",["nil",[]]],["name",["str",[["parent",["anonymous",[]]],["value","PsDeclaration"]]]]]]],["fn",["constE",[["levels",["nil",[]]],["name",["str",[["parent",["anonymous",[]]],["value","List"]]]]]]]]]]]],"originalOuterArguments":1,"partialApplicationType":"PsEnvironment -> Except PsElabError PsEnvironment","genericPartialWrapperElaborated":true},{"name":"psElabDeclarationsWorker","completePublicType":"List PsSyntaxDeclaration -> PsEnvironment -> List PsDeclaration -> Except PsElabError PsElabModuleResult","coreType":["forallE",[["binder",["explicit",[]]],["body",["forallE",[["binder",["explicit",[]]],["body",["forallE",[["binder",["explicit",[]]],["body",["app",[["arg",["constE",[["levels",["nil",[]]],["name",["str",[["parent",["anonymous",[]]],["value","PsElabModuleResult"]]]]]]],["fn",["app",[["arg",["constE",[["levels",["nil",[]]],["name",["str",[["parent",["anonymous",[]]],["value","PsElabError"]]]]]]],["fn",["constE",[["levels",["nil",[]]],["name",["str",[["parent",["anonymous",[]]],["value","Except"]]]]]]]]]]]]],["type",["app",[["arg",["constE",[["levels",["nil",[]]],["name",["str",[["parent",["anonymous",[]]],["value","PsDeclaration"]]]]]]],["fn",["constE",[["levels",["nil",[]]],["name",["str",[["parent",["anonymous",[]]],["value","List"]]]]]]]]]]]]],["type",["constE",[["levels",["nil",[]]],["name",["str",[["parent",["anonymous",[]]],["value","PsEnvironment"]]]]]]]]]],["type",["app",[["arg",["constE",[["levels",["nil",[]]],["name",["str",[["parent",["anonymous",[]]],["value","PsSyntaxDeclaration"]]]]]]],["fn",["constE",[["levels",["nil",[]]],["name",["str",[["parent",["anonymous",[]]],["value","List"]]]]]]]]]]]],"originalOuterArguments":1,"partialApplicationType":"PsEnvironment -> List PsDeclaration -> Except PsElabError PsElabModuleResult","genericPartialWrapperElaborated":true},{"name":"psBuildErasureDeclarationNamesWorker","completePublicType":"List PsDeclaration -> PsErasureNameState -> PsErasureNameState","coreType":["forallE",[["binder",["explicit",[]]],["body",["forallE",[["binder",["explicit",[]]],["body",["constE",[["levels",["nil",[]]],["name",["str",[["parent",["anonymous",[]]],["value","PsErasureNameState"]]]]]]],["type",["constE",[["levels",["nil",[]]],["name",["str",[["parent",["anonymous",[]]],["value","PsErasureNameState"]]]]]]]]]],["type",["app",[["arg",["constE",[["levels",["nil",[]]],["name",["str",[["parent",["anonymous",[]]],["value","PsDeclaration"]]]]]]],["fn",["constE",[["levels",["nil",[]]],["name",["str",[["parent",["anonymous",[]]],["value","List"]]]]]]]]]]]],"originalOuterArguments":1,"partialApplicationType":"PsErasureNameState -> PsErasureNameState","genericPartialWrapperElaborated":true},{"name":"psEraseDefinitionsLoopWorker","completePublicType":"PsEnvironment -> PsErasureScope -> List PsDeclaration -> List PsVerifiedIrDeclaration -> Except PsErasureError (List PsVerifiedIrDeclaration)","coreType":["forallE",[["binder",["explicit",[]]],["body",["forallE",[["binder",["explicit",[]]],["body",["forallE",[["binder",["explicit",[]]],["body",["forallE",[["binder",["explicit",[]]],["body",["app",[["arg",["app",[["arg",["constE",[["levels",["nil",[]]],["name",["str",[["parent",["anonymous",[]]],["value","PsVerifiedIrDeclaration"]]]]]]],["fn",["constE",[["levels",["nil",[]]],["name",["str",[["parent",["anonymous",[]]],["value","List"]]]]]]]]]],["fn",["app",[["arg",["constE",[["levels",["nil",[]]],["name",["str",[["parent",["anonymous",[]]],["value","PsErasureError"]]]]]]],["fn",["constE",[["levels",["nil",[]]],["name",["str",[["parent",["anonymous",[]]],["value","Except"]]]]]]]]]]]]],["type",["app",[["arg",["constE",[["levels",["nil",[]]],["name",["str",[["parent",["anonymous",[]]],["value","PsVerifiedIrDeclaration"]]]]]]],["fn",["constE",[["levels",["nil",[]]],["name",["str",[["parent",["anonymous",[]]],["value","List"]]]]]]]]]]]]],["type",["app",[["arg",["constE",[["levels",["nil",[]]],["name",["str",[["parent",["anonymous",[]]],["value","PsDeclaration"]]]]]]],["fn",["constE",[["levels",["nil",[]]],["name",["str",[["parent",["anonymous",[]]],["value","List"]]]]]]]]]]]]],["type",["constE",[["levels",["nil",[]]],["name",["str",[["parent",["anonymous",[]]],["value","PsErasureScope"]]]]]]]]]],["type",["constE",[["levels",["nil",[]]],["name",["str",[["parent",["anonymous",[]]],["value","PsEnvironment"]]]]]]]]],"originalOuterArguments":3,"partialApplicationType":"List PsVerifiedIrDeclaration -> Except PsErasureError (List PsVerifiedIrDeclaration)","genericPartialWrapperElaborated":true},{"name":"psPrepareRuntimeStructures","completePublicType":"PsEnvironment -> List PsDeclaration -> List PsDeclaration -> PsErasureScope -> List PsVerifiedIrStructure -> Except PsErasureError PsPreparedStructuresResult","coreType":["forallE",[["binder",["explicit",[]]],["body",["forallE",[["binder",["explicit",[]]],["body",["forallE",[["binder",["explicit",[]]],["body",["forallE",[["binder",["explicit",[]]],["body",["forallE",[["binder",["explicit",[]]],["body",["app",[["arg",["constE",[["levels",["nil",[]]],["name",["str",[["parent",["anonymous",[]]],["value","PsPreparedStructuresResult"]]]]]]],["fn",["app",[["arg",["constE",[["levels",["nil",[]]],["name",["str",[["parent",["anonymous",[]]],["value","PsErasureError"]]]]]]],["fn",["constE",[["levels",["nil",[]]],["name",["str",[["parent",["anonymous",[]]],["value","Except"]]]]]]]]]]]]],["type",["app",[["arg",["constE",[["levels",["nil",[]]],["name",["str",[["parent",["anonymous",[]]],["value","PsVerifiedIrStructure"]]]]]]],["fn",["constE",[["levels",["nil",[]]],["name",["str",[["parent",["anonymous",[]]],["value","List"]]]]]]]]]]]]],["type",["constE",[["levels",["nil",[]]],["name",["str",[["parent",["anonymous",[]]],["value","PsErasureScope"]]]]]]]]]],["type",["app",[["arg",["constE",[["levels",["nil",[]]],["name",["str",[["parent",["anonymous",[]]],["value","PsDeclaration"]]]]]]],["fn",["constE",[["levels",["nil",[]]],["name",["str",[["parent",["anonymous",[]]],["value","List"]]]]]]]]]]]]],["type",["app",[["arg",["constE",[["levels",["nil",[]]],["name",["str",[["parent",["anonymous",[]]],["value","PsDeclaration"]]]]]]],["fn",["constE",[["levels",["nil",[]]],["name",["str",[["parent",["anonymous",[]]],["value","List"]]]]]]]]]]]]],["type",["constE",[["levels",["nil",[]]],["name",["str",[["parent",["anonymous",[]]],["value","PsEnvironment"]]]]]]]]],"originalOuterArguments":3,"partialApplicationType":"PsErasureScope -> List PsVerifiedIrStructure -> Except PsErasureError PsPreparedStructuresResult","genericPartialWrapperElaborated":true},{"name":"psPrepareRuntimeInductives","completePublicType":"PsEnvironment -> List PsDeclaration -> List PsDeclaration -> PsErasureScope -> List PsVerifiedIrInductive -> Except PsErasureError PsPreparedInductivesResult","coreType":["forallE",[["binder",["explicit",[]]],["body",["forallE",[["binder",["explicit",[]]],["body",["forallE",[["binder",["explicit",[]]],["body",["forallE",[["binder",["explicit",[]]],["body",["forallE",[["binder",["explicit",[]]],["body",["app",[["arg",["constE",[["levels",["nil",[]]],["name",["str",[["parent",["anonymous",[]]],["value","PsPreparedInductivesResult"]]]]]]],["fn",["app",[["arg",["constE",[["levels",["nil",[]]],["name",["str",[["parent",["anonymous",[]]],["value","PsErasureError"]]]]]]],["fn",["constE",[["levels",["nil",[]]],["name",["str",[["parent",["anonymous",[]]],["value","Except"]]]]]]]]]]]]],["type",["app",[["arg",["constE",[["levels",["nil",[]]],["name",["str",[["parent",["anonymous",[]]],["value","PsVerifiedIrInductive"]]]]]]],["fn",["constE",[["levels",["nil",[]]],["name",["str",[["parent",["anonymous",[]]],["value","List"]]]]]]]]]]]]],["type",["constE",[["levels",["nil",[]]],["name",["str",[["parent",["anonymous",[]]],["value","PsErasureScope"]]]]]]]]]],["type",["app",[["arg",["constE",[["levels",["nil",[]]],["name",["str",[["parent",["anonymous",[]]],["value","PsDeclaration"]]]]]]],["fn",["constE",[["levels",["nil",[]]],["name",["str",[["parent",["anonymous",[]]],["value","List"]]]]]]]]]]]]],["type",["app",[["arg",["constE",[["levels",["nil",[]]],["name",["str",[["parent",["anonymous",[]]],["value","PsDeclaration"]]]]]]],["fn",["constE",[["levels",["nil",[]]],["name",["str",[["parent",["anonymous",[]]],["value","List"]]]]]]]]]]]]],["type",["constE",[["levels",["nil",[]]],["name",["str",[["parent",["anonymous",[]]],["value","PsEnvironment"]]]]]]]]],"originalOuterArguments":3,"partialApplicationType":"PsErasureScope -> List PsVerifiedIrInductive -> Except PsErasureError PsPreparedInductivesResult","genericPartialWrapperElaborated":true},{"name":"psTsBuildSymbolMap","completePublicType":"String -> List String -> PsTsSymbolMapState -> PsTsSymbolMapState","coreType":["forallE",[["binder",["explicit",[]]],["body",["forallE",[["binder",["explicit",[]]],["body",["forallE",[["binder",["explicit",[]]],["body",["constE",[["levels",["nil",[]]],["name",["str",[["parent",["anonymous",[]]],["value","PsTsSymbolMapState"]]]]]]],["type",["constE",[["levels",["nil",[]]],["name",["str",[["parent",["anonymous",[]]],["value","PsTsSymbolMapState"]]]]]]]]]],["type",["app",[["arg",["constE",[["levels",["nil",[]]],["name",["str",[["parent",["anonymous",[]]],["value","String"]]]]]]],["fn",["constE",[["levels",["nil",[]]],["name",["str",[["parent",["anonymous",[]]],["value","List"]]]]]]]]]]]]],["type",["constE",[["levels",["nil",[]]],["name",["str",[["parent",["anonymous",[]]],["value","String"]]]]]]]]],"originalOuterArguments":2,"partialApplicationType":"PsTsSymbolMapState -> PsTsSymbolMapState","genericPartialWrapperElaborated":true}],"referenceTypeSha256":"a65845d1f9f30b55f1b8b3599c264ae39e4c35fe7c84367575ea6b504644ab82","phase":"elaboration-and-admission-encoding","mergedIntoAuthoritativeClosure":false,"erasedOrEmitted":false,"runtimeExecuted":false,"currentSourceCoreOrIrCompared":false,"fullBaselineClosurePreparedAgain":false},"passed":true,"compilerBuilt":false,"currentSourceQualifiedByThisCheck":false}
2026-10-09T19:58:09.7223308Z ##[group]Run node scripts/sh1-qualify.mjs native-candidate --native .lake/build/bin/psc1 --out dist/sh1/development
2026-10-09T19:58:09.7223763Z [36;1mnode scripts/sh1-qualify.mjs native-candidate --native .lake/build/bin/psc1 --out dist/sh1/development[0m
2026-10-09T19:58:09.7279284Z shell: /usr/bin/bash -e {0}
2026-10-09T19:58:09.7279437Z env:
2026-10-09T19:58:09.7279653Z   PSC0_TSC: /home/runner/work/_temp/psc0-typescript-7.0.2/node_modules/typescript/bin/tsc
2026-10-09T19:58:09.7279913Z   PSC0_TYPESCRIPT_VERSION: 7.0.2
2026-10-09T19:58:09.7280074Z ##[endgroup]
2026-10-09T19:58:12.0312428Z PSC0_SH1_STRICT_SOURCE_NATIVE_REJECTED: {"schemaVersion":1,"evidence":"native-atomic-source-refusal","strictSh1Qualified":false,"semanticContractQualified":false,"providerChecked":false,"stage":"source","code":"source-elaboration","moduleName":"Ps.CompilerIr.Check","compilerStage":"elaboration","detail":"matchExpectedType","owner":"psIrCheckMatch","sourceIndex":50,"phase":"stableDeclaration","span":{"start":{"byteOffset":24764,"line":500,"column":1},"stop":{"byteOffset":27236,"line":539,"column":76}}}
2026-10-09T19:58:12.0313589Z uncaught exception: PSC0_SH1_STRICT_SOURCE_NATIVE_REJECTED
2026-10-09T19:58:12.0319968Z node:internal/modules/run_main:123
2026-10-09T19:58:12.0320286Z     triggerUncaughtException(
2026-10-09T19:58:12.0320538Z     ^
2026-10-09T19:58:12.0320641Z 
2026-10-09T19:58:12.0320876Z AssertionError [ERR_ASSERTION]: PSC0_SH1_STRICT_NATIVE_EXECUTION
2026-10-09T19:58:12.0321154Z 
2026-10-09T19:58:12.0321239Z 1 !== 0
2026-10-09T19:58:12.0321344Z 
2026-10-09T19:58:12.0321716Z     at nativeCandidate (file:///home/runner/work/pskernel/pskernel/psc0/scripts/sh1-qualify.mjs:917:10)
2026-10-09T19:58:12.0322345Z     at async file:///home/runner/work/pskernel/pskernel/psc0/scripts/sh1-qualify.mjs:1057:3 {
2026-10-09T19:58:12.0322618Z   generatedMessage: false,
2026-10-09T19:58:12.0322850Z   code: 'ERR_ASSERTION',
2026-10-09T19:58:12.0323029Z   actual: 1,
2026-10-09T19:58:12.0323159Z   expected: 0,
2026-10-09T19:58:12.0323293Z   operator: 'strictEqual',
2026-10-09T19:58:12.0323516Z   diff: 'simple'
2026-10-09T19:58:12.0323646Z }
2026-10-09T19:58:12.0323721Z 
2026-10-09T19:58:12.0323890Z Node.js v22.23.3
2026-10-09T19:58:12.0375494Z ##[error]Process completed with exit code 1.
2026-10-09T19:58:12.0427025Z ##[group]Run actions/cache/save@v4
2026-10-09T19:58:12.0427180Z with:
2026-10-09T19:58:12.0427300Z   path: psc0/.lake/build
2026-10-09T19:58:12.0427684Z   key: psc0-sh1-current-v1-Linux-X64-345295c92e112d8a5f19f7c147c3db40b6f4598f2c2154577e66ac53440ca424-ts7.0.2-047a29f17392fea41ac5d59e7f8cbfc172b20313
2026-10-09T19:58:12.0428099Z   enableCrossOsArchive: false
2026-10-09T19:58:12.0428244Z env:
2026-10-09T19:58:12.0428450Z   PSC0_TSC: /home/runner/work/_temp/psc0-typescript-7.0.2/node_modules/typescript/bin/tsc
2026-10-09T19:58:12.0428698Z   PSC0_TYPESCRIPT_VERSION: 7.0.2
2026-10-09T19:58:12.0428846Z ##[endgroup]
2026-10-09T19:58:12.1145637Z (node:4170) [DEP0040] DeprecationWarning: The `punycode` module is deprecated. Please use a userland alternative instead.
2026-10-09T19:58:12.1146109Z (Use `node --trace-deprecation ...` to show where the warning was created)
2026-10-09T19:58:12.1248036Z [command]/usr/bin/tar --posix -cf cache.tzst --exclude cache.tzst -P -C /home/runner/work/pskernel/pskernel --files-from manifest.txt --use-compress-program zstdmt
2026-10-09T19:58:12.4797219Z (node:4170) [DEP0169] DeprecationWarning: `url.parse()` behavior is not standardized and prone to errors that have security implications. Use the WHATWG URL API instead. CVEs are not issued for `url.parse()` vulnerabilities.
2026-10-09T19:58:13.2006977Z Sent 23646600 of 23646600 (100.0%), 31.0 MBs/sec
2026-10-09T19:58:13.3298190Z Cache saved with key: psc0-sh1-current-v1-Linux-X64-345295c92e112d8a5f19f7c147c3db40b6f4598f2c2154577e66ac53440ca424-ts7.0.2-047a29f17392fea41ac5d59e7f8cbfc172b20313
2026-10-09T19:58:13.3399059Z ##[group]Run actions/upload-artifact@v4
2026-10-09T19:58:13.3399241Z with:
2026-10-09T19:58:13.3399420Z   name: psc0-sh1-ts7.0.2-047a29f17392fea41ac5d59e7f8cbfc172b20313
2026-10-09T19:58:13.3399814Z   path: psc0/dist/sh1
psc0/.selfhost-seeds
psc0/dist/sh1-native-seed-recovery
psc0/dist/sh1-seed-selection
psc0/dist/typescript-profile

2026-10-09T19:58:13.3400167Z   include-hidden-files: true
2026-10-09T19:58:13.3400323Z   if-no-files-found: ignore
2026-10-09T19:58:13.3400473Z   retention-days: 30
2026-10-09T19:58:13.3400608Z   compression-level: 6
2026-10-09T19:58:13.3400744Z   overwrite: false
2026-10-09T19:58:13.3400871Z env:
2026-10-09T19:58:13.3401079Z   PSC0_TSC: /home/runner/work/_temp/psc0-typescript-7.0.2/node_modules/typescript/bin/tsc
2026-10-09T19:58:13.3401349Z   PSC0_TYPESCRIPT_VERSION: 7.0.2
2026-10-09T19:58:13.3401501Z ##[endgroup]
2026-10-09T19:58:13.4466598Z (node:4190) [DEP0040] DeprecationWarning: The `punycode` module is deprecated. Please use a userland alternative instead.
2026-10-09T19:58:13.4467382Z (Use `node --trace-deprecation ...` to show where the warning was created)
2026-10-09T19:58:13.4597075Z Multiple search paths detected. Calculating the least common ancestor of all paths
2026-10-09T19:58:13.4599015Z The least common ancestor is /home/runner/work/pskernel/pskernel/psc0. This will be the root directory of the artifact
2026-10-09T19:58:13.4599618Z With the provided path, there will be 44 files uploaded
2026-10-09T19:58:13.4602901Z Artifact name is valid!
2026-10-09T19:58:13.4603235Z Root directory input is valid!
2026-10-09T19:58:13.7442428Z Beginning upload of artifact content to blob storage
2026-10-09T19:58:13.8326815Z (node:4190) [DEP0169] DeprecationWarning: `url.parse()` behavior is not standardized and prone to errors that have security implications. Use the WHATWG URL API instead. CVEs are not issued for `url.parse()` vulnerabilities.
2026-10-09T19:58:14.2396656Z Uploaded bytes 464146
2026-10-09T19:58:14.2895567Z Finished uploading artifact content to blob storage!
2026-10-09T19:58:14.2896289Z SHA256 digest of uploaded artifact zip is 6aa2642d8658dbc95a03d0231f32a662c013df73763b2958c6a9fb1b0978b792
2026-10-09T19:58:14.2897307Z Finalizing artifact upload
2026-10-09T19:58:14.5458174Z Artifact psc0-sh1-ts7.0.2-047a29f17392fea41ac5d59e7f8cbfc172b20313.zip successfully finalized. Artifact ID 11642526368
2026-10-09T19:58:14.5458845Z Artifact psc0-sh1-ts7.0.2-047a29f17392fea41ac5d59e7f8cbfc172b20313 has been successfully uploaded! Final size is 464146 bytes. Artifact ID is 11642526368
2026-10-09T19:58:14.5463634Z Artifact download URL: https://github.com/dwijayuda/pskernel/actions/runs/37983663904/artifacts/11642526368
2026-10-09T19:58:14.5616426Z Post job cleanup.
2026-10-09T19:58:14.6181635Z [command]/usr/bin/git version
2026-10-09T19:58:14.6213803Z git version 2.55.0
2026-10-09T19:58:14.6238347Z Temporarily overriding HOME='/home/runner/work/_temp/9cb8c493-9551-4781-a7ce-2f234339bcac' before making global git config changes
2026-10-09T19:58:14.6239196Z Adding repository directory to the temporary git global config as a safe directory
2026-10-09T19:58:14.6241351Z [command]/usr/bin/git config --global --add safe.directory /home/runner/work/pskernel/pskernel
2026-10-09T19:58:14.6273620Z [command]/usr/bin/git config --local --name-only --get-regexp core\.sshCommand
2026-10-09T19:58:14.6302229Z [command]/usr/bin/git submodule foreach --recursive sh -c "git config --local --name-only --get-regexp 'core\.sshCommand' && git config --local --unset-all 'core.sshCommand' || :"
2026-10-09T19:58:14.6519723Z [command]/usr/bin/git config --local --name-only --get-regexp http\.https\:\/\/github\.com\/\.extraheader
2026-10-09T19:58:14.6544899Z http.https://github.com/.extraheader
2026-10-09T19:58:14.6550107Z [command]/usr/bin/git config --local --unset-all http.https://github.com/.extraheader
2026-10-09T19:58:14.6581982Z [command]/usr/bin/git submodule foreach --recursive sh -c "git config --local --name-only --get-regexp 'http\.https\:\/\/github\.com\/\.extraheader' && git config --local --unset-all 'http.https://github.com/.extraheader' || :"
2026-10-09T19:58:14.6788295Z [command]/usr/bin/git config --local --name-only --get-regexp ^includeIf\.gitdir:
2026-10-09T19:58:14.6819520Z [command]/usr/bin/git submodule foreach --recursive git config --local --show-origin --name-only --get-regexp remote.origin.url
2026-10-09T19:58:14.7132328Z Evaluate and set job outputs
2026-10-09T19:58:14.7136700Z Set output 'qualified'
2026-10-09T19:58:14.7137704Z Set output 'node-version'
2026-10-09T19:58:14.7138413Z Cleaning up orphan processes
2026-10-09T19:58:14.7354777Z ##[warning]Node.js 20 is deprecated. The following actions target Node.js 20 but are being forced to run on Node.js 24: actions/cache/restore@v4, actions/cache/save@v4, actions/checkout@v4, actions/github-script@v7, actions/setup-node@v4, actions/upload-artifact@v4. For more information see: https://github.blog/changelog/2025-09-19-deprecation-of-node-20-on-github-actions-runners/
