2026-10-09T11:45:45.5058071Z Current runner version: '2.337.0'
2026-10-09T11:45:45.5081558Z ##[group]Runner Image Provisioner
2026-10-09T11:45:45.5082527Z Hosted Compute Agent
2026-10-09T11:45:45.5083092Z Version: 20261002.596
2026-10-09T11:45:45.5083684Z Commit: c3d12f3313a95f25162a1503be624f3b0617f8c0
2026-10-09T11:45:45.5084763Z Build Date: 2026-10-02T22:28:27Z
2026-10-09T11:45:45.5085432Z Worker ID: {ff4efa49-d8ff-4aa3-812e-66be8a53d3b1}
2026-10-09T11:45:45.5086147Z Region: centralus
2026-10-09T11:45:45.5086692Z Cloud: Azure
2026-10-09T11:45:45.5087202Z ##[endgroup]
2026-10-09T11:45:45.5088521Z ##[group]Operating System
2026-10-09T11:45:45.5089106Z Ubuntu
2026-10-09T11:45:45.5089608Z 24.04.5
2026-10-09T11:45:45.5090124Z LTS
2026-10-09T11:45:45.5090606Z ##[endgroup]
2026-10-09T11:45:45.5091169Z ##[group]Runner Image
2026-10-09T11:45:45.5091739Z Image: ubuntu-24.04
2026-10-09T11:45:45.5092290Z Version: 20261004.327.1
2026-10-09T11:45:45.5093501Z Included Software: https://github.com/actions/runner-images/blob/ubuntu24/20261004.327/images/ubuntu/Ubuntu2404-Readme.md
2026-10-09T11:45:45.5095222Z Image Release: https://github.com/actions/runner-images/releases/tag/ubuntu24%2F20261004.327
2026-10-09T11:45:45.5096144Z ##[endgroup]
2026-10-09T11:45:45.5097248Z ##[group]GITHUB_TOKEN Permissions
2026-10-09T11:45:45.5099828Z Actions: read
2026-10-09T11:45:45.5100428Z Contents: read
2026-10-09T11:45:45.5101043Z Metadata: read
2026-10-09T11:45:45.5101694Z ##[endgroup]
2026-10-09T11:45:45.5104098Z Secret source: Actions
2026-10-09T11:45:45.5105407Z Cache mode: write
2026-10-09T11:45:45.5106280Z Prepare workflow directory
2026-10-09T11:45:45.5489570Z Prepare all required actions
2026-10-09T11:45:45.5538525Z Getting action download info
2026-10-09T11:45:45.8943472Z Download action repository 'actions/checkout@v4' (SHA:11d5960a326750d5838078e36cf38b85af677262)
2026-10-09T11:45:46.0269321Z Download action repository 'actions/github-script@v7' (SHA:f28e40c7f34bde8b3046d885e986cb6290c5673b)
2026-10-09T11:45:46.3667508Z Download action repository 'actions/setup-node@v4' (SHA:49933ea5288caeca8642d1e84afbd3f7d6820020)
2026-10-09T11:45:46.4904111Z Download action repository 'leanprover/lean-action@v1' (SHA:f061402b660e0c34644504b324e830f2991d4865)
2026-10-09T11:45:46.6752147Z Download action repository 'actions/cache@v4' (SHA:0057852bfaa89a56745cba8c7296529d2fc39830)
2026-10-09T11:45:46.8299180Z Download action repository 'actions/download-artifact@v4' (SHA:d3f86a106a0bac45b974a628896c90dbdf5c8093)
2026-10-09T11:45:47.3536530Z Download action repository 'actions/upload-artifact@v4' (SHA:ea165f8d65b6e75b540449e92b4886f43607fa02)
2026-10-09T11:45:47.6959441Z Getting action download info
2026-10-09T11:45:47.8085091Z Download action repository 'actions/cache@caa296126883cff596d87d8935842f9db880ef25' (SHA:caa296126883cff596d87d8935842f9db880ef25)
2026-10-09T11:45:48.0907071Z Complete job name: compiler
2026-10-09T11:45:48.1670560Z ##[group]Run actions/checkout@v4
2026-10-09T11:45:48.1671195Z with:
2026-10-09T11:45:48.1671573Z   repository: dwijayuda/pskernel
2026-10-09T11:45:48.1674860Z   token: ***
2026-10-09T11:45:48.1675250Z   ssh-strict: true
2026-10-09T11:45:48.1675617Z   ssh-user: git
2026-10-09T11:45:48.1675988Z   persist-credentials: true
2026-10-09T11:45:48.1676374Z   clean: true
2026-10-09T11:45:48.1676828Z   sparse-checkout-cone-mode: true
2026-10-09T11:45:48.1677216Z   fetch-depth: 1
2026-10-09T11:45:48.1677575Z   fetch-tags: false
2026-10-09T11:45:48.1677934Z   show-progress: true
2026-10-09T11:45:48.1678284Z   lfs: false
2026-10-09T11:45:48.1678651Z   submodules: false
2026-10-09T11:45:48.1679002Z   set-safe-directory: true
2026-10-09T11:45:48.1679372Z   allow-unsafe-pr-checkout: false
2026-10-09T11:45:48.1680002Z ##[endgroup]
2026-10-09T11:45:48.2706355Z Syncing repository: dwijayuda/pskernel
2026-10-09T11:45:48.2708547Z ##[group]Getting Git version info
2026-10-09T11:45:48.2709267Z Working directory is '/home/runner/work/pskernel/pskernel'
2026-10-09T11:45:48.2710359Z [command]/usr/bin/git version
2026-10-09T11:45:48.2756955Z git version 2.55.0
2026-10-09T11:45:48.2777979Z ##[endgroup]
2026-10-09T11:45:48.2806085Z Temporarily overriding HOME='/home/runner/work/_temp/ddc094a0-15ea-4f05-8a99-037da94c8aae' before making global git config changes
2026-10-09T11:45:48.2835912Z Adding repository directory to the temporary git global config as a safe directory
2026-10-09T11:45:48.2846350Z [command]/usr/bin/git config --global --add safe.directory /home/runner/work/pskernel/pskernel
2026-10-09T11:45:48.2875494Z Deleting the contents of '/home/runner/work/pskernel/pskernel'
2026-10-09T11:45:48.2890156Z ##[group]Initializing the repository
2026-10-09T11:45:48.2891429Z [command]/usr/bin/git init /home/runner/work/pskernel/pskernel
2026-10-09T11:45:48.2984122Z hint: Using 'master' as the name for the initial branch. This default branch name
2026-10-09T11:45:48.2985486Z hint: will change to "main" in Git 3.0. To configure the initial branch name
2026-10-09T11:45:48.2987662Z hint: to use in all of your new repositories, which will suppress this warning,
2026-10-09T11:45:48.2988588Z hint: call:
2026-10-09T11:45:48.2989181Z hint:
2026-10-09T11:45:48.2989996Z hint: 	git config --global init.defaultBranch <name>
2026-10-09T11:45:48.2990862Z hint:
2026-10-09T11:45:48.2991633Z hint: Names commonly chosen instead of 'master' are 'main', 'trunk' and
2026-10-09T11:45:48.2992867Z hint: 'development'. The just-created branch can be renamed via this command:
2026-10-09T11:45:48.2993771Z hint:
2026-10-09T11:45:48.2994546Z hint: 	git branch -m <name>
2026-10-09T11:45:48.2995175Z hint:
2026-10-09T11:45:48.2996019Z hint: Disable this message with "git config set advice.defaultBranchName false"
2026-10-09T11:45:48.2997217Z Initialized empty Git repository in /home/runner/work/pskernel/pskernel/.git/
2026-10-09T11:45:48.2999468Z [command]/usr/bin/git remote add origin https://github.com/dwijayuda/pskernel
2026-10-09T11:45:48.3052141Z ##[endgroup]
2026-10-09T11:45:48.3053147Z ##[group]Disabling automatic garbage collection
2026-10-09T11:45:48.3056434Z [command]/usr/bin/git config --local gc.auto 0
2026-10-09T11:45:48.3097640Z ##[endgroup]
2026-10-09T11:45:48.3098610Z ##[group]Setting up auth
2026-10-09T11:45:48.3104971Z [command]/usr/bin/git config --local --name-only --get-regexp core\.sshCommand
2026-10-09T11:45:48.3134604Z [command]/usr/bin/git submodule foreach --recursive sh -c "git config --local --name-only --get-regexp 'core\.sshCommand' && git config --local --unset-all 'core.sshCommand' || :"
2026-10-09T11:45:48.3448628Z [command]/usr/bin/git config --local --name-only --get-regexp http\.https\:\/\/github\.com\/\.extraheader
2026-10-09T11:45:48.3483420Z [command]/usr/bin/git submodule foreach --recursive sh -c "git config --local --name-only --get-regexp 'http\.https\:\/\/github\.com\/\.extraheader' && git config --local --unset-all 'http.https://github.com/.extraheader' || :"
2026-10-09T11:45:48.3682377Z [command]/usr/bin/git config --local --name-only --get-regexp ^includeIf\.gitdir:
2026-10-09T11:45:48.3711805Z [command]/usr/bin/git submodule foreach --recursive git config --local --show-origin --name-only --get-regexp remote.origin.url
2026-10-09T11:45:48.3893160Z [command]/usr/bin/git config --local http.https://github.com/.extraheader AUTHORIZATION: basic ***
2026-10-09T11:45:48.3934359Z ##[endgroup]
2026-10-09T11:45:48.3935299Z ##[group]Fetching the repository
2026-10-09T11:45:48.3946569Z [command]/usr/bin/git -c protocol.version=2 fetch --no-tags --prune --no-recurse-submodules --depth=1 origin +fe2560aba0f347b1caf8d000d371464642d44f23:refs/remotes/origin/psc0/sh1-projection-grammar-v1
2026-10-09T11:46:01.3642283Z From https://github.com/dwijayuda/pskernel
2026-10-09T11:46:01.3643463Z  * [new ref]           fe2560aba0f347b1caf8d000d371464642d44f23 -> origin/psc0/sh1-projection-grammar-v1
2026-10-09T11:46:01.3647084Z ##[endgroup]
2026-10-09T11:46:01.3647961Z ##[group]Determining the checkout info
2026-10-09T11:46:01.3649204Z ##[endgroup]
2026-10-09T11:46:01.3657861Z [command]/usr/bin/git sparse-checkout disable
2026-10-09T11:46:01.4762917Z [command]/usr/bin/git config --local --unset-all extensions.worktreeConfig
2026-10-09T11:46:01.5752791Z ##[group]Checking out the ref
2026-10-09T11:46:01.5790864Z [command]/usr/bin/git checkout --progress --force -B psc0/sh1-projection-grammar-v1 refs/remotes/origin/psc0/sh1-projection-grammar-v1
2026-10-09T11:46:03.8161887Z Updating files:   6% (1253/20531)
2026-10-09T11:46:03.8241757Z Updating files:   6% (1255/20531)
2026-10-09T11:46:03.8335018Z Updating files:   7% (1438/20531)
2026-10-09T11:46:03.8594036Z Updating files:   8% (1643/20531)
2026-10-09T11:46:03.8773814Z Updating files:   9% (1848/20531)
2026-10-09T11:46:03.8977865Z Updating files:  10% (2054/20531)
2026-10-09T11:46:03.9072400Z Updating files:  11% (2259/20531)
2026-10-09T11:46:04.7103849Z Updating files:  12% (2464/20531)
2026-10-09T11:46:05.9185036Z Updating files:  12% (2583/20531)
2026-10-09T11:46:05.9232205Z Updating files:  12% (2586/20531)
2026-10-09T11:46:05.9311896Z Updating files:  13% (2670/20531)
2026-10-09T11:46:05.9372995Z Updating files:  14% (2875/20531)
2026-10-09T11:46:05.9466188Z Updating files:  15% (3080/20531)
2026-10-09T11:46:05.9599600Z Updating files:  16% (3285/20531)
2026-10-09T11:46:05.9685923Z Updating files:  17% (3491/20531)
2026-10-09T11:46:05.9882513Z Updating files:  18% (3696/20531)
2026-10-09T11:46:06.0131795Z Updating files:  19% (3901/20531)
2026-10-09T11:46:06.0335623Z Updating files:  20% (4107/20531)
2026-10-09T11:46:06.0419874Z Updating files:  21% (4312/20531)
2026-10-09T11:46:06.8481981Z Updating files:  22% (4517/20531)
2026-10-09T11:46:07.6660291Z Updating files:  22% (4653/20531)
2026-10-09T11:46:08.0600951Z Updating files:  22% (4655/20531)
2026-10-09T11:46:08.0685319Z Updating files:  23% (4723/20531)
2026-10-09T11:46:08.0745396Z Updating files:  24% (4928/20531)
2026-10-09T11:46:08.0832386Z Updating files:  25% (5133/20531)
2026-10-09T11:46:08.0919812Z Updating files:  26% (5339/20531)
2026-10-09T11:46:08.1002595Z Updating files:  27% (5544/20531)
2026-10-09T11:46:08.1887622Z Updating files:  28% (5749/20531)
2026-10-09T11:46:08.2051970Z Updating files:  29% (5954/20531)
2026-10-09T11:46:08.2190934Z Updating files:  30% (6160/20531)
2026-10-09T11:46:08.2327519Z Updating files:  31% (6365/20531)
2026-10-09T11:46:08.2471843Z Updating files:  32% (6570/20531)
2026-10-09T11:46:08.2605902Z Updating files:  33% (6776/20531)
2026-10-09T11:46:08.2719757Z Updating files:  34% (6981/20531)
2026-10-09T11:46:08.2861650Z Updating files:  35% (7186/20531)
2026-10-09T11:46:08.3000051Z Updating files:  36% (7392/20531)
2026-10-09T11:46:08.3102252Z Updating files:  37% (7597/20531)
2026-10-09T11:46:08.3230992Z Updating files:  38% (7802/20531)
2026-10-09T11:46:08.3418291Z Updating files:  39% (8008/20531)
2026-10-09T11:46:08.3560268Z Updating files:  40% (8213/20531)
2026-10-09T11:46:08.3665012Z Updating files:  41% (8418/20531)
2026-10-09T11:46:08.3768011Z Updating files:  42% (8624/20531)
2026-10-09T11:46:08.3846970Z Updating files:  43% (8829/20531)
2026-10-09T11:46:08.3940031Z Updating files:  44% (9034/20531)
2026-10-09T11:46:08.5443627Z Updating files:  45% (9239/20531)
2026-10-09T11:46:08.5958648Z Updating files:  46% (9445/20531)
2026-10-09T11:46:08.6008919Z Updating files:  47% (9650/20531)
2026-10-09T11:46:08.6955298Z Updating files:  47% (9663/20531)
2026-10-09T11:46:08.8619113Z Updating files:  48% (9855/20531)
2026-10-09T11:46:09.1020422Z Updating files:  49% (10061/20531)
2026-10-09T11:46:09.6017746Z Updating files:  50% (10266/20531)
2026-10-09T11:46:09.6978134Z Updating files:  50% (10408/20531)
2026-10-09T11:46:09.9496457Z Updating files:  51% (10471/20531)
2026-10-09T11:46:10.2365251Z Updating files:  52% (10677/20531)
2026-10-09T11:46:10.5169300Z Updating files:  53% (10882/20531)
2026-10-09T11:46:10.6003534Z Updating files:  54% (11087/20531)
2026-10-09T11:46:10.8381343Z Updating files:  54% (11139/20531)
2026-10-09T11:46:10.9384519Z Updating files:  55% (11293/20531)
2026-10-09T11:46:11.0322886Z Updating files:  56% (11498/20531)
2026-10-09T11:46:11.0691657Z Updating files:  57% (11703/20531)
2026-10-09T11:46:11.0732831Z Updating files:  58% (11908/20531)
2026-10-09T11:46:11.0772584Z Updating files:  59% (12114/20531)
2026-10-09T11:46:11.0811128Z Updating files:  60% (12319/20531)
2026-10-09T11:46:11.0854978Z Updating files:  61% (12524/20531)
2026-10-09T11:46:11.0903665Z Updating files:  62% (12730/20531)
2026-10-09T11:46:11.0957052Z Updating files:  63% (12935/20531)
2026-10-09T11:46:11.1011055Z Updating files:  64% (13140/20531)
2026-10-09T11:46:11.1078351Z Updating files:  65% (13346/20531)
2026-10-09T11:46:11.1139130Z Updating files:  66% (13551/20531)
2026-10-09T11:46:11.1198179Z Updating files:  67% (13756/20531)
2026-10-09T11:46:11.1253163Z Updating files:  68% (13962/20531)
2026-10-09T11:46:11.1308296Z Updating files:  69% (14167/20531)
2026-10-09T11:46:11.1366132Z Updating files:  70% (14372/20531)
2026-10-09T11:46:11.1424736Z Updating files:  71% (14578/20531)
2026-10-09T11:46:11.1481338Z Updating files:  72% (14783/20531)
2026-10-09T11:46:11.1535422Z Updating files:  73% (14988/20531)
2026-10-09T11:46:11.1626411Z Updating files:  74% (15193/20531)
2026-10-09T11:46:11.1682788Z Updating files:  75% (15399/20531)
2026-10-09T11:46:11.1734421Z Updating files:  76% (15604/20531)
2026-10-09T11:46:11.1787735Z Updating files:  77% (15809/20531)
2026-10-09T11:46:11.1848275Z Updating files:  78% (16015/20531)
2026-10-09T11:46:11.1902587Z Updating files:  79% (16220/20531)
2026-10-09T11:46:11.1991134Z Updating files:  80% (16425/20531)
2026-10-09T11:46:11.2028798Z Updating files:  81% (16631/20531)
2026-10-09T11:46:11.2073150Z Updating files:  82% (16836/20531)
2026-10-09T11:46:11.2119562Z Updating files:  83% (17041/20531)
2026-10-09T11:46:11.2164802Z Updating files:  84% (17247/20531)
2026-10-09T11:46:11.2205830Z Updating files:  85% (17452/20531)
2026-10-09T11:46:11.2244320Z Updating files:  86% (17657/20531)
2026-10-09T11:46:11.2270698Z Updating files:  87% (17862/20531)
2026-10-09T11:46:11.2300773Z Updating files:  88% (18068/20531)
2026-10-09T11:46:11.2344322Z Updating files:  89% (18273/20531)
2026-10-09T11:46:11.2729069Z Updating files:  90% (18478/20531)
2026-10-09T11:46:11.2798466Z Updating files:  91% (18684/20531)
2026-10-09T11:46:11.2852060Z Updating files:  92% (18889/20531)
2026-10-09T11:46:11.2904685Z Updating files:  93% (19094/20531)
2026-10-09T11:46:11.4601843Z Updating files:  94% (19300/20531)
2026-10-09T11:46:11.5570587Z Updating files:  95% (19505/20531)
2026-10-09T11:46:11.6000861Z Updating files:  96% (19710/20531)
2026-10-09T11:46:11.6241553Z Updating files:  96% (19788/20531)
2026-10-09T11:46:11.6557890Z Updating files:  97% (19916/20531)
2026-10-09T11:46:11.7188202Z Updating files:  98% (20121/20531)
2026-10-09T11:46:11.7693242Z Updating files:  99% (20326/20531)
2026-10-09T11:46:11.7694115Z Updating files: 100% (20531/20531)
2026-10-09T11:46:11.8120316Z Updating files: 100% (20531/20531), done.
2026-10-09T11:46:11.8121486Z Switched to a new branch 'psc0/sh1-projection-grammar-v1'
2026-10-09T11:46:11.8122582Z branch 'psc0/sh1-projection-grammar-v1' set up to track 'origin/psc0/sh1-projection-grammar-v1'.
2026-10-09T11:46:11.8191206Z ##[endgroup]
2026-10-09T11:46:11.8244929Z [command]/usr/bin/git log -1 --format=%H
2026-10-09T11:46:11.8266744Z fe2560aba0f347b1caf8d000d371464642d44f23
2026-10-09T11:46:11.8583646Z ##[group]Run actions/github-script@v7
2026-10-09T11:46:11.8584018Z with:
2026-10-09T11:46:11.8588818Z   script: const { mkdir, writeFile } = await import('node:fs/promises');
const path = await import('node:path');
const root = process.env.GITHUB_WORKSPACE + '/psc0';
const seeds = await import(root + '/scripts/sh1-successor-seed.mjs');
const selected = await seeds.readSelectedAuthoringSeed();
const legacy = selected.parent ?? (selected.mode === 'qualified' ? selected : null);
let legacyManifestPath = '';
if (legacy) {
  legacyManifestPath = path.join(root, 'dist/sh1-seed-selection/parent-v1.json');
  await mkdir(path.dirname(legacyManifestPath), { recursive: true });
  await writeFile(legacyManifestPath, JSON.stringify(legacy.manifest, null, 2) + '\n');
}
for (const [name, value] of Object.entries({
  mode: selected.mode,
  'full-qualification': process.env.PSC0_SH1_FULL_QUALIFICATION === 'true',
  'node-version': selected.nodeVersion,
  'source-ref': selected.sourceRef,
  'compiler-path': selected.compilerPath,
  'cache-key': selected.cacheKey,
  'cache-directory': selected.cacheDirectory,
  'artifact-run-id': selected.artifactRunId,
  'artifact-name': selected.artifactName,
  'recovery-typescript-version': selected.recoveryTypeScriptVersion,
  'has-parent': Boolean(selected.parent),
  'legacy-source-ref': legacy?.sourceRef ?? '',
  'legacy-compiler-path': legacy?.compilerPath ?? '',
  'legacy-cache-key': legacy?.cacheKey ?? '',
  'legacy-cache-directory': legacy?.cacheDirectory ?? '',
  'legacy-artifact-run-id': legacy?.artifactRunId ?? '',
  'legacy-artifact-name': legacy?.artifactName ?? '',
  'legacy-manifest-path': legacyManifestPath,
})) core.setOutput(name, value);

2026-10-09T11:46:11.8597335Z   github-token: ***
2026-10-09T11:46:11.8597799Z   debug: false
2026-10-09T11:46:11.8598298Z   user-agent: actions/github-script
2026-10-09T11:46:11.8598953Z   result-encoding: json
2026-10-09T11:46:11.8599286Z   retries: 0
2026-10-09T11:46:11.8599710Z   retry-exempt-status-codes: 400,401,403,404,422
2026-10-09T11:46:11.8600119Z env:
2026-10-09T11:46:11.8600443Z   PSC0_SH1_FULL_QUALIFICATION: true
2026-10-09T11:46:11.8600883Z ##[endgroup]
2026-10-09T11:46:11.9979629Z ##[group]Run actions/setup-node@v4
2026-10-09T11:46:11.9980005Z with:
2026-10-09T11:46:11.9980320Z   node-version: 22.23.3
2026-10-09T11:46:11.9980635Z   always-auth: false
2026-10-09T11:46:11.9980982Z   check-latest: false
2026-10-09T11:46:11.9983697Z   token: ***
2026-10-09T11:46:11.9983993Z ##[endgroup]
2026-10-09T11:46:12.1480568Z Found in cache @ /opt/hostedtoolcache/node/22.23.3/x64
2026-10-09T11:46:12.1484986Z (node:2327) [DEP0040] DeprecationWarning: The `punycode` module is deprecated. Please use a userland alternative instead.
2026-10-09T11:46:12.1486244Z (Use `node --trace-deprecation ...` to show where the warning was created)
2026-10-09T11:46:12.1487829Z ##[group]Environment details
2026-10-09T11:46:17.5661111Z node: v22.23.3
2026-10-09T11:46:17.5661616Z npm: 10.9.9
2026-10-09T11:46:17.5662151Z yarn: 1.22.22
2026-10-09T11:46:17.5663143Z ##[endgroup]
2026-10-09T11:46:17.6389348Z ##[group]Run leanprover/lean-action@v1
2026-10-09T11:46:17.6389767Z with:
2026-10-09T11:46:17.6390071Z   lake-package-directory: psc0
2026-10-09T11:46:17.6390391Z   auto-config: false
2026-10-09T11:46:17.6390725Z   build: false
2026-10-09T11:46:17.6391005Z   test: false
2026-10-09T11:46:17.6391364Z   use-github-cache: false
2026-10-09T11:46:17.6391674Z   use-mathlib-cache: false
2026-10-09T11:46:17.6391958Z   lint: default
2026-10-09T11:46:17.6392267Z   mk_all-check: false
2026-10-09T11:46:17.6392578Z   check-reservoir-eligibility: false
2026-10-09T11:46:17.6392937Z   leanchecker: false
2026-10-09T11:46:17.6393239Z   lean4checker: false
2026-10-09T11:46:17.6393528Z   nanoda: false
2026-10-09T11:46:17.6393836Z   nanoda-allow-sorry: true
2026-10-09T11:46:17.6394141Z   axiom-audit: false
2026-10-09T11:46:17.6394878Z   axiom-audit-allow: propext,Classical.choice,Quot.sound
2026-10-09T11:46:17.6395324Z   reinstall-transient-toolchain: false
2026-10-09T11:46:17.6395677Z ##[endgroup]
2026-10-09T11:46:17.6465388Z ##[start-action display=install elan;id=__leanprover_lean-action.__run]
2026-10-09T11:46:17.6556377Z ##[group]Run : Install Elan
2026-10-09T11:46:17.6557315Z [36;1m: Install Elan[0m
2026-10-09T11:46:17.6557838Z [36;1m${GITHUB_ACTION_PATH}/scripts/install_elan.sh[0m
2026-10-09T11:46:17.7659698Z shell: /usr/bin/bash --noprofile --norc -e -o pipefail {0}
2026-10-09T11:46:17.7660369Z ##[endgroup]
2026-10-09T11:46:17.9177296Z ##[group]Elan Installation Output
2026-10-09T11:46:18.2450064Z info: downloading installer
2026-10-09T11:46:20.0512731Z info: downloading https://releases.lean-lang.org/lean4/v4.34.0/lean-4.34.0-linux.tar.zst
2026-10-09T11:46:25.5586255Z info: installing /home/runner/.elan/toolchains/leanprover--lean4---v4.34.0
2026-10-09T11:46:34.5549216Z Lean (version 4.34.0, x86_64-unknown-linux-gnu, commit 293d5d0c0c3f3dded4688b3ccd6a33939ac5102b, Release)
2026-10-09T11:46:34.5991122Z Lake version 5.0.0-src+293d5d0 (Lean version 4.34.0)
2026-10-09T11:46:34.5995159Z ##[endgroup]
2026-10-09T11:46:34.5995437Z 
2026-10-09T11:46:34.6018686Z ##[end-action id=__leanprover_lean-action.__run;outcome=success;conclusion=success;duration_ms=16955]
2026-10-09T11:46:34.6023949Z ##[start-action display=configure `lean-action`;id=__leanprover_lean-action.config]
2026-10-09T11:46:34.6307989Z ##[group]Run : Configure Lean Action
2026-10-09T11:46:34.6308452Z [36;1m: Configure Lean Action[0m
2026-10-09T11:46:34.6308898Z [36;1m${GITHUB_ACTION_PATH}/scripts/config.sh[0m
2026-10-09T11:46:34.6349259Z shell: /usr/bin/bash --noprofile --norc -e -o pipefail {0}
2026-10-09T11:46:34.6349675Z env:
2026-10-09T11:46:34.6349984Z   AUTO_CONFIG: false
2026-10-09T11:46:34.6350340Z   BUILD: false
2026-10-09T11:46:34.6350631Z   TEST: false
2026-10-09T11:46:34.6350979Z   LINT: default
2026-10-09T11:46:34.6351267Z ##[endgroup]
2026-10-09T11:46:34.6695528Z ##[group]Configure lean-action
2026-10-09T11:46:34.6728166Z ##[end-action id=__leanprover_lean-action.config;outcome=success;conclusion=success;duration_ms=70]
2026-10-09T11:46:34.6730860Z ##[start-action display=reinstall transient toolchain;id=__leanprover_lean-action.__run_2]
2026-10-09T11:46:34.6738048Z ##[end-action id=__leanprover_lean-action.__run_2;outcome=skipped;conclusion=skipped;duration_ms=0]
2026-10-09T11:46:34.6741363Z ##[start-action display=ensure all files are imported;id=__leanprover_lean-action.mk_all]
2026-10-09T11:46:34.6746097Z ##[end-action id=__leanprover_lean-action.mk_all;outcome=skipped;conclusion=skipped;duration_ms=0]
2026-10-09T11:46:34.6748513Z ##[start-action display=Run actions/cache/restore@caa296126883cff596d87d8935842f9db880ef25;id=__leanprover_lean-action.__actions_cache]
2026-10-09T11:46:34.6752822Z ##[end-action id=__leanprover_lean-action.__actions_cache;outcome=skipped;conclusion=skipped;duration_ms=0]
2026-10-09T11:46:34.6755134Z ##[start-action display=detect mathlib;id=__leanprover_lean-action.detect-mathlib]
2026-10-09T11:46:34.6759560Z ##[end-action id=__leanprover_lean-action.detect-mathlib;outcome=skipped;conclusion=skipped;duration_ms=0]
2026-10-09T11:46:34.6761550Z ##[start-action display=get mathlib cache;id=__leanprover_lean-action.__run_3]
2026-10-09T11:46:34.6775808Z ##[end-action id=__leanprover_lean-action.__run_3;outcome=skipped;conclusion=skipped;duration_ms=0]
2026-10-09T11:46:34.6804021Z ##[start-action display=build dwijayuda/pskernel;id=__leanprover_lean-action.build]
2026-10-09T11:46:34.6810505Z ##[end-action id=__leanprover_lean-action.build;outcome=skipped;conclusion=skipped;duration_ms=0]
2026-10-09T11:46:34.6812906Z ##[start-action display=Run actions/cache/save@caa296126883cff596d87d8935842f9db880ef25;id=__leanprover_lean-action.__actions_cache_2]
2026-10-09T11:46:34.6817594Z ##[end-action id=__leanprover_lean-action.__actions_cache_2;outcome=skipped;conclusion=skipped;duration_ms=0]
2026-10-09T11:46:34.6820825Z ##[start-action display=test dwijayuda/pskernel;id=__leanprover_lean-action.test]
2026-10-09T11:46:34.6826531Z ##[end-action id=__leanprover_lean-action.test;outcome=skipped;conclusion=skipped;duration_ms=0]
2026-10-09T11:46:34.6830252Z ##[start-action display=lint dwijayuda/pskernel;id=__leanprover_lean-action.lint]
2026-10-09T11:46:34.6835755Z ##[end-action id=__leanprover_lean-action.lint;outcome=skipped;conclusion=skipped;duration_ms=0]
2026-10-09T11:46:34.6837835Z ##[start-action display=check reservoir eligibility;id=__leanprover_lean-action.__run_4]
2026-10-09T11:46:34.6841805Z ##[end-action id=__leanprover_lean-action.__run_4;outcome=skipped;conclusion=skipped;duration_ms=0]
2026-10-09T11:46:34.6844597Z ##[start-action display=check environment with leanchecker;id=__leanprover_lean-action.__run_5]
2026-10-09T11:46:34.6850533Z ##[end-action id=__leanprover_lean-action.__run_5;outcome=skipped;conclusion=skipped;duration_ms=0]
2026-10-09T11:46:34.6853001Z ##[start-action display=check environment with nanoda;id=__leanprover_lean-action.nanoda]
2026-10-09T11:46:34.6857708Z ##[end-action id=__leanprover_lean-action.nanoda;outcome=skipped;conclusion=skipped;duration_ms=0]
2026-10-09T11:46:34.6862598Z ##[start-action display=audit axioms with axiom-audit;id=__leanprover_lean-action.axiom-audit]
2026-10-09T11:46:34.6867220Z ##[end-action id=__leanprover_lean-action.axiom-audit;outcome=skipped;conclusion=skipped;duration_ms=0]
2026-10-09T11:46:34.7226234Z ##[group]Run npm install --prefix "$RUNNER_TEMP/psc0-typescript-7.0.2" --ignore-scripts --save-exact --no-audit --no-fund typescript@7.0.2
2026-10-09T11:46:34.7227311Z [36;1mnpm install --prefix "$RUNNER_TEMP/psc0-typescript-7.0.2" --ignore-scripts --save-exact --no-audit --no-fund typescript@7.0.2[0m
2026-10-09T11:46:34.7228223Z [36;1mnpm install --prefix "$RUNNER_TEMP/psc0-typescript-5.8.3" --ignore-scripts --save-exact --no-audit --no-fund typescript@5.8.3[0m
2026-10-09T11:46:34.7228871Z [36;1mnode --input-type=module <<'NODE'[0m
2026-10-09T11:46:34.7229266Z [36;1mimport assert from 'node:assert/strict';[0m
2026-10-09T11:46:34.7229870Z [36;1mimport { appendFileSync, copyFileSync, mkdirSync, readFileSync, realpathSync } from 'node:fs';[0m
2026-10-09T11:46:34.7230419Z [36;1mimport path from 'node:path';[0m
2026-10-09T11:46:34.7230830Z [36;1mimport { createRequire } from 'node:module';[0m
2026-10-09T11:46:34.7231375Z [36;1mimport { spawnSync } from 'node:child_process';[0m
2026-10-09T11:46:34.7231804Z [36;1mconst require = createRequire(import.meta.url);[0m
2026-10-09T11:46:34.7232424Z [36;1mconst directory = path.resolve('dist/typescript-profile/install');[0m
2026-10-09T11:46:34.7232938Z [36;1mmkdirSync(directory, { recursive: true });[0m
2026-10-09T11:46:34.7233439Z [36;1mfor (const [profile, version] of [['current', '7.0.2'], ['historical', '5.8.3']]) {[0m
2026-10-09T11:46:34.7234060Z [36;1m  const prefix = path.join(process.env.RUNNER_TEMP, 'psc0-typescript-' + version);[0m
2026-10-09T11:46:34.7234801Z [36;1m  const manifestPath = require.resolve('typescript/package.json', { paths: [prefix] });[0m
2026-10-09T11:46:34.7235409Z [36;1m  const manifest = JSON.parse(readFileSync(manifestPath, 'utf8'));[0m
2026-10-09T11:46:34.7236088Z [36;1m  assert.equal(manifest.name, 'typescript');[0m
2026-10-09T11:46:34.7236507Z [36;1m  assert.equal(manifest.version, version);[0m
2026-10-09T11:46:34.7237017Z [36;1m  const bin = typeof manifest.bin === 'string' ? manifest.bin : manifest.bin?.tsc;[0m
2026-10-09T11:46:34.7237583Z [36;1m  assert.equal(typeof bin, 'string', 'PSC0_TYPESCRIPT_BIN_METADATA');[0m
2026-10-09T11:46:34.7238159Z [36;1m  const launcher = realpathSync(path.resolve(path.dirname(manifestPath), bin));[0m
2026-10-09T11:46:34.7238822Z [36;1m  const result = spawnSync(process.execPath, [launcher, '--version'], { encoding: 'utf8' });[0m
2026-10-09T11:46:34.7239415Z [36;1m  assert.equal(result.status, 0, result.stderr);[0m
2026-10-09T11:46:34.7239884Z [36;1m  assert.equal(result.stdout.trim(), 'Version ' + version);[0m
2026-10-09T11:46:34.7240437Z [36;1m  appendFileSync(process.env.GITHUB_OUTPUT, profile + '-cli=' + launcher + '\n');[0m
2026-10-09T11:46:34.7241166Z [36;1m  copyFileSync(path.join(prefix, 'package-lock.json'), path.join(directory, profile + '-package-lock.json'));[0m
2026-10-09T11:46:34.7242079Z [36;1m  copyFileSync(manifestPath, path.join(directory, profile + '-package.json'));[0m
2026-10-09T11:46:34.7242565Z [36;1m  if (profile === 'current') {[0m
2026-10-09T11:46:34.7243199Z [36;1m    appendFileSync(process.env.GITHUB_ENV, 'PSC0_TSC=' + launcher + '\nPSC0_TYPESCRIPT_VERSION=' + version + '\n');[0m
2026-10-09T11:46:34.7243755Z [36;1m  } else {[0m
2026-10-09T11:46:34.7244486Z [36;1m    appendFileSync(process.env.GITHUB_OUTPUT, 'historical-path=' + path.join(prefix, 'node_modules/.bin') + path.delimiter + process.env.PATH + '\n');[0m
2026-10-09T11:46:34.7245172Z [36;1m  }[0m
2026-10-09T11:46:34.7245437Z [36;1m}[0m
2026-10-09T11:46:34.7245745Z [36;1mNODE[0m
2026-10-09T11:46:34.7286497Z shell: /usr/bin/bash --noprofile --norc -e -o pipefail {0}
2026-10-09T11:46:34.7287095Z ##[endgroup]
2026-10-09T11:46:37.1541203Z 
2026-10-09T11:46:37.1541779Z added 2 packages in 2s
2026-10-09T11:46:37.9373639Z 
2026-10-09T11:46:37.9374600Z added 1 package in 715ms
2026-10-09T11:46:38.3248132Z ##[group]Run node scripts/check-typescript-profile.mjs --out dist/typescript-profile/contract
2026-10-09T11:46:38.3248971Z [36;1mnode scripts/check-typescript-profile.mjs --out dist/typescript-profile/contract[0m
2026-10-09T11:46:38.3290878Z shell: /usr/bin/bash -e {0}
2026-10-09T11:46:38.3291254Z env:
2026-10-09T11:46:38.3291793Z   PSC0_TSC: /home/runner/work/_temp/psc0-typescript-7.0.2/node_modules/typescript/bin/tsc
2026-10-09T11:46:38.3292318Z   PSC0_TYPESCRIPT_VERSION: 7.0.2
2026-10-09T11:46:38.3292646Z ##[endgroup]
2026-10-09T11:46:38.9651700Z PSC0_TYPESCRIPT_PROFILE: PASS {"mode":"installed-profile-contract","report":"/home/runner/work/pskernel/pskernel/psc0/dist/typescript-profile/contract/report.json","timings":[{"phase":"positional-source-with-unrelated-config","version":"7.0.2","elapsedMs":80.07239100000004}]}
2026-10-09T11:46:38.9970675Z ##[group]Run node --check scripts/typescript-cli.mjs
2026-10-09T11:46:38.9971340Z [36;1mnode --check scripts/typescript-cli.mjs[0m
2026-10-09T11:46:38.9971859Z [36;1mnode --check scripts/check-typescript-profile.mjs[0m
2026-10-09T11:46:38.9972363Z [36;1mnode --check scripts/native-typescript-cli.test.mjs[0m
2026-10-09T11:46:38.9972838Z [36;1mnode scripts/check-native-replay-host-source.mjs[0m
2026-10-09T11:46:38.9973260Z [36;1mnode --check scripts/sh1-qualify.mjs[0m
2026-10-09T11:46:38.9973690Z [36;1mnode --check scripts/sh1-capabilities.mjs[0m
2026-10-09T11:46:38.9974141Z [36;1mnode --check scripts/sh1-check-admissions.mjs[0m
2026-10-09T11:46:38.9974779Z [36;1mnode --check scripts/generated-preparation-session.mjs[0m
2026-10-09T11:46:38.9975300Z [36;1mnode --check scripts/original-ir-inventory.mjs[0m
2026-10-09T11:46:38.9975716Z [36;1mnode --check scripts/original-ir-carrier.mjs[0m
2026-10-09T11:46:38.9976313Z [36;1mnode --check scripts/sh1-ir-checker-conformance.mjs[0m
2026-10-09T11:46:38.9976742Z [36;1mnode --check scripts/sh1-source-snapshot.mjs[0m
2026-10-09T11:46:38.9977188Z [36;1mnode --check scripts/sh1-seed-manifest.mjs[0m
2026-10-09T11:46:38.9977612Z [36;1mnode --check scripts/sh1-grammar-conformance.mjs[0m
2026-10-09T11:46:38.9978061Z [36;1mnode --check scripts/sh1-projection-conformance.mjs[0m
2026-10-09T11:46:38.9978511Z [36;1mnode --check scripts/sh1-successor-seed.mjs[0m
2026-10-09T11:46:38.9978960Z [36;1mnode --check scripts/sh1-successor-seed.test.mjs[0m
2026-10-09T11:46:38.9979433Z [36;1mnode --check scripts/proofscript-source.mjs[0m
2026-10-09T11:46:38.9979860Z [36;1mnode --check scripts/proofscript-source.test.mjs[0m
2026-10-09T11:46:38.9980304Z [36;1mnode --check scripts/checked-source-snapshot.mjs[0m
2026-10-09T11:46:38.9980792Z [36;1mnode --check scripts/checked-source-snapshot.test.mjs[0m
2026-10-09T11:46:38.9981272Z [36;1mnode --check scripts/checked-seed-session.test.mjs[0m
2026-10-09T11:46:38.9981731Z [36;1mnode --check scripts/checked-build.mjs[0m
2026-10-09T11:46:38.9982140Z [36;1mnode --check scripts/checked-build.test.mjs[0m
2026-10-09T11:46:38.9982621Z [36;1mnode --check scripts/checked-algebraic-build.test.mjs[0m
2026-10-09T11:46:38.9983118Z [36;1mnode --check scripts/checked-enum-build.test.mjs[0m
2026-10-09T11:46:38.9983578Z [36;1mnode --check scripts/checked-projection-build.test.mjs[0m
2026-10-09T11:46:38.9984058Z [36;1mnode --check scripts/checked-sum-build.test.mjs[0m
2026-10-09T11:46:38.9984591Z [36;1mnode --check scripts/checked-text-build.test.mjs[0m
2026-10-09T11:46:38.9985031Z [36;1mnode --check scripts/selfhost-source-workspace.mjs[0m
2026-10-09T11:46:38.9985571Z [36;1mnode --check scripts/selfhost-source-isolation-tests.mjs[0m
2026-10-09T11:46:38.9986102Z [36;1mnode --check scripts/native-workspace-isolation.test.mjs[0m
2026-10-09T11:46:38.9986586Z [36;1mnode --check scripts/compile-with-generated.mjs[0m
2026-10-09T11:46:38.9987209Z [36;1mnode --check scripts/emit-project-with-generated.mjs[0m
2026-10-09T11:46:38.9987677Z [36;1mnode --check scripts/reemit-project-with-generated.mjs[0m
2026-10-09T11:46:38.9988217Z [36;1mnode --check scripts/translate-with-generated.mjs[0m
2026-10-09T11:46:38.9988713Z [36;1mnode --check scripts/check-elab-term-selfhost-source-syntax.mjs[0m
2026-10-09T11:46:38.9989259Z [36;1mnode --check scripts/check-proofscript-binder-replay-source.mjs[0m
2026-10-09T11:46:38.9989834Z [36;1mnode scripts/check-elab-term-selfhost-source-syntax.mjs[0m
2026-10-09T11:46:38.9990315Z [36;1mnode scripts/check-proofscript-binder-replay-source.mjs[0m
2026-10-09T11:46:38.9990816Z [36;1mnode --check scripts/sh1-iterate.mjs[0m
2026-10-09T11:46:38.9991232Z [36;1mnode --check scripts/sh1-iteration-conformance.mjs[0m
2026-10-09T11:46:38.9991683Z [36;1mnode --check scripts/sh1-foundation-conformance.mjs[0m
2026-10-09T11:46:38.9992135Z [36;1mnode --check scripts/sh1-helper-conformance.mjs[0m
2026-10-09T11:46:38.9992730Z [36;1mnode --check scripts/sh1-generic-erasure-conformance.mjs[0m
2026-10-09T11:46:38.9993232Z [36;1mnode check-psc1-source.mjs[0m
2026-10-09T11:46:38.9993639Z [36;1mnode scripts/bootstrap-root-minimality-tests.mjs[0m
2026-10-09T11:46:38.9994100Z [36;1mnode scripts/check-modular-preparation-source.mjs[0m
2026-10-09T11:46:39.0035119Z shell: /usr/bin/bash -e {0}
2026-10-09T11:46:39.0035583Z env:
2026-10-09T11:46:39.0036053Z   PSC0_TSC: /home/runner/work/_temp/psc0-typescript-7.0.2/node_modules/typescript/bin/tsc
2026-10-09T11:46:39.0036592Z   PSC0_TYPESCRIPT_VERSION: 7.0.2
2026-10-09T11:46:39.0036942Z ##[endgroup]
2026-10-09T11:46:39.1362009Z PSC2_NATIVE_REPLAY_HOST_SOURCE: PASS (installed TypeScript profiles, exact payload transport and emission integrity)
2026-10-09T11:46:39.9687901Z PSC2_ELAB_TERM_SELFHOST_SOURCE_SYNTAX: PASS (invariant-safe projection, typed-binder accumulation and typed-binder closing recursion, typed projection-reference match, explicit projection-reference expectation, explicit character conversion, explicit typed-binder expectation, local list length, and explicit Option constructors)
2026-10-09T11:46:40.0001342Z PSC2_PROOFSCRIPT_BINDER_REPLAY_SOURCE: PASS (decreasing type parser, nested binders and generated workspace boundary)
2026-10-09T11:46:40.2361047Z PSC1_SOURCE_PROFILE: PASS (bootstrap; 66 portable modules across 12 source roots)
2026-10-09T11:46:40.3080953Z PSC2_BOOTSTRAP_ROOT_MINIMALITY: PASS (1 direct imports; 61 ordered closure modules; compiler-only=61)
2026-10-09T11:46:40.3456911Z PSC2_MODULAR_PREPARATION_SOURCE: PASS (ordered shared environment, combined admission and unchanged kernel gate)
2026-10-09T11:46:40.3862237Z ##[group]Run node --test scripts/sh1-successor-seed.test.mjs
2026-10-09T11:46:40.3863063Z [36;1mnode --test scripts/sh1-successor-seed.test.mjs[0m
2026-10-09T11:46:40.3904605Z shell: /usr/bin/bash -e {0}
2026-10-09T11:46:40.3905027Z env:
2026-10-09T11:46:40.3905494Z   PSC0_TSC: /home/runner/work/_temp/psc0-typescript-7.0.2/node_modules/typescript/bin/tsc
2026-10-09T11:46:40.3906066Z   PSC0_TYPESCRIPT_VERSION: 7.0.2
2026-10-09T11:46:40.3906438Z ##[endgroup]
2026-10-09T11:46:40.4667753Z TAP version 13
2026-10-09T11:46:41.3171385Z # PSC0_SH1_SUCCESSOR_CONTRACT: PASS (14 descriptor refusals, generation ancestry, evidence-stable identity, gated selection, cache authentication, unchanged v1 routing)
2026-10-09T11:46:41.3241625Z # Subtest: scripts/sh1-successor-seed.test.mjs
2026-10-09T11:46:41.3248414Z ok 1 - scripts/sh1-successor-seed.test.mjs
2026-10-09T11:46:41.3249160Z   ---
2026-10-09T11:46:41.3249614Z   duration_ms: 860.885365
2026-10-09T11:46:41.3250095Z   type: 'test'
2026-10-09T11:46:41.3250693Z   ...
2026-10-09T11:46:41.3251154Z 1..1
2026-10-09T11:46:41.3251505Z # tests 1
2026-10-09T11:46:41.3252058Z # suites 0
2026-10-09T11:46:41.3252852Z # pass 1
2026-10-09T11:46:41.3254458Z # fail 0
2026-10-09T11:46:41.3265092Z # cancelled 0
2026-10-09T11:46:41.3265474Z # skipped 0
2026-10-09T11:46:41.3265783Z # todo 0
2026-10-09T11:46:41.3266675Z # duration_ms 868.794042
2026-10-09T11:46:41.3566152Z ##[group]Run actions/cache/restore@v4
2026-10-09T11:46:41.3566839Z with:
2026-10-09T11:46:41.3567410Z   path: psc0/.selfhost-seeds/qualified/0dc33de63fee9800e3da68e54605a27d222306c55e4631496995efd066b2e2d9
2026-10-09T11:46:41.3568183Z   key: psc0-sh1-qualified-v1-0dc33de63fee9800e3da68e54605a27d222306c55e4631496995efd066b2e2d9
2026-10-09T11:46:41.3568751Z   enableCrossOsArchive: false
2026-10-09T11:46:41.3569121Z   fail-on-cache-miss: false
2026-10-09T11:46:41.3569478Z   lookup-only: false
2026-10-09T11:46:41.3569809Z env:
2026-10-09T11:46:41.3570276Z   PSC0_TSC: /home/runner/work/_temp/psc0-typescript-7.0.2/node_modules/typescript/bin/tsc
2026-10-09T11:46:41.3570872Z   PSC0_TYPESCRIPT_VERSION: 7.0.2
2026-10-09T11:46:41.3571221Z ##[endgroup]
2026-10-09T11:46:41.4644383Z (node:2935) [DEP0040] DeprecationWarning: The `punycode` module is deprecated. Please use a userland alternative instead.
2026-10-09T11:46:41.4646035Z (Use `node --trace-deprecation ...` to show where the warning was created)
2026-10-09T11:46:41.8428087Z Cache hit for: psc0-sh1-qualified-v1-0dc33de63fee9800e3da68e54605a27d222306c55e4631496995efd066b2e2d9
2026-10-09T11:46:41.8529679Z (node:2935) [DEP0169] DeprecationWarning: `url.parse()` behavior is not standardized and prone to errors that have security implications. Use the WHATWG URL API instead. CVEs are not issued for `url.parse()` vulnerabilities.
2026-10-09T11:46:42.2417384Z Received 424756 of 424756 (100.0%), 1.7 MBs/sec
2026-10-09T11:46:42.2418212Z Cache Size: ~0 MB (424756 B)
2026-10-09T11:46:42.2443076Z [command]/usr/bin/tar -xf /home/runner/work/_temp/6676ad14-1cce-4737-a8d7-c3306933f9c6/cache.tzst -P -C /home/runner/work/pskernel/pskernel --use-compress-program unzstd
2026-10-09T11:46:42.2666668Z Cache restored successfully
2026-10-09T11:46:42.2739925Z Cache restored from key: psc0-sh1-qualified-v1-0dc33de63fee9800e3da68e54605a27d222306c55e4631496995efd066b2e2d9
2026-10-09T11:46:42.3028014Z ##[group]Run actions/github-script@v7
2026-10-09T11:46:42.3028414Z with:
2026-10-09T11:46:42.3029681Z   script: const root = process.env.GITHUB_WORKSPACE + '/psc0';
const seeds = await import(root + '/scripts/sh1-successor-seed.mjs');
const selected = await seeds.readSelectedAuthoringSeed();
const valid = selected.mode === 'qualified' && await seeds.verifyAuthoringSeedCache(
  root + '/' + selected.cacheDirectory, selected.manifest);
core.setOutput('qualified-valid', valid);

2026-10-09T11:46:42.3033332Z   github-token: ***
2026-10-09T11:46:42.3033650Z   debug: false
2026-10-09T11:46:42.3034028Z   user-agent: actions/github-script
2026-10-09T11:46:42.3034556Z   result-encoding: json
2026-10-09T11:46:42.3035162Z   retries: 0
2026-10-09T11:46:42.3242369Z   retry-exempt-status-codes: 400,401,403,404,422
2026-10-09T11:46:42.3242847Z env:
2026-10-09T11:46:42.3243421Z   PSC0_TSC: /home/runner/work/_temp/psc0-typescript-7.0.2/node_modules/typescript/bin/tsc
2026-10-09T11:46:42.3244051Z   PSC0_TYPESCRIPT_VERSION: 7.0.2
2026-10-09T11:46:42.3244569Z ##[endgroup]
2026-10-09T11:46:42.4587153Z ##[group]Run actions/github-script@v7
2026-10-09T11:46:42.4587445Z with:
2026-10-09T11:46:42.4589652Z   script: const root = process.env.GITHUB_WORKSPACE + '/psc0';
const seeds = await import(root + '/scripts/sh1-successor-seed.mjs');
const selected = await seeds.readSelectedAuthoringSeed();
const selectedValid = process.env.PSC0_SELECTED_SEED_VALID === 'true';
const legacy = selected.parent ?? (selected.mode === 'qualified' ? selected : null);
const legacyValid = legacy && await seeds.verifyAuthoringSeedCache(
  root + '/' + legacy.cacheDirectory, legacy.manifest);
core.setOutput('qualified-valid', selectedValid);
core.setOutput('needs-historical', !selectedValid && !legacyValid);
core.setOutput('needs-qualified-recovery', !selectedValid && Boolean(legacy) && !legacyValid);
core.setOutput('needs-successor-recovery', !selectedValid && Boolean(selected.parent));

2026-10-09T11:46:42.4593980Z   github-token: ***
2026-10-09T11:46:42.4594332Z   debug: false
2026-10-09T11:46:42.4594845Z   user-agent: actions/github-script
2026-10-09T11:46:42.4595116Z   result-encoding: json
2026-10-09T11:46:42.4595337Z   retries: 0
2026-10-09T11:46:42.4595602Z   retry-exempt-status-codes: 400,401,403,404,422
2026-10-09T11:46:42.4595886Z env:
2026-10-09T11:46:42.4596223Z   PSC0_TSC: /home/runner/work/_temp/psc0-typescript-7.0.2/node_modules/typescript/bin/tsc
2026-10-09T11:46:42.4596642Z   PSC0_TYPESCRIPT_VERSION: 7.0.2
2026-10-09T11:46:42.4596903Z   PSC0_SELECTED_SEED_VALID: true
2026-10-09T11:46:42.4597142Z ##[endgroup]
2026-10-09T11:46:42.6119121Z ##[group]Run node scripts/sh1-qualify.mjs recover-qualified-seed --manifest "$PSC0_V1_MANIFEST" --source ../qualified-source/psc0 --artifact ../qualified-artifact/dist/sh1 --out dist/sh1-seed-recovery
2026-10-09T11:46:42.6120365Z [36;1mnode scripts/sh1-qualify.mjs recover-qualified-seed --manifest "$PSC0_V1_MANIFEST" --source ../qualified-source/psc0 --artifact ../qualified-artifact/dist/sh1 --out dist/sh1-seed-recovery[0m
2026-10-09T11:46:42.6161061Z shell: /usr/bin/bash -e {0}
2026-10-09T11:46:42.6161361Z env:
2026-10-09T11:46:42.6161745Z   PSC0_TSC: /home/runner/work/_temp/psc0-typescript-5.8.3/node_modules/typescript/bin/tsc
2026-10-09T11:46:42.6162184Z   PSC0_TYPESCRIPT_VERSION: 5.8.3
2026-10-09T11:46:42.6163465Z   PATH: /home/runner/work/_temp/psc0-typescript-5.8.3/node_modules/.bin:/home/runner/.elan/bin:/opt/hostedtoolcache/node/22.23.3/x64/bin:/snap/bin:/home/runner/.local/bin:/opt/pipx_bin:/home/runner/.cargo/bin:/home/runner/.config/composer/vendor/bin:/usr/local/.ghcup/bin:/home/runner/.dotnet/tools:/usr/local/sbin:/usr/local/bin:/usr/sbin:/usr/bin:/sbin:/bin:/usr/games:/usr/local/games:/snap/bin
2026-10-09T11:46:42.6165057Z   PSC0_V1_MANIFEST: /home/runner/work/pskernel/pskernel/psc0/dist/sh1-seed-selection/parent-v1.json
2026-10-09T11:46:42.6165512Z ##[endgroup]
2026-10-09T11:46:50.8365631Z PSC0_SH1_SEED_TYPESCRIPT_REPLAY: {"schemaVersion":1,"evidence":"selected-seed-typescript-recovery-replay","sourceRef":"e91b9558d665879871b8bf0893915ae64b27c7fe","toolchain":{"node":"v22.23.3","platform":"linux","architecture":"x64","lean":"Lean (version 4.34.0, x86_64-unknown-linux-gnu, commit 293d5d0c0c3f3dded4688b3ccd6a33939ac5102b, Release)","leanGitHash":"293d5d0c0c3f3dded4688b3ccd6a33939ac5102b","typescript":"Version 5.8.3"},"typescriptProfile":{"version":"5.8.3","purpose":"historical-seed-recovery","arguments":[]},"expectedTypeScriptSha256":"b7d57fc37a85d8f75c7bdfcac934d8022399a8543251b172dfaab91cab5e30b1","expectedJavaScriptSha256":"9d8a91e890c779c6b377b8a482ae3e997a1630b360eb8d6e7c022b3964510096","passed":true,"scope":"Recompile authenticated A TypeScript with the original 5.8.3 arguments; source reconstruction is a separate recovery route.","typescriptSha256":"b7d57fc37a85d8f75c7bdfcac934d8022399a8543251b172dfaab91cab5e30b1","compile":{"command":"/opt/hostedtoolcache/node/22.23.3/x64/bin/node","args":["/home/runner/work/_temp/psc0-typescript-5.8.3/node_modules/typescript/bin/tsc","/home/runner/work/pskernel/pskernel/psc0/dist/sh1-seed-recovery/typescript5-replay/index.ts","--target","ES2022","--module","ES2022","--moduleResolution","bundler","--strict","--declaration","--sourceMap","--noEmitOnError","--skipLibCheck","--pretty","false"],"cwd":"/home/runner/work/pskernel/pskernel/psc0","elapsedMs":7741.927517,"timeoutMs":120000,"maxBufferBytes":67108864,"status":0,"signal":null,"error":null,"diagnosticsComplete":true,"stdout":"compile.stdout.log","stderr":"compile.stderr.log"},"javascriptSha256":"9d8a91e890c779c6b377b8a482ae3e997a1630b360eb8d6e7c022b3964510096","declarationSha256":"c0e4bfa3f8eccdcf4cf9c02c67f12d653b37f70a09c674a7349ca59fbb07f771","sourceMapSha256":"8942b2350518064a58bcd97f34faf87dd4f531f14be0bbe25753c086d86dd26c","elapsedMs":7754.849984}
2026-10-09T11:46:50.8376365Z PSC0_SH1_QUALIFIED_SEED: CACHE_HIT 0dc33de63fee9800e3da68e54605a27d222306c55e4631496995efd066b2e2d9
2026-10-09T11:46:50.8461411Z ##[group]Run node --input-type=module <<'NODE'
2026-10-09T11:46:50.8461837Z [36;1mnode --input-type=module <<'NODE'[0m
2026-10-09T11:46:50.8462316Z [36;1mimport assert from 'node:assert/strict';[0m
2026-10-09T11:46:50.8462638Z [36;1mimport path from 'node:path';[0m
2026-10-09T11:46:50.8462967Z [36;1mimport { spawnSync } from 'node:child_process';[0m
2026-10-09T11:46:50.8463518Z [36;1mimport { readSelectedAuthoringSeed, verifyAuthoringSeedCache } from './scripts/sh1-successor-seed.mjs';[0m
2026-10-09T11:46:50.8464094Z [36;1mconst selected = await readSelectedAuthoringSeed();[0m
2026-10-09T11:46:50.8465382Z [36;1massert(await verifyAuthoringSeedCache(path.resolve(selected.cacheDirectory), selected.manifest),[0m
2026-10-09T11:46:50.8465903Z [36;1m  'PSC0_SH1_SELECTED_CACHE_REQUIRED');[0m
2026-10-09T11:46:50.8466208Z [36;1mconst capture = args => {[0m
2026-10-09T11:46:50.8466552Z [36;1m  const result = spawnSync('lean', args, { encoding: 'utf8' });[0m
2026-10-09T11:46:50.8466989Z [36;1m  assert.equal(result.status, 0, result.stderr);[0m
2026-10-09T11:46:50.8467330Z [36;1m  return result.stdout.trim();[0m
2026-10-09T11:46:50.8467597Z [36;1m};[0m
2026-10-09T11:46:50.8467925Z [36;1mconst { typescript, ...expectedRuntime } = selected.manifest.toolchain;[0m
2026-10-09T11:46:50.8468433Z [36;1massert.equal(typescript, 'Version ' + selected.recoveryTypeScriptVersion);[0m
2026-10-09T11:46:50.8468852Z [36;1massert.deepEqual({[0m
2026-10-09T11:46:50.8469238Z [36;1m  node: process.version, platform: process.platform, architecture: process.arch,[0m
2026-10-09T11:46:50.8469727Z [36;1m  lean: capture(['--version']), leanGitHash: capture(['--githash']),[0m
2026-10-09T11:46:50.8470154Z [36;1m}, expectedRuntime, 'PSC0_SH1_SELECTED_EXECUTION_RUNTIME');[0m
2026-10-09T11:46:50.8470486Z [36;1mNODE[0m
2026-10-09T11:46:50.8510422Z shell: /usr/bin/bash -e {0}
2026-10-09T11:46:50.8510718Z env:
2026-10-09T11:46:50.8511127Z   PSC0_TSC: /home/runner/work/_temp/psc0-typescript-7.0.2/node_modules/typescript/bin/tsc
2026-10-09T11:46:50.8511572Z   PSC0_TYPESCRIPT_VERSION: 7.0.2
2026-10-09T11:46:50.8511833Z ##[endgroup]
2026-10-09T11:46:51.0000871Z ##[group]Run node --input-type=module <<'NODE'
2026-10-09T11:46:51.0001487Z [36;1mnode --input-type=module <<'NODE'[0m
2026-10-09T11:46:51.0001966Z [36;1mimport { readFile } from 'node:fs/promises';[0m
2026-10-09T11:46:51.0002432Z [36;1mconst paths = [[0m
2026-10-09T11:46:51.0002945Z [36;1m  '../qualified-artifact/dist/sh1/C3/original-ir-inventory.json',[0m
2026-10-09T11:46:51.0003631Z [36;1m  'dist/sh1-seed-recovery/C2/original-ir-inventory.json',[0m
2026-10-09T11:46:51.0004120Z [36;1m];[0m
2026-10-09T11:46:51.0004628Z [36;1mlet reported = false;[0m
2026-10-09T11:46:51.0004991Z [36;1mfor (const path of paths) {[0m
2026-10-09T11:46:51.0005339Z [36;1m  let report;[0m
2026-10-09T11:46:51.0005787Z [36;1m  try { report = JSON.parse(await readFile(path, 'utf8')); }[0m
2026-10-09T11:46:51.0006298Z [36;1m  catch (error) {[0m
2026-10-09T11:46:51.0007065Z [36;1m    if (error.code !== 'ENOENT') console.log('PSC0_SH1_IR_DETAIL_UNAVAILABLE: ' + path + ': ' + error.message);[0m
2026-10-09T11:46:51.0007843Z [36;1m    continue;[0m
2026-10-09T11:46:51.0008217Z [36;1m  }[0m
2026-10-09T11:46:51.0008882Z [36;1m  if (report?.kind !== 'psc0-original-ir-inventory' || !Array.isArray(report.findings)) {[0m
2026-10-09T11:46:51.0009879Z [36;1m    console.log('PSC0_SH1_IR_DETAIL_UNAVAILABLE: ' + path + ': unexpected report shape');[0m
2026-10-09T11:46:51.0010517Z [36;1m    continue;[0m
2026-10-09T11:46:51.0010864Z [36;1m  }[0m
2026-10-09T11:46:51.0011449Z [36;1m  const findings = report.findings.filter(item => item?.code === 'call-type-arity');[0m
2026-10-09T11:46:51.0012277Z [36;1m  console.log('PSC0_SH1_IR_DETAIL_COUNTS: ' + JSON.stringify({[0m
2026-10-09T11:46:51.0013095Z [36;1m    path, traversalComplete: report.traversalComplete, findingCounts: report.findingCounts,[0m
2026-10-09T11:46:51.0014553Z [36;1m    printedTypeArityFindings: findings.length, omittedFindingDetails: report.omittedFindingDetails,[0m
2026-10-09T11:46:51.0015416Z [36;1m  }));[0m
2026-10-09T11:46:51.0016357Z [36;1m  for (const finding of findings) console.log('PSC0_SH1_IR_TYPE_ARITY: ' + JSON.stringify(finding));[0m
2026-10-09T11:46:51.0017099Z [36;1m  reported = true;[0m
2026-10-09T11:46:51.0017517Z [36;1m  break;[0m
2026-10-09T11:46:51.0017807Z [36;1m}[0m
2026-10-09T11:46:51.0018435Z [36;1mif (!reported) console.log('PSC0_SH1_IR_DETAIL_SKIP: no readable retained or recovery original-IR report');[0m
2026-10-09T11:46:51.0019149Z [36;1mNODE[0m
2026-10-09T11:46:51.0078725Z shell: /usr/bin/bash -e {0}
2026-10-09T11:46:51.0079116Z env:
2026-10-09T11:46:51.0079707Z   PSC0_TSC: /home/runner/work/_temp/psc0-typescript-7.0.2/node_modules/typescript/bin/tsc
2026-10-09T11:46:51.0080299Z   PSC0_TYPESCRIPT_VERSION: 7.0.2
2026-10-09T11:46:51.0080648Z ##[endgroup]
2026-10-09T11:46:51.0463254Z PSC0_SH1_IR_DETAIL_SKIP: no readable retained or recovery original-IR report
2026-10-09T11:46:51.1620339Z ##[group]Run actions/cache/restore@v4
2026-10-09T11:46:51.1620681Z with:
2026-10-09T11:46:51.1620908Z   path: psc0/.lake/build
2026-10-09T11:46:51.1621609Z   key: psc0-sh1-current-v1-Linux-X64-487dcf7448759e74a8e7f1acfc1dfb6635a4af2bf887cbdec06f60bd08c8ffb3-ts7.0.2-fe2560aba0f347b1caf8d000d371464642d44f23
2026-10-09T11:46:51.1622550Z   restore-keys: psc0-sh1-current-v1-Linux-X64-487dcf7448759e74a8e7f1acfc1dfb6635a4af2bf887cbdec06f60bd08c8ffb3-

2026-10-09T11:46:51.1623088Z   enableCrossOsArchive: false
2026-10-09T11:46:51.1623347Z   fail-on-cache-miss: false
2026-10-09T11:46:51.1623598Z   lookup-only: false
2026-10-09T11:46:51.1623813Z env:
2026-10-09T11:46:51.1624164Z   PSC0_TSC: /home/runner/work/_temp/psc0-typescript-7.0.2/node_modules/typescript/bin/tsc
2026-10-09T11:46:51.1624738Z   PSC0_TYPESCRIPT_VERSION: 7.0.2
2026-10-09T11:46:51.1625005Z ##[endgroup]
2026-10-09T11:46:51.2713175Z (node:3083) [DEP0040] DeprecationWarning: The `punycode` module is deprecated. Please use a userland alternative instead.
2026-10-09T11:46:51.2714549Z (Use `node --trace-deprecation ...` to show where the warning was created)
2026-10-09T11:46:51.4387337Z Cache hit for restore-key: psc0-sh1-current-v1-Linux-X64-487dcf7448759e74a8e7f1acfc1dfb6635a4af2bf887cbdec06f60bd08c8ffb3-ts7.0.2-48723fe676a0d9ae3fa819bd314199fe0ca2e926
2026-10-09T11:46:51.4485365Z (node:3083) [DEP0169] DeprecationWarning: `url.parse()` behavior is not standardized and prone to errors that have security implications. Use the WHATWG URL API instead. CVEs are not issued for `url.parse()` vulnerabilities.
2026-10-09T11:46:52.1697007Z Received 8278115 of 8278115 (100.0%), 14.1 MBs/sec
2026-10-09T11:46:52.1697526Z Cache Size: ~8 MB (8278115 B)
2026-10-09T11:46:52.1722274Z [command]/usr/bin/tar -xf /home/runner/work/_temp/9321a06b-e55a-412f-b876-43bf7d5cde20/cache.tzst -P -C /home/runner/work/pskernel/pskernel --use-compress-program unzstd
2026-10-09T11:46:52.2296675Z Cache restored successfully
2026-10-09T11:46:52.2373493Z Cache restored from key: psc0-sh1-current-v1-Linux-X64-487dcf7448759e74a8e7f1acfc1dfb6635a4af2bf887cbdec06f60bd08c8ffb3-ts7.0.2-48723fe676a0d9ae3fa819bd314199fe0ca2e926
2026-10-09T11:46:52.2448365Z ##[group]Run lake build psc1 psc1_ir_check_tests psc1_tests psc1_translation_tests psc1_erasure_tests
2026-10-09T11:46:52.2449053Z [36;1mlake build psc1 psc1_ir_check_tests psc1_tests psc1_translation_tests psc1_erasure_tests[0m
2026-10-09T11:46:52.2489873Z shell: /usr/bin/bash -e {0}
2026-10-09T11:46:52.2490166Z env:
2026-10-09T11:46:52.2490538Z   PSC0_TSC: /home/runner/work/_temp/psc0-typescript-7.0.2/node_modules/typescript/bin/tsc
2026-10-09T11:46:52.2490983Z   PSC0_TYPESCRIPT_VERSION: 7.0.2
2026-10-09T11:46:52.2491239Z ##[endgroup]
2026-10-09T11:46:53.5641641Z ⚠ [3/144] Replayed Ps.Syntax.Cursor
2026-10-09T11:46:53.5643237Z warning: packages/syntax/src/Ps/Syntax/Cursor.lean:51:14: Variable name `head` is not explicitly referenced.
2026-10-09T11:46:53.5644102Z 
2026-10-09T11:46:53.5645442Z Hint: The binding can be removed (if unused) or named `_` (if used implicitly). Alternatively, prefix the name with `_` to silence this warning:
2026-10-09T11:46:53.5646594Z   [apply] _head
2026-10-09T11:46:53.5647358Z 
2026-10-09T11:46:53.5648013Z Note: This linter can be disabled with `set_option linter.unusedVariables false`
2026-10-09T11:46:53.5649349Z warning: packages/syntax/src/Ps/Syntax/Cursor.lean:51:19: Variable name `tail` is not explicitly referenced.
2026-10-09T11:46:53.5650186Z 
2026-10-09T11:46:53.5651179Z Hint: The binding can be removed (if unused) or named `_` (if used implicitly). Alternatively, prefix the name with `_` to silence this warning:
2026-10-09T11:46:53.5652254Z   [apply] _tail
2026-10-09T11:46:53.5652613Z 
2026-10-09T11:46:53.5653450Z Note: This linter can be disabled with `set_option linter.unusedVariables false`
2026-10-09T11:46:53.5654959Z warning: packages/syntax/src/Ps/Syntax/Cursor.lean:56:19: Variable name `rest` is not explicitly referenced.
2026-10-09T11:46:53.5655831Z 
2026-10-09T11:46:53.5656802Z Hint: The binding can be removed (if unused) or named `_` (if used implicitly). Alternatively, prefix the name with `_` to silence this warning:
2026-10-09T11:46:53.5657895Z   [apply] _rest
2026-10-09T11:46:53.5658273Z 
2026-10-09T11:46:53.5658870Z Note: This linter can be disabled with `set_option linter.unusedVariables false`
2026-10-09T11:46:53.5660089Z warning: packages/syntax/src/Ps/Syntax/Cursor.lean:89:14: Variable name `first` is not explicitly referenced.
2026-10-09T11:46:53.5660836Z 
2026-10-09T11:46:53.5661707Z Hint: The binding can be removed (if unused) or named `_` (if used implicitly). Alternatively, prefix the name with `_` to silence this warning:
2026-10-09T11:46:53.5662647Z   [apply] _first
2026-10-09T11:46:53.5662989Z 
2026-10-09T11:46:53.5663640Z Note: This linter can be disabled with `set_option linter.unusedVariables false`
2026-10-09T11:46:53.5665233Z warning: packages/syntax/src/Ps/Syntax/Cursor.lean:92:25: Variable name `tail` is not explicitly referenced.
2026-10-09T11:46:53.5666076Z 
2026-10-09T11:46:53.5667156Z Hint: The binding can be removed (if unused) or named `_` (if used implicitly). Alternatively, prefix the name with `_` to silence this warning:
2026-10-09T11:46:53.5668232Z   [apply] _tail
2026-10-09T11:46:53.5668640Z 
2026-10-09T11:46:53.5669226Z Note: This linter can be disabled with `set_option linter.unusedVariables false`
2026-10-09T11:46:53.5670346Z ⚠ [5/144] Replayed Ps.Syntax.Lexer
2026-10-09T11:46:53.5671488Z warning: packages/syntax/src/Ps/Syntax/Lexer.lean:89:11: Variable name `depth` is not explicitly referenced.
2026-10-09T11:46:53.5672279Z 
2026-10-09T11:46:53.5673295Z Hint: The binding can be removed (if unused) or named `_` (if used implicitly). Alternatively, prefix the name with `_` to silence this warning:
2026-10-09T11:46:53.5674534Z   [apply] _depth
2026-10-09T11:46:53.5674931Z 
2026-10-09T11:46:53.5675501Z Note: This linter can be disabled with `set_option linter.unusedVariables false`
2026-10-09T11:46:53.5676629Z warning: packages/syntax/src/Ps/Syntax/Lexer.lean:89:25: Variable name `remaining` is not explicitly referenced.
2026-10-09T11:46:53.5677427Z 
2026-10-09T11:46:53.5678762Z Hint: The binding can be removed (if unused) or named `_` (if used implicitly). Alternatively, prefix the name with `_` to silence this warning:
2026-10-09T11:46:53.5679938Z   [apply] _remaining
2026-10-09T11:46:53.5680345Z 
2026-10-09T11:46:53.5680938Z Note: This linter can be disabled with `set_option linter.unusedVariables false`
2026-10-09T11:46:53.5682320Z warning: packages/syntax/src/Ps/Syntax/Lexer.lean:406:11: Variable name `remaining` is not explicitly referenced.
2026-10-09T11:46:53.5683146Z 
2026-10-09T11:46:53.5684321Z Hint: The binding can be removed (if unused) or named `_` (if used implicitly). Alternatively, prefix the name with `_` to silence this warning:
2026-10-09T11:46:53.5685433Z   [apply] _remaining
2026-10-09T11:46:53.5685873Z 
2026-10-09T11:46:53.5686501Z Note: This linter can be disabled with `set_option linter.unusedVariables false`
2026-10-09T11:46:53.5687892Z warning: packages/syntax/src/Ps/Syntax/Lexer.lean:406:82: Variable name `charsRev` is not explicitly referenced.
2026-10-09T11:46:53.5688697Z 
2026-10-09T11:46:53.5689874Z Hint: The binding can be removed (if unused) or named `_` (if used implicitly). Alternatively, prefix the name with `_` to silence this warning:
2026-10-09T11:46:53.5690931Z   [apply] _charsRev
2026-10-09T11:46:53.5691312Z 
2026-10-09T11:46:53.5691862Z Note: This linter can be disabled with `set_option linter.unusedVariables false`
2026-10-09T11:46:53.5692791Z ⚠ [8/144] Replayed Ps.Syntax.ParserState
2026-10-09T11:46:53.5693787Z warning: packages/syntax/src/Ps/Syntax/ParserState.lean:30:20: Variable name `rest` is not explicitly referenced.
2026-10-09T11:46:53.5694728Z 
2026-10-09T11:46:53.5695709Z Hint: The binding can be removed (if unused) or named `_` (if used implicitly). Alternatively, prefix the name with `_` to silence this warning:
2026-10-09T11:46:53.5696794Z   [apply] _rest
2026-10-09T11:46:53.5697152Z 
2026-10-09T11:46:53.5697758Z Note: This linter can be disabled with `set_option linter.unusedVariables false`
2026-10-09T11:46:53.5698723Z ⚠ [18/144] Replayed Ps.Core.Abstract
2026-10-09T11:46:53.5699876Z warning: packages/core/src/Ps/Core/Abstract.lean:8:11: Variable name `depth` is not explicitly referenced.
2026-10-09T11:46:53.5700616Z 
2026-10-09T11:46:53.5701807Z Hint: The binding can be removed (if unused) or named `_` (if used implicitly). Alternatively, prefix the name with `_` to silence this warning:
2026-10-09T11:46:53.5702950Z   [apply] _depth
2026-10-09T11:46:53.5703343Z 
2026-10-09T11:46:53.5703982Z Note: This linter can be disabled with `set_option linter.unusedVariables false`
2026-10-09T11:46:53.5705518Z warning: packages/core/src/Ps/Core/Abstract.lean:16:11: Variable name `depth` is not explicitly referenced.
2026-10-09T11:46:53.5706300Z 
2026-10-09T11:46:53.5707321Z Hint: The binding can be removed (if unused) or named `_` (if used implicitly). Alternatively, prefix the name with `_` to silence this warning:
2026-10-09T11:46:53.5708426Z   [apply] _depth
2026-10-09T11:46:53.5708805Z 
2026-10-09T11:46:53.5709376Z Note: This linter can be disabled with `set_option linter.unusedVariables false`
2026-10-09T11:46:53.5710431Z warning: packages/core/src/Ps/Core/Abstract.lean:18:11: Variable name `depth` is not explicitly referenced.
2026-10-09T11:46:53.5711083Z 
2026-10-09T11:46:53.5712027Z Hint: The binding can be removed (if unused) or named `_` (if used implicitly). Alternatively, prefix the name with `_` to silence this warning:
2026-10-09T11:46:53.5713086Z   [apply] _depth
2026-10-09T11:46:53.5713470Z 
2026-10-09T11:46:53.5714091Z Note: This linter can be disabled with `set_option linter.unusedVariables false`
2026-10-09T11:46:53.5715306Z warning: packages/core/src/Ps/Core/Abstract.lean:20:11: Variable name `depth` is not explicitly referenced.
2026-10-09T11:46:53.5715805Z 
2026-10-09T11:46:53.5716399Z Hint: The binding can be removed (if unused) or named `_` (if used implicitly). Alternatively, prefix the name with `_` to silence this warning:
2026-10-09T11:46:53.5717063Z   [apply] _depth
2026-10-09T11:46:53.5717410Z 
2026-10-09T11:46:53.5718280Z Note: This linter can be disabled with `set_option linter.unusedVariables false`
2026-10-09T11:46:53.5719599Z warning: packages/core/src/Ps/Core/Abstract.lean:66:11: Variable name `depth` is not explicitly referenced.
2026-10-09T11:46:53.5720373Z 
2026-10-09T11:46:53.5721324Z Hint: The binding can be removed (if unused) or named `_` (if used implicitly). Alternatively, prefix the name with `_` to silence this warning:
2026-10-09T11:46:53.5722400Z   [apply] _depth
2026-10-09T11:46:53.5722739Z 
2026-10-09T11:46:53.5723326Z Note: This linter can be disabled with `set_option linter.unusedVariables false`
2026-10-09T11:46:53.5724473Z ⚠ [19/144] Replayed Ps.Core.Subst
2026-10-09T11:46:53.5725524Z warning: packages/core/src/Ps/Core/Subst.lean:14:11: Variable name `cutoff` is not explicitly referenced.
2026-10-09T11:46:53.5726326Z 
2026-10-09T11:46:53.5727345Z Hint: The binding can be removed (if unused) or named `_` (if used implicitly). Alternatively, prefix the name with `_` to silence this warning:
2026-10-09T11:46:53.5728419Z   [apply] _cutoff
2026-10-09T11:46:53.5728901Z 
2026-10-09T11:46:53.5729432Z Note: This linter can be disabled with `set_option linter.unusedVariables false`
2026-10-09T11:46:53.5730638Z warning: packages/core/src/Ps/Core/Subst.lean:16:11: Variable name `cutoff` is not explicitly referenced.
2026-10-09T11:46:53.5731385Z 
2026-10-09T11:46:53.5732395Z Hint: The binding can be removed (if unused) or named `_` (if used implicitly). Alternatively, prefix the name with `_` to silence this warning:
2026-10-09T11:46:53.5733706Z   [apply] _cutoff
2026-10-09T11:46:53.5734051Z 
2026-10-09T11:46:53.5734878Z Note: This linter can be disabled with `set_option linter.unusedVariables false`
2026-10-09T11:46:53.5736560Z warning: packages/core/src/Ps/Core/Subst.lean:18:11: Variable name `cutoff` is not explicitly referenced.
2026-10-09T11:46:53.5737463Z 
2026-10-09T11:46:53.5738603Z Hint: The binding can be removed (if unused) or named `_` (if used implicitly). Alternatively, prefix the name with `_` to silence this warning:
2026-10-09T11:46:53.5739874Z   [apply] _cutoff
2026-10-09T11:46:53.5740224Z 
2026-10-09T11:46:53.5740849Z Note: This linter can be disabled with `set_option linter.unusedVariables false`
2026-10-09T11:46:53.5742186Z warning: packages/core/src/Ps/Core/Subst.lean:20:11: Variable name `cutoff` is not explicitly referenced.
2026-10-09T11:46:53.5742976Z 
2026-10-09T11:46:53.5744094Z Hint: The binding can be removed (if unused) or named `_` (if used implicitly). Alternatively, prefix the name with `_` to silence this warning:
2026-10-09T11:46:53.5745436Z   [apply] _cutoff
2026-10-09T11:46:53.5745798Z 
2026-10-09T11:46:53.5746436Z Note: This linter can be disabled with `set_option linter.unusedVariables false`
2026-10-09T11:46:53.5747854Z warning: packages/core/src/Ps/Core/Subst.lean:66:11: Variable name `cutoff` is not explicitly referenced.
2026-10-09T11:46:53.5748745Z 
2026-10-09T11:46:53.5749856Z Hint: The binding can be removed (if unused) or named `_` (if used implicitly). Alternatively, prefix the name with `_` to silence this warning:
2026-10-09T11:46:53.5751098Z   [apply] _cutoff
2026-10-09T11:46:53.5751450Z 
2026-10-09T11:46:53.5752105Z Note: This linter can be disabled with `set_option linter.unusedVariables false`
2026-10-09T11:46:53.5753517Z warning: packages/core/src/Ps/Core/Subst.lean:94:11: Variable name `depth` is not explicitly referenced.
2026-10-09T11:46:53.5754425Z 
2026-10-09T11:46:53.5755440Z Hint: The binding can be removed (if unused) or named `_` (if used implicitly). Alternatively, prefix the name with `_` to silence this warning:
2026-10-09T11:46:53.5756520Z   [apply] _depth
2026-10-09T11:46:53.5756858Z 
2026-10-09T11:46:53.5757450Z Note: This linter can be disabled with `set_option linter.unusedVariables false`
2026-10-09T11:46:53.5758729Z warning: packages/core/src/Ps/Core/Subst.lean:96:11: Variable name `depth` is not explicitly referenced.
2026-10-09T11:46:53.5759465Z 
2026-10-09T11:46:53.5760615Z Hint: The binding can be removed (if unused) or named `_` (if used implicitly). Alternatively, prefix the name with `_` to silence this warning:
2026-10-09T11:46:53.5761631Z   [apply] _depth
2026-10-09T11:46:53.5761944Z 
2026-10-09T11:46:53.5762504Z Note: This linter can be disabled with `set_option linter.unusedVariables false`
2026-10-09T11:46:53.5763673Z warning: packages/core/src/Ps/Core/Subst.lean:98:11: Variable name `depth` is not explicitly referenced.
2026-10-09T11:46:53.5764595Z 
2026-10-09T11:46:53.5765661Z Hint: The binding can be removed (if unused) or named `_` (if used implicitly). Alternatively, prefix the name with `_` to silence this warning:
2026-10-09T11:46:53.5766672Z   [apply] _depth
2026-10-09T11:46:53.5766990Z 
2026-10-09T11:46:53.5767562Z Note: This linter can be disabled with `set_option linter.unusedVariables false`
2026-10-09T11:46:53.5768771Z warning: packages/core/src/Ps/Core/Subst.lean:100:11: Variable name `depth` is not explicitly referenced.
2026-10-09T11:46:53.5769480Z 
2026-10-09T11:46:53.5770440Z Hint: The binding can be removed (if unused) or named `_` (if used implicitly). Alternatively, prefix the name with `_` to silence this warning:
2026-10-09T11:46:53.5771575Z   [apply] _depth
2026-10-09T11:46:53.5771882Z 
2026-10-09T11:46:53.5772460Z Note: This linter can be disabled with `set_option linter.unusedVariables false`
2026-10-09T11:46:53.5773722Z warning: packages/core/src/Ps/Core/Subst.lean:146:11: Variable name `depth` is not explicitly referenced.
2026-10-09T11:46:53.5774555Z 
2026-10-09T11:46:53.5775567Z Hint: The binding can be removed (if unused) or named `_` (if used implicitly). Alternatively, prefix the name with `_` to silence this warning:
2026-10-09T11:46:53.5776594Z   [apply] _depth
2026-10-09T11:46:53.5776906Z 
2026-10-09T11:46:53.5777476Z Note: This linter can be disabled with `set_option linter.unusedVariables false`
2026-10-09T11:46:53.5778450Z ⚠ [30/144] Replayed Ps.Core.LevelSubst
2026-10-09T11:46:53.5779547Z warning: packages/core/src/Ps/Core/LevelSubst.lean:8:11: Variable name `arguments` is not explicitly referenced.
2026-10-09T11:46:53.5780324Z 
2026-10-09T11:46:53.5781350Z Hint: The binding can be removed (if unused) or named `_` (if used implicitly). Alternatively, prefix the name with `_` to silence this warning:
2026-10-09T11:46:53.5782405Z   [apply] _arguments
2026-10-09T11:46:53.5782732Z 
2026-10-09T11:46:53.5783314Z Note: This linter can be disabled with `set_option linter.unusedVariables false`
2026-10-09T11:46:53.5784690Z warning: packages/core/src/Ps/Core/LevelSubst.lean:9:13: Variable name `target` is not explicitly referenced.
2026-10-09T11:46:53.5785537Z 
2026-10-09T11:46:53.5786524Z Hint: The binding can be removed (if unused) or named `_` (if used implicitly). Alternatively, prefix the name with `_` to silence this warning:
2026-10-09T11:46:53.5787558Z   [apply] _target
2026-10-09T11:46:53.5787880Z 
2026-10-09T11:46:53.5788473Z Note: This linter can be disabled with `set_option linter.unusedVariables false`
2026-10-09T11:46:53.5789400Z ⚠ [31/144] Replayed Ps.Meta.LevelContext
2026-10-09T11:46:53.5790542Z warning: packages/meta/src/Ps/Meta/LevelContext.lean:59:4: Variable name `assignment` is not explicitly referenced.
2026-10-09T11:46:53.5791350Z 
2026-10-09T11:46:53.5792304Z Hint: The binding can be removed (if unused) or named `_` (if used implicitly). Alternatively, prefix the name with `_` to silence this warning:
2026-10-09T11:46:53.5793335Z   [apply] _assignment
2026-10-09T11:46:53.5793642Z 
2026-10-09T11:46:53.5794266Z Note: This linter can be disabled with `set_option linter.unusedVariables false`
2026-10-09T11:46:53.5795128Z ⚠ [36/144] Replayed Ps.Meta.Unify
2026-10-09T11:46:53.5796131Z warning: packages/meta/src/Ps/Meta/Unify.lean:90:11: Variable name `environment` is not explicitly referenced.
2026-10-09T11:46:53.5796835Z 
2026-10-09T11:46:53.5797717Z Hint: The binding can be removed (if unused) or named `_` (if used implicitly). Alternatively, prefix the name with `_` to silence this warning:
2026-10-09T11:46:53.5798673Z   [apply] _environment
2026-10-09T11:46:53.5798996Z 
2026-10-09T11:46:53.5799762Z Note: This linter can be disabled with `set_option linter.unusedVariables false`
2026-10-09T11:46:53.5800958Z warning: packages/meta/src/Ps/Meta/Unify.lean:91:11: Variable name `localContext` is not explicitly referenced.
2026-10-09T11:46:53.5801667Z 
2026-10-09T11:46:53.5802546Z Hint: The binding can be removed (if unused) or named `_` (if used implicitly). Alternatively, prefix the name with `_` to silence this warning:
2026-10-09T11:46:53.5803527Z   [apply] _localContext
2026-10-09T11:46:53.5803842Z 
2026-10-09T11:46:53.5804471Z Note: This linter can be disabled with `set_option linter.unusedVariables false`
2026-10-09T11:46:53.5805721Z warning: packages/meta/src/Ps/Meta/Unify.lean:93:11: Variable name `left` is not explicitly referenced.
2026-10-09T11:46:53.5806429Z 
2026-10-09T11:46:53.5807307Z Hint: The binding can be removed (if unused) or named `_` (if used implicitly). Alternatively, prefix the name with `_` to silence this warning:
2026-10-09T11:46:53.5808308Z   [apply] _left
2026-10-09T11:46:53.5808598Z 
2026-10-09T11:46:53.5809272Z Note: This linter can be disabled with `set_option linter.unusedVariables false`
2026-10-09T11:46:53.5810424Z warning: packages/meta/src/Ps/Meta/Unify.lean:94:11: Variable name `right` is not explicitly referenced.
2026-10-09T11:46:53.5811077Z 
2026-10-09T11:46:53.5811961Z Hint: The binding can be removed (if unused) or named `_` (if used implicitly). Alternatively, prefix the name with `_` to silence this warning:
2026-10-09T11:46:53.5812907Z   [apply] _right
2026-10-09T11:46:53.5813207Z 
2026-10-09T11:46:53.5813728Z Note: This linter can be disabled with `set_option linter.unusedVariables false`
2026-10-09T11:46:53.5815023Z warning: packages/meta/src/Ps/Meta/Unify.lean:178:17: Variable name `leftName` is not explicitly referenced.
2026-10-09T11:46:53.5815644Z 
2026-10-09T11:46:53.5816521Z Hint: The binding can be removed (if unused) or named `_` (if used implicitly). Alternatively, prefix the name with `_` to silence this warning:
2026-10-09T11:46:53.5817471Z   [apply] _leftName
2026-10-09T11:46:53.5817795Z 
2026-10-09T11:46:53.5818330Z Note: This linter can be disabled with `set_option linter.unusedVariables false`
2026-10-09T11:46:53.5819476Z warning: packages/meta/src/Ps/Meta/Unify.lean:207:21: Variable name `leftName` is not explicitly referenced.
2026-10-09T11:46:53.5820153Z 
2026-10-09T11:46:53.5821040Z Hint: The binding can be removed (if unused) or named `_` (if used implicitly). Alternatively, prefix the name with `_` to silence this warning:
2026-10-09T11:46:53.5822099Z   [apply] _leftName
2026-10-09T11:46:53.5822404Z 
2026-10-09T11:46:53.5822939Z Note: This linter can be disabled with `set_option linter.unusedVariables false`
2026-10-09T11:46:53.5823798Z ⚠ [39/144] Replayed Ps.Elab.Literal
2026-10-09T11:46:53.5824901Z warning: packages/elab/src/Ps/Elab/Literal.lean:166:11: Variable name `chars` is not explicitly referenced.
2026-10-09T11:46:53.5825605Z 
2026-10-09T11:46:53.5826511Z Hint: The binding can be removed (if unused) or named `_` (if used implicitly). Alternatively, prefix the name with `_` to silence this warning:
2026-10-09T11:46:53.5827472Z   [apply] _chars
2026-10-09T11:46:53.5827769Z 
2026-10-09T11:46:53.5828302Z Note: This linter can be disabled with `set_option linter.unusedVariables false`
2026-10-09T11:46:53.5829468Z warning: packages/elab/src/Ps/Elab/Literal.lean:167:13: Variable name `charsRev` is not explicitly referenced.
2026-10-09T11:46:53.5830160Z 
2026-10-09T11:46:53.5831051Z Hint: The binding can be removed (if unused) or named `_` (if used implicitly). Alternatively, prefix the name with `_` to silence this warning:
2026-10-09T11:46:53.5832008Z   [apply] _charsRev
2026-10-09T11:46:53.5832315Z 
2026-10-09T11:46:53.5832846Z Note: This linter can be disabled with `set_option linter.unusedVariables false`
2026-10-09T11:46:53.5833677Z ⚠ [42/144] Replayed Ps.Erasure.Expr
2026-10-09T11:46:53.5834800Z warning: packages/erasure/src/Ps/Erasure/Expr.lean:726:21: Variable name `name` is not explicitly referenced.
2026-10-09T11:46:53.5835524Z 
2026-10-09T11:46:53.5836581Z Hint: The binding can be removed (if unused) or named `_` (if used implicitly). Alternatively, prefix the name with `_` to silence this warning:
2026-10-09T11:46:53.5837538Z   [apply] _name
2026-10-09T11:46:53.5837836Z 
2026-10-09T11:46:53.5838372Z Note: This linter can be disabled with `set_option linter.unusedVariables false`
2026-10-09T11:46:53.5839225Z ⚠ [48/144] Replayed Ps.BackendTs.Expr
2026-10-09T11:46:53.5840339Z warning: packages/backend-ts/src/Ps/BackendTs/Expr.lean:631:32: Variable name `fieldName` is not explicitly referenced.
2026-10-09T11:46:53.5841133Z 
2026-10-09T11:46:53.5842100Z Hint: The binding can be removed (if unused) or named `_` (if used implicitly). Alternatively, prefix the name with `_` to silence this warning:
2026-10-09T11:46:53.5843150Z   [apply] _fieldName
2026-10-09T11:46:53.5843486Z 
2026-10-09T11:46:53.5844062Z Note: This linter can be disabled with `set_option linter.unusedVariables false`
2026-10-09T11:46:53.5845126Z ⚠ [52/144] Replayed Ps.CompilerIr.Check
2026-10-09T11:46:53.5846470Z warning: packages/compiler-ir/src/Ps/CompilerIr/Check.lean:685:27: Variable name `scope` is not explicitly referenced.
2026-10-09T11:46:53.5847304Z 
2026-10-09T11:46:53.5848294Z Hint: The binding can be removed (if unused) or named `_` (if used implicitly). Alternatively, prefix the name with `_` to silence this warning:
2026-10-09T11:46:53.5849359Z   [apply] _scope
2026-10-09T11:46:53.5849678Z 
2026-10-09T11:46:53.5850262Z Note: This linter can be disabled with `set_option linter.unusedVariables false`
2026-10-09T11:46:53.5851225Z ⚠ [54/144] Replayed Ps.Host.TypeScriptCompiler
2026-10-09T11:46:53.5852483Z warning: host/src/Ps/Host/TypeScriptCompiler.lean:15:10: `String.dropRight` has been deprecated: Use `String.dropEnd` instead
2026-10-09T11:46:53.5853337Z 
2026-10-09T11:46:53.5853740Z Note: The updated constant has a different type:
2026-10-09T11:46:53.5854605Z   String → Nat → String.Slice
2026-10-09T11:46:53.5855148Z instead of
2026-10-09T11:46:53.5855637Z   String → Nat → String
2026-10-09T11:46:54.6746172Z ✔ [110/144] Built Ps.Syntax.ParseProofScript (1.2s)
2026-10-09T11:46:55.0722786Z ✔ [111/144] Built Ps.Syntax.Translate (361ms)
2026-10-09T11:46:55.1735924Z ⚠ [112/144] Built Ps.Elab.Term (1.6s)
2026-10-09T11:46:55.1765826Z warning: packages/elab/src/Ps/Elab/Term.lean:2781:11: Variable name `context` is not explicitly referenced.
2026-10-09T11:46:55.1794691Z 
2026-10-09T11:46:55.1805926Z Hint: The binding can be removed (if unused) or named `_` (if used implicitly). Alternatively, prefix the name with `_` to silence this warning:
2026-10-09T11:46:55.1835135Z   [apply] _context
2026-10-09T11:46:55.1854692Z 
2026-10-09T11:46:55.1880476Z Note: This linter can be disabled with `set_option linter.unusedVariables false`
2026-10-09T11:46:55.1885611Z warning: packages/elab/src/Ps/Elab/Term.lean:2782:13: Variable name `recursion` is not explicitly referenced.
2026-10-09T11:46:55.1886433Z 
2026-10-09T11:46:55.1887559Z Hint: The binding can be removed (if unused) or named `_` (if used implicitly). Alternatively, prefix the name with `_` to silence this warning:
2026-10-09T11:46:55.1888679Z   [apply] _recursion
2026-10-09T11:46:55.1889065Z 
2026-10-09T11:46:55.1889745Z Note: This linter can be disabled with `set_option linter.unusedVariables false`
2026-10-09T11:46:55.1891009Z warning: packages/elab/src/Ps/Elab/Term.lean:2783:15: Variable name `index` is not explicitly referenced.
2026-10-09T11:46:55.1891724Z 
2026-10-09T11:46:55.1892643Z Hint: The binding can be removed (if unused) or named `_` (if used implicitly). Alternatively, prefix the name with `_` to silence this warning:
2026-10-09T11:46:55.1893646Z   [apply] _index
2026-10-09T11:46:55.1893966Z 
2026-10-09T11:46:55.1894735Z Note: This linter can be disabled with `set_option linter.unusedVariables false`
2026-10-09T11:46:55.2776245Z ✔ [113/144] Built Ps.Syntax.Translate:c.o (179ms)
2026-10-09T11:46:55.6721682Z ✔ [114/144] Built TranslationTests (617ms)
2026-10-09T11:46:56.2726163Z ✔ [115/144] Built Ps.Elab.Recursion (1.0s)
2026-10-09T11:46:56.2796250Z ✔ [116/144] Built TranslationTests:c.o (590ms)
2026-10-09T11:46:57.3766267Z ✔ [117/144] Built Ps.Syntax.ParseProofScript:c.o (2.7s)
2026-10-09T11:46:57.4746183Z ✔ [118/144] Built Ps.Elab.Declaration (1.2s)
2026-10-09T11:46:57.6736206Z ✔ [119/144] Built psc1_translation_tests:exe (295ms)
2026-10-09T11:46:57.7755978Z ✔ [120/144] Built Ps.Elab.Recursion:c.o (1.5s)
2026-10-09T11:46:58.0758279Z ✔ [121/144] Built Ps.Elab.Term:c.o (2.9s)
2026-10-09T11:46:58.2760482Z ✔ [122/144] Built Ps.Compiler.Api (639ms)
2026-10-09T11:46:58.6817179Z ✔ [123/144] Built Ps.Host.ProjectCompiler (893ms)
2026-10-09T11:46:59.0802620Z ✔ [124/144] Built Ps.Compiler.Api:c.o (415ms)
2026-10-09T11:46:59.1816502Z ✔ [125/144] Built Ps.Elab.Declaration:c.o (1.7s)
2026-10-09T11:46:59.5835898Z ✔ [126/144] Built ErasureTests (1.3s)
2026-10-09T11:46:59.6831821Z ✔ [127/144] Built Ps.BackendTs.Checked (505ms)
2026-10-09T11:46:59.7926328Z ✔ [128/144] Built Ps.BackendTs.Checked:c.o (166ms)
2026-10-09T11:46:59.7965882Z ✔ [129/144] Built Ps.Host.ProjectCompiler:c.o (704ms)
2026-10-09T11:47:00.1954142Z ✔ [130/144] Built Ps.BackendTs.Compiler (425ms)
2026-10-09T11:47:00.3969004Z ✔ [131/144] Built Ps.BackendTs.Compiler:c.o (157ms)
2026-10-09T11:47:00.6966214Z ✔ [132/144] Built IrCheckerTests (908ms)
2026-10-09T11:47:00.6985993Z ⚠ [133/144] Built BootstrapTests (2.6s)
2026-10-09T11:47:00.7015749Z warning: test/BootstrapTests.lean:335:10: Variable name `id` is not explicitly referenced.
2026-10-09T11:47:00.7016318Z 
2026-10-09T11:47:00.7075929Z Hint: The binding can be removed (if unused) or named `_` (if used implicitly). Alternatively, prefix the name with `_` to silence this warning:
2026-10-09T11:47:00.7135218Z   [apply] _id
2026-10-09T11:47:00.7174787Z 
2026-10-09T11:47:00.7175556Z Note: This linter can be disabled with `set_option linter.unusedVariables false`
2026-10-09T11:47:00.8966205Z ⚠ [134/144] Built Ps.Host.CompilerDriver (500ms)
2026-10-09T11:47:00.9006215Z warning: host/src/Ps/Host/CompilerDriver.lean:118:23: `String.dropRight` has been deprecated: Use `String.dropEnd` instead
2026-10-09T11:47:00.9034683Z 
2026-10-09T11:47:00.9035332Z Note: The updated constant has a different type:
2026-10-09T11:47:00.9065320Z   String → Nat → String.Slice
2026-10-09T11:47:00.9095115Z instead of
2026-10-09T11:47:00.9115007Z   String → Nat → String
2026-10-09T11:47:01.1962592Z ✔ [135/144] Built Ps.Host.CompilerDriver:c.o (295ms)
2026-10-09T11:47:01.1963739Z ✔ [136/144] Built ErasureTests:c.o (1.6s)
2026-10-09T11:47:01.4976491Z ✔ [137/144] Built psc1_erasure_tests:exe (282ms)
2026-10-09T11:47:01.5976068Z ✔ [138/144] Built Main (403ms)
2026-10-09T11:47:01.6005718Z ✔ [139/144] Built IrCheckerTests:c.o (868ms)
2026-10-09T11:47:01.7969705Z ✔ [140/144] Built Main:c.o (197ms)
2026-10-09T11:47:01.8976368Z ✔ [141/144] Built psc1_ir_check_tests:exe (252ms)
2026-10-09T11:47:01.9976805Z ✔ [142/144] Built psc1:exe (234ms)
2026-10-09T11:47:03.4985961Z ✔ [143/144] Built BootstrapTests:c.o (2.7s)
2026-10-09T11:47:03.5987047Z ✔ [144/144] Built psc1_tests:exe (182ms)
2026-10-09T11:47:03.6146354Z Build completed successfully (144 jobs).
2026-10-09T11:47:03.6424467Z ##[group]Run regression_status=0
2026-10-09T11:47:03.6425094Z [36;1mregression_status=0[0m
2026-10-09T11:47:03.6425490Z [36;1mfor target in psc1_tests psc1_translation_tests psc1_erasure_tests; do[0m
2026-10-09T11:47:03.6425962Z [36;1m  if ! lake exe "$target"; then regression_status=1; fi[0m
2026-10-09T11:47:03.6426302Z [36;1mdone[0m
2026-10-09T11:47:03.6426545Z [36;1mexit "$regression_status"[0m
2026-10-09T11:47:03.6467031Z shell: /usr/bin/bash -e {0}
2026-10-09T11:47:03.6467332Z env:
2026-10-09T11:47:03.6467713Z   PSC0_TSC: /home/runner/work/_temp/psc0-typescript-7.0.2/node_modules/typescript/bin/tsc
2026-10-09T11:47:03.6468153Z   PSC0_TYPESCRIPT_VERSION: 7.0.2
2026-10-09T11:47:03.6468425Z ##[endgroup]
2026-10-09T11:47:04.0755032Z ⚠ [4/76] Replayed Ps.Syntax.Cursor
2026-10-09T11:47:04.0756068Z warning: packages/syntax/src/Ps/Syntax/Cursor.lean:51:14: Variable name `head` is not explicitly referenced.
2026-10-09T11:47:04.0756612Z 
2026-10-09T11:47:04.0757348Z Hint: The binding can be removed (if unused) or named `_` (if used implicitly). Alternatively, prefix the name with `_` to silence this warning:
2026-10-09T11:47:04.0758103Z   [apply] _head
2026-10-09T11:47:04.0758274Z 
2026-10-09T11:47:04.0758673Z Note: This linter can be disabled with `set_option linter.unusedVariables false`
2026-10-09T11:47:04.0759664Z warning: packages/syntax/src/Ps/Syntax/Cursor.lean:51:19: Variable name `tail` is not explicitly referenced.
2026-10-09T11:47:04.0760165Z 
2026-10-09T11:47:04.0760789Z Hint: The binding can be removed (if unused) or named `_` (if used implicitly). Alternatively, prefix the name with `_` to silence this warning:
2026-10-09T11:47:04.0761456Z   [apply] _tail
2026-10-09T11:47:04.0761622Z 
2026-10-09T11:47:04.0762012Z Note: This linter can be disabled with `set_option linter.unusedVariables false`
2026-10-09T11:47:04.0762846Z warning: packages/syntax/src/Ps/Syntax/Cursor.lean:56:19: Variable name `rest` is not explicitly referenced.
2026-10-09T11:47:04.0763761Z 
2026-10-09T11:47:04.0764540Z Hint: The binding can be removed (if unused) or named `_` (if used implicitly). Alternatively, prefix the name with `_` to silence this warning:
2026-10-09T11:47:04.0765232Z   [apply] _rest
2026-10-09T11:47:04.0765394Z 
2026-10-09T11:47:04.0765746Z Note: This linter can be disabled with `set_option linter.unusedVariables false`
2026-10-09T11:47:04.0766595Z warning: packages/syntax/src/Ps/Syntax/Cursor.lean:89:14: Variable name `first` is not explicitly referenced.
2026-10-09T11:47:04.0767069Z 
2026-10-09T11:47:04.0767681Z Hint: The binding can be removed (if unused) or named `_` (if used implicitly). Alternatively, prefix the name with `_` to silence this warning:
2026-10-09T11:47:04.0768344Z   [apply] _first
2026-10-09T11:47:04.0768509Z 
2026-10-09T11:47:04.0768858Z Note: This linter can be disabled with `set_option linter.unusedVariables false`
2026-10-09T11:47:04.0769683Z warning: packages/syntax/src/Ps/Syntax/Cursor.lean:92:25: Variable name `tail` is not explicitly referenced.
2026-10-09T11:47:04.0770165Z 
2026-10-09T11:47:04.0770769Z Hint: The binding can be removed (if unused) or named `_` (if used implicitly). Alternatively, prefix the name with `_` to silence this warning:
2026-10-09T11:47:04.0771434Z   [apply] _tail
2026-10-09T11:47:04.0771589Z 
2026-10-09T11:47:04.0771933Z Note: This linter can be disabled with `set_option linter.unusedVariables false`
2026-10-09T11:47:04.0772598Z ⚠ [6/76] Replayed Ps.Syntax.Lexer
2026-10-09T11:47:04.0773299Z warning: packages/syntax/src/Ps/Syntax/Lexer.lean:89:11: Variable name `depth` is not explicitly referenced.
2026-10-09T11:47:04.0773775Z 
2026-10-09T11:47:04.0774522Z Hint: The binding can be removed (if unused) or named `_` (if used implicitly). Alternatively, prefix the name with `_` to silence this warning:
2026-10-09T11:47:04.0775225Z   [apply] _depth
2026-10-09T11:47:04.0775392Z 
2026-10-09T11:47:04.0775741Z Note: This linter can be disabled with `set_option linter.unusedVariables false`
2026-10-09T11:47:04.0776897Z warning: packages/syntax/src/Ps/Syntax/Lexer.lean:89:25: Variable name `remaining` is not explicitly referenced.
2026-10-09T11:47:04.0777382Z 
2026-10-09T11:47:04.0777986Z Hint: The binding can be removed (if unused) or named `_` (if used implicitly). Alternatively, prefix the name with `_` to silence this warning:
2026-10-09T11:47:04.0778678Z   [apply] _remaining
2026-10-09T11:47:04.0778855Z 
2026-10-09T11:47:04.0779192Z Note: This linter can be disabled with `set_option linter.unusedVariables false`
2026-10-09T11:47:04.0780053Z warning: packages/syntax/src/Ps/Syntax/Lexer.lean:406:11: Variable name `remaining` is not explicitly referenced.
2026-10-09T11:47:04.0780535Z 
2026-10-09T11:47:04.0781130Z Hint: The binding can be removed (if unused) or named `_` (if used implicitly). Alternatively, prefix the name with `_` to silence this warning:
2026-10-09T11:47:04.0781819Z   [apply] _remaining
2026-10-09T11:47:04.0781996Z 
2026-10-09T11:47:04.0782329Z Note: This linter can be disabled with `set_option linter.unusedVariables false`
2026-10-09T11:47:04.0783205Z warning: packages/syntax/src/Ps/Syntax/Lexer.lean:406:82: Variable name `charsRev` is not explicitly referenced.
2026-10-09T11:47:04.0783677Z 
2026-10-09T11:47:04.0784413Z Hint: The binding can be removed (if unused) or named `_` (if used implicitly). Alternatively, prefix the name with `_` to silence this warning:
2026-10-09T11:47:04.0785099Z   [apply] _charsRev
2026-10-09T11:47:04.0785264Z 
2026-10-09T11:47:04.0785612Z Note: This linter can be disabled with `set_option linter.unusedVariables false`
2026-10-09T11:47:04.0786279Z ⚠ [8/76] Replayed Ps.Syntax.ParserState
2026-10-09T11:47:04.0787042Z warning: packages/syntax/src/Ps/Syntax/ParserState.lean:30:20: Variable name `rest` is not explicitly referenced.
2026-10-09T11:47:04.0787538Z 
2026-10-09T11:47:04.0788160Z Hint: The binding can be removed (if unused) or named `_` (if used implicitly). Alternatively, prefix the name with `_` to silence this warning:
2026-10-09T11:47:04.0788998Z   [apply] _rest
2026-10-09T11:47:04.0789167Z 
2026-10-09T11:47:04.0789518Z Note: This linter can be disabled with `set_option linter.unusedVariables false`
2026-10-09T11:47:04.0790100Z ⚠ [14/76] Replayed Ps.Core.Abstract
2026-10-09T11:47:04.0790802Z warning: packages/core/src/Ps/Core/Abstract.lean:8:11: Variable name `depth` is not explicitly referenced.
2026-10-09T11:47:04.0791269Z 
2026-10-09T11:47:04.0791880Z Hint: The binding can be removed (if unused) or named `_` (if used implicitly). Alternatively, prefix the name with `_` to silence this warning:
2026-10-09T11:47:04.0792572Z   [apply] _depth
2026-10-09T11:47:04.0792735Z 
2026-10-09T11:47:04.0793076Z Note: This linter can be disabled with `set_option linter.unusedVariables false`
2026-10-09T11:47:04.0793921Z warning: packages/core/src/Ps/Core/Abstract.lean:16:11: Variable name `depth` is not explicitly referenced.
2026-10-09T11:47:04.0794517Z 
2026-10-09T11:47:04.0795161Z Hint: The binding can be removed (if unused) or named `_` (if used implicitly). Alternatively, prefix the name with `_` to silence this warning:
2026-10-09T11:47:04.0795849Z   [apply] _depth
2026-10-09T11:47:04.0796013Z 
2026-10-09T11:47:04.0796352Z Note: This linter can be disabled with `set_option linter.unusedVariables false`
2026-10-09T11:47:04.0797174Z warning: packages/core/src/Ps/Core/Abstract.lean:18:11: Variable name `depth` is not explicitly referenced.
2026-10-09T11:47:04.0797636Z 
2026-10-09T11:47:04.0798252Z Hint: The binding can be removed (if unused) or named `_` (if used implicitly). Alternatively, prefix the name with `_` to silence this warning:
2026-10-09T11:47:04.0798917Z   [apply] _depth
2026-10-09T11:47:04.0799081Z 
2026-10-09T11:47:04.0799425Z Note: This linter can be disabled with `set_option linter.unusedVariables false`
2026-10-09T11:47:04.0800241Z warning: packages/core/src/Ps/Core/Abstract.lean:20:11: Variable name `depth` is not explicitly referenced.
2026-10-09T11:47:04.0800704Z 
2026-10-09T11:47:04.0801497Z Hint: The binding can be removed (if unused) or named `_` (if used implicitly). Alternatively, prefix the name with `_` to silence this warning:
2026-10-09T11:47:04.0802239Z   [apply] _depth
2026-10-09T11:47:04.0802414Z 
2026-10-09T11:47:04.0802797Z Note: This linter can be disabled with `set_option linter.unusedVariables false`
2026-10-09T11:47:04.0803657Z warning: packages/core/src/Ps/Core/Abstract.lean:66:11: Variable name `depth` is not explicitly referenced.
2026-10-09T11:47:04.0804161Z 
2026-10-09T11:47:04.0805164Z Hint: The binding can be removed (if unused) or named `_` (if used implicitly). Alternatively, prefix the name with `_` to silence this warning:
2026-10-09T11:47:04.0806327Z   [apply] _depth
2026-10-09T11:47:04.0806615Z 
2026-10-09T11:47:04.0807235Z Note: This linter can be disabled with `set_option linter.unusedVariables false`
2026-10-09T11:47:04.0808461Z ⚠ [22/76] Replayed Ps.Meta.LevelContext
2026-10-09T11:47:04.0809555Z warning: packages/meta/src/Ps/Meta/LevelContext.lean:59:4: Variable name `assignment` is not explicitly referenced.
2026-10-09T11:47:04.0809961Z 
2026-10-09T11:47:04.0810470Z Hint: The binding can be removed (if unused) or named `_` (if used implicitly). Alternatively, prefix the name with `_` to silence this warning:
2026-10-09T11:47:04.0811009Z   [apply] _assignment
2026-10-09T11:47:04.0811152Z 
2026-10-09T11:47:04.0811435Z Note: This linter can be disabled with `set_option linter.unusedVariables false`
2026-10-09T11:47:04.0811920Z ⚠ [24/76] Replayed Ps.Core.LevelSubst
2026-10-09T11:47:04.0812491Z warning: packages/core/src/Ps/Core/LevelSubst.lean:8:11: Variable name `arguments` is not explicitly referenced.
2026-10-09T11:47:04.0812855Z 
2026-10-09T11:47:04.0813345Z Hint: The binding can be removed (if unused) or named `_` (if used implicitly). Alternatively, prefix the name with `_` to silence this warning:
2026-10-09T11:47:04.0813865Z   [apply] _arguments
2026-10-09T11:47:04.0814007Z 
2026-10-09T11:47:04.0814501Z Note: This linter can be disabled with `set_option linter.unusedVariables false`
2026-10-09T11:47:04.0815499Z warning: packages/core/src/Ps/Core/LevelSubst.lean:9:13: Variable name `target` is not explicitly referenced.
2026-10-09T11:47:04.0815873Z 
2026-10-09T11:47:04.0816362Z Hint: The binding can be removed (if unused) or named `_` (if used implicitly). Alternatively, prefix the name with `_` to silence this warning:
2026-10-09T11:47:04.0816901Z   [apply] _target
2026-10-09T11:47:04.0817041Z 
2026-10-09T11:47:04.0817326Z Note: This linter can be disabled with `set_option linter.unusedVariables false`
2026-10-09T11:47:04.0817800Z ⚠ [25/76] Replayed Ps.Core.Subst
2026-10-09T11:47:04.0818356Z warning: packages/core/src/Ps/Core/Subst.lean:14:11: Variable name `cutoff` is not explicitly referenced.
2026-10-09T11:47:04.0818701Z 
2026-10-09T11:47:04.0819192Z Hint: The binding can be removed (if unused) or named `_` (if used implicitly). Alternatively, prefix the name with `_` to silence this warning:
2026-10-09T11:47:04.0819737Z   [apply] _cutoff
2026-10-09T11:47:04.0819865Z 
2026-10-09T11:47:04.0820155Z Note: This linter can be disabled with `set_option linter.unusedVariables false`
2026-10-09T11:47:04.0820813Z warning: packages/core/src/Ps/Core/Subst.lean:16:11: Variable name `cutoff` is not explicitly referenced.
2026-10-09T11:47:04.0821152Z 
2026-10-09T11:47:04.0821638Z Hint: The binding can be removed (if unused) or named `_` (if used implicitly). Alternatively, prefix the name with `_` to silence this warning:
2026-10-09T11:47:04.0822160Z   [apply] _cutoff
2026-10-09T11:47:04.0822285Z 
2026-10-09T11:47:04.0822565Z Note: This linter can be disabled with `set_option linter.unusedVariables false`
2026-10-09T11:47:04.0823210Z warning: packages/core/src/Ps/Core/Subst.lean:18:11: Variable name `cutoff` is not explicitly referenced.
2026-10-09T11:47:04.0823550Z 
2026-10-09T11:47:04.0824035Z Hint: The binding can be removed (if unused) or named `_` (if used implicitly). Alternatively, prefix the name with `_` to silence this warning:
2026-10-09T11:47:04.0824804Z   [apply] _cutoff
2026-10-09T11:47:04.0824937Z 
2026-10-09T11:47:04.0825321Z Note: This linter can be disabled with `set_option linter.unusedVariables false`
2026-10-09T11:47:04.0825980Z warning: packages/core/src/Ps/Core/Subst.lean:20:11: Variable name `cutoff` is not explicitly referenced.
2026-10-09T11:47:04.0826325Z 
2026-10-09T11:47:04.0826808Z Hint: The binding can be removed (if unused) or named `_` (if used implicitly). Alternatively, prefix the name with `_` to silence this warning:
2026-10-09T11:47:04.0827337Z   [apply] _cutoff
2026-10-09T11:47:04.0827463Z 
2026-10-09T11:47:04.0827745Z Note: This linter can be disabled with `set_option linter.unusedVariables false`
2026-10-09T11:47:04.0828433Z warning: packages/core/src/Ps/Core/Subst.lean:66:11: Variable name `cutoff` is not explicitly referenced.
2026-10-09T11:47:04.0828787Z 
2026-10-09T11:47:04.0829280Z Hint: The binding can be removed (if unused) or named `_` (if used implicitly). Alternatively, prefix the name with `_` to silence this warning:
2026-10-09T11:47:04.0829812Z   [apply] _cutoff
2026-10-09T11:47:04.0829950Z 
2026-10-09T11:47:04.0830233Z Note: This linter can be disabled with `set_option linter.unusedVariables false`
2026-10-09T11:47:04.0830870Z warning: packages/core/src/Ps/Core/Subst.lean:94:11: Variable name `depth` is not explicitly referenced.
2026-10-09T11:47:04.0831216Z 
2026-10-09T11:47:04.0831704Z Hint: The binding can be removed (if unused) or named `_` (if used implicitly). Alternatively, prefix the name with `_` to silence this warning:
2026-10-09T11:47:04.0832238Z   [apply] _depth
2026-10-09T11:47:04.0832372Z 
2026-10-09T11:47:04.0832647Z Note: This linter can be disabled with `set_option linter.unusedVariables false`
2026-10-09T11:47:04.0833287Z warning: packages/core/src/Ps/Core/Subst.lean:96:11: Variable name `depth` is not explicitly referenced.
2026-10-09T11:47:04.0833638Z 
2026-10-09T11:47:04.0834123Z Hint: The binding can be removed (if unused) or named `_` (if used implicitly). Alternatively, prefix the name with `_` to silence this warning:
2026-10-09T11:47:04.0834934Z   [apply] _depth
2026-10-09T11:47:04.0835169Z 
2026-10-09T11:47:04.0835453Z Note: This linter can be disabled with `set_option linter.unusedVariables false`
2026-10-09T11:47:04.0836090Z warning: packages/core/src/Ps/Core/Subst.lean:98:11: Variable name `depth` is not explicitly referenced.
2026-10-09T11:47:04.0836443Z 
2026-10-09T11:47:04.0836928Z Hint: The binding can be removed (if unused) or named `_` (if used implicitly). Alternatively, prefix the name with `_` to silence this warning:
2026-10-09T11:47:04.0837459Z   [apply] _depth
2026-10-09T11:47:04.0837592Z 
2026-10-09T11:47:04.0837871Z Note: This linter can be disabled with `set_option linter.unusedVariables false`
2026-10-09T11:47:04.0838508Z warning: packages/core/src/Ps/Core/Subst.lean:100:11: Variable name `depth` is not explicitly referenced.
2026-10-09T11:47:04.0838859Z 
2026-10-09T11:47:04.0839351Z Hint: The binding can be removed (if unused) or named `_` (if used implicitly). Alternatively, prefix the name with `_` to silence this warning:
2026-10-09T11:47:04.0839878Z   [apply] _depth
2026-10-09T11:47:04.0840010Z 
2026-10-09T11:47:04.0840288Z Note: This linter can be disabled with `set_option linter.unusedVariables false`
2026-10-09T11:47:04.0840929Z warning: packages/core/src/Ps/Core/Subst.lean:146:11: Variable name `depth` is not explicitly referenced.
2026-10-09T11:47:04.0841277Z 
2026-10-09T11:47:04.0841766Z Hint: The binding can be removed (if unused) or named `_` (if used implicitly). Alternatively, prefix the name with `_` to silence this warning:
2026-10-09T11:47:04.0842289Z   [apply] _depth
2026-10-09T11:47:04.0842418Z 
2026-10-09T11:47:04.0842693Z Note: This linter can be disabled with `set_option linter.unusedVariables false`
2026-10-09T11:47:04.0843170Z ⚠ [28/76] Replayed Ps.Meta.Unify
2026-10-09T11:47:04.0843743Z warning: packages/meta/src/Ps/Meta/Unify.lean:90:11: Variable name `environment` is not explicitly referenced.
2026-10-09T11:47:04.0844099Z 
2026-10-09T11:47:04.0844850Z Hint: The binding can be removed (if unused) or named `_` (if used implicitly). Alternatively, prefix the name with `_` to silence this warning:
2026-10-09T11:47:04.0845417Z   [apply] _environment
2026-10-09T11:47:04.0845560Z 
2026-10-09T11:47:04.0845841Z Note: This linter can be disabled with `set_option linter.unusedVariables false`
2026-10-09T11:47:04.0846523Z warning: packages/meta/src/Ps/Meta/Unify.lean:91:11: Variable name `localContext` is not explicitly referenced.
2026-10-09T11:47:04.0846887Z 
2026-10-09T11:47:04.0847374Z Hint: The binding can be removed (if unused) or named `_` (if used implicitly). Alternatively, prefix the name with `_` to silence this warning:
2026-10-09T11:47:04.0847916Z   [apply] _localContext
2026-10-09T11:47:04.0848062Z 
2026-10-09T11:47:04.0848345Z Note: This linter can be disabled with `set_option linter.unusedVariables false`
2026-10-09T11:47:04.0848993Z warning: packages/meta/src/Ps/Meta/Unify.lean:93:11: Variable name `left` is not explicitly referenced.
2026-10-09T11:47:04.0849337Z 
2026-10-09T11:47:04.0849833Z Hint: The binding can be removed (if unused) or named `_` (if used implicitly). Alternatively, prefix the name with `_` to silence this warning:
2026-10-09T11:47:04.0850571Z   [apply] _left
2026-10-09T11:47:04.0850713Z 
2026-10-09T11:47:04.0850986Z Note: This linter can be disabled with `set_option linter.unusedVariables false`
2026-10-09T11:47:04.0851853Z warning: packages/meta/src/Ps/Meta/Unify.lean:94:11: Variable name `right` is not explicitly referenced.
2026-10-09T11:47:04.0852320Z 
2026-10-09T11:47:04.0852870Z Hint: The binding can be removed (if unused) or named `_` (if used implicitly). Alternatively, prefix the name with `_` to silence this warning:
2026-10-09T11:47:04.0853531Z   [apply] _right
2026-10-09T11:47:04.0853806Z 
2026-10-09T11:47:04.0854088Z Note: This linter can be disabled with `set_option linter.unusedVariables false`
2026-10-09T11:47:04.0855029Z warning: packages/meta/src/Ps/Meta/Unify.lean:178:17: Variable name `leftName` is not explicitly referenced.
2026-10-09T11:47:04.0855611Z 
2026-10-09T11:47:04.0856421Z Hint: The binding can be removed (if unused) or named `_` (if used implicitly). Alternatively, prefix the name with `_` to silence this warning:
2026-10-09T11:47:04.0857241Z   [apply] _leftName
2026-10-09T11:47:04.0857399Z 
2026-10-09T11:47:04.0857727Z Note: This linter can be disabled with `set_option linter.unusedVariables false`
2026-10-09T11:47:04.0858498Z warning: packages/meta/src/Ps/Meta/Unify.lean:207:21: Variable name `leftName` is not explicitly referenced.
2026-10-09T11:47:04.0858972Z 
2026-10-09T11:47:04.0859565Z Hint: The binding can be removed (if unused) or named `_` (if used implicitly). Alternatively, prefix the name with `_` to silence this warning:
2026-10-09T11:47:04.0860178Z   [apply] _leftName
2026-10-09T11:47:04.0860391Z 
2026-10-09T11:47:04.0860751Z Note: This linter can be disabled with `set_option linter.unusedVariables false`
2026-10-09T11:47:04.0861486Z ⚠ [33/76] Replayed Ps.Elab.Literal
2026-10-09T11:47:04.0862282Z warning: packages/elab/src/Ps/Elab/Literal.lean:166:11: Variable name `chars` is not explicitly referenced.
2026-10-09T11:47:04.0862770Z 
2026-10-09T11:47:04.0863268Z Hint: The binding can be removed (if unused) or named `_` (if used implicitly). Alternatively, prefix the name with `_` to silence this warning:
2026-10-09T11:47:04.0863992Z   [apply] _chars
2026-10-09T11:47:04.0864165Z 
2026-10-09T11:47:04.0864699Z Note: This linter can be disabled with `set_option linter.unusedVariables false`
2026-10-09T11:47:04.0865534Z warning: packages/elab/src/Ps/Elab/Literal.lean:167:13: Variable name `charsRev` is not explicitly referenced.
2026-10-09T11:47:04.0865987Z 
2026-10-09T11:47:04.0866535Z Hint: The binding can be removed (if unused) or named `_` (if used implicitly). Alternatively, prefix the name with `_` to silence this warning:
2026-10-09T11:47:04.0867194Z   [apply] _charsRev
2026-10-09T11:47:04.0867337Z 
2026-10-09T11:47:04.0867717Z Note: This linter can be disabled with `set_option linter.unusedVariables false`
2026-10-09T11:47:04.0868193Z ⚠ [34/76] Replayed Ps.Elab.Term
2026-10-09T11:47:04.0868940Z warning: packages/elab/src/Ps/Elab/Term.lean:2781:11: Variable name `context` is not explicitly referenced.
2026-10-09T11:47:04.0869415Z 
2026-10-09T11:47:04.0869943Z Hint: The binding can be removed (if unused) or named `_` (if used implicitly). Alternatively, prefix the name with `_` to silence this warning:
2026-10-09T11:47:04.0870525Z   [apply] _context
2026-10-09T11:47:04.0870688Z 
2026-10-09T11:47:04.0871028Z Note: This linter can be disabled with `set_option linter.unusedVariables false`
2026-10-09T11:47:04.0871790Z warning: packages/elab/src/Ps/Elab/Term.lean:2782:13: Variable name `recursion` is not explicitly referenced.
2026-10-09T11:47:04.0872160Z 
2026-10-09T11:47:04.0872740Z Hint: The binding can be removed (if unused) or named `_` (if used implicitly). Alternatively, prefix the name with `_` to silence this warning:
2026-10-09T11:47:04.0873378Z   [apply] _recursion
2026-10-09T11:47:04.0873529Z 
2026-10-09T11:47:04.0873799Z Note: This linter can be disabled with `set_option linter.unusedVariables false`
2026-10-09T11:47:04.0874807Z warning: packages/elab/src/Ps/Elab/Term.lean:2783:15: Variable name `index` is not explicitly referenced.
2026-10-09T11:47:04.0875251Z 
2026-10-09T11:47:04.0875731Z Hint: The binding can be removed (if unused) or named `_` (if used implicitly). Alternatively, prefix the name with `_` to silence this warning:
2026-10-09T11:47:04.0876375Z   [apply] _index
2026-10-09T11:47:04.0876514Z 
2026-10-09T11:47:04.0876907Z Note: This linter can be disabled with `set_option linter.unusedVariables false`
2026-10-09T11:47:04.0877399Z ⚠ [38/76] Replayed BootstrapTests
2026-10-09T11:47:04.0877997Z warning: test/BootstrapTests.lean:335:10: Variable name `id` is not explicitly referenced.
2026-10-09T11:47:04.0878376Z 
2026-10-09T11:47:04.0878890Z Hint: The binding can be removed (if unused) or named `_` (if used implicitly). Alternatively, prefix the name with `_` to silence this warning:
2026-10-09T11:47:04.0879624Z   [apply] _id
2026-10-09T11:47:04.0879849Z 
2026-10-09T11:47:04.0880239Z Note: This linter can be disabled with `set_option linter.unusedVariables false`
2026-10-09T11:47:04.0914338Z PSC1_TEST_PASS: dual-source core elaboration
2026-10-09T11:47:04.0925828Z PSC1_TEST_PASS: dual-source binder kinds elaboration
2026-10-09T11:47:04.0926642Z PSC1_TEST_PASS: dual-source simple parse
2026-10-09T11:47:04.0927373Z PSC1_TEST_PASS: dual-source binder application parse
2026-10-09T11:47:04.0927965Z PSC1_TEST_PASS: dual-source binder kinds parse
2026-10-09T11:47:04.0928601Z PSC1_TEST_PASS: dual-source typed lambda parse
2026-10-09T11:47:04.0929280Z PSC1_TEST_PASS: dual-source typed lambda elaboration
2026-10-09T11:47:04.0930049Z PSC1_TEST_PASS: structure stops before partial def
2026-10-09T11:47:04.0930812Z PSC1_TEST_PASS: Lean list literal sugar
2026-10-09T11:47:04.0931386Z PSC1_TEST_PASS: Lean list pattern sugar
2026-10-09T11:47:04.0931956Z PSC1_TEST_PASS: repeated wildcard match binders
2026-10-09T11:47:04.0932525Z PSC1_TEST_PASS: Lean Nat match sugar
2026-10-09T11:47:04.0933114Z PSC1_TEST_PASS: Lean grouped typed binders
2026-10-09T11:47:04.0933710Z PSC1_TEST_PASS: lambda match uses expected type
2026-10-09T11:47:04.0934500Z PSC1_TEST_PASS: two-argument equation definition
2026-10-09T11:47:04.0935092Z PSC1_TEST_PASS: dual-source Pi parse
2026-10-09T11:47:04.0935701Z PSC1_TEST_PASS: dual-source Pi lambda declaration
2026-10-09T11:47:04.0936288Z PSC1_TEST_PASS: dual-source annotated let
2026-10-09T11:47:04.0936839Z PSC1_TEST_PASS: dual-source inferred let
2026-10-09T11:47:04.0937375Z PSC1_TEST_PASS: dual-source Bool literal
2026-10-09T11:47:04.0937913Z PSC1_TEST_PASS: dual-source if
2026-10-09T11:47:04.0938447Z PSC1_TEST_PASS: inductive metadata lookup
2026-10-09T11:47:04.0939081Z PSC1_TEST_PASS: bootstrap List/Option type constructors
2026-10-09T11:47:04.0939737Z PSC1_TEST_PASS: positive nested recursive field
2026-10-09T11:47:04.0940375Z PSC1_TEST_PASS: reject negative nested recursive field
2026-10-09T11:47:04.0941041Z PSC1_TEST_PASS: Lean product inside application parse
2026-10-09T11:47:04.0941953Z PSC1_TEST_PASS: dual-source basic match parse
2026-10-09T11:47:04.0942627Z PSC1_TEST_PASS: Lean nested match dedent parse
2026-10-09T11:47:04.0943232Z PSC1_TEST_PASS: constructor match pattern parse
2026-10-09T11:47:04.0943893Z PSC1_TEST_PASS: dual-source basic match elaboration
2026-10-09T11:47:04.0945937Z PSC1_TEST_PASS: dual-source field match elaboration
2026-10-09T11:47:04.0946504Z PSC1_TEST_PASS: defeq beta under forall
2026-10-09T11:47:04.0947068Z PSC1_TEST_PASS: dual-source inductive enum parse
2026-10-09T11:47:04.0947672Z PSC1_TEST_PASS: dual-source inductive field parse
2026-10-09T11:47:04.0948310Z PSC1_TEST_PASS: dual-source inductive enum elaboration
2026-10-09T11:47:04.0948969Z PSC1_TEST_PASS: dual-source inductive field elaboration
2026-10-09T11:47:04.0949663Z PSC1_TEST_PASS: dual-source Type Prop elaboration
2026-10-09T11:47:04.0950305Z PSC1_TEST_PASS: dual-source parametric inductive
2026-10-09T11:47:04.0950930Z PSC1_TEST_PASS: Lean implicit constructor elaborates
2026-10-09T11:47:04.0951691Z PSC1_TEST_PASS: ProofScript implicit constructor elaborates
2026-10-09T11:47:04.0952388Z PSC1_TEST_PASS: Lean implicit constructor application
2026-10-09T11:47:04.0953090Z PSC1_TEST_PASS: ProofScript implicit constructor application
2026-10-09T11:47:04.0953836Z PSC1_TEST_PASS: dual-source implicit constructor application
2026-10-09T11:47:04.0954583Z PSC1_TEST_PASS: dual-source structural recursion
2026-10-09T11:47:04.0955246Z PSC1_TEST_PASS: dual-source controlled partial definition
2026-10-09T11:47:04.0955943Z PSC1_TEST_PASS: reject non-decreasing structural recursion
2026-10-09T11:47:04.0956657Z PSC1_TEST_PASS: reject changed invariant structural recursion
2026-10-09T11:47:04.0957282Z PSC1_TEST_PASS: dual-source String literal
2026-10-09T11:47:04.0957835Z PSC1_TEST_PASS: reject invalid String escapes
2026-10-09T11:47:04.0958439Z PSC1_TEST_PASS: dual-source grouping
2026-10-09T11:47:04.0958944Z PSC1_TEST_PASS: dual-source Unit
2026-10-09T11:47:04.0959484Z PSC1_TEST_PASS: Lean parenthesized application
2026-10-09T11:47:04.0960368Z PSC1_TEST_PASS: dual-source Char literal
2026-10-09T11:47:04.0960936Z PSC1_TEST_PASS: reject invalid Char escapes
2026-10-09T11:47:04.0961509Z PSC1_TEST_PASS: ProofScript explicit Unit call
2026-10-09T11:47:04.0962099Z PSC1_TEST_PASS: ProofScript accepts spaced call
2026-10-09T11:47:04.0962781Z PSC1_TEST_PASS: ProofScript empty call preserves no arguments
2026-10-09T11:47:04.0963565Z PSC1_TEST_PASS: ProofScript empty call rejected by elaboration
2026-10-09T11:47:04.0964409Z PSC1_TEST_PASS: Lean interleaved binder kinds parse
2026-10-09T11:47:04.0965111Z PSC1_TEST_PASS: Lean interleaved binder kinds elaboration
2026-10-09T11:47:04.0965945Z PSC1_TEST_PASS: ProofScript rejects interleaved declaration binders
2026-10-09T11:47:04.0966644Z PSC1_TEST_PASS: lexer UTF-8 byte offsets
2026-10-09T11:47:04.0967189Z PSC1_TEST_PASS: lexer nested trivia
2026-10-09T11:47:04.0967673Z PSC1_TEST_PASS: module graph
2026-10-09T11:47:04.0968171Z PSC1_TEST_PASS: global instance synthesis
2026-10-09T11:47:04.0968738Z PSC1_TEST_PASS: generic instance synthesis
2026-10-09T11:47:04.0969304Z PSC1_TEST_PASS: dependent instance synthesis
2026-10-09T11:47:04.0969863Z PSC1_TEST_PASS: local instance synthesis
2026-10-09T11:47:04.0970400Z PSC1_TEST_PASS: transactional unification
2026-10-09T11:47:04.0970987Z PSC1_TEST_PASS: binder-info unification
2026-10-09T11:47:04.0971559Z PSC1_TEST_PASS: level metavariable unification
2026-10-09T11:47:04.0972166Z PSC1_TEST_PASS: scoped metavariable assignment
2026-10-09T11:47:04.0972761Z PSC1_TEST_PASS: reject out-of-scope assignment
2026-10-09T11:47:04.0973321Z PSC1_TEST_PASS: beta WHNF
2026-10-09T11:47:04.0973801Z PSC1_TEST_PASS: infer identity
2026-10-09T11:47:04.0974342Z PSC1_BOOTSTRAP_TESTS: PASS
2026-10-09T11:47:04.5356352Z ⚠ [3/32] Replayed Ps.Syntax.Cursor
2026-10-09T11:47:04.5357072Z warning: packages/syntax/src/Ps/Syntax/Cursor.lean:51:14: Variable name `head` is not explicitly referenced.
2026-10-09T11:47:04.5357455Z 
2026-10-09T11:47:04.5358343Z Hint: The binding can be removed (if unused) or named `_` (if used implicitly). Alternatively, prefix the name with `_` to silence this warning:
2026-10-09T11:47:04.5358891Z   [apply] _head
2026-10-09T11:47:04.5359035Z 
2026-10-09T11:47:04.5359328Z Note: This linter can be disabled with `set_option linter.unusedVariables false`
2026-10-09T11:47:04.5359982Z warning: packages/syntax/src/Ps/Syntax/Cursor.lean:51:19: Variable name `tail` is not explicitly referenced.
2026-10-09T11:47:04.5360340Z 
2026-10-09T11:47:04.5360821Z Hint: The binding can be removed (if unused) or named `_` (if used implicitly). Alternatively, prefix the name with `_` to silence this warning:
2026-10-09T11:47:04.5361342Z   [apply] _tail
2026-10-09T11:47:04.5361471Z 
2026-10-09T11:47:04.5361746Z Note: This linter can be disabled with `set_option linter.unusedVariables false`
2026-10-09T11:47:04.5362385Z warning: packages/syntax/src/Ps/Syntax/Cursor.lean:56:19: Variable name `rest` is not explicitly referenced.
2026-10-09T11:47:04.5362743Z 
2026-10-09T11:47:04.5363218Z Hint: The binding can be removed (if unused) or named `_` (if used implicitly). Alternatively, prefix the name with `_` to silence this warning:
2026-10-09T11:47:04.5363897Z   [apply] _rest
2026-10-09T11:47:04.5364566Z 
2026-10-09T11:47:04.5365090Z Note: This linter can be disabled with `set_option linter.unusedVariables false`
2026-10-09T11:47:04.5365896Z warning: packages/syntax/src/Ps/Syntax/Cursor.lean:89:14: Variable name `first` is not explicitly referenced.
2026-10-09T11:47:04.5366254Z 
2026-10-09T11:47:04.5366724Z Hint: The binding can be removed (if unused) or named `_` (if used implicitly). Alternatively, prefix the name with `_` to silence this warning:
2026-10-09T11:47:04.5367233Z   [apply] _first
2026-10-09T11:47:04.5367366Z 
2026-10-09T11:47:04.5367640Z Note: This linter can be disabled with `set_option linter.unusedVariables false`
2026-10-09T11:47:04.5368274Z warning: packages/syntax/src/Ps/Syntax/Cursor.lean:92:25: Variable name `tail` is not explicitly referenced.
2026-10-09T11:47:04.5368753Z 
2026-10-09T11:47:04.5369237Z Hint: The binding can be removed (if unused) or named `_` (if used implicitly). Alternatively, prefix the name with `_` to silence this warning:
2026-10-09T11:47:04.5369756Z   [apply] _tail
2026-10-09T11:47:04.5369886Z 
2026-10-09T11:47:04.5370158Z Note: This linter can be disabled with `set_option linter.unusedVariables false`
2026-10-09T11:47:04.5370657Z ⚠ [5/32] Replayed Ps.Syntax.Lexer
2026-10-09T11:47:04.5371205Z warning: packages/syntax/src/Ps/Syntax/Lexer.lean:89:11: Variable name `depth` is not explicitly referenced.
2026-10-09T11:47:04.5371552Z 
2026-10-09T11:47:04.5372031Z Hint: The binding can be removed (if unused) or named `_` (if used implicitly). Alternatively, prefix the name with `_` to silence this warning:
2026-10-09T11:47:04.5372564Z   [apply] _depth
2026-10-09T11:47:04.5372693Z 
2026-10-09T11:47:04.5372971Z Note: This linter can be disabled with `set_option linter.unusedVariables false`
2026-10-09T11:47:04.5373647Z warning: packages/syntax/src/Ps/Syntax/Lexer.lean:89:25: Variable name `remaining` is not explicitly referenced.
2026-10-09T11:47:04.5374014Z 
2026-10-09T11:47:04.5374701Z Hint: The binding can be removed (if unused) or named `_` (if used implicitly). Alternatively, prefix the name with `_` to silence this warning:
2026-10-09T11:47:04.5375579Z   [apply] _remaining
2026-10-09T11:47:04.5375734Z 
2026-10-09T11:47:04.5376003Z Note: This linter can be disabled with `set_option linter.unusedVariables false`
2026-10-09T11:47:04.5376745Z warning: packages/syntax/src/Ps/Syntax/Lexer.lean:406:11: Variable name `remaining` is not explicitly referenced.
2026-10-09T11:47:04.5377116Z 
2026-10-09T11:47:04.5377578Z Hint: The binding can be removed (if unused) or named `_` (if used implicitly). Alternatively, prefix the name with `_` to silence this warning:
2026-10-09T11:47:04.5378154Z   [apply] _remaining
2026-10-09T11:47:04.5378301Z 
2026-10-09T11:47:04.5378566Z Note: This linter can be disabled with `set_option linter.unusedVariables false`
2026-10-09T11:47:04.5379305Z warning: packages/syntax/src/Ps/Syntax/Lexer.lean:406:82: Variable name `charsRev` is not explicitly referenced.
2026-10-09T11:47:04.5379672Z 
2026-10-09T11:47:04.5380135Z Hint: The binding can be removed (if unused) or named `_` (if used implicitly). Alternatively, prefix the name with `_` to silence this warning:
2026-10-09T11:47:04.5380659Z   [apply] _charsRev
2026-10-09T11:47:04.5380795Z 
2026-10-09T11:47:04.5381059Z Note: This linter can be disabled with `set_option linter.unusedVariables false`
2026-10-09T11:47:04.5381540Z ⚠ [8/32] Replayed Ps.Syntax.ParserState
2026-10-09T11:47:04.5382124Z warning: packages/syntax/src/Ps/Syntax/ParserState.lean:30:20: Variable name `rest` is not explicitly referenced.
2026-10-09T11:47:04.5382505Z 
2026-10-09T11:47:04.5382974Z Hint: The binding can be removed (if unused) or named `_` (if used implicitly). Alternatively, prefix the name with `_` to silence this warning:
2026-10-09T11:47:04.5383482Z   [apply] _rest
2026-10-09T11:47:04.5383616Z 
2026-10-09T11:47:04.5383891Z Note: This linter can be disabled with `set_option linter.unusedVariables false`
2026-10-09T11:47:04.5462325Z PSC1_TRANSLATION_PASS: unsupported ProofScript do rejected
2026-10-09T11:47:04.5463160Z PSC1_TRANSLATION_PASS: explicit compiler effect calls preserve translation
2026-10-09T11:47:04.5463801Z PSC1_TRANSLATION_PASS: explicit Unit argument survives canonical printing
2026-10-09T11:47:04.5464610Z PSC1_TRANSLATION_PASS: grouped and dependent ProofScript binder types
2026-10-09T11:47:04.5465188Z PSC1_TRANSLATION_PASS: nested function binder canonical round trip
2026-10-09T11:47:04.5465827Z PSC1_TRANSLATION_PASS: complex application .lean <-> .ps
2026-10-09T11:47:04.5466407Z PSC1_TRANSLATION_PASS: partial def .lean <-> .ps
2026-10-09T11:47:04.5466964Z PSC1_TRANSLATION_PASS: structure .lean <-> .ps
2026-10-09T11:47:04.5467335Z PSC1_TRANSLATION_PASS: .lean -> .ps -> .lean
2026-10-09T11:47:04.5467815Z PSC1_TRANSLATION_PASS: .ps -> .lean -> .ps
2026-10-09T11:47:05.0000954Z ⚠ [3/96] Replayed Ps.Syntax.Cursor
2026-10-09T11:47:05.0001834Z warning: packages/syntax/src/Ps/Syntax/Cursor.lean:51:14: Variable name `head` is not explicitly referenced.
2026-10-09T11:47:05.0002562Z 
2026-10-09T11:47:05.0003342Z Hint: The binding can be removed (if unused) or named `_` (if used implicitly). Alternatively, prefix the name with `_` to silence this warning:
2026-10-09T11:47:05.0004144Z   [apply] _head
2026-10-09T11:47:05.0004502Z 
2026-10-09T11:47:05.0004973Z Note: This linter can be disabled with `set_option linter.unusedVariables false`
2026-10-09T11:47:05.0006055Z warning: packages/syntax/src/Ps/Syntax/Cursor.lean:51:19: Variable name `tail` is not explicitly referenced.
2026-10-09T11:47:05.0006652Z 
2026-10-09T11:47:05.0007433Z Hint: The binding can be removed (if unused) or named `_` (if used implicitly). Alternatively, prefix the name with `_` to silence this warning:
2026-10-09T11:47:05.0008277Z   [apply] _tail
2026-10-09T11:47:05.0008474Z 
2026-10-09T11:47:05.0008954Z Note: This linter can be disabled with `set_option linter.unusedVariables false`
2026-10-09T11:47:05.0009857Z warning: packages/syntax/src/Ps/Syntax/Cursor.lean:56:19: Variable name `rest` is not explicitly referenced.
2026-10-09T11:47:05.0010226Z 
2026-10-09T11:47:05.0010717Z Hint: The binding can be removed (if unused) or named `_` (if used implicitly). Alternatively, prefix the name with `_` to silence this warning:
2026-10-09T11:47:05.0011244Z   [apply] _rest
2026-10-09T11:47:05.0011378Z 
2026-10-09T11:47:05.0011661Z Note: This linter can be disabled with `set_option linter.unusedVariables false`
2026-10-09T11:47:05.0012400Z warning: packages/syntax/src/Ps/Syntax/Cursor.lean:89:14: Variable name `first` is not explicitly referenced.
2026-10-09T11:47:05.0012767Z 
2026-10-09T11:47:05.0013249Z Hint: The binding can be removed (if unused) or named `_` (if used implicitly). Alternatively, prefix the name with `_` to silence this warning:
2026-10-09T11:47:05.0013789Z   [apply] _first
2026-10-09T11:47:05.0013943Z 
2026-10-09T11:47:05.0014639Z Note: This linter can be disabled with `set_option linter.unusedVariables false`
2026-10-09T11:47:05.0015315Z warning: packages/syntax/src/Ps/Syntax/Cursor.lean:92:25: Variable name `tail` is not explicitly referenced.
2026-10-09T11:47:05.0015669Z 
2026-10-09T11:47:05.0016130Z Hint: The binding can be removed (if unused) or named `_` (if used implicitly). Alternatively, prefix the name with `_` to silence this warning:
2026-10-09T11:47:05.0016656Z   [apply] _tail
2026-10-09T11:47:05.0016787Z 
2026-10-09T11:47:05.0017051Z Note: This linter can be disabled with `set_option linter.unusedVariables false`
2026-10-09T11:47:05.0017590Z ⚠ [5/96] Replayed Ps.Syntax.Lexer
2026-10-09T11:47:05.0018131Z warning: packages/syntax/src/Ps/Syntax/Lexer.lean:89:11: Variable name `depth` is not explicitly referenced.
2026-10-09T11:47:05.0018484Z 
2026-10-09T11:47:05.0018955Z Hint: The binding can be removed (if unused) or named `_` (if used implicitly). Alternatively, prefix the name with `_` to silence this warning:
2026-10-09T11:47:05.0019489Z   [apply] _depth
2026-10-09T11:47:05.0019625Z 
2026-10-09T11:47:05.0019895Z Note: This linter can be disabled with `set_option linter.unusedVariables false`
2026-10-09T11:47:05.0020543Z warning: packages/syntax/src/Ps/Syntax/Lexer.lean:89:25: Variable name `remaining` is not explicitly referenced.
2026-10-09T11:47:05.0020903Z 
2026-10-09T11:47:05.0021374Z Hint: The binding can be removed (if unused) or named `_` (if used implicitly). Alternatively, prefix the name with `_` to silence this warning:
2026-10-09T11:47:05.0021899Z   [apply] _remaining
2026-10-09T11:47:05.0022039Z 
2026-10-09T11:47:05.0022310Z Note: This linter can be disabled with `set_option linter.unusedVariables false`
2026-10-09T11:47:05.0022954Z warning: packages/syntax/src/Ps/Syntax/Lexer.lean:406:11: Variable name `remaining` is not explicitly referenced.
2026-10-09T11:47:05.0023323Z 
2026-10-09T11:47:05.0023806Z Hint: The binding can be removed (if unused) or named `_` (if used implicitly). Alternatively, prefix the name with `_` to silence this warning:
2026-10-09T11:47:05.0024605Z   [apply] _remaining
2026-10-09T11:47:05.0024751Z 
2026-10-09T11:47:05.0025031Z Note: This linter can be disabled with `set_option linter.unusedVariables false`
2026-10-09T11:47:05.0025716Z warning: packages/syntax/src/Ps/Syntax/Lexer.lean:406:82: Variable name `charsRev` is not explicitly referenced.
2026-10-09T11:47:05.0026098Z 
2026-10-09T11:47:05.0026602Z Hint: The binding can be removed (if unused) or named `_` (if used implicitly). Alternatively, prefix the name with `_` to silence this warning:
2026-10-09T11:47:05.0027141Z   [apply] _charsRev
2026-10-09T11:47:05.0027285Z 
2026-10-09T11:47:05.0027570Z Note: This linter can be disabled with `set_option linter.unusedVariables false`
2026-10-09T11:47:05.0028075Z ⚠ [8/96] Replayed Ps.Syntax.ParserState
2026-10-09T11:47:05.0028699Z warning: packages/syntax/src/Ps/Syntax/ParserState.lean:30:20: Variable name `rest` is not explicitly referenced.
2026-10-09T11:47:05.0029100Z 
2026-10-09T11:47:05.0029600Z Hint: The binding can be removed (if unused) or named `_` (if used implicitly). Alternatively, prefix the name with `_` to silence this warning:
2026-10-09T11:47:05.0030145Z   [apply] _rest
2026-10-09T11:47:05.0030276Z 
2026-10-09T11:47:05.0030543Z Note: This linter can be disabled with `set_option linter.unusedVariables false`
2026-10-09T11:47:05.0031013Z ⚠ [19/96] Replayed Ps.Core.Abstract
2026-10-09T11:47:05.0031575Z warning: packages/core/src/Ps/Core/Abstract.lean:8:11: Variable name `depth` is not explicitly referenced.
2026-10-09T11:47:05.0031930Z 
2026-10-09T11:47:05.0032422Z Hint: The binding can be removed (if unused) or named `_` (if used implicitly). Alternatively, prefix the name with `_` to silence this warning:
2026-10-09T11:47:05.0032949Z   [apply] _depth
2026-10-09T11:47:05.0033085Z 
2026-10-09T11:47:05.0033364Z Note: This linter can be disabled with `set_option linter.unusedVariables false`
2026-10-09T11:47:05.0034096Z warning: packages/core/src/Ps/Core/Abstract.lean:16:11: Variable name `depth` is not explicitly referenced.
2026-10-09T11:47:05.0034698Z 
2026-10-09T11:47:05.0035197Z Hint: The binding can be removed (if unused) or named `_` (if used implicitly). Alternatively, prefix the name with `_` to silence this warning:
2026-10-09T11:47:05.0035728Z   [apply] _depth
2026-10-09T11:47:05.0035864Z 
2026-10-09T11:47:05.0036142Z Note: This linter can be disabled with `set_option linter.unusedVariables false`
2026-10-09T11:47:05.0036793Z warning: packages/core/src/Ps/Core/Abstract.lean:18:11: Variable name `depth` is not explicitly referenced.
2026-10-09T11:47:05.0037150Z 
2026-10-09T11:47:05.0037632Z Hint: The binding can be removed (if unused) or named `_` (if used implicitly). Alternatively, prefix the name with `_` to silence this warning:
2026-10-09T11:47:05.0038158Z   [apply] _depth
2026-10-09T11:47:05.0038293Z 
2026-10-09T11:47:05.0038575Z Note: This linter can be disabled with `set_option linter.unusedVariables false`
2026-10-09T11:47:05.0039434Z warning: packages/core/src/Ps/Core/Abstract.lean:20:11: Variable name `depth` is not explicitly referenced.
2026-10-09T11:47:05.0039969Z 
2026-10-09T11:47:05.0040965Z Hint: The binding can be removed (if unused) or named `_` (if used implicitly). Alternatively, prefix the name with `_` to silence this warning:
2026-10-09T11:47:05.0041754Z   [apply] _depth
2026-10-09T11:47:05.0041960Z 
2026-10-09T11:47:05.0042382Z Note: This linter can be disabled with `set_option linter.unusedVariables false`
2026-10-09T11:47:05.0043321Z warning: packages/core/src/Ps/Core/Abstract.lean:66:11: Variable name `depth` is not explicitly referenced.
2026-10-09T11:47:05.0043692Z 
2026-10-09T11:47:05.0044328Z Hint: The binding can be removed (if unused) or named `_` (if used implicitly). Alternatively, prefix the name with `_` to silence this warning:
2026-10-09T11:47:05.0044915Z   [apply] _depth
2026-10-09T11:47:05.0045040Z 
2026-10-09T11:47:05.0045319Z Note: This linter can be disabled with `set_option linter.unusedVariables false`
2026-10-09T11:47:05.0045925Z ⚠ [20/96] Replayed Ps.Core.Subst
2026-10-09T11:47:05.0046481Z warning: packages/core/src/Ps/Core/Subst.lean:14:11: Variable name `cutoff` is not explicitly referenced.
2026-10-09T11:47:05.0046865Z 
2026-10-09T11:47:05.0047347Z Hint: The binding can be removed (if unused) or named `_` (if used implicitly). Alternatively, prefix the name with `_` to silence this warning:
2026-10-09T11:47:05.0047877Z   [apply] _cutoff
2026-10-09T11:47:05.0048069Z 
2026-10-09T11:47:05.0048363Z Note: This linter can be disabled with `set_option linter.unusedVariables false`
2026-10-09T11:47:05.0049018Z warning: packages/core/src/Ps/Core/Subst.lean:16:11: Variable name `cutoff` is not explicitly referenced.
2026-10-09T11:47:05.0049367Z 
2026-10-09T11:47:05.0049861Z Hint: The binding can be removed (if unused) or named `_` (if used implicitly). Alternatively, prefix the name with `_` to silence this warning:
2026-10-09T11:47:05.0050390Z   [apply] _cutoff
2026-10-09T11:47:05.0050526Z 
2026-10-09T11:47:05.0050816Z Note: This linter can be disabled with `set_option linter.unusedVariables false`
2026-10-09T11:47:05.0051455Z warning: packages/core/src/Ps/Core/Subst.lean:18:11: Variable name `cutoff` is not explicitly referenced.
2026-10-09T11:47:05.0051800Z 
2026-10-09T11:47:05.0052287Z Hint: The binding can be removed (if unused) or named `_` (if used implicitly). Alternatively, prefix the name with `_` to silence this warning:
2026-10-09T11:47:05.0052809Z   [apply] _cutoff
2026-10-09T11:47:05.0052944Z 
2026-10-09T11:47:05.0053222Z Note: This linter can be disabled with `set_option linter.unusedVariables false`
2026-10-09T11:47:05.0053869Z warning: packages/core/src/Ps/Core/Subst.lean:20:11: Variable name `cutoff` is not explicitly referenced.
2026-10-09T11:47:05.0054353Z 
2026-10-09T11:47:05.0054967Z Hint: The binding can be removed (if unused) or named `_` (if used implicitly). Alternatively, prefix the name with `_` to silence this warning:
2026-10-09T11:47:05.0055503Z   [apply] _cutoff
2026-10-09T11:47:05.0055646Z 
2026-10-09T11:47:05.0056009Z Note: This linter can be disabled with `set_option linter.unusedVariables false`
2026-10-09T11:47:05.0056681Z warning: packages/core/src/Ps/Core/Subst.lean:66:11: Variable name `cutoff` is not explicitly referenced.
2026-10-09T11:47:05.0057043Z 
2026-10-09T11:47:05.0057522Z Hint: The binding can be removed (if unused) or named `_` (if used implicitly). Alternatively, prefix the name with `_` to silence this warning:
2026-10-09T11:47:05.0058045Z   [apply] _cutoff
2026-10-09T11:47:05.0058176Z 
2026-10-09T11:47:05.0058452Z Note: This linter can be disabled with `set_option linter.unusedVariables false`
2026-10-09T11:47:05.0059083Z warning: packages/core/src/Ps/Core/Subst.lean:94:11: Variable name `depth` is not explicitly referenced.
2026-10-09T11:47:05.0059521Z 
2026-10-09T11:47:05.0060008Z Hint: The binding can be removed (if unused) or named `_` (if used implicitly). Alternatively, prefix the name with `_` to silence this warning:
2026-10-09T11:47:05.0060533Z   [apply] _depth
2026-10-09T11:47:05.0060671Z 
2026-10-09T11:47:05.0060950Z Note: This linter can be disabled with `set_option linter.unusedVariables false`
2026-10-09T11:47:05.0061583Z warning: packages/core/src/Ps/Core/Subst.lean:96:11: Variable name `depth` is not explicitly referenced.
2026-10-09T11:47:05.0061931Z 
2026-10-09T11:47:05.0062415Z Hint: The binding can be removed (if unused) or named `_` (if used implicitly). Alternatively, prefix the name with `_` to silence this warning:
2026-10-09T11:47:05.0063271Z   [apply] _depth
2026-10-09T11:47:05.0063409Z 
2026-10-09T11:47:05.0063692Z Note: This linter can be disabled with `set_option linter.unusedVariables false`
2026-10-09T11:47:05.0064566Z warning: packages/core/src/Ps/Core/Subst.lean:98:11: Variable name `depth` is not explicitly referenced.
2026-10-09T11:47:05.0064922Z 
2026-10-09T11:47:05.0065414Z Hint: The binding can be removed (if unused) or named `_` (if used implicitly). Alternatively, prefix the name with `_` to silence this warning:
2026-10-09T11:47:05.0066025Z   [apply] _depth
2026-10-09T11:47:05.0066163Z 
2026-10-09T11:47:05.0066438Z Note: This linter can be disabled with `set_option linter.unusedVariables false`
2026-10-09T11:47:05.0067078Z warning: packages/core/src/Ps/Core/Subst.lean:100:11: Variable name `depth` is not explicitly referenced.
2026-10-09T11:47:05.0067433Z 
2026-10-09T11:47:05.0067923Z Hint: The binding can be removed (if unused) or named `_` (if used implicitly). Alternatively, prefix the name with `_` to silence this warning:
2026-10-09T11:47:05.0068449Z   [apply] _depth
2026-10-09T11:47:05.0068581Z 
2026-10-09T11:47:05.0068860Z Note: This linter can be disabled with `set_option linter.unusedVariables false`
2026-10-09T11:47:05.0069503Z warning: packages/core/src/Ps/Core/Subst.lean:146:11: Variable name `depth` is not explicitly referenced.
2026-10-09T11:47:05.0069852Z 
2026-10-09T11:47:05.0070343Z Hint: The binding can be removed (if unused) or named `_` (if used implicitly). Alternatively, prefix the name with `_` to silence this warning:
2026-10-09T11:47:05.0070877Z   [apply] _depth
2026-10-09T11:47:05.0071013Z 
2026-10-09T11:47:05.0071289Z Note: This linter can be disabled with `set_option linter.unusedVariables false`
2026-10-09T11:47:05.0071790Z ⚠ [23/96] Replayed Ps.Core.LevelSubst
2026-10-09T11:47:05.0072386Z warning: packages/core/src/Ps/Core/LevelSubst.lean:8:11: Variable name `arguments` is not explicitly referenced.
2026-10-09T11:47:05.0072761Z 
2026-10-09T11:47:05.0073238Z Hint: The binding can be removed (if unused) or named `_` (if used implicitly). Alternatively, prefix the name with `_` to silence this warning:
2026-10-09T11:47:05.0073776Z   [apply] _arguments
2026-10-09T11:47:05.0073920Z 
2026-10-09T11:47:05.0074297Z Note: This linter can be disabled with `set_option linter.unusedVariables false`
2026-10-09T11:47:05.0075108Z warning: packages/core/src/Ps/Core/LevelSubst.lean:9:13: Variable name `target` is not explicitly referenced.
2026-10-09T11:47:05.0075475Z 
2026-10-09T11:47:05.0076051Z Hint: The binding can be removed (if unused) or named `_` (if used implicitly). Alternatively, prefix the name with `_` to silence this warning:
2026-10-09T11:47:05.0076595Z   [apply] _target
2026-10-09T11:47:05.0076732Z 
2026-10-09T11:47:05.0077004Z Note: This linter can be disabled with `set_option linter.unusedVariables false`
2026-10-09T11:47:05.0077490Z ⚠ [24/96] Replayed Ps.Meta.LevelContext
2026-10-09T11:47:05.0078091Z warning: packages/meta/src/Ps/Meta/LevelContext.lean:59:4: Variable name `assignment` is not explicitly referenced.
2026-10-09T11:47:05.0078477Z 
2026-10-09T11:47:05.0078956Z Hint: The binding can be removed (if unused) or named `_` (if used implicitly). Alternatively, prefix the name with `_` to silence this warning:
2026-10-09T11:47:05.0079481Z   [apply] _assignment
2026-10-09T11:47:05.0079632Z 
2026-10-09T11:47:05.0079911Z Note: This linter can be disabled with `set_option linter.unusedVariables false`
2026-10-09T11:47:05.0080373Z ⚠ [29/96] Replayed Ps.Meta.Unify
2026-10-09T11:47:05.0081056Z warning: packages/meta/src/Ps/Meta/Unify.lean:90:11: Variable name `environment` is not explicitly referenced.
2026-10-09T11:47:05.0081626Z 
2026-10-09T11:47:05.0082356Z Hint: The binding can be removed (if unused) or named `_` (if used implicitly). Alternatively, prefix the name with `_` to silence this warning:
2026-10-09T11:47:05.0083060Z   [apply] _environment
2026-10-09T11:47:05.0083262Z 
2026-10-09T11:47:05.0083641Z Note: This linter can be disabled with `set_option linter.unusedVariables false`
2026-10-09T11:47:05.0084765Z warning: packages/meta/src/Ps/Meta/Unify.lean:91:11: Variable name `localContext` is not explicitly referenced.
2026-10-09T11:47:05.0085141Z 
2026-10-09T11:47:05.0085627Z Hint: The binding can be removed (if unused) or named `_` (if used implicitly). Alternatively, prefix the name with `_` to silence this warning:
2026-10-09T11:47:05.0086180Z   [apply] _localContext
2026-10-09T11:47:05.0086333Z 
2026-10-09T11:47:05.0086602Z Note: This linter can be disabled with `set_option linter.unusedVariables false`
2026-10-09T11:47:05.0087336Z warning: packages/meta/src/Ps/Meta/Unify.lean:93:11: Variable name `left` is not explicitly referenced.
2026-10-09T11:47:05.0087693Z 
2026-10-09T11:47:05.0088176Z Hint: The binding can be removed (if unused) or named `_` (if used implicitly). Alternatively, prefix the name with `_` to silence this warning:
2026-10-09T11:47:05.0088710Z   [apply] _left
2026-10-09T11:47:05.0088911Z 
2026-10-09T11:47:05.0089255Z Note: This linter can be disabled with `set_option linter.unusedVariables false`
2026-10-09T11:47:05.0090202Z warning: packages/meta/src/Ps/Meta/Unify.lean:94:11: Variable name `right` is not explicitly referenced.
2026-10-09T11:47:05.0090697Z 
2026-10-09T11:47:05.0091321Z Hint: The binding can be removed (if unused) or named `_` (if used implicitly). Alternatively, prefix the name with `_` to silence this warning:
2026-10-09T11:47:05.0092073Z   [apply] _right
2026-10-09T11:47:05.0092269Z 
2026-10-09T11:47:05.0092738Z Note: This linter can be disabled with `set_option linter.unusedVariables false`
2026-10-09T11:47:05.0094120Z warning: packages/meta/src/Ps/Meta/Unify.lean:178:17: Variable name `leftName` is not explicitly referenced.
2026-10-09T11:47:05.0095610Z 
2026-10-09T11:47:05.0096572Z Hint: The binding can be removed (if unused) or named `_` (if used implicitly). Alternatively, prefix the name with `_` to silence this warning:
2026-10-09T11:47:05.0097721Z   [apply] _leftName
2026-10-09T11:47:05.0098064Z 
2026-10-09T11:47:05.0098653Z Note: This linter can be disabled with `set_option linter.unusedVariables false`
2026-10-09T11:47:05.0099957Z warning: packages/meta/src/Ps/Meta/Unify.lean:207:21: Variable name `leftName` is not explicitly referenced.
2026-10-09T11:47:05.0100523Z 
2026-10-09T11:47:05.0101277Z Hint: The binding can be removed (if unused) or named `_` (if used implicitly). Alternatively, prefix the name with `_` to silence this warning:
2026-10-09T11:47:05.0102099Z   [apply] _leftName
2026-10-09T11:47:05.0102305Z 
2026-10-09T11:47:05.0102978Z Note: This linter can be disabled with `set_option linter.unusedVariables false`
2026-10-09T11:47:05.0103843Z ⚠ [32/96] Replayed Ps.Elab.Literal
2026-10-09T11:47:05.0104851Z warning: packages/elab/src/Ps/Elab/Literal.lean:166:11: Variable name `chars` is not explicitly referenced.
2026-10-09T11:47:05.0105395Z 
2026-10-09T11:47:05.0106140Z Hint: The binding can be removed (if unused) or named `_` (if used implicitly). Alternatively, prefix the name with `_` to silence this warning:
2026-10-09T11:47:05.0106971Z   [apply] _chars
2026-10-09T11:47:05.0107168Z 
2026-10-09T11:47:05.0107600Z Note: This linter can be disabled with `set_option linter.unusedVariables false`
2026-10-09T11:47:05.0108613Z warning: packages/elab/src/Ps/Elab/Literal.lean:167:13: Variable name `charsRev` is not explicitly referenced.
2026-10-09T11:47:05.0109173Z 
2026-10-09T11:47:05.0109906Z Hint: The binding can be removed (if unused) or named `_` (if used implicitly). Alternatively, prefix the name with `_` to silence this warning:
2026-10-09T11:47:05.0110722Z   [apply] _charsRev
2026-10-09T11:47:05.0110950Z 
2026-10-09T11:47:05.0111387Z Note: This linter can be disabled with `set_option linter.unusedVariables false`
2026-10-09T11:47:05.0112129Z ⚠ [33/96] Replayed Ps.Elab.Term
2026-10-09T11:47:05.0112920Z warning: packages/elab/src/Ps/Elab/Term.lean:2781:11: Variable name `context` is not explicitly referenced.
2026-10-09T11:47:05.0113482Z 
2026-10-09T11:47:05.0114362Z Hint: The binding can be removed (if unused) or named `_` (if used implicitly). Alternatively, prefix the name with `_` to silence this warning:
2026-10-09T11:47:05.0115203Z   [apply] _context
2026-10-09T11:47:05.0115414Z 
2026-10-09T11:47:05.0115843Z Note: This linter can be disabled with `set_option linter.unusedVariables false`
2026-10-09T11:47:05.0116844Z warning: packages/elab/src/Ps/Elab/Term.lean:2782:13: Variable name `recursion` is not explicitly referenced.
2026-10-09T11:47:05.0117401Z 
2026-10-09T11:47:05.0118170Z Hint: The binding can be removed (if unused) or named `_` (if used implicitly). Alternatively, prefix the name with `_` to silence this warning:
2026-10-09T11:47:05.0119213Z   [apply] _recursion
2026-10-09T11:47:05.0119438Z 
2026-10-09T11:47:05.0119852Z Note: This linter can be disabled with `set_option linter.unusedVariables false`
2026-10-09T11:47:05.0120835Z warning: packages/elab/src/Ps/Elab/Term.lean:2783:15: Variable name `index` is not explicitly referenced.
2026-10-09T11:47:05.0121379Z 
2026-10-09T11:47:05.0122103Z Hint: The binding can be removed (if unused) or named `_` (if used implicitly). Alternatively, prefix the name with `_` to silence this warning:
2026-10-09T11:47:05.0122919Z   [apply] _index
2026-10-09T11:47:05.0123116Z 
2026-10-09T11:47:05.0123528Z Note: This linter can be disabled with `set_option linter.unusedVariables false`
2026-10-09T11:47:05.0124394Z ⚠ [39/96] Replayed Ps.Erasure.Expr
2026-10-09T11:47:05.0125289Z warning: packages/erasure/src/Ps/Erasure/Expr.lean:726:21: Variable name `name` is not explicitly referenced.
2026-10-09T11:47:05.0125885Z 
2026-10-09T11:47:05.0126761Z Hint: The binding can be removed (if unused) or named `_` (if used implicitly). Alternatively, prefix the name with `_` to silence this warning:
2026-10-09T11:47:05.0127678Z   [apply] _name
2026-10-09T11:47:05.0127852Z 
2026-10-09T11:47:05.0128278Z Note: This linter can be disabled with `set_option linter.unusedVariables false`
2026-10-09T11:47:05.0129245Z ⚠ [46/96] Replayed Ps.BackendTs.Expr
2026-10-09T11:47:05.0130410Z warning: packages/backend-ts/src/Ps/BackendTs/Expr.lean:631:32: Variable name `fieldName` is not explicitly referenced.
2026-10-09T11:47:05.0131113Z 
2026-10-09T11:47:05.0132061Z Hint: The binding can be removed (if unused) or named `_` (if used implicitly). Alternatively, prefix the name with `_` to silence this warning:
2026-10-09T11:47:05.0133006Z   [apply] _fieldName
2026-10-09T11:47:05.0133259Z 
2026-10-09T11:47:05.0133858Z Note: This linter can be disabled with `set_option linter.unusedVariables false`
2026-10-09T11:47:05.0170980Z PSC1_ERASURE_PASS: dual-source Lean-native identity
2026-10-09T11:47:05.0172077Z PSC1_ERASURE_PASS: dual-source Lean-native generic identity
2026-10-09T11:47:05.0173078Z PSC1_ERASURE_PASS: dual-source Lean-native let
2026-10-09T11:47:05.0173802Z PSC1_ERASURE_PASS: dual-source Lean-native if
2026-10-09T11:47:05.0174700Z PSC1_ERASURE_PASS: dual-source Lean-native Maybe match
2026-10-09T11:47:05.0175533Z PSC1_ERASURE_PASS: dual-source Lean-native structure projection
2026-10-09T11:47:05.0176447Z PSC1_ERASURE_PASS: dual-source Lean-native structural recursion
2026-10-09T11:47:05.0177221Z PSC1_ERASURE_PASS: dual-source Lean-native Int
2026-10-09T11:47:05.0178013Z PSC1_ERASURE_PASS: dual-source Lean-native Array basics
2026-10-09T11:47:05.0178773Z PSC1_ERASURE_PASS: dual-source Lean-native Array map
2026-10-09T11:47:05.0179561Z PSC1_ERASURE_PASS: dual-source Lean-native Array foldl
2026-10-09T11:47:05.0180371Z PSC1_ERASURE_PASS: dual-source Lean-native Array higher-order
2026-10-09T11:47:05.0181371Z PSC1_ERASURE_PASS: dual-source Lean-native partial application
2026-10-09T11:47:05.0183872Z PSC1_ERASURE_PASS: dual-source Lean-native text primitives
2026-10-09T11:47:05.0185591Z PSC1_ERASURE_PASS: dual-source Lean-native String raw-position bridge
2026-10-09T11:47:05.0186378Z PSC1_ERASURE_PASS: dual-source Lean-native controlled partial def
2026-10-09T11:47:05.0186776Z PSC1_ERASURE_TESTS: PASS
2026-10-09T11:47:05.0747792Z ##[group]Run lake build psc2_lean_checked_seed
2026-10-09T11:47:05.0748185Z [36;1mlake build psc2_lean_checked_seed[0m
2026-10-09T11:47:05.0788812Z shell: /usr/bin/bash -e {0}
2026-10-09T11:47:05.0789115Z env:
2026-10-09T11:47:05.0789501Z   PSC0_TSC: /home/runner/work/_temp/psc0-typescript-7.0.2/node_modules/typescript/bin/tsc
2026-10-09T11:47:05.0789945Z   PSC0_TYPESCRIPT_VERSION: 7.0.2
2026-10-09T11:47:05.0790207Z ##[endgroup]
2026-10-09T11:47:05.6651114Z info: psc2LeanChecked: no previous manifest, creating one from scratch
2026-10-09T11:47:05.6651858Z info: updating toolchain to 'leanprover/lean4:v4.34.0'
2026-10-09T11:47:05.6652358Z info: restarting Lake via Elan
2026-10-09T11:47:05.9904128Z info: psc2LeanChecked: no previous manifest, creating one from scratch
2026-10-09T11:47:05.9905098Z info: toolchain not updated; already up-to-date
2026-10-09T11:47:06.9764449Z ⚠ [4/139] Replayed Ps.Syntax.Cursor
2026-10-09T11:47:06.9766182Z warning: packages/syntax/src/Ps/Syntax/Cursor.lean:51:14: Variable name `head` is not explicitly referenced.
2026-10-09T11:47:06.9767028Z 
2026-10-09T11:47:06.9768024Z Hint: The binding can be removed (if unused) or named `_` (if used implicitly). Alternatively, prefix the name with `_` to silence this warning:
2026-10-09T11:47:06.9769184Z   [apply] _head
2026-10-09T11:47:06.9769548Z 
2026-10-09T11:47:06.9770212Z Note: This linter can be disabled with `set_option linter.unusedVariables false`
2026-10-09T11:47:06.9771536Z warning: packages/syntax/src/Ps/Syntax/Cursor.lean:51:19: Variable name `tail` is not explicitly referenced.
2026-10-09T11:47:06.9772740Z 
2026-10-09T11:47:06.9773912Z Hint: The binding can be removed (if unused) or named `_` (if used implicitly). Alternatively, prefix the name with `_` to silence this warning:
2026-10-09T11:47:06.9775270Z   [apply] _tail
2026-10-09T11:47:06.9775635Z 
2026-10-09T11:47:06.9776269Z Note: This linter can be disabled with `set_option linter.unusedVariables false`
2026-10-09T11:47:06.9777762Z warning: packages/syntax/src/Ps/Syntax/Cursor.lean:56:19: Variable name `rest` is not explicitly referenced.
2026-10-09T11:47:06.9778548Z 
2026-10-09T11:47:06.9779595Z Hint: The binding can be removed (if unused) or named `_` (if used implicitly). Alternatively, prefix the name with `_` to silence this warning:
2026-10-09T11:47:06.9780775Z   [apply] _rest
2026-10-09T11:47:06.9781192Z 
2026-10-09T11:47:06.9781853Z Note: This linter can be disabled with `set_option linter.unusedVariables false`
2026-10-09T11:47:06.9783272Z warning: packages/syntax/src/Ps/Syntax/Cursor.lean:89:14: Variable name `first` is not explicitly referenced.
2026-10-09T11:47:06.9784050Z 
2026-10-09T11:47:06.9785227Z Hint: The binding can be removed (if unused) or named `_` (if used implicitly). Alternatively, prefix the name with `_` to silence this warning:
2026-10-09T11:47:06.9786320Z   [apply] _first
2026-10-09T11:47:06.9786644Z 
2026-10-09T11:47:06.9787271Z Note: This linter can be disabled with `set_option linter.unusedVariables false`
2026-10-09T11:47:06.9788620Z warning: packages/syntax/src/Ps/Syntax/Cursor.lean:92:25: Variable name `tail` is not explicitly referenced.
2026-10-09T11:47:06.9789409Z 
2026-10-09T11:47:06.9790408Z Hint: The binding can be removed (if unused) or named `_` (if used implicitly). Alternatively, prefix the name with `_` to silence this warning:
2026-10-09T11:47:06.9791517Z   [apply] _tail
2026-10-09T11:47:06.9791850Z 
2026-10-09T11:47:06.9792454Z Note: This linter can be disabled with `set_option linter.unusedVariables false`
2026-10-09T11:47:06.9793518Z ⚠ [6/139] Replayed Ps.Syntax.Lexer
2026-10-09T11:47:06.9794825Z warning: packages/syntax/src/Ps/Syntax/Lexer.lean:89:11: Variable name `depth` is not explicitly referenced.
2026-10-09T11:47:06.9795645Z 
2026-10-09T11:47:06.9796666Z Hint: The binding can be removed (if unused) or named `_` (if used implicitly). Alternatively, prefix the name with `_` to silence this warning:
2026-10-09T11:47:06.9797884Z   [apply] _depth
2026-10-09T11:47:06.9798205Z 
2026-10-09T11:47:06.9799427Z Note: This linter can be disabled with `set_option linter.unusedVariables false`
2026-10-09T11:47:06.9800834Z warning: packages/syntax/src/Ps/Syntax/Lexer.lean:89:25: Variable name `remaining` is not explicitly referenced.
2026-10-09T11:47:06.9801659Z 
2026-10-09T11:47:06.9802682Z Hint: The binding can be removed (if unused) or named `_` (if used implicitly). Alternatively, prefix the name with `_` to silence this warning:
2026-10-09T11:47:06.9803820Z   [apply] _remaining
2026-10-09T11:47:06.9804308Z 
2026-10-09T11:47:06.9804975Z Note: This linter can be disabled with `set_option linter.unusedVariables false`
2026-10-09T11:47:06.9806368Z warning: packages/syntax/src/Ps/Syntax/Lexer.lean:406:11: Variable name `remaining` is not explicitly referenced.
2026-10-09T11:47:06.9807416Z 
2026-10-09T11:47:06.9808440Z Hint: The binding can be removed (if unused) or named `_` (if used implicitly). Alternatively, prefix the name with `_` to silence this warning:
2026-10-09T11:47:06.9809541Z   [apply] _remaining
2026-10-09T11:47:06.9809964Z 
2026-10-09T11:47:06.9810560Z Note: This linter can be disabled with `set_option linter.unusedVariables false`
2026-10-09T11:47:06.9811825Z warning: packages/syntax/src/Ps/Syntax/Lexer.lean:406:82: Variable name `charsRev` is not explicitly referenced.
2026-10-09T11:47:06.9812599Z 
2026-10-09T11:47:06.9813562Z Hint: The binding can be removed (if unused) or named `_` (if used implicitly). Alternatively, prefix the name with `_` to silence this warning:
2026-10-09T11:47:06.9814813Z   [apply] _charsRev
2026-10-09T11:47:06.9815138Z 
2026-10-09T11:47:06.9815719Z Note: This linter can be disabled with `set_option linter.unusedVariables false`
2026-10-09T11:47:06.9816687Z ⚠ [9/139] Replayed Ps.Syntax.ParserState
2026-10-09T11:47:06.9817814Z warning: packages/syntax/src/Ps/Syntax/ParserState.lean:30:20: Variable name `rest` is not explicitly referenced.
2026-10-09T11:47:06.9818609Z 
2026-10-09T11:47:06.9819561Z Hint: The binding can be removed (if unused) or named `_` (if used implicitly). Alternatively, prefix the name with `_` to silence this warning:
2026-10-09T11:47:06.9820590Z   [apply] _rest
2026-10-09T11:47:06.9820909Z 
2026-10-09T11:47:06.9821488Z Note: This linter can be disabled with `set_option linter.unusedVariables false`
2026-10-09T11:47:06.9822379Z ⚠ [21/139] Replayed Ps.Core.Abstract
2026-10-09T11:47:06.9823428Z warning: packages/core/src/Ps/Core/Abstract.lean:8:11: Variable name `depth` is not explicitly referenced.
2026-10-09T11:47:06.9824163Z 
2026-10-09T11:47:06.9825270Z Hint: The binding can be removed (if unused) or named `_` (if used implicitly). Alternatively, prefix the name with `_` to silence this warning:
2026-10-09T11:47:06.9826318Z   [apply] _depth
2026-10-09T11:47:06.9826642Z 
2026-10-09T11:47:06.9827238Z Note: This linter can be disabled with `set_option linter.unusedVariables false`
2026-10-09T11:47:06.9828613Z warning: packages/core/src/Ps/Core/Abstract.lean:16:11: Variable name `depth` is not explicitly referenced.
2026-10-09T11:47:06.9829367Z 
2026-10-09T11:47:06.9830364Z Hint: The binding can be removed (if unused) or named `_` (if used implicitly). Alternatively, prefix the name with `_` to silence this warning:
2026-10-09T11:47:06.9831385Z   [apply] _depth
2026-10-09T11:47:06.9831705Z 
2026-10-09T11:47:06.9832296Z Note: This linter can be disabled with `set_option linter.unusedVariables false`
2026-10-09T11:47:06.9833567Z warning: packages/core/src/Ps/Core/Abstract.lean:18:11: Variable name `depth` is not explicitly referenced.
2026-10-09T11:47:06.9834552Z 
2026-10-09T11:47:06.9835580Z Hint: The binding can be removed (if unused) or named `_` (if used implicitly). Alternatively, prefix the name with `_` to silence this warning:
2026-10-09T11:47:06.9836677Z   [apply] _depth
2026-10-09T11:47:06.9836976Z 
2026-10-09T11:47:06.9837596Z Note: This linter can be disabled with `set_option linter.unusedVariables false`
2026-10-09T11:47:06.9838823Z warning: packages/core/src/Ps/Core/Abstract.lean:20:11: Variable name `depth` is not explicitly referenced.
2026-10-09T11:47:06.9846536Z 
2026-10-09T11:47:06.9847814Z Hint: The binding can be removed (if unused) or named `_` (if used implicitly). Alternatively, prefix the name with `_` to silence this warning:
2026-10-09T11:47:06.9848880Z   [apply] _depth
2026-10-09T11:47:06.9850276Z 
2026-10-09T11:47:06.9850812Z Note: This linter can be disabled with `set_option linter.unusedVariables false`
2026-10-09T11:47:06.9851935Z warning: packages/core/src/Ps/Core/Abstract.lean:66:11: Variable name `depth` is not explicitly referenced.
2026-10-09T11:47:06.9852618Z 
2026-10-09T11:47:06.9853421Z Hint: The binding can be removed (if unused) or named `_` (if used implicitly). Alternatively, prefix the name with `_` to silence this warning:
2026-10-09T11:47:06.9854743Z   [apply] _depth
2026-10-09T11:47:06.9855084Z 
2026-10-09T11:47:06.9855600Z Note: This linter can be disabled with `set_option linter.unusedVariables false`
2026-10-09T11:47:06.9856582Z ⚠ [22/139] Replayed Ps.Core.Subst
2026-10-09T11:47:06.9857597Z warning: packages/core/src/Ps/Core/Subst.lean:14:11: Variable name `cutoff` is not explicitly referenced.
2026-10-09T11:47:06.9858333Z 
2026-10-09T11:47:06.9859242Z Hint: The binding can be removed (if unused) or named `_` (if used implicitly). Alternatively, prefix the name with `_` to silence this warning:
2026-10-09T11:47:06.9860293Z   [apply] _cutoff
2026-10-09T11:47:06.9860655Z 
2026-10-09T11:47:06.9861282Z Note: This linter can be disabled with `set_option linter.unusedVariables false`
2026-10-09T11:47:06.9862505Z warning: packages/core/src/Ps/Core/Subst.lean:16:11: Variable name `cutoff` is not explicitly referenced.
2026-10-09T11:47:06.9863193Z 
2026-10-09T11:47:06.9864089Z Hint: The binding can be removed (if unused) or named `_` (if used implicitly). Alternatively, prefix the name with `_` to silence this warning:
2026-10-09T11:47:06.9865358Z   [apply] _cutoff
2026-10-09T11:47:06.9865677Z 
2026-10-09T11:47:06.9866263Z Note: This linter can be disabled with `set_option linter.unusedVariables false`
2026-10-09T11:47:06.9867599Z warning: packages/core/src/Ps/Core/Subst.lean:18:11: Variable name `cutoff` is not explicitly referenced.
2026-10-09T11:47:06.9868373Z 
2026-10-09T11:47:06.9869277Z Hint: The binding can be removed (if unused) or named `_` (if used implicitly). Alternatively, prefix the name with `_` to silence this warning:
2026-10-09T11:47:06.9870254Z   [apply] _cutoff
2026-10-09T11:47:06.9870586Z 
2026-10-09T11:47:06.9871141Z Note: This linter can be disabled with `set_option linter.unusedVariables false`
2026-10-09T11:47:06.9872327Z warning: packages/core/src/Ps/Core/Subst.lean:20:11: Variable name `cutoff` is not explicitly referenced.
2026-10-09T11:47:06.9873015Z 
2026-10-09T11:47:06.9873917Z Hint: The binding can be removed (if unused) or named `_` (if used implicitly). Alternatively, prefix the name with `_` to silence this warning:
2026-10-09T11:47:06.9878525Z   [apply] _cutoff
2026-10-09T11:47:06.9879075Z 
2026-10-09T11:47:06.9879584Z Note: This linter can be disabled with `set_option linter.unusedVariables false`
2026-10-09T11:47:06.9880728Z warning: packages/core/src/Ps/Core/Subst.lean:66:11: Variable name `cutoff` is not explicitly referenced.
2026-10-09T11:47:06.9881619Z 
2026-10-09T11:47:06.9882766Z Hint: The binding can be removed (if unused) or named `_` (if used implicitly). Alternatively, prefix the name with `_` to silence this warning:
2026-10-09T11:47:06.9883840Z   [apply] _cutoff
2026-10-09T11:47:06.9884307Z 
2026-10-09T11:47:06.9884898Z Note: This linter can be disabled with `set_option linter.unusedVariables false`
2026-10-09T11:47:06.9886077Z warning: packages/core/src/Ps/Core/Subst.lean:94:11: Variable name `depth` is not explicitly referenced.
2026-10-09T11:47:06.9886743Z 
2026-10-09T11:47:06.9887543Z Hint: The binding can be removed (if unused) or named `_` (if used implicitly). Alternatively, prefix the name with `_` to silence this warning:
2026-10-09T11:47:06.9888506Z   [apply] _depth
2026-10-09T11:47:06.9888922Z 
2026-10-09T11:47:06.9889735Z Note: This linter can be disabled with `set_option linter.unusedVariables false`
2026-10-09T11:47:06.9890947Z warning: packages/core/src/Ps/Core/Subst.lean:96:11: Variable name `depth` is not explicitly referenced.
2026-10-09T11:47:06.9891679Z 
2026-10-09T11:47:06.9892593Z Hint: The binding can be removed (if unused) or named `_` (if used implicitly). Alternatively, prefix the name with `_` to silence this warning:
2026-10-09T11:47:06.9893618Z   [apply] _depth
2026-10-09T11:47:06.9893962Z 
2026-10-09T11:47:06.9894635Z Note: This linter can be disabled with `set_option linter.unusedVariables false`
2026-10-09T11:47:06.9895868Z warning: packages/core/src/Ps/Core/Subst.lean:98:11: Variable name `depth` is not explicitly referenced.
2026-10-09T11:47:06.9896833Z 
2026-10-09T11:47:06.9897855Z Hint: The binding can be removed (if unused) or named `_` (if used implicitly). Alternatively, prefix the name with `_` to silence this warning:
2026-10-09T11:47:06.9898871Z   [apply] _depth
2026-10-09T11:47:06.9899221Z 
2026-10-09T11:47:06.9899858Z Note: This linter can be disabled with `set_option linter.unusedVariables false`
2026-10-09T11:47:06.9901052Z warning: packages/core/src/Ps/Core/Subst.lean:100:11: Variable name `depth` is not explicitly referenced.
2026-10-09T11:47:06.9901797Z 
2026-10-09T11:47:06.9902788Z Hint: The binding can be removed (if unused) or named `_` (if used implicitly). Alternatively, prefix the name with `_` to silence this warning:
2026-10-09T11:47:06.9903837Z   [apply] _depth
2026-10-09T11:47:06.9904277Z 
2026-10-09T11:47:06.9904890Z Note: This linter can be disabled with `set_option linter.unusedVariables false`
2026-10-09T11:47:06.9906178Z warning: packages/core/src/Ps/Core/Subst.lean:146:11: Variable name `depth` is not explicitly referenced.
2026-10-09T11:47:06.9906963Z 
2026-10-09T11:47:06.9907945Z Hint: The binding can be removed (if unused) or named `_` (if used implicitly). Alternatively, prefix the name with `_` to silence this warning:
2026-10-09T11:47:06.9908975Z   [apply] _depth
2026-10-09T11:47:06.9909265Z 
2026-10-09T11:47:06.9909713Z Note: This linter can be disabled with `set_option linter.unusedVariables false`
2026-10-09T11:47:06.9910602Z ⚠ [33/139] Replayed Ps.Core.LevelSubst
2026-10-09T11:47:06.9912484Z warning: packages/core/src/Ps/Core/LevelSubst.lean:8:11: Variable name `arguments` is not explicitly referenced.
2026-10-09T11:47:06.9913356Z 
2026-10-09T11:47:06.9914531Z Hint: The binding can be removed (if unused) or named `_` (if used implicitly). Alternatively, prefix the name with `_` to silence this warning:
2026-10-09T11:47:06.9915649Z   [apply] _arguments
2026-10-09T11:47:06.9916083Z 
2026-10-09T11:47:06.9916730Z Note: This linter can be disabled with `set_option linter.unusedVariables false`
2026-10-09T11:47:06.9918047Z warning: packages/core/src/Ps/Core/LevelSubst.lean:9:13: Variable name `target` is not explicitly referenced.
2026-10-09T11:47:06.9918902Z 
2026-10-09T11:47:06.9919823Z Hint: The binding can be removed (if unused) or named `_` (if used implicitly). Alternatively, prefix the name with `_` to silence this warning:
2026-10-09T11:47:06.9920857Z   [apply] _target
2026-10-09T11:47:06.9921189Z 
2026-10-09T11:47:06.9921743Z Note: This linter can be disabled with `set_option linter.unusedVariables false`
2026-10-09T11:47:06.9922734Z ⚠ [34/139] Replayed Ps.Meta.LevelContext
2026-10-09T11:47:06.9923817Z warning: packages/meta/src/Ps/Meta/LevelContext.lean:59:4: Variable name `assignment` is not explicitly referenced.
2026-10-09T11:47:06.9924809Z 
2026-10-09T11:47:06.9925784Z Hint: The binding can be removed (if unused) or named `_` (if used implicitly). Alternatively, prefix the name with `_` to silence this warning:
2026-10-09T11:47:06.9926856Z   [apply] _assignment
2026-10-09T11:47:06.9927203Z 
2026-10-09T11:47:06.9927823Z Note: This linter can be disabled with `set_option linter.unusedVariables false`
2026-10-09T11:47:06.9928743Z ⚠ [39/139] Replayed Ps.Meta.Unify
2026-10-09T11:47:06.9929765Z warning: packages/meta/src/Ps/Meta/Unify.lean:90:11: Variable name `environment` is not explicitly referenced.
2026-10-09T11:47:06.9930546Z 
2026-10-09T11:47:06.9931782Z Hint: The binding can be removed (if unused) or named `_` (if used implicitly). Alternatively, prefix the name with `_` to silence this warning:
2026-10-09T11:47:06.9932889Z   [apply] _environment
2026-10-09T11:47:06.9933237Z 
2026-10-09T11:47:06.9933833Z Note: This linter can be disabled with `set_option linter.unusedVariables false`
2026-10-09T11:47:06.9935261Z warning: packages/meta/src/Ps/Meta/Unify.lean:91:11: Variable name `localContext` is not explicitly referenced.
2026-10-09T11:47:06.9936043Z 
2026-10-09T11:47:06.9937040Z Hint: The binding can be removed (if unused) or named `_` (if used implicitly). Alternatively, prefix the name with `_` to silence this warning:
2026-10-09T11:47:06.9938512Z   [apply] _localContext
2026-10-09T11:47:06.9939106Z 
2026-10-09T11:47:06.9939802Z Note: This linter can be disabled with `set_option linter.unusedVariables false`
2026-10-09T11:47:06.9941186Z warning: packages/meta/src/Ps/Meta/Unify.lean:93:11: Variable name `left` is not explicitly referenced.
2026-10-09T11:47:06.9942040Z 
2026-10-09T11:47:06.9943155Z Hint: The binding can be removed (if unused) or named `_` (if used implicitly). Alternatively, prefix the name with `_` to silence this warning:
2026-10-09T11:47:06.9944680Z   [apply] _left
2026-10-09T11:47:06.9945092Z 
2026-10-09T11:47:06.9945735Z Note: This linter can be disabled with `set_option linter.unusedVariables false`
2026-10-09T11:47:06.9947124Z warning: packages/meta/src/Ps/Meta/Unify.lean:94:11: Variable name `right` is not explicitly referenced.
2026-10-09T11:47:06.9947987Z 
2026-10-09T11:47:06.9949094Z Hint: The binding can be removed (if unused) or named `_` (if used implicitly). Alternatively, prefix the name with `_` to silence this warning:
2026-10-09T11:47:06.9950342Z   [apply] _right
2026-10-09T11:47:06.9950722Z 
2026-10-09T11:47:06.9951375Z Note: This linter can be disabled with `set_option linter.unusedVariables false`
2026-10-09T11:47:06.9952759Z warning: packages/meta/src/Ps/Meta/Unify.lean:178:17: Variable name `leftName` is not explicitly referenced.
2026-10-09T11:47:06.9953603Z 
2026-10-09T11:47:06.9954860Z Hint: The binding can be removed (if unused) or named `_` (if used implicitly). Alternatively, prefix the name with `_` to silence this warning:
2026-10-09T11:47:06.9956110Z   [apply] _leftName
2026-10-09T11:47:06.9956468Z 
2026-10-09T11:47:06.9957067Z Note: This linter can be disabled with `set_option linter.unusedVariables false`
2026-10-09T11:47:06.9958329Z warning: packages/meta/src/Ps/Meta/Unify.lean:207:21: Variable name `leftName` is not explicitly referenced.
2026-10-09T11:47:06.9958932Z 
2026-10-09T11:47:06.9960273Z Hint: The binding can be removed (if unused) or named `_` (if used implicitly). Alternatively, prefix the name with `_` to silence this warning:
2026-10-09T11:47:06.9962329Z   [apply] _leftName
2026-10-09T11:47:06.9962625Z 
2026-10-09T11:47:06.9963225Z Note: This linter can be disabled with `set_option linter.unusedVariables false`
2026-10-09T11:47:06.9964329Z ⚠ [42/139] Replayed Ps.Elab.Literal
2026-10-09T11:47:06.9965425Z warning: packages/elab/src/Ps/Elab/Literal.lean:166:11: Variable name `chars` is not explicitly referenced.
2026-10-09T11:47:06.9966192Z 
2026-10-09T11:47:06.9967145Z Hint: The binding can be removed (if unused) or named `_` (if used implicitly). Alternatively, prefix the name with `_` to silence this warning:
2026-10-09T11:47:06.9968170Z   [apply] _chars
2026-10-09T11:47:06.9971260Z 
2026-10-09T11:47:06.9971915Z Note: This linter can be disabled with `set_option linter.unusedVariables false`
2026-10-09T11:47:06.9973203Z warning: packages/elab/src/Ps/Elab/Literal.lean:167:13: Variable name `charsRev` is not explicitly referenced.
2026-10-09T11:47:06.9973995Z 
2026-10-09T11:47:06.9975149Z Hint: The binding can be removed (if unused) or named `_` (if used implicitly). Alternatively, prefix the name with `_` to silence this warning:
2026-10-09T11:47:06.9976229Z   [apply] _charsRev
2026-10-09T11:47:06.9976568Z 
2026-10-09T11:47:06.9977338Z Note: This linter can be disabled with `set_option linter.unusedVariables false`
2026-10-09T11:47:06.9978288Z ⚠ [43/139] Replayed Ps.Elab.Term
2026-10-09T11:47:06.9979332Z warning: packages/elab/src/Ps/Elab/Term.lean:2781:11: Variable name `context` is not explicitly referenced.
2026-10-09T11:47:06.9980081Z 
2026-10-09T11:47:06.9981013Z Hint: The binding can be removed (if unused) or named `_` (if used implicitly). Alternatively, prefix the name with `_` to silence this warning:
2026-10-09T11:47:06.9982037Z   [apply] _context
2026-10-09T11:47:06.9982367Z 
2026-10-09T11:47:06.9982942Z Note: This linter can be disabled with `set_option linter.unusedVariables false`
2026-10-09T11:47:06.9984153Z warning: packages/elab/src/Ps/Elab/Term.lean:2782:13: Variable name `recursion` is not explicitly referenced.
2026-10-09T11:47:06.9985135Z 
2026-10-09T11:47:06.9986075Z Hint: The binding can be removed (if unused) or named `_` (if used implicitly). Alternatively, prefix the name with `_` to silence this warning:
2026-10-09T11:47:06.9987089Z   [apply] _recursion
2026-10-09T11:47:06.9987430Z 
2026-10-09T11:47:06.9988011Z Note: This linter can be disabled with `set_option linter.unusedVariables false`
2026-10-09T11:47:06.9989212Z warning: packages/elab/src/Ps/Elab/Term.lean:2783:15: Variable name `index` is not explicitly referenced.
2026-10-09T11:47:06.9989910Z 
2026-10-09T11:47:06.9990843Z Hint: The binding can be removed (if unused) or named `_` (if used implicitly). Alternatively, prefix the name with `_` to silence this warning:
2026-10-09T11:47:06.9991861Z   [apply] _index
2026-10-09T11:47:06.9992189Z 
2026-10-09T11:47:06.9992757Z Note: This linter can be disabled with `set_option linter.unusedVariables false`
2026-10-09T11:47:06.9993666Z ⚠ [48/139] Replayed Ps.Erasure.Expr
2026-10-09T11:47:06.9994820Z warning: packages/erasure/src/Ps/Erasure/Expr.lean:726:21: Variable name `name` is not explicitly referenced.
2026-10-09T11:47:06.9995595Z 
2026-10-09T11:47:06.9996554Z Hint: The binding can be removed (if unused) or named `_` (if used implicitly). Alternatively, prefix the name with `_` to silence this warning:
2026-10-09T11:47:06.9997564Z   [apply] _name
2026-10-09T11:47:06.9997880Z 
2026-10-09T11:47:06.9998454Z Note: This linter can be disabled with `set_option linter.unusedVariables false`
2026-10-09T11:47:06.9999506Z ⚠ [55/139] Replayed Ps.BackendTs.Expr
2026-10-09T11:47:07.0000681Z warning: packages/backend-ts/src/Ps/BackendTs/Expr.lean:631:32: Variable name `fieldName` is not explicitly referenced.
2026-10-09T11:47:07.0001556Z 
2026-10-09T11:47:07.0002493Z Hint: The binding can be removed (if unused) or named `_` (if used implicitly). Alternatively, prefix the name with `_` to silence this warning:
2026-10-09T11:47:07.0003515Z   [apply] _fieldName
2026-10-09T11:47:07.0003858Z 
2026-10-09T11:47:07.0004537Z Note: This linter can be disabled with `set_option linter.unusedVariables false`
2026-10-09T11:47:07.0005466Z ⚠ [59/139] Replayed Ps.CompilerIr.Check
2026-10-09T11:47:07.0006629Z warning: packages/compiler-ir/src/Ps/CompilerIr/Check.lean:685:27: Variable name `scope` is not explicitly referenced.
2026-10-09T11:47:07.0007423Z 
2026-10-09T11:47:07.0008356Z Hint: The binding can be removed (if unused) or named `_` (if used implicitly). Alternatively, prefix the name with `_` to silence this warning:
2026-10-09T11:47:07.0009342Z   [apply] _scope
2026-10-09T11:47:07.0009664Z 
2026-10-09T11:47:07.0010219Z Note: This linter can be disabled with `set_option linter.unusedVariables false`
2026-10-09T11:47:07.2769162Z ✔ [123/139] Built PsKernelLean.Error (354ms)
2026-10-09T11:47:07.5805913Z ✔ [124/139] Built Ps.Bridge.Codec (682ms)
2026-10-09T11:47:07.5809984Z ✔ [125/139] Built PsKernelLean.Error:c.o (230ms)
2026-10-09T11:47:08.0800456Z ✔ [126/139] Built Ps.Bridge.Codec:c.o (451ms)
2026-10-09T11:47:08.1826104Z ✔ [127/139] Built PsKernelLean.Convert (873ms)
2026-10-09T11:47:08.4806275Z ✔ [128/139] Built PsKernelLean.Convert:c.o (279ms)
2026-10-09T11:47:09.1836127Z ✔ [129/139] Built PsKernelLean.Protocol (1.0s)
2026-10-09T11:47:09.1866336Z ✔ [130/139] Built PsKernelLean.Prelude (1.0s)
2026-10-09T11:47:09.5822438Z ✔ [131/139] Built PsKernelLean.Prelude:c.o (378ms)
2026-10-09T11:47:09.7824559Z ✔ [132/139] Built PsKernelLean.Protocol:c.o (620ms)
2026-10-09T11:47:10.0820822Z ✔ [133/139] Built PsKernelLean.Admission (883ms)
2026-10-09T11:47:10.1822573Z ✔ [134/139] Built PsKernelLean.Admission:c.o (110ms)
2026-10-09T11:47:10.7830113Z ✔ [135/139] Built Ps.Host.LeanChecked (737ms)
2026-10-09T11:47:10.8830968Z ✔ [136/139] Built Ps.Host.LeanChecked:c.o (111ms)
2026-10-09T11:47:11.7840484Z ⚠ [137/139] Built LeanCheckedSeed (959ms)
2026-10-09T11:47:11.7841571Z warning: ../scripts/LeanCheckedSeed.lean:108:13: `String.trim` has been deprecated: Use `String.trimAscii` instead
2026-10-09T11:47:11.7842430Z 
2026-10-09T11:47:11.7842638Z Note: The updated constant has a different type:
2026-10-09T11:47:11.7843022Z   String → String.Slice
2026-10-09T11:47:11.7843275Z instead of
2026-10-09T11:47:11.7843568Z   String → String
2026-10-09T11:47:11.7844132Z warning: ../scripts/LeanCheckedSeed.lean:111:18: `String.trim` has been deprecated: Use `String.trimAscii` instead
2026-10-09T11:47:11.7844727Z 
2026-10-09T11:47:11.7844927Z Note: The updated constant has a different type:
2026-10-09T11:47:11.7845280Z   String → String.Slice
2026-10-09T11:47:11.7845538Z instead of
2026-10-09T11:47:11.7845781Z   String → String
2026-10-09T11:47:12.2847616Z ✔ [138/139] Built LeanCheckedSeed:c.o (468ms)
2026-10-09T11:47:12.8871072Z ✔ [139/139] Built psc2_lean_checked_seed:exe (652ms)
2026-10-09T11:47:12.9039391Z Build completed successfully (139 jobs).
2026-10-09T11:47:12.9530875Z ##[group]Run test -x lean-checked/.lake/build/bin/psc2_lean_checked_seed
2026-10-09T11:47:12.9531409Z [36;1mtest -x lean-checked/.lake/build/bin/psc2_lean_checked_seed[0m
2026-10-09T11:47:12.9531894Z [36;1mnpm run --workspace @proofscript/pskernel-lean-wasm verify:prebuilt[0m
2026-10-09T11:47:12.9532591Z [36;1mnode --test scripts/proofscript-source.test.mjs scripts/checked-source-snapshot.test.mjs scripts/checked-seed-session.test.mjs[0m
2026-10-09T11:47:12.9533387Z [36;1mnode --test --test-name-pattern='^actual PS build (rejects|resolves|prepares)' scripts/checked-build.test.mjs[0m
2026-10-09T11:47:12.9534013Z [36;1mnode scripts/selfhost-source-isolation-tests.mjs[0m
2026-10-09T11:47:12.9534715Z [36;1mnode scripts/native-workspace-isolation.test.mjs[0m
2026-10-09T11:47:12.9581052Z shell: /usr/bin/bash -e {0}
2026-10-09T11:47:12.9581363Z env:
2026-10-09T11:47:12.9581765Z   PSC0_TSC: /home/runner/work/_temp/psc0-typescript-7.0.2/node_modules/typescript/bin/tsc
2026-10-09T11:47:12.9582269Z   PSC0_TYPESCRIPT_VERSION: 7.0.2
2026-10-09T11:47:12.9582533Z ##[endgroup]
2026-10-09T11:47:13.0795702Z 
2026-10-09T11:47:13.0796618Z > @proofscript/pskernel-lean-wasm@4.34.0 verify:prebuilt
2026-10-09T11:47:13.0797261Z > node host/verify-prebuilt.mjs
2026-10-09T11:47:13.0797527Z 
2026-10-09T11:47:13.1215654Z PSC2_LEAN_KERNEL_WASM_PREBUILT_VERIFY: PASS 2177471 bytes 1b21b2483df7e8de7542873c24eaff2501539b1b
2026-10-09T11:47:13.1759437Z TAP version 13
2026-10-09T11:47:13.5119066Z # Subtest: real lean module session emits only after the explicit Wasm check
2026-10-09T11:47:13.5132296Z ok 1 - real lean module session emits only after the explicit Wasm check
2026-10-09T11:47:13.5141235Z   ---
2026-10-09T11:47:13.5142297Z   duration_ms: 291.422913
2026-10-09T11:47:13.5143037Z   type: 'test'
2026-10-09T11:47:13.5143650Z   ...
2026-10-09T11:47:13.5562936Z # Subtest: real lean module session blocks emission on rejection
2026-10-09T11:47:13.5563933Z ok 2 - real lean module session blocks emission on rejection
2026-10-09T11:47:13.5565107Z   ---
2026-10-09T11:47:13.5565374Z   duration_ms: 45.231403
2026-10-09T11:47:13.5565651Z   type: 'test'
2026-10-09T11:47:13.5565899Z   ...
2026-10-09T11:47:13.7547098Z # Subtest: real ps module session emits only after the explicit Wasm check
2026-10-09T11:47:13.7549045Z ok 3 - real ps module session emits only after the explicit Wasm check
2026-10-09T11:47:13.7549888Z   ---
2026-10-09T11:47:13.7550325Z   duration_ms: 198.362083
2026-10-09T11:47:13.7550803Z   type: 'test'
2026-10-09T11:47:13.7551126Z   ...
2026-10-09T11:47:13.8008058Z # Subtest: real ps module session blocks emission on rejection
2026-10-09T11:47:13.8008909Z ok 4 - real ps module session blocks emission on rejection
2026-10-09T11:47:13.8009447Z   ---
2026-10-09T11:47:13.8009818Z   duration_ms: 45.609144
2026-10-09T11:47:13.8010269Z   type: 'test'
2026-10-09T11:47:13.8010658Z   ...
2026-10-09T11:47:13.8011304Z # Subtest: module partition must exactly reproduce the immutable source
2026-10-09T11:47:13.8012272Z ok 5 - module partition must exactly reproduce the immutable source
2026-10-09T11:47:13.8012712Z   ---
2026-10-09T11:47:13.8012983Z   duration_ms: 0.409932
2026-10-09T11:47:13.8013585Z   type: 'test'
2026-10-09T11:47:13.8013842Z   ...
2026-10-09T11:47:13.8079541Z # Subtest: standalone source snapshot does not reread changed files
2026-10-09T11:47:13.8080628Z ok 6 - standalone source snapshot does not reread changed files
2026-10-09T11:47:13.8081277Z   ---
2026-10-09T11:47:13.8081687Z   duration_ms: 20.095941
2026-10-09T11:47:13.8082114Z   type: 'test'
2026-10-09T11:47:13.8082544Z   ...
2026-10-09T11:47:13.8083112Z # Subtest: PS dependency cannot be shadowed by Lean sibling
2026-10-09T11:47:13.8083748Z ok 7 - PS dependency cannot be shadowed by Lean sibling
2026-10-09T11:47:13.8084680Z   ---
2026-10-09T11:47:13.8084981Z   duration_ms: 13.100379
2026-10-09T11:47:13.8085314Z   type: 'test'
2026-10-09T11:47:13.8085621Z   ...
2026-10-09T11:47:13.8086540Z # Subtest: missing PS dependency cannot fall back to Lean
2026-10-09T11:47:13.8087226Z ok 8 - missing PS dependency cannot fall back to Lean
2026-10-09T11:47:13.8087927Z   ---
2026-10-09T11:47:13.8088407Z   duration_ms: 5.143994
2026-10-09T11:47:13.8088901Z   type: 'test'
2026-10-09T11:47:13.8089410Z   ...
2026-10-09T11:47:13.8089883Z # Subtest: cycles rejected
2026-10-09T11:47:13.8090437Z ok 9 - cycles rejected
2026-10-09T11:47:13.8090892Z   ---
2026-10-09T11:47:13.8091335Z   duration_ms: 3.096906
2026-10-09T11:47:13.8091818Z   type: 'test'
2026-10-09T11:47:13.8092254Z   ...
2026-10-09T11:47:13.8092829Z # Subtest: symlink dependency escape rejected
2026-10-09T11:47:13.8093515Z ok 10 - symlink dependency escape rejected
2026-10-09T11:47:13.8094418Z   ---
2026-10-09T11:47:13.8095270Z   duration_ms: 3.237451
2026-10-09T11:47:13.8096256Z   type: 'test'
2026-10-09T11:47:13.8096556Z   ...
2026-10-09T11:47:13.8096988Z # Subtest: generated manifest is verified by the same production resolver
2026-10-09T11:47:13.8097891Z ok 11 - generated manifest is verified by the same production resolver
2026-10-09T11:47:13.8098390Z   ---
2026-10-09T11:47:13.8098689Z   duration_ms: 5.876522
2026-10-09T11:47:13.8099151Z   type: 'test'
2026-10-09T11:47:13.8099415Z   ...
2026-10-09T11:47:13.8099829Z # Subtest: PS snapshot requires an actual parser adapter
2026-10-09T11:47:13.8100255Z ok 12 - PS snapshot requires an actual parser adapter
2026-10-09T11:47:13.8100566Z   ---
2026-10-09T11:47:13.8100866Z   duration_ms: 4.586893
2026-10-09T11:47:13.8101157Z   type: 'test'
2026-10-09T11:47:13.8101371Z   ...
2026-10-09T11:47:13.8101752Z # Subtest: PS snapshot validates raw import bytes before dependency access
2026-10-09T11:47:13.8102278Z ok 13 - PS snapshot validates raw import bytes before dependency access
2026-10-09T11:47:13.8102619Z   ---
2026-10-09T11:47:13.8102836Z   duration_ms: 13.829225
2026-10-09T11:47:13.8103074Z   type: 'test'
2026-10-09T11:47:13.8103290Z   ...
2026-10-09T11:47:13.8103605Z # Subtest: PS import cycles retain their dependency error
2026-10-09T11:47:13.8104047Z ok 14 - PS import cycles retain their dependency error
2026-10-09T11:47:13.8104546Z   ---
2026-10-09T11:47:13.8104873Z   duration_ms: 9.198944
2026-10-09T11:47:13.8105190Z   type: 'test'
2026-10-09T11:47:13.8105456Z   ...
2026-10-09T11:47:13.8106083Z # Subtest: generated source adapter delegates complete raw source and AST import names
2026-10-09T11:47:13.8106967Z ok 15 - generated source adapter delegates complete raw source and AST import names
2026-10-09T11:47:13.8107521Z   ---
2026-10-09T11:47:13.8107790Z   duration_ms: 2.102894
2026-10-09T11:47:13.8108098Z   type: 'test'
2026-10-09T11:47:13.8108359Z   ...
2026-10-09T11:47:13.8108896Z # Subtest: generated parser errors and missing parser API cannot become empty imports
2026-10-09T11:47:13.8109647Z ok 16 - generated parser errors and missing parser API cannot become empty imports
2026-10-09T11:47:13.8110131Z   ---
2026-10-09T11:47:13.8110385Z   duration_ms: 0.945929
2026-10-09T11:47:13.8110649Z   type: 'test'
2026-10-09T11:47:13.8110927Z   ...
2026-10-09T11:47:13.8111412Z # Subtest: generated import-list shape failure cannot silently hide a dependency
2026-10-09T11:47:13.8112149Z ok 17 - generated import-list shape failure cannot silently hide a dependency
2026-10-09T11:47:13.8112923Z   ---
2026-10-09T11:47:13.8113149Z   duration_ms: 0.347077
2026-10-09T11:47:13.8113490Z   type: 'test'
2026-10-09T11:47:13.8113759Z   ...
2026-10-09T11:47:13.8115100Z # Subtest: current PS host refuses historical and mismatched compiler grammar identities before parsing
2026-10-09T11:47:13.8115842Z ok 18 - current PS host refuses historical and mismatched compiler grammar identities before parsing
2026-10-09T11:47:13.8116279Z   ---
2026-10-09T11:47:13.8116502Z   duration_ms: 1.298588
2026-10-09T11:47:13.8116727Z   type: 'test'
2026-10-09T11:47:13.8116929Z   ...
2026-10-09T11:47:13.8117392Z # Subtest: actual native parser discovers commented imports and preserves legal literal/comment bytes
2026-10-09T11:47:13.8118199Z ok 19 - actual native parser discovers commented imports and preserves legal literal/comment bytes
2026-10-09T11:47:13.8118631Z   ---
2026-10-09T11:47:13.8118834Z   duration_ms: 61.613652
2026-10-09T11:47:13.8119080Z   type: 'test'
2026-10-09T11:47:13.8119286Z   ...
2026-10-09T11:47:13.8119596Z # Subtest: actual native parser rejects semicolon import
2026-10-09T11:47:13.8120004Z ok 20 - actual native parser rejects semicolon import
2026-10-09T11:47:13.8120291Z   ---
2026-10-09T11:47:13.8120499Z   duration_ms: 53.675024
2026-10-09T11:47:13.8120726Z   type: 'test'
2026-10-09T11:47:13.8120937Z   ...
2026-10-09T11:47:13.8121224Z # Subtest: actual native parser rejects tab in import
2026-10-09T11:47:13.8121610Z ok 21 - actual native parser rejects tab in import
2026-10-09T11:47:13.8121893Z   ---
2026-10-09T11:47:13.8122102Z   duration_ms: 55.994674
2026-10-09T11:47:13.8122331Z   type: 'test'
2026-10-09T11:47:13.8122538Z   ...
2026-10-09T11:47:13.8122845Z # Subtest: actual native parser rejects lone CR in import
2026-10-09T11:47:13.8123240Z ok 22 - actual native parser rejects lone CR in import
2026-10-09T11:47:13.8123532Z   ---
2026-10-09T11:47:13.8123732Z   duration_ms: 48.362974
2026-10-09T11:47:13.8123962Z   type: 'test'
2026-10-09T11:47:13.8124330Z   ...
2026-10-09T11:47:13.8124764Z # Subtest: actual native parser rejects old declaration separator
2026-10-09T11:47:13.8125317Z ok 23 - actual native parser rejects old declaration separator
2026-10-09T11:47:13.8125718Z   ---
2026-10-09T11:47:13.8125977Z   duration_ms: 51.350211
2026-10-09T11:47:13.8126262Z   type: 'test'
2026-10-09T11:47:13.8126519Z   ...
2026-10-09T11:47:13.8127041Z # Subtest: PS file reads reject malformed UTF-8 and retain a leading BOM for the lexer
2026-10-09T11:47:13.8127815Z ok 24 - PS file reads reject malformed UTF-8 and retain a leading BOM for the lexer
2026-10-09T11:47:13.8128308Z   ---
2026-10-09T11:47:13.8128573Z   duration_ms: 13.479618
2026-10-09T11:47:13.8128888Z   type: 'test'
2026-10-09T11:47:13.8129148Z   ...
2026-10-09T11:47:13.8129390Z 1..24
2026-10-09T11:47:13.8129714Z # tests 24
2026-10-09T11:47:13.8130089Z # suites 0
2026-10-09T11:47:13.8130444Z # pass 24
2026-10-09T11:47:13.8130757Z # fail 0
2026-10-09T11:47:13.8131048Z # cancelled 0
2026-10-09T11:47:13.8131336Z # skipped 0
2026-10-09T11:47:13.8131614Z # todo 0
2026-10-09T11:47:13.8131906Z # duration_ms 649.675652
2026-10-09T11:47:13.8559839Z TAP version 13
2026-10-09T11:47:14.0857872Z # Subtest: actual PS build rejects semicolon import before dependency lookup
2026-10-09T11:47:14.0862765Z ok 1 - actual PS build rejects semicolon import before dependency lookup
2026-10-09T11:47:14.0863485Z   ---
2026-10-09T11:47:14.0863860Z   duration_ms: 182.116744
2026-10-09T11:47:14.0864377Z   type: 'test'
2026-10-09T11:47:14.0864743Z   ...
2026-10-09T11:47:14.2594711Z # Subtest: actual PS build rejects tab in import before dependency lookup
2026-10-09T11:47:14.2596074Z ok 2 - actual PS build rejects tab in import before dependency lookup
2026-10-09T11:47:14.2597741Z   ---
2026-10-09T11:47:14.2598096Z   duration_ms: 173.956343
2026-10-09T11:47:14.2598668Z   type: 'test'
2026-10-09T11:47:14.2599001Z   ...
2026-10-09T11:47:14.4328256Z # Subtest: actual PS build resolves a commented unused import and cannot ignore a missing file
2026-10-09T11:47:14.4332714Z ok 3 - actual PS build resolves a commented unused import and cannot ignore a missing file
2026-10-09T11:47:14.4333277Z   ---
2026-10-09T11:47:14.4333579Z   duration_ms: 173.361316
2026-10-09T11:47:14.4333889Z   type: 'test'
2026-10-09T11:47:14.4334485Z   ...
2026-10-09T11:47:14.8528555Z # Subtest: actual PS build prepares complete imported modules in dependency order
2026-10-09T11:47:14.8529540Z ok 4 - actual PS build prepares complete imported modules in dependency order
2026-10-09T11:47:14.8530032Z   ---
2026-10-09T11:47:14.8530362Z   duration_ms: 420.065868
2026-10-09T11:47:14.8530733Z   type: 'test'
2026-10-09T11:47:14.8531039Z   ...
2026-10-09T11:47:14.8613854Z 1..4
2026-10-09T11:47:14.8614401Z # tests 4
2026-10-09T11:47:14.8614741Z # suites 0
2026-10-09T11:47:14.8615085Z # pass 4
2026-10-09T11:47:14.8615804Z # fail 0
2026-10-09T11:47:14.8616137Z # cancelled 0
2026-10-09T11:47:14.8616479Z # skipped 0
2026-10-09T11:47:14.8616752Z # todo 0
2026-10-09T11:47:14.8617132Z # duration_ms 1016.232406
2026-10-09T11:47:15.0681368Z PSC2_SELFHOST_SOURCE_ISOLATION_CASE: PASS nested generated workspace without stdlib
2026-10-09T11:47:15.2425272Z PSC2_SELFHOST_SOURCE_ISOLATION_CASE: PASS isolated generated workspace without stdlib
2026-10-09T11:47:15.4088349Z PSC2_SELFHOST_SOURCE_ISOLATION_CASE: PASS stale Lean sibling cannot shadow canonical PS
2026-10-09T11:47:15.4638002Z PSC2_SELFHOST_SOURCE_ISOLATION_CASE: PASS tampered source bytes
2026-10-09T11:47:15.5132902Z PSC2_SELFHOST_SOURCE_ISOLATION_CASE: PASS missing PS cannot fall back to Lean
2026-10-09T11:47:15.5630734Z PSC2_SELFHOST_SOURCE_ISOLATION_CASE: PASS unlisted imported source
2026-10-09T11:47:15.6142793Z PSC2_SELFHOST_SOURCE_ISOLATION_CASE: PASS manifest includes unreachable source
2026-10-09T11:47:15.6619535Z PSC2_SELFHOST_SOURCE_ISOLATION_CASE: PASS manifest entry mismatch
2026-10-09T11:47:15.7079694Z PSC2_SELFHOST_SOURCE_ISOLATION_CASE: PASS malformed manifest cannot fall back to parent
2026-10-09T11:47:15.7551162Z PSC2_SELFHOST_SOURCE_ISOLATION_CASE: PASS generation tag mismatch
2026-10-09T11:47:15.8025944Z PSC2_SELFHOST_SOURCE_ISOLATION_CASE: PASS ambiguous generation manifests
2026-10-09T11:47:15.8514309Z PSC2_SELFHOST_SOURCE_ISOLATION_CASE: PASS symlink cannot escape generated root
2026-10-09T11:47:15.9046468Z PSC2_SELFHOST_SOURCE_ISOLATION_CASE: PASS cyclic source imports
2026-10-09T11:47:16.0726114Z PSC2_SELFHOST_SOURCE_ISOLATION_CASE: PASS selfhost generation manifest accepted
2026-10-09T11:47:16.0757833Z PSC2_SELFHOST_SOURCE_ISOLATION: PASS (14 passed; 0 platform skips; compiler double and pinned TypeScript)
2026-10-09T11:47:16.1513128Z PSC2_NATIVE_WORKSPACE_ISOLATION: PASS (bootstrap, selfhost and project roots without stdlib; original sources rejected)
2026-10-09T11:47:16.1607853Z ##[group]Run node scripts/selfhost-replay-runtime.test.mjs
2026-10-09T11:47:16.1608535Z [36;1mnode scripts/selfhost-replay-runtime.test.mjs[0m
2026-10-09T11:47:16.1609141Z [36;1mnode scripts/checked-erasure-name-index.test.mjs[0m
2026-10-09T11:47:16.1650355Z shell: /usr/bin/bash -e {0}
2026-10-09T11:47:16.1650653Z env:
2026-10-09T11:47:16.1651030Z   PSC0_TSC: /home/runner/work/_temp/psc0-typescript-7.0.2/node_modules/typescript/bin/tsc
2026-10-09T11:47:16.1651463Z   PSC0_TYPESCRIPT_VERSION: 7.0.2
2026-10-09T11:47:16.1651718Z ##[endgroup]
2026-10-09T11:47:16.5459033Z PSC2_NATIVE_TYPESCRIPT_CLI: PASS (exact profile, unrelated config, installed override and PATH discovery, precompile rejection and no fallback)
2026-10-09T11:47:16.5835553Z PSC2_NATIVE_WORKSPACE_ISOLATION: PASS (bootstrap, selfhost and project roots without stdlib; original sources rejected)
2026-10-09T11:47:18.9532489Z PSC2_SELFHOST_REPLAY_RUNTIME: PASS (strict TypeScript; 20000-step recursion, function results, name collisions, generic lists and exact UTF-8 positions)
2026-10-09T11:47:19.0077099Z TAP version 13
2026-10-09T11:47:19.7368426Z # Subtest: generated erasure indexes preserve collisions, structured names, precedence and output reservations
2026-10-09T11:47:19.7373011Z ok 1 - generated erasure indexes preserve collisions, structured names, precedence and output reservations
2026-10-09T11:47:19.7374014Z   ---
2026-10-09T11:47:19.7374585Z   duration_ms: 730.915516
2026-10-09T11:47:19.7375012Z   type: 'test'
2026-10-09T11:47:19.7375372Z   ...
2026-10-09T11:47:19.7381695Z 1..1
2026-10-09T11:47:19.7382588Z # tests 1
2026-10-09T11:47:19.7384078Z # suites 0
2026-10-09T11:47:19.7385087Z # pass 1
2026-10-09T11:47:19.7385866Z # fail 0
2026-10-09T11:47:19.7388275Z # cancelled 0
2026-10-09T11:47:19.7388664Z # skipped 0
2026-10-09T11:47:19.7389030Z # todo 0
2026-10-09T11:47:19.7389410Z # duration_ms 735.698558
2026-10-09T11:47:19.7519104Z ##[group]Run node scripts/sh1-qualify.mjs native-candidate --native .lake/build/bin/psc1 --out dist/sh1/development
2026-10-09T11:47:19.7519829Z [36;1mnode scripts/sh1-qualify.mjs native-candidate --native .lake/build/bin/psc1 --out dist/sh1/development[0m
2026-10-09T11:47:19.7560622Z shell: /usr/bin/bash -e {0}
2026-10-09T11:47:19.7560932Z env:
2026-10-09T11:47:19.7561314Z   PSC0_TSC: /home/runner/work/_temp/psc0-typescript-7.0.2/node_modules/typescript/bin/tsc
2026-10-09T11:47:19.7561749Z   PSC0_TYPESCRIPT_VERSION: 7.0.2
2026-10-09T11:47:19.7562018Z ##[endgroup]
2026-10-09T11:47:30.8905998Z PSC2_COMPILE: /home/runner/work/pskernel/pskernel/psc0/dist/sh1/development/N1/index.ts -> /home/runner/work/pskernel/pskernel/psc0/dist/sh1/development/N1/index.js
2026-10-09T11:47:30.8907385Z PSC2_DECLARATION: /home/runner/work/pskernel/pskernel/psc0/dist/sh1/development/N1/index.d.ts
2026-10-09T11:47:30.8908375Z PSC2_SOURCE_MAP: /home/runner/work/pskernel/pskernel/psc0/dist/sh1/development/N1/index.js.map
2026-10-09T11:47:30.8909043Z PSC2_TYPESCRIPT: 7.0.2
2026-10-09T11:49:09.3707161Z PSC0_SH1_IR_NATIVE_PASS: function-valued let has compositional type
2026-10-09T11:49:09.3707956Z PSC0_SH1_IR_NATIVE_PASS: checked emitter accepts the same valid IR
2026-10-09T11:49:09.3708430Z PSC0_SH1_IR_NATIVE_PASS: false let annotation is rejected
2026-10-09T11:49:09.3709145Z PSC0_SH1_IR_NATIVE_PASS: checked emitter refuses invalid IR
2026-10-09T11:49:09.3709814Z PSC0_SH1_IR_NATIVE_PASS: function parameter grouping is preserved
2026-10-09T11:49:09.3710475Z PSC0_SH1_IR_NATIVE_PASS: expression fuel exhaustion is explicit
2026-10-09T11:49:09.3711103Z PSC0_SH1_IR_NATIVE_PASS: type fuel exhaustion is explicit
2026-10-09T11:49:09.3711900Z PSC0_SH1_IR_NATIVE_PASS: diagnostic cap preserves finding count
2026-10-09T11:49:09.3714135Z PSC0_SH1_IR_NATIVE: {"schemaVersion":1,"status":"pass","cases":8,"checkedEmitterRejectsInvalidIr":true,"strictSh1Qualified":false}
2026-10-09T11:49:09.3717819Z PSC0_SH1_IR_NATIVE_FULL: {"schemaVersion":1,"kind":"psc0-native-original-ir-check","accepted":true,"traversalComplete":true,"visitedSteps":725484,"expressionCount":56391,"findingCount":0,"retainedFindingCount":0,"omittedFindingDetails":0,"strictSh1Qualified":false,"reportPath":"/home/runner/work/pskernel/pskernel/psc0/dist/sh1/development/N1/ir-checker-native/checked-current-source.ts.ir-report.json"}
2026-10-09T11:49:09.4052901Z PSC0_SH1_IR_NATIVE_EVIDENCE: {"schemaVersion":1,"evidence":"native-portable-checker-current-source","nativeCheckerSha256":"0f40ccfae56e0b20e65e54b30e6468c5ff40e2b9ac61c6b1485e605e849d8afd","sourceClosureSha256":"f96c811f575cae2be58ccca3ffe587ead83bffa6f8bd862d40936bef28ef3226","sourceAggregateSha256":"06035426bb3c5772ff7d1362485a13baee0c4447bf486fbbba448961eef52357","moduleCount":61,"recipe":"Ordered raw closure with imports stripped, aggregate native preparation, original IR check, same-IR emission.","fixtures":{"schemaVersion":1,"status":"pass","cases":8,"checkedEmitterRejectsInvalidIr":true,"strictSh1Qualified":false},"fullCompilerIr":{"schemaVersion":1,"kind":"psc0-native-original-ir-check","accepted":true,"traversalComplete":true,"visitedSteps":725484,"expressionCount":56391,"findingCount":0,"retainedFindingCount":0,"omittedFindingDetails":0,"strictSh1Qualified":false,"reportPath":"/home/runner/work/pskernel/pskernel/psc0/dist/sh1/development/N1/ir-checker-native/checked-current-source.ts.ir-report.json"},"typescriptSha256":"38fea23209f561efcab0c0111a2a15fa1e5761d33f31100fac8d6bfb1e032935","parity":"Checked native emission equals the native-generated N1 compiler TypeScript byte for byte.","strictSh1Qualified":false,"provider":{"status":"not-attempted","kernelChecked":false}}
2026-10-09T11:51:42.9901466Z PSC0_SH1_GRAMMAR_CLOSURE: {"compilerSha256":"70db0131fa3af62f7193576407ad529be10df2f4296c712f53f7c31f42209061","closureSha256":"f96c811f575cae2be58ccca3ffe587ead83bffa6f8bd862d40936bef28ef3226","moduleCount":61,"proofScriptBytes":904355,"comparison":"Lean canonical text equals Lean -> new ProofScript -> Lean; new ProofScript is idempotent"}
2026-10-09T11:51:44.5932086Z PSC0_SH1_IR_CHECKER: {"schemaVersion":1,"evidence":"portable-original-ir-checker-conformance","compilerSha256":"70db0131fa3af62f7193576407ad529be10df2f4296c712f53f7c31f42209061","acceptedFixture":{"schemaVersion":2,"kind":"psc0-original-ir-inventory","compilerSha256":"70db0131fa3af62f7193576407ad529be10df2f4296c712f53f7c31f42209061","status":"runtime-ir-types-accepted","strictSh1Qualified":false,"runtimeIrTypingAccepted":true,"traversalComplete":true,"visitedNodes":1898,"carrier":{"accepted":true,"traversalComplete":true,"visitedNodes":910},"counts":{"expressions":163},"findingCount":0,"findingCounts":{},"findingCountsCoverage":"all-findings","findings":[],"omittedFindingDetails":0,"portableChecker":{"status":"accepted","implementation":"Ps.CompilerIr.Check.psCheckVerifiedIrModule","options":{"maxSteps":5000000,"maxTypeSteps":65536,"maxFindings":1000}},"coverage":["Canonical own-namespace JS carriers before portable code","Portable module signatures, scoped type substitution and compositional expression typing","The host report serializes portable diagnostics without a second semantic checker"],"unqualifiedObligations":["Enabled primitive laws, text positions and bounds semantics beyond runtime typing","Erasure preservation, evaluation order and backend semantic correspondence","Import ABI qualification for unsupported external imports","Strict SH/1 profile activation and provider decisions remain separate"],"notes":["A capped diagnostics list does not cap the portable finding count.","Findings count failed checking obligations; a type operation reports its first failure, not every malformed descendant.","visitedNodes combines portable input preflight and dispatcher steps, each with its own maxSteps allowance.","Structural IR paths identify owners and expressions; they are not original source line numbers.","Runtime IR typing acceptance does not establish Core provider acceptance or strict SH/1."]},"artifacts":{"typescriptSha256":"15e78fc7c00dbabab8affd291cf541233c4a374c1fec319e92fa3360835e33b1","javascriptSha256":"894b55a8d96db8ca4013b6668c936f9663b250469458021fccffbc540dbbc0ba"},"behavior":{"status":"pass","observations":59,"exhaustiveForAllInputs":false,"letScopeCases":[{"name":"shadowOldScope","observations":8},{"name":"shadowWrappedCall","observations":8},{"name":"shadowClosure","observations":8},{"name":"shadowNestedTail","observations":5}]},"rejected":[{"name":"false-let-annotation","expectedCode":"type-mismatch","findingCount":1,"findingCounts":{"type-mismatch":1},"traversalComplete":true,"checkedEmitter":"rejected-before-emission"},{"name":"false-lambda-result","expectedCode":"type-mismatch","findingCount":1,"findingCounts":{"type-mismatch":1},"traversalComplete":true,"checkedEmitter":"rejected-before-emission"},{"name":"false-declaration-result","expectedCode":"type-mismatch","findingCount":1,"findingCounts":{"type-mismatch":1},"traversalComplete":true,"checkedEmitter":"rejected-before-emission"},{"name":"incompatible-if-branches","expectedCode":"type-mismatch","findingCount":1,"findingCounts":{"type-mismatch":1},"traversalComplete":true,"checkedEmitter":"rejected-before-emission"},{"name":"non-boolean-condition","expectedCode":"type-mismatch","findingCount":1,"findingCounts":{"type-mismatch":1},"traversalComplete":true,"checkedEmitter":"rejected-before-emission"},{"name":"flattened-function-grouping","expectedCode":"call-runtime-arity","findingCount":2,"findingCounts":{"call-runtime-arity":1,"type-mismatch":1},"traversalComplete":true,"checkedEmitter":"rejected-before-emission"},{"name":"false-function-group-annotation","expectedCode":"type-mismatch","findingCount":1,"findingCounts":{"type-mismatch":1},"traversalComplete":true,"checkedEmitter":"rejected-before-emission"},{"name":"global-literal-is-not-zero-argument-function","expectedCode":"non-function-callee","findingCount":1,"findingCounts":{"non-function-callee":1},"traversalComplete":true,"checkedEmitter":"rejected-before-emission"},{"name":"generic-arguments-missing","expectedCode":"call-type-arity","findingCount":1,"findingCounts":{"call-type-arity":1},"traversalComplete":true,"checkedEmitter":"rejected-before-emission"},{"name":"monomorphic-value-with-type-arguments","expectedCode":"call-type-arity","findingCount":1,"findingCounts":{"call-type-arity":1},"traversalComplete":true,"checkedEmitter":"rejected-before-emission"},{"name":"generic-scheme-escape","expectedCode":"generic-value-reference","findingCount":1,"findingCounts":{"generic-value-reference":1},"traversalComplete":true,"checkedEmitter":"rejected-before-emission"},{"name":"zero-runtime-generic-value","expectedCode":"generic-value-unsupported","findingCount":1,"findingCounts":{"generic-value-unsupported":1},"traversalComplete":true,"checkedEmitter":"rejected-before-emission"},{"name":"unknown-runtime-type","expectedCode":"unknown-type","findingCount":2,"findingCounts":{"unknown-type":2},"traversalComplete":true,"checkedEmitter":"rejected-before-emission"},{"name":"unscoped-type-parameter","expectedCode":"unbound-type-parameter","findingCount":2,"findingCounts":{"unbound-type-parameter":1,"type-mismatch":1},"traversalComplete":true,"checkedEmitter":"rejected-before-emission"},{"name":"named-type-arity","expectedCode":"named-type-arity","findingCount":1,"findingCounts":{"named-type-arity":1},"traversalComplete":true,"checkedEmitter":"rejected-before-emission"},{"name":"unresolved-variable","expectedCode":"unresolved-value-name","findingCount":1,"findingCounts":{"unresolved-value-name":1},"traversalComplete":true,"checkedEmitter":"rejected-before-emission"},{"name":"duplicate-runtime-binder","expectedCode":"duplicate-binder","findingCount":1,"findingCounts":{"duplicate-binder":1},"traversalComplete":true,"checkedEmitter":"rejected-before-emission"},{"name":"duplicate-type-binder","expectedCode":"duplicate-type-parameter","findingCount":1,"findingCounts":{"duplicate-type-parameter":1},"traversalComplete":true,"checkedEmitter":"rejected-before-emission"},{"name":"duplicate-global-name","expectedCode":"duplicate-value-name","findingCount":1,"findingCounts":{"duplicate-value-name":1},"traversalComplete":true,"checkedEmitter":"rejected-before-emission"},{"name":"Nat-and-Int-are-distinct","expectedCode":"type-mismatch","findingCount":1,"findingCounts":{"type-mismatch":1},"traversalComplete":true,"checkedEmitter":"rejected-before-emission"},{"name":"Char-and-String-are-distinct","expectedCode":"type-mismatch","findingCount":1,"findingCounts":{"type-mismatch":1},"traversalComplete":true,"checkedEmitter":"rejected-before-emission"},{"name":"intrinsic-type-arity","expectedCode":"intrinsic-type-arity","findingCount":1,"findingCounts":{"intrinsic-type-arity":1},"traversalComplete":true,"checkedEmitter":"rejected-before-emission"},{"name":"constructor-positional-field-order","expectedCode":"constructor-field-order","findingCount":1,"findingCounts":{"constructor-field-order":1},"traversalComplete":true,"checkedEmitter":"rejected-before-emission"},{"name":"record-missing-field","expectedCode":"missing-field","findingCount":1,"findingCounts":{"missing-field":1},"traversalComplete":true,"checkedEmitter":"rejected-before-emission"},{"name":"record-duplicate-field","expectedCode":"duplicate-field","findingCount":1,"findingCounts":{"duplicate-field":1},"traversalComplete":true,"checkedEmitter":"rejected-before-emission"},{"name":"record-extra-field","expectedCode":"unexpected-field","findingCount":1,"findingCounts":{"unexpected-field":1},"traversalComplete":true,"checkedEmitter":"rejected-before-emission"},{"name":"projection-owner-mismatch","expectedCode":"type-mismatch","findingCount":1,"findingCounts":{"type-mismatch":1},"traversalComplete":true,"checkedEmitter":"rejected-before-emission"},{"name":"projection-instantiation-mismatch","expectedCode":"type-mismatch","findingCount":1,"findingCounts":{"type-mismatch":1},"traversalComplete":true,"checkedEmitter":"rejected-before-emission"},{"name":"match-binding-type-mismatch","expectedCode":"type-mismatch","findingCount":3,"findingCounts":{"type-mismatch":2,"non-function-callee":1},"traversalComplete":true,"checkedEmitter":"rejected-before-emission"},{"name":"match-missing-alternative","expectedCode":"match-coverage","findingCount":1,"findingCounts":{"match-coverage":1},"traversalComplete":true,"checkedEmitter":"rejected-before-emission"},{"name":"match-duplicate-alternative","expectedCode":"duplicate-match-alternative","findingCount":1,"findingCounts":{"duplicate-match-alternative":1},"traversalComplete":true,"checkedEmitter":"rejected-before-emission"},{"name":"optional-scalar-capability","expectedCode":"scalar-capability-unqualified","findingCount":3,"findingCounts":{"scalar-capability-unqualified":3},"traversalComplete":true,"checkedEmitter":"rejected-before-emission"},{"name":"external-import-ABI","expectedCode":"external-import-abi-unqualified","findingCount":1,"findingCounts":{"external-import-abi-unqualified":1},"traversalComplete":true,"checkedEmitter":"rejected-before-emission"},{"name":"empty-layout","expectedCode":"empty-layout-unsupported","findingCount":1,"findingCounts":{"empty-layout-unsupported":1},"traversalComplete":true,"checkedEmitter":"rejected-before-emission"},{"name":"empty-match","expectedCode":"empty-match-unsupported","findingCount":2,"findingCounts":{"empty-layout-unsupported":1,"empty-match-unsupported":1},"traversalComplete":true,"checkedEmitter":"rejected-before-emission"},{"name":"runtime-layout-name-collision","expectedCode":"duplicate-layout-name","findingCount":1,"findingCounts":{"duplicate-layout-name":1},"traversalComplete":true,"checkedEmitter":"rejected-before-emission"}],"exhausted":[{"name":"input-preflight-budget","findingCounts":{"checker-input-resource-limit":1},"traversalComplete":false},{"name":"type-work-budget","findingCounts":{"type-resource-limit":224},"traversalComplete":false}],"directTypeOperations":[{"name":"simultaneous-nested-generic-swap","status":"pass"},{"name":"substitution-budget","code":"type-resource-limit","detail":"substitution"},{"name":"equality-budget","code":"type-resource-limit","detail":"equality"}],"carrierRejections":[{"name":"negative-natural-carrier","findingCounts":{"invalid-ir-scalar-carrier":1},"portableChecker":"not-run-invalid-carrier"},{"name":"number-natural-carrier","findingCounts":{"invalid-ir-scalar-carrier":1},"portableChecker":"not-run-invalid-carrier"},{"name":"string-boolean-carrier","findingCounts":{"invalid-ir-scalar-carrier":1},"portableChecker":"not-run-invalid-carrier"},{"name":"cyclic-list-carrier","findingCounts":{"cyclic-ir-carrier":1},"portableChecker":"not-run-invalid-carrier"},{"name":"foreign-compiler-brand","findingCounts":{"malformed-or-foreign-constructor":1},"portableChecker":"not-run-invalid-carrier"}],"diagnosticsCap":{"limit":0,"findingCount":1,"omittedFindingDetails":1},"checkedPreparedEntry":{"sourceSha256":"b05ec9c46f150c05b7249ee48bc3b1bdfcb2f60d851b4af81ff7298df49b5626","typescriptSha256":"027735f4d196d1c92d0868320d9313d4cabe9841a90566f433e2ff71d4350a36","status":"pass"},"instanceOwnership":"All IR constructors and neutral record factories belong to the checked compiler namespace.","strictSh1Qualified":false,"provider":{"status":"not-attempted","kernelChecked":false}}
2026-10-09T11:51:44.6654747Z PSC0_SH1_HELPER_RUNTIME: {"schemaVersion":1,"evidence":"generated-compiler-exported-helper-behavior","compilerSha256":"70db0131fa3af62f7193576407ad529be10df2f4296c712f53f7c31f42209061","coverage":{"nonApplicationHeads":11,"argumentLists":7,"prefixes":2,"suffixes":2,"nameBases":3,"usedNameListsPerBase":7,"attempts":[0,7],"typedPartialApplications":false,"expressionObservations":1232,"stringObservations":336,"observations":1568},"behavior":"independent application-spine and finite unique-name expectations","kernelChecked":false,"exhaustiveForAllInputs":false}
2026-10-09T11:51:45.2894930Z PSC0_SH1_GENERIC_ERASURE: {"schemaVersion":1,"evidence":"scoped-recursive-generic-erasure","compilerSha256":"70db0131fa3af62f7193576407ad529be10df2f4296c712f53f7c31f42209061","sourceKind":"raw-authoritative-lean","sourceSha256":"574fc4874e0cd5561fcdd873c7942aa90cd77abaa66441c76b5e4f7c3755e4de","originalIr":{"checks":["one, two, and three declaration generics in exact declaration order","interleaved type, erased proposition/proof, and runtime binders","recursive calls retain the complete runtime argument count","monomorphic recursive calls retain zero type arguments"],"observations":[{"declaration":"sh1GenericCopy","declarationTypeParameters":["T0"],"runtimeParameters":["values"],"calls":[{"at":"declaration:sh1GenericCopy/body/alternatives/tail/head/snd/snd/fields/tail/head/snd","typeArguments":["T0"],"runtimeArity":1}]},{"declaration":"sh1GenericMap","declarationTypeParameters":["T0","T1"],"runtimeParameters":["convert","values"],"calls":[{"at":"declaration:sh1GenericMap/body/alternatives/tail/head/snd/snd/fields/tail/head/snd","typeArguments":["T0","T1"],"runtimeArity":2}]},{"declaration":"sh1GenericTriple","declarationTypeParameters":["T0","T1","T2"],"runtimeParameters":["first","second","third","fuel"],"calls":[{"at":"declaration:sh1GenericTriple/body/elseBranch/body","typeArguments":["T0","T1","T2"],"runtimeArity":4}]},{"declaration":"sh1GenericMono","declarationTypeParameters":[],"runtimeParameters":["fuel","value"],"calls":[{"at":"declaration:sh1GenericMono/body/elseBranch/body","typeArguments":[],"runtimeArity":2}]}],"emittedIr":"The exact original IR inspected above is passed to psTsEmitModule.","strictSh1Qualified":false},"artifacts":{"admissionsSha256":"11b515897f24e6c194b8c1daf239b4941940d8204a4846e601b462e92b703af8","typescriptSha256":"86ce3c3aaa0b48a8f8b618a117ea347ee36339d7dd122aee7a48056cbc8f5d8e","javascriptSha256":"ec1784595f07802909464d3f21980a471e166f2d82b49fece1e22dd14ea9b118"},"behavior":{"observations":19,"status":"pass","exhaustiveForAllInputs":false},"provider":{"status":"not-attempted","kernelChecked":false},"native":{"typescriptSha256":"86ce3c3aaa0b48a8f8b618a117ea347ee36339d7dd122aee7a48056cbc8f5d8e","behavior":{"observations":19,"status":"pass","exhaustiveForAllInputs":false}}}
2026-10-09T11:51:46.1468342Z PSC0_SH1_SESSION_CONFORMANCE: PASS (recorded aggregate oracle; warm, prefix, body edit, failure recovery, frozen parse errors, source kind, fresh instance)
2026-10-09T11:51:59.6254629Z PSC0_SH1_CAPABILITIES: {"schemaVersion":1,"compilerSha256":"70db0131fa3af62f7193576407ad529be10df2f4296c712f53f7c31f42209061","evidence":"raw-source-generated-execution","sourceKinds":[{"sourceKind":"lean","sourceSha256":"45d7948c21431670d89762f97a6679a371b37defbfcc9d15138639c5f926d9e6","admissionsSha256":"372371596fba560eca5ba52d29e20d91780d5c3321e4353a7a4c1a009167e10f","typescriptSha256":"8d7e8a5e548f4a10748ddcf70786caf542ea54693f411b4e3617f237ad7bbd4f","javascriptSha256":"225150e522b5af5c8cc46347714cd6b58e25c2e8b2a3543f11baa312513f372c","generatedCompilerConsumedRawSource":true,"behavior":"pass","projectionBehavior":{"observations":39,"behavior":"pass","maximumFuel":"20000"},"grammarBehavior":{"observations":34,"behavior":"pass","edition":"ps-0.9-r3","mode":"new-only"},"nativeProjectionBehavior":{"observations":39,"behavior":"pass","maximumFuel":"20000"},"nativeGrammarBehavior":{"observations":34,"behavior":"pass","edition":"ps-0.9-r3","mode":"new-only"},"nativePscBehavior":"pass","nativeTypeScriptSha256":"8d7e8a5e548f4a10748ddcf70786caf542ea54693f411b4e3617f237ad7bbd4f"},{"sourceKind":"ps","sourceSha256":"e0619554ac2384922ebe1739fa208114b08229118c6a995b7ee7ab2da9a28e65","admissionsSha256":"bb84332515024d4145b7cedb636fb6095d3cbe20a4fc3043dc37905f7574a900","typescriptSha256":"0465c3dc1a58bb914c01e3cd3f53f78dfd7315768cfc0dd5971b57f60329d035","javascriptSha256":"5093d317347e940664fca20453271dd4fc898f75e22918e6d36813beaf18758c","generatedCompilerConsumedRawSource":true,"behavior":"pass","projectionBehavior":{"observations":39,"behavior":"pass","maximumFuel":"20000"},"grammarBehavior":{"observations":34,"behavior":"pass","edition":"ps-0.9-r3","mode":"new-only"},"nativeProjectionBehavior":{"observations":39,"behavior":"pass","maximumFuel":"20000"},"nativeGrammarBehavior":{"observations":34,"behavior":"pass","edition":"ps-0.9-r3","mode":"new-only"},"nativePscBehavior":"pass","nativeTypeScriptSha256":"0465c3dc1a58bb914c01e3cd3f53f78dfd7315768cfc0dd5971b57f60329d035"}],"negativeCases":[{"name":"narrowed-nested-induction-hypothesis","sourceSha256":"1c6fc4543d2650c3b18506c39107ec8cc1f3df1302da61fd1c8f73bb6ba907c3","diagnosticTags":["elaboration","structuralRecursionNotDecreasing"]},{"name":"unsaturated-recursive-call","sourceSha256":"879565204119b005493e52868d63b0e0ba8c69624dfd8fbdb329af30d909364a","diagnosticTags":["elaboration","structuralRecursionArity"]},{"name":"nondecreasing-major","sourceSha256":"fd8b66b959543f6e2f1be3958efff1db883c33dd04dbf6051df2290ceaa2b811","diagnosticTags":["elaboration","structuralRecursionNotDecreasing"]},{"name":"unrelated-constructor-child","sourceSha256":"85eaeb42ac5a652b4dd6f49b2ef9a11d453ea7432f99fd5559c4bd964fa5131a","diagnosticTags":["elaboration","structuralRecursionNotDecreasing"]},{"name":"escaping-self-reference","sourceSha256":"0675b11dbfc09380ff6449950e29b12f1563bccf0f8bafc5d003b44258860d82","diagnosticTags":["elaboration","structuralRecursionEscapingReference"]},{"name":"major-dependent-parameter","sourceSha256":"aa9a3193d7db8334c703927ae0a19b060eed52acdfb0f6a6dc0d913819060542","diagnosticTags":["elaboration","structuralRecursionDependentParameter"]},{"name":"explicit-historical-stable-mode","sourceSha256":"bee98d86b07b527f2bdbaca89f42d8286a1c64c41f7f4ffb541c437de83a8555","diagnosticTags":["structuralRecursionInvariantArgument"]}],"projectionResolution":{"schemaVersion":1,"evidence":"owned-compiler-api-resolution-and-source-identity","caseCount":21,"resolutionCases":12,"exactIdentityCases":8,"normalizationSpanCases":1,"allPassed":true,"instanceOwnership":"All syntax and compiler data were constructed by this compiler instance.","cases":[{"name":"exact-local-before-global-and-prefixes","family":"resolution","expected":{"kind":"local","id":"2","fields":[]}},{"name":"exact-global-before-local-prefix","family":"resolution","expected":{"kind":"global","name":"alpha.beta.gamma","fields":[]}},{"name":"first-local-before-first-global-and-longer-local","family":"resolution","expected":{"kind":"local","id":"0","fields":["beta","gamma"]}},{"name":"first-global-before-longer-local","family":"resolution","expected":{"kind":"global","name":"alpha","fields":["beta","gamma"]}},{"name":"longest-proper-local-prefix-with-absent-first","family":"resolution","expected":{"kind":"local","id":"0","fields":["delta"]}},{"name":"shorter-proper-local-prefix-with-absent-first","family":"resolution","expected":{"kind":"local","id":"0","fields":["gamma","delta"]}},{"name":"multi-segment-global-is-not-a-fallback","family":"resolution","expected":{"kind":"none"}},{"name":"longer-global-does-not-displace-local-fallback","family":"resolution","expected":{"kind":"local","id":"0","fields":["gamma","delta"]}},{"name":"nearest-first-segment-local-shadow","family":"resolution","expected":{"kind":"local","id":"1","fields":["beta","gamma"]}},{"name":"nearest-exact-local-shadow","family":"resolution","expected":{"kind":"local","id":"3","fields":[]}},{"name":"unresolved-name","family":"resolution","expected":{"kind":"none"}},{"name":"unrelated-multi-segment-local","family":"resolution","expected":{"kind":"none"}},{"name":"recursion-exact-local-reference","family":"exact-local-identity","expectedId":"0"},{"name":"term-exact-local-reference","family":"exact-local-identity","expectedId":"0"},{"name":"recursion-projection-is-not-unchanged-state","family":"exact-local-identity","expectedId":null},{"name":"term-projection-is-not-a-structural-child","family":"exact-local-identity","expectedId":null},{"name":"recursion-global-is-not-local","family":"exact-local-identity","expectedId":null},{"name":"term-global-is-not-local","family":"exact-local-identity","expectedId":null},{"name":"recursion-exact-qualified-local-still-has-identity","family":"exact-local-identity","expectedId":"0"},{"name":"term-exact-qualified-local-still-has-identity","family":"exact-local-identity","expectedId":"0"},{"name":"normalized-parameter-projection-preserves-binder-field-and-span","family":"normalization-source-span","expectedBinderSegments":["$psc0SH","1"],"expectedFields":["count"],"expectedSpan":{"start":{"byteOffset":"186","line":"5","column":"25"},"stop":{"byteOffset":"199","line":"5","column":"38"}}}]},"grammar":{"schemaVersion":1,"evidence":"generated-compiler-source-grammar-api","compilerSha256":"70db0131fa3af62f7193576407ad529be10df2f4296c712f53f7c31f42209061","sourceGrammar":{"edition":"ps-0.9-r3","mode":"new-only","support":"bounded-selfhost-subset","referenceSha256":"4c02626fd0b991e8526c64b65f4ffb66b9ce7b688298e82fb0309802a263db71","fullStandardConformance":false,"fullPscvConformance":false},"corpusSha256":"4303a9503bc2ade83b248b80f8f6a1ccd460b2f5aff773d34fef3755a3e0b43f","counts":{"applicationBoundaries":18,"supportedSyntax":22,"canonicalRoundTrips":40,"parseRefusals":35,"lexicalPositionCases":2,"lexicalRefusals":5,"emptyCallRefusals":3,"printerRefusals":1},"applications":[{"name":"explicit-empty-call","sourceSha256":"a1809059a87695be7ab63b86114cbf025ce6842c4565fb2edcf3ad43d648ce5a","canonicalSha256":"a1809059a87695be7ab63b86114cbf025ce6842c4565fb2edcf3ad43d648ce5a","astSha256":"6a2ed0d413644501db6b4d376eda1d5c9ce7597bc74c7a325b13dc0939c7663b"},{"name":"explicit-unit-argument","sourceSha256":"6af26347513a9acfe9a12381b691d359effb3dfb732149c9d1b6a460d59e2bea","canonicalSha256":"6af26347513a9acfe9a12381b691d359effb3dfb732149c9d1b6a460d59e2bea","astSha256":"2df0f1baef1af20c721f86bd4f96d3579199d1107bb6ebae391d39f6bdb024cd"},{"name":"native-unit-argument","sourceSha256":"b091f10a140fa4185525d07c639cbe593049a30cf012444139fa24ebb159d7d5","canonicalSha256":"6af26347513a9acfe9a12381b691d359effb3dfb732149c9d1b6a460d59e2bea","astSha256":"2df0f1baef1af20c721f86bd4f96d3579199d1107bb6ebae391d39f6bdb024cd"},{"name":"comment-gap-unit-argument","sourceSha256":"cb65fb6c5e8cf364eae704e9d48c5c9d13709c96e7a0298ff8ecc71e635d33ec","canonicalSha256":"6af26347513a9acfe9a12381b691d359effb3dfb732149c9d1b6a460d59e2bea","astSha256":"2df0f1baef1af20c721f86bd4f96d3579199d1107bb6ebae391d39f6bdb024cd"},{"name":"empty-call-then-native","sourceSha256":"146766ff0ef495404378f897d5784b75411ccda1b490ceb51c60c73ef92796cf","canonicalSha256":"9a436633672423065dde0e190546ec0f8bb69ad9875789d454d0ec5fb9784221","astSha256":"6deb13204c2281a81d1fb7164bc8cf8ec5de4d847179ad5247688ac33a9b5a4f"},{"name":"grouped-empty-call-then-native","sourceSha256":"b4143b282b7de28ccfbc30ac9230083ede011bf57f3eabc5955ff5b06672bfc0","canonicalSha256":"9a436633672423065dde0e190546ec0f8bb69ad9875789d454d0ec5fb9784221","astSha256":"6deb13204c2281a81d1fb7164bc8cf8ec5de4d847179ad5247688ac33a9b5a4f"},{"name":"repeated-empty-call","sourceSha256":"cb6d2c43b11b24bb8f1f8170e8fcc9fb5b1726889e838f17ec81824f79cc1c94","canonicalSha256":"75996e1ea79f099a29954ae4869a0c388e13a2124d7037c0c0875057fc60b636","astSha256":"183fc2c97cf57de80caf97c8ead916de82baba063f2706fb86fea4c379ddf982"},{"name":"native-argument-chain","sourceSha256":"aa2832b00487bfada58263fa8f5a737fa9a2662c978f039325e912e991c3dc1c","canonicalSha256":"af61f2831c84be4319ba3fdc764f470df961b69a7af9a2a6bd8680a10db781b2","astSha256":"229e3f1937ff4396091c1fd92c84573ff83050857883d620c1e17905fd63bc51"},{"name":"adjacent-argument-group","sourceSha256":"af61f2831c84be4319ba3fdc764f470df961b69a7af9a2a6bd8680a10db781b2","canonicalSha256":"af61f2831c84be4319ba3fdc764f470df961b69a7af9a2a6bd8680a10db781b2","astSha256":"229e3f1937ff4396091c1fd92c84573ff83050857883d620c1e17905fd63bc51"},{"name":"trailing-call-comma","sourceSha256":"bc9762713f945500c2e7d5b8cdb93fa8bc4c26c5fbac44ae432ced5722d56000","canonicalSha256":"af61f2831c84be4319ba3fdc764f470df961b69a7af9a2a6bd8680a10db781b2","astSha256":"229e3f1937ff4396091c1fd92c84573ff83050857883d620c1e17905fd63bc51"},{"name":"postfix-then-native","sourceSha256":"bb1e3f14d05047a2d546be83fba383c4845579cf6fe50d04e83bdc32e243211b","canonicalSha256":"9ec3d00b336f4810c37bee7a52d310c8b8ff7daad3f17f8132a0dd247e60687c","astSha256":"1ce00e2f7580d7841448b7103636756afcaffe8adbf0cdfddcde3bae70c7d55a"},{"name":"grouped-native-callee","sourceSha256":"83dc9e7a88b343d74f42e31cfc10070dfd44b5644e7136a92bc2d9e61993f675","canonicalSha256":"9ec3d00b336f4810c37bee7a52d310c8b8ff7daad3f17f8132a0dd247e60687c","astSha256":"1ce00e2f7580d7841448b7103636756afcaffe8adbf0cdfddcde3bae70c7d55a"},{"name":"repeated-postfix-call","sourceSha256":"a46c258b7d211d34b8945a8c8f8d3e1ce52156415b5679fbb5a9e826bbce05e2","canonicalSha256":"9ec3d00b336f4810c37bee7a52d310c8b8ff7daad3f17f8132a0dd247e60687c","astSha256":"1ce00e2f7580d7841448b7103636756afcaffe8adbf0cdfddcde3bae70c7d55a"},{"name":"grouped-reference-callee","sourceSha256":"9e0a28a3eb2629b1c9ee01cf170a3620d2d95d877ce76bbb04e485d54343869b","canonicalSha256":"965b5ee86cc5b69ddc85c3612a725deb245dbae4993030d27e698887f63e91a8","astSha256":"5fbbee2f1df5f98d3f13ac950c27709cca8e23287d5e2bdf15b3a0960f5ad9a7"},{"name":"grouped-postfix-callee","sourceSha256":"9ec3d00b336f4810c37bee7a52d310c8b8ff7daad3f17f8132a0dd247e60687c","canonicalSha256":"9ec3d00b336f4810c37bee7a52d310c8b8ff7daad3f17f8132a0dd247e60687c","astSha256":"1ce00e2f7580d7841448b7103636756afcaffe8adbf0cdfddcde3bae70c7d55a"},{"name":"grouped-native-argument","sourceSha256":"70c260023120173e4463a66556966990b229b11e7f66d18f1dd67be617da1332","canonicalSha256":"975f707494415ae8810e8938ad06965ccbe29363b8113b55080ca9f0ac693788","astSha256":"b0a69ca981894178350be11e93a04478cbb717ca55c568e654adb93f066d9899"},{"name":"nested-postfix-argument","sourceSha256":"e489a6619089416a07dafbe5458d1a80b091ae9a463c19ce6f5d7f06222396e3","canonicalSha256":"e489a6619089416a07dafbe5458d1a80b091ae9a463c19ce6f5d7f06222396e3","astSha256":"399fdbc946f2b65bccf829f2044bffe0f294315152f3fa006420db39ed77709e"},{"name":"qualified-reference","sourceSha256":"4625ce5e3b5d27210cfb937ae5b8bd8e9e951c7ebe1db337fff17c86ab903014","canonicalSha256":"4625ce5e3b5d27210cfb937ae5b8bd8e9e951c7ebe1db337fff17c86ab903014","astSha256":"abee3c03565d5cd5f6753863cfce56ac43d3d08180bd573493ac853858205fec"}],"supported":[{"name":"newline-commands-and-imports","sourceSha256":"fd60bb2a6b7ec98bbc3c688ed596457bf4dfd3d50decc2bb7cfd434eae68a594","canonicalSha256":"f77423e10c51de85dc3a462d18291c95fff21307dc50968a741cf0fa8f341730","astSha256":"c943bcbfd010fee88113e04c8cc5642b6556f33e4ccdbaa87d23ec7404d5c8cf"},{"name":"one-typed-comma-parameter-group","sourceSha256":"3ecd3a8e2a16f6c6e30ba46aa166160343c26780aad4b1af5032fe47d7dd5b02","canonicalSha256":"1332ca9ef9118e449d01d37a30cda69fe86f95524170d4f2cab9e2a7ca2b5f69","astSha256":"2412e8c6a3268010d3634a91ef8700e919e13eeaac8c9a7f2a9899a98bce7f92"},{"name":"nonexplicit-prefix-before-typed-group","sourceSha256":"638bed291adc4c9d514663eeadcce60c55c1be2b56c18ba8920074d38a5f5ca9","canonicalSha256":"55730ef2f7d52e12dbbba588beb5c8009cf95967fa5ff4e9f54dff6300bc435c","astSha256":"9946744349590f7cb0941f602e7299727d3f7683e8e5bb728d1a3ffc917a3435"},{"name":"dependent-typed-parameter","sourceSha256":"b592f74c83d232d37b78c26c6b0359be32db959c506c28e415dd8804eddb82c9","canonicalSha256":"749624ef8ddef8f2ace55a6d53ab755c7c9436f0c7047060d4832dcaab8f684d","astSha256":"7a5bcc95f5f54dcf6c1d179f27f521c9511a756b0edc02a0a4a8b8451fbf34a5"},{"name":"grouped-callee-in-binder-type","sourceSha256":"0cba60cbdac94811bb31c7f41234c5c2f31fa56f6e2bf548a4758f4ff5e94c34","canonicalSha256":"3cc4ba4260120a67108b5ccd818bd06441198778b861a61ee60c5a162ed48ee7","astSha256":"ccc036d13b6fc574594a7faec074e88e0c96205c45fb87bf4708b9f92eb5cf1a"},{"name":"typed-parenthesized-lambda-callback","sourceSha256":"da74024eeb13aa39fa97e7bb8db1572cc671a54623172b18a31a7d45a23e234e","canonicalSha256":"da74024eeb13aa39fa97e7bb8db1572cc671a54623172b18a31a7d45a23e234e","astSha256":"74cee3ffa1a3e2b193ece540e47e878d4a51a5a97b8bf5f9460e03f991499e28"},{"name":"typed-lambda-native-callback","sourceSha256":"06be49c496dda24c14e7de3595eb60cde66b69f6e1845e17ce6eb9225ee6a79a","canonicalSha256":"27f6d7f3023e0b5189409ad7c12d8157520f213eed43b098843c8bfb8213cef1","astSha256":"be4a3ff5986dcbe6b24dfe7d991f7410ea6cd3100895e36342d33d4cbf456101"},{"name":"grouped-lambda-callee","sourceSha256":"754e5a9878262d8cd78b3722113d7196941a041632e86e14a16892a7d685d1dc","canonicalSha256":"754e5a9878262d8cd78b3722113d7196941a041632e86e14a16892a7d685d1dc","astSha256":"2d8951b6620de5291203389305c266701c12d1b6948a037706456ad027ca1982"},{"name":"braced-single-term-definition","sourceSha256":"015b0e61aa85bc804fb3332977b4dd27a77fb530858c321a0cfc197fef3b1d31","canonicalSha256":"0fb72935a1a20452c4d6d5dd08472c2350076e4582def83e610da089a5d830d7","astSha256":"10e7b1afc27cfb75c54d3d48d36d646fa046213afe64fc02a9dee71c79e004fb"},{"name":"let-newline-sequence","sourceSha256":"5c229b52e2e02b7c1184cd55344f074f2d833df5420e8c7278b122b72867a015","canonicalSha256":"2c3342f329c69134569bf12f50de47efad4a0bed45f4b44e52a3a2f2aad5b078","astSha256":"ad0c8bc536cc46460758925bcb80107334d0cc8f14e164558a8e6f89977919e6"},{"name":"typed-let-within-match","sourceSha256":"77e9695e6b8f768dcf6617f028b5f038ae086d26ec5f73873cb19cb3e4f0389b","canonicalSha256":"929d28bb5d09235f30b177b991290926dbffa5a886a8a414594dd3613329a4d2","astSha256":"813fb0bc473ae45fe44d510994f59bfbaad775ab49b1bad917656cc2d4770b83"},{"name":"if-braced-branches","sourceSha256":"9432486c92ff5d92417535772eef099c8f79831ec95969b191e37e3f38edefb9","canonicalSha256":"9432486c92ff5d92417535772eef099c8f79831ec95969b191e37e3f38edefb9","astSha256":"eb1f41454b02d559ca1893f3c10eab4fd4cdfd0c7c2a197843eb8d80f0e229ea"},{"name":"constructor-unified-parameter-groups","sourceSha256":"6c0de53e9ed2e54e2cdb92a9fc2af24c9b8d12c0a2ad1d90749613047d1cbe94","canonicalSha256":"6c0de53e9ed2e54e2cdb92a9fc2af24c9b8d12c0a2ad1d90749613047d1cbe94","astSha256":"023b7640c06be7905f5c05dd3777be7a3688b45c566803b5da65d6cc8184964a"},{"name":"newline-structure-fields-and-comma-record","sourceSha256":"f365e37a53feda5013d8847795a6ac3cef6c50d7b51ada8776f56ab3fc617255","canonicalSha256":"84b2ea2ebc483d8a7ce9b42de07c912f7e69fe6e26e6bb73544107279173a409","astSha256":"2ec44c33001d10dc6771b1196b1efe135eeecce2e696006a9b16b88e4dcd0288"},{"name":"record-in-definition-wrapper","sourceSha256":"1e31354e511c474d5b13484d61c5b35b8c5988b9e4d9ab3bf556d57b639730cb","canonicalSha256":"1db3cfe2be2e1e59dcc002cb8676f21117abeedd8cf87a0a5a2c23b4e9ee853b","astSha256":"cc485dc4c9ba9331a5e522189e2ff664eced895381510e0a8fd121c9397628e6"},{"name":"empty-record-body","sourceSha256":"2d915f3e6496742778689beb1a7936db0dc3caa0b32fe19f149ca9bd785a460c","canonicalSha256":"674eed3f751282a56b6f408fa52b179669e15697998264cc1dcc4c03cee13088","astSha256":"704be5b86c5f52d50c525d77e057f62ae5c32d03524bd9c2187c280cf4e3f196"},{"name":"annotated-parameterless-const-alias","sourceSha256":"68c008144edf4b656a25f349c4f17c932f17b81c5dec37d9d40c1e687ecc19a3","canonicalSha256":"9356ae7071b023e7431e7c25a3767214ff91f505feb99ca247bf3a713214c46b","astSha256":"8aaf056dfa425cc36847543b64b09c7c1556889819202dd2302d9b7a4a8f8e2c"},{"name":"annotated-positive-arity-function-alias","sourceSha256":"4814b1da35d15c961851696d68b9c034568b7e65b1e451e820ad41f195aee31d","canonicalSha256":"1332ca9ef9118e449d01d37a30cda69fe86f95524170d4f2cab9e2a7ca2b5f69","astSha256":"2412e8c6a3268010d3634a91ef8700e919e13eeaac8c9a7f2a9899a98bce7f92"},{"name":"base-partial-and-typed-theorem","sourceSha256":"7b34f3d6e0c5fff27b8dc18f912c53471c0c29a76209ac12e9893ce07a1523da","canonicalSha256":"eb014365691755c2406f1f359f038851edaa77f350e12e1a29675731a5fb24a4","astSha256":"ad0e881aee7ee166a80b7f51d8654c220c64ad0beefc99f3fc31e90bce68e7ce"},{"name":"literal-round-trips","sourceSha256":"7856e6a689cf2e539601ec8923e079b46a85b1665b64575455cf054cae4f0e86","canonicalSha256":"d9bc634d1cb8d1aedfeb525974b3917191f09d72b7d6a06190f105c188918bbe","astSha256":"e642ee866f44f931764c473f4a34798f251286b0c24114f12fc05aee6daef8c4"},{"name":"nested-comment-native-gap","sourceSha256":"8a9bf86c4ee94b9914cd3fa70cff7e404d68706a0273c8390727bd9c5340380a","canonicalSha256":"bc8c78b1a1e515d22331cb55282b03c66352ec930f37b1d275c514566f9706bb","astSha256":"213bdc2688ad69b8c2eaab483b5124c4c06a782c173cfa24ae86575dd67292d2"},{"name":"indented-native-continuation","sourceSha256":"c779f14ee662874d38dee39ceda60943ec4c9eef2a234ee3fcdbc235c6f054ea","canonicalSha256":"bc8c78b1a1e515d22331cb55282b03c66352ec930f37b1d275c514566f9706bb","astSha256":"213bdc2688ad69b8c2eaab483b5124c4c06a782c173cfa24ae86575dd67292d2"}],"refusals":[{"name":"semicolon-after-import","diagnosticTags":["proofScriptFrontend","parse","expectedText"],"diagnosticSha256":"1c6b0620fde8bd6b51e3cd4bb24960815855ea14bc5944d270808abf03b34df1","sourceSha256":"10ccffe67e5211cacf3eaeb7244774cf92129e7108a373ab9f25fdc1638200ae"},{"name":"semicolon-after-definition","diagnosticTags":["proofScriptFrontend","parse","expectedText"],"diagnosticSha256":"1c6b0620fde8bd6b51e3cd4bb24960815855ea14bc5944d270808abf03b34df1","sourceSha256":"3aa05132f8464f41259554e4ebd9c56ec1dd757cfdbd6fda484461a7ae215312"},{"name":"semicolon-let-sequence","diagnosticTags":["proofScriptFrontend","parse","expectedText"],"diagnosticSha256":"fdbf20c4a33f89b35cb4a21abbbc4c81e7ab23179910bc7637200087c806818a","sourceSha256":"80a402672d2bc6c73c9b80bcb3824526c92351df40220436f8ee614b40446c3e"},{"name":"semicolon-structure-field","diagnosticTags":["proofScriptFrontend","parse","expectedText"],"diagnosticSha256":"2351efeafb5381633cf5dd6be967d7ab779b40bab69ba6ca84f5d1de6fd73c27","sourceSha256":"7a488ae8ffc4700920b71c1030284457d4a67a2e66fe4b6955974f6b9759ffb8"},{"name":"semicolon-constructor","diagnosticTags":["proofScriptFrontend","parse","expectedText"],"diagnosticSha256":"e970ae8658a8bc2cc1c8fe75cdf3a69641961659bc02e45f84918262ee9fb0c2","sourceSha256":"cf62f4a663de528f6f448d009bc73410de3555056e4f2585fdfb79dcfad5ae41"},{"name":"semicolon-match-alternative","diagnosticTags":["proofScriptFrontend","parse","expectedText"],"diagnosticSha256":"332ee9d339732ef88a821fef00b63e657f87ec9022248bbfccbfec4916dba695","sourceSha256":"9a3e437af527f3756b4996575ea2cdb2b4d3a7380bb754d2fb05a341fdb83037"},{"name":"same-line-commands","diagnosticTags":["proofScriptFrontend","parse","expectedText"],"diagnosticSha256":"ea8c2bd84c06e5f1ad98e625103bca83eab29e2c7eb5661676282cd1857c4587","sourceSha256":"8aafcab756f2a79b788d25ed15e15f63e99fae8cc76613111fe46b3532105d13"},{"name":"same-line-structure-fields","diagnosticTags":["proofScriptFrontend","parse","expectedText"],"diagnosticSha256":"b6052c12cd1a39feab85556b560f6a7646446ebb69db5d5ba0314eda6cc0e8ab","sourceSha256":"af2371f648c386ef783dbf8d53bc0de1b2a7d2b2bbd9e49f387569c3a3875967"},{"name":"comma-structure-fields","diagnosticTags":["proofScriptFrontend","parse","expectedText"],"diagnosticSha256":"fae6df4203d078506cc0d25b175ed7c8bd94067260f6e7bb6d9db2ce254ac8c2","sourceSha256":"d895dd725f421d0d31a23f3b2c6007e889c66cc924de01fae1f0d11b6c002534"},{"name":"newline-only-record-fields","diagnosticTags":["proofScriptFrontend","parse","expectedText"],"diagnosticSha256":"ce777226c53346ddd41b4afb297e582f24d8b80ee7583ca136c29ca79ea20e42","sourceSha256":"0b2ab9f7a4333c1a1156cfbc1fd4956afef43825a959f2e2231a882f7d803efb"},{"name":"repeated-declaration-groups","diagnosticTags":["proofScriptFrontend","parse","expectedText"],"diagnosticSha256":"0d10536991c67482e39c3dbe6bc5eac1cf41f091134bfa62dd3371e2f6143df9","sourceSha256":"0071cd2735b8eb03b3e944c78bf9dfbdfae1f320ff7e0c123709b8bac9feed7d"},{"name":"repeated-constructor-groups","diagnosticTags":["proofScriptFrontend","parse","expectedText"],"diagnosticSha256":"b30b61e78a4ed6b5fd299a753de6ed176bccf36c5d21c3f4b229466083e8e0aa","sourceSha256":"8d8e31f431b057ff8e6cc360da955dcf2483671f699ea839f00352027ad9687c"},{"name":"nonexplicit-binder-after-explicit-group","diagnosticTags":["proofScriptFrontend","parse","expectedText"],"diagnosticSha256":"9de1fab3ab76e859a444def976f0fb07683e63ace0c2852abfe38a580e921c2f","sourceSha256":"ed1aa9b93e732e108f095b0772b9a0fccb6886ab4b85dd19aa766c1349b432da"},{"name":"empty-def-parameter-group","diagnosticTags":["proofScriptFrontend","parse","expectedText"],"diagnosticSha256":"c00789155c4347812c966a8c167b4d3bf5f10da534de7d33619219e51d965938","sourceSha256":"94b4084a8ded9ff3bd7b4668593fe91ddeca361631387a1c72ec2e6bf7481553"},{"name":"empty-function-parameter-group","diagnosticTags":["proofScriptFrontend","parse","expectedText"],"diagnosticSha256":"1484f8b40e4f26700148d3da6019e00eca9bd4dc71641acaf3793bc2aaeb8af7","sourceSha256":"e52b4c9810059d9fac4b7e234f6d3488302006860ec2cdd1a6bda3f2b2048403"},{"name":"function-without-explicit-parameters","diagnosticTags":["proofScriptFrontend","parse","expectedText"],"diagnosticSha256":"8c768ad8cd50d630823716ae81d4e7f4319645363d8936379fac5b89b4e49f0a","sourceSha256":"46085c8854f12b0ce475d1d256aad2de4a4be4a8d91437a0daee958ff67b598f"},{"name":"const-with-parameters","diagnosticTags":["proofScriptFrontend","parse","expectedText"],"diagnosticSha256":"576cfe3bf660a418365ceb1414d729a054806028155217872eb86c187c2d3c84","sourceSha256":"f9ef6f78078e5840e46445d270f1679374a5a5b7564610d06bd180c5d4b07833"},{"name":"omitted-result-annotation","diagnosticTags":["proofScriptFrontend","parse","expectedText"],"diagnosticSha256":"e528c290360965627b024479dd9ace22402e992378ec445307b93654d383f221","sourceSha256":"eda43a39d1c19022d1df6622b4f0d912c1f729c7d95e680b8a04471509217c18"},{"name":"omitted-parameter-annotation","diagnosticTags":["proofScriptFrontend","parse","expectedText"],"diagnosticSha256":"6410e029ab8afa51569acdce6234747e915e0bff3651949dd4b7c600f8cdced0","sourceSha256":"145149e34d2c0aca6c4ff4922bc8cbf1aed5033a3da4f7a0fd56b275c1e727b9"},{"name":"default-parameter","diagnosticTags":["proofScriptFrontend","parse","expectedText"],"diagnosticSha256":"d75030b75f6da4e508bbf62e1e28407be553ad66134bc31e1fe9f976daa07eee","sourceSha256":"b7a4faa699c08ad19dbcd1598de27f3ed189110a316e65d2c75ef8e999561549"},{"name":"named-call-argument","diagnosticTags":["proofScriptFrontend","parse","expectedText"],"diagnosticSha256":"800375638a5ea65271501e1edc34118fcfe75619201c2c4ddc2bbde4d6971feb","sourceSha256":"1bd04fef17d16c91bf2c4455b785972f61dde6e48c947978827ad78e075635e8"},{"name":"untyped-lambda","diagnosticTags":["proofScriptFrontend","parse","expectedText"],"diagnosticSha256":"3c7c1369c8a8a395c95a6c4571433e7aff418ef78252c935d16958a5ec91955f","sourceSha256":"9693d88b01005aee0c31f86866cde6e4a65a5bda2cf72f217c406c2faff1d8cf"},{"name":"do-block-not-enabled","diagnosticTags":["proofScriptFrontend","parse","expectedText"],"diagnosticSha256":"a1ecbc38912ac243657212ab405448af3ca648177813dbdfda995fe0359cb815","sourceSha256":"a4f7f95151abe6a6b320cfcf4559e2ade72a637ea376d51e52287070dc6c6c06"},{"name":"tuple-not-enabled","diagnosticTags":["proofScriptFrontend","parse","expectedText"],"diagnosticSha256":"03270fd882238714bacec132e403c2dec2fc59595827e13fc22ee86a0e0e9eea","sourceSha256":"067951c834a0172babaa972d6c0f3ae098416876a29e4f5f4c02c6689031c106"},{"name":"spaced-parentheses-are-not-argument-group","diagnosticTags":["proofScriptFrontend","parse","expectedText"],"diagnosticSha256":"8901797fcebef5998760ef42a716c9cfe48ea1a2ea6f0b7b4708817dc27eb1b0","sourceSha256":"784a03237f62008899c2a2cad93e9005a990d0da18b6843204ebd884f8986a2f"},{"name":"comment-gap-is-not-call-adjacency","diagnosticTags":["proofScriptFrontend","parse","expectedText"],"diagnosticSha256":"3d61641e73ea8fc9515c134d37d1c22a01789a9822b6fb23e072984b55c94137","sourceSha256":"a919ff9af43dea67b5c0c827ba0851c8653af1eb00be6b25e1565f432b49ac1d"},{"name":"unindented-native-continuation","diagnosticTags":["proofScriptFrontend","parse","expectedText"],"diagnosticSha256":"4dfd7a6aa5455aba0d9202d089d24a4c0697f8c556b2f816c70056155308868e","sourceSha256":"2fcbf6da0fddcf9d97efc626977cc883496ec039711011fabb5a2c9e00d270b5"},{"name":"newline-in-comment-changes-layout","diagnosticTags":["proofScriptFrontend","parse","expectedText"],"diagnosticSha256":"1c4c2dc40edfecfdbcea12eb63fb7c8869ef9def54afcb90616e834679201d74","sourceSha256":"bd675dcf1b2be608efeb15b9039eb5aa6582ed72f7e8ce6774f17d804c12b2f0"},{"name":"qualified-declaration-name","diagnosticTags":["proofScriptFrontend","parse","expectedText"],"diagnosticSha256":"9b44addc28f5111b350aaef059b3f408ca65a942b7941ddd52b0ad371fe80991","sourceSha256":"9e5da97925d7ff59cecdab3311c2775b3ed81fd2e858b76cb0c3410a4e30846a"},{"name":"arbitrary-result-projection-not-enabled","diagnosticTags":["proofScriptFrontend","parse","expectedText"],"diagnosticSha256":"571719b179cf2551bdfda9714a7c0f1c089c2f1d846a9e78c0117db2bbfde4ed","sourceSha256":"7b6ef22f3b62d506eecc98544f25875dc59436c0662064de80105551aa21c688"},{"name":"where-block-not-enabled","diagnosticTags":["proofScriptFrontend","parse","expectedText"],"diagnosticSha256":"c2e765d35da0c90e9f7c62dcfb67ee2926a2a1da90a35ecc37e6aa8256c1c59a","sourceSha256":"ace0222fde83e958d0b66fddc28b59bc0bbed902f3def2f298b6fcf55a04777f"},{"name":"contract-not-enabled","diagnosticTags":["proofScriptFrontend","parse","expectedText"],"diagnosticSha256":"b591d0488ecf25f12fa93e53af283702d518933298659bb9a362b363d923dd74","sourceSha256":"ceb8872e7a9a834ad682c3f8ad5e9b98679ea8a7b3850b8721a32f5434f3fe61"},{"name":"axiom-not-enabled","diagnosticTags":["proofScriptFrontend","parse","expectedText"],"diagnosticSha256":"2f33a9964f7409a0de4c3e12e455b41bb3b096bbf241f61aa048a37efceb9d41","sourceSha256":"0cb3e60c59632cf1d360c07cc102c958163129b653989e9b13847ead184ca531"},{"name":"namespace-not-enabled","diagnosticTags":["proofScriptFrontend","parse","expectedText"],"diagnosticSha256":"a2c09f9e5e489c61675b26b19dff9d3eec2729dc68e1dd14618c22dc27f00efd","sourceSha256":"8a9e96b795dd49f3ec635ab6e2a0ef51ad22cadbf77a0c4f82250e50f1ef53b3"},{"name":"unconsumed-final-token","diagnosticTags":["proofScriptFrontend","parse","expectedText"],"diagnosticSha256":"cd2d31fae61904448b4b3ce1a93780089e2821e461db961e528d4ee50b4479e5","sourceSha256":"e4be9b177db8a1897b81015e837f8ea7b3ef30bba633fe810071cfbc42425733"}],"lexical":{"positions":[{"name":"ascii-lf","sourceSha256":"048bdb120482d9f665f5a6b805518c709dcce14c88123ef2e1d5d902315a3b71","first":{"byteOffset":"0","column":"1","line":"1"},"second":{"byteOffset":"23","column":"3","line":"2"},"end":{"byteOffset":"45","column":"1","line":"3"}},{"name":"leading-bom-crlf-utf8","sourceSha256":"e525f1731310e93188b5283afa0c194b90e971ad154f8148d186d76d7b210c40","first":{"byteOffset":"3","column":"1","line":"1"},"second":{"byteOffset":"33","column":"3","line":"2"},"end":{"byteOffset":"56","column":"1","line":"3"}}],"commentAndLiteralWhitespace":{"sourceSha256":"2eaea3da81513febd16ee8cc59fc90d129b4dccdf7d440f293c17d883c7eae07","result":"accepted"},"refusals":[{"name":"tab-outside-comment-or-literal","diagnosticTags":["invalidSource"],"diagnosticSha256":"e007f756f0a0b258b72804bd411b5899ea40cb27908d01a08a09dc05ce6d645a","sourceSha256":"403125a12162531b462f3d598dc67b8bf3594cf50129e078c7a1cd8473e93976","start":{"byteOffset":"3","column":"4","line":"1"}},{"name":"lone-cr-outside-comment-or-literal","diagnosticTags":["invalidSource"],"diagnosticSha256":"91deac8839328d327f727357f1f17707875ee0439c7b34bf8405a396f10f47fa","sourceSha256":"4ab7d0d986cd2f3f78d017fdf0e9ce14dc43bc24b29685ddbb41f53ed55cc828","start":{"byteOffset":"20","column":"21","line":"1"}},{"name":"lone-cr-at-end","diagnosticTags":["invalidSource"],"diagnosticSha256":"91deac8839328d327f727357f1f17707875ee0439c7b34bf8405a396f10f47fa","sourceSha256":"b2f0dde623cb52d31d8e9fbd57e94993aa3350dc361cb84a514c31b2b537e469","start":{"byteOffset":"20","column":"21","line":"1"}},{"name":"repeated-bom","diagnosticTags":["invalidSource"],"diagnosticSha256":"108f5f284aad112b993786ba58877e21e3f58c9706832d0b220033d79429bfc7","sourceSha256":"c45cf6ed17dc22367a525aa7b9dfb64123dfffed057a0dd929e643e3c66f4097","start":{"byteOffset":"3","column":"1","line":"1"}},{"name":"nonleading-bom","diagnosticTags":["invalidSource"],"diagnosticSha256":"c77e868075cbd6aa2ba0df53e7ac4b9f30d3b758610203ad55029998fe91e3dd","sourceSha256":"9c044b305024b33973eac12fa958d0bd7f2b714f045c7a9d1a7b45d950713ab1","start":{"byteOffset":"1","column":"2","line":"1"}}],"rawUtf8ByteValidation":"host input boundary; not exercised by the String API"},"emptyCallMeaning":{"explicitUnit":{"sourceSha256":"3deb421ef5bf5ee74f5567b076ccf735725ef2540dc5b66ff2e721cd9b99ccef","preparation":"accepted"},"automaticOrDefaultCompletion":"explicitly refused","refusals":[{"name":"empty-call-completion-not-enabled","diagnosticTags":["elaboration","emptyCallUnsupported"],"diagnosticSha256":"a2c5d8b2ab5c27f595f7cc88981a0562dc01c45b6b830ae04b1698f3d39bdada","sourceSha256":"7c35bf45cb80a30ba544bfb76cbcc5ca20628fc49d8698159fb66e6d6a087894"},{"name":"empty-call-preserved-under-native-application","diagnosticTags":["elaboration","emptyCallUnsupported"],"diagnosticSha256":"a2c5d8b2ab5c27f595f7cc88981a0562dc01c45b6b830ae04b1698f3d39bdada","sourceSha256":"13c6e1a44ede9f097246b5390b62f9235142166dbfe681ea94fdf651ef734dd8"},{"name":"grouped-empty-call-preserved-under-native-application","diagnosticTags":["elaboration","emptyCallUnsupported"],"diagnosticSha256":"a2c5d8b2ab5c27f595f7cc88981a0562dc01c45b6b830ae04b1698f3d39bdada","sourceSha256":"7bcc7476f908e6c70423ec8faf0dc789a5ed591dbfa7eeb0f88000635d87bed2"}]},"printerRefusal":{"name":"printer-refuses-binder-reordering","diagnosticTags":["translation","print","unsupportedSourceForm"],"diagnosticSha256":"245a77bdc941221718501cdc1507cc89eefc331f152e3fddcd275112bc932b32","sourceSha256":"18a152688b0077f322860309153dda8762b738423e3a6e5db0a480e64141428a"},"scope":{"finiteCorpus":true,"smallGrammarCasesUseProofScriptRoundTrips":true,"fullClosureRoundTrip":"separate optional N1 gate","fullStandardConformance":false,"fullPscvConformance":false,"kernelChecked":false}},"independentExpectedBehavior":["Nat accumulation","simultaneous state swapping","state before structural major","function results","erased stable proof binder","generic List at Nat and String","public partial application","existing worker correspondence","record projections through changing, fixed, shadowed, and nested local bases","new-only grammar aliases, typed callbacks, grouped callees, layout, records, and explicit Unit"],"provider":{"status":"not-attempted","kernelChecked":false}}
2026-10-09T11:52:00.0478519Z PSC0_SH1_ITERATION_CONFORMANCE: PASS (cold, warm, atomic products, compiler pin)
2026-10-09T11:52:03.8032012Z PSC0_SH1_FOUNDATION_CONFORMANCE: {"schemaVersion":1,"evidence":"bounded-foundation-source-correspondence","compilerSha256":"70db0131fa3af62f7193576407ad529be10df2f4296c712f53f7c31f42209061","executingCompiler":"Current native-generated compiler consumes both raw library sources.","referenceSourceRef":"37f63c39d4a07189938046c64152bba25d789450","referenceGitBlob":"faf906bd6e2f872887c87eb43c4ad90957da91fc","authoredProbeSha256":"633a4b0a85cc42533067e0f9b51e5b60d320c44709e5b3f65247b622d0faa819","publicTypes":{"comparison":"psExprAlphaEq including binder kinds and parameter order","names":["psListLength","psListIsEmpty","psListAny","psListReverseAcc","psListReverse","psListAppend","psListMap","psListMapExcept","psListTake","psListZip"],"result":"pass"},"behavior":"independent JS sequence expectations plus typed PSC partial-application probes","outputs":[{"source":"reference","sourceSha256":"e5293a49180f7f1354284b26a9bf10df27749a8e22e6646bdee62ad29a5a19a9","admissionsSha256":"ff0209355636e1a8e2e8014eb015820cb6fe298790ffc603c3051d53d4736975","typescriptSha256":"feb758050bf872101b86215bccc69796fb1be561f699c292a9c4e78cc517b24d","javascriptSha256":"8319709cfb0cd94184d012434e0aa731972ed5d597b2f1d23e38abc4e58aa3da","coverage":{"lists":15,"maxLength":3,"elementValues":["0","1"],"counts":[0,8],"observations":1666}},{"source":"current","sourceSha256":"0a73eb4dded33cd9fecf000996653746800ea5fb05956e46670a7d3579426680","admissionsSha256":"93e87b6a4e9437851cba82742215f9030ad178f2d7bbd006c7dc56589738e213","typescriptSha256":"74adb1283ad760b8241248ea0f5cf1a2d8253b48173518e1cbad2e9a3f60232f","javascriptSha256":"52c028c3c3f1529ecf9745e2201718e67099f4df3cd7e14bdcb3c322d5ea223e","coverage":{"lists":15,"maxLength":3,"elementValues":["0","1"],"counts":[0,8],"observations":1666}}],"kernelChecked":false,"exhaustiveForAllInputs":false}
2026-10-09T11:52:10.7901266Z PSC0_SH1_HELPER_CONFORMANCE: {"schemaVersion":1,"evidence":"bounded-compiler-helper-source-correspondence","compilerSha256":"70db0131fa3af62f7193576407ad529be10df2f4296c712f53f7c31f42209061","executingCompiler":"Current native-generated compiler consumes both raw helper source slices.","referenceSourceRef":"5e3338bf0f389d3704b49958debe496625593197","referenceGitBlob":"8b00617b9798b65696f03b3613b90888c97a07ba","currentSourceFiles":[{"path":"packages/elab/src/Ps/Elab/Term.lean","sha256":"deffd2b9b7e96c157679158189800aac7c727bf45b05d4cf6797b477d796b13b","referenceGitBlob":"6a2282248cbb01301e8eb1dad1476f1773b4e63a"},{"path":"packages/erasure/src/Ps/Erasure/Definition.lean","sha256":"5be081ca81c6e57d86e1e0f7c56e047609bfbcc0d877133455ce44fead9a8222","referenceGitBlob":"77f63f76daf5fd0c569545df8835fb94b6d554c9"}],"dependencies":[{"path":"packages/foundation/src/Ps/Foundation/Name.lean","sha256":"8d483f35ad8370305a76724e714a123d560a5e7670f20346336fe5ef5eca06e8"},{"path":"packages/core/src/Ps/Core/Level.lean","sha256":"453fcd9dd535f97e27daedb6d319ac0337eee12679aa0dc9ec2ac0ec1dd35af4"},{"path":"packages/core/src/Ps/Core/Expr.lean","sha256":"51bdffd893ab4148432c62e2af918a0798999fcab20cf2b3c633dddbb0d880a6"}],"authoredProbeSha256":"072e8ed62cf7ac65f60c9c7667eca536359fc478b8caf983187ae3ac4a826cf9","publicTypes":{"comparison":"psExprAlphaEq including binder kinds and parameter order","names":["psExprApplyManyWorker","psExprApplyMany","psExprAppViewAccWorker","psExprAppViewAcc","psExprAppView","psErasureAddUniqueStringWorker","psErasureAddUniqueString"],"result":"pass"},"behavior":"independent JS application-spine and finite name-candidate expectations; typed PSC partial application","sourceScope":"Exact helper declarations and real shared Name/Level/Expr modules; full compiler integration is qualified separately.","outputs":[{"source":"reference","sourceSha256":"1db8d3fa490d53d7cfc1d1dc03b052f291b7e5a44ecbed8bddcc8ae6101a5909","coverage":{"nonApplicationHeads":11,"argumentLists":7,"prefixes":2,"suffixes":2,"nameBases":3,"usedNameListsPerBase":7,"attempts":[0,7],"typedPartialApplications":true,"expressionObservations":1694,"stringObservations":504,"observations":2198},"admissionsSha256":"df755d172dd2030e6a15b65bed21c6fcd75dc6ed9399f2ce69702ae47d23ae5f","typescriptSha256":"77f0527c13090242a35b5f2958deedfc781bab9c0be55df7aabce33b01cafdf9","javascriptSha256":"44bb5546e928bfdc01113a12d62a1421cd82d8b3bf454d764993cabd50f35177"},{"source":"current","sourceSha256":"ee87db3455e2f1f8d439926cdb1802878c91d555dbf967921b795396701ce50b","coverage":{"nonApplicationHeads":11,"argumentLists":7,"prefixes":2,"suffixes":2,"nameBases":3,"usedNameListsPerBase":7,"attempts":[0,7],"typedPartialApplications":true,"expressionObservations":1694,"stringObservations":504,"observations":2198},"admissionsSha256":"fa98a6ac1bc4c7baccc5ce5b84ffe81a5eca75497d651290f3f3277af27b0576","typescriptSha256":"01fd21a4e9565ae78718169f5be7a5ff3eb6d5002fba598c7078bc3593ce240d","javascriptSha256":"b80ac0f3256ecefa075a9774ee8080142d79c76d6f2d1104a32b803cf358e258"}],"kernelChecked":false,"exhaustiveForAllInputs":false}
2026-10-09T11:52:10.9552172Z PSC0_SH1_NATIVE_CANDIDATE: {"schemaVersion":1,"evidence":"native-seeded-generated-compiler-candidate","sourceRef":"fe2560aba0f347b1caf8d000d371464642d44f23","sourceClosureSha256":"f96c811f575cae2be58ccca3ffe587ead83bffa6f8bd862d40936bef28ef3226","sourceKind":"raw-authoritative-lean","moduleCount":61,"nativeCompiler":{"binarySha256":"9f6516dad78d17435cac214d88d79d3c8a254bb3cd3bca279220bff000dfa484","path":".lake/build/bin/psc1","command":["build","packages/bootstrap/src/Ps/Bootstrap/SelfHost.lean","--out","/home/runner/work/pskernel/pskernel/psc0/dist/sh1/development/N1/index.js"],"buildContext":"CI builds the current native target with lake build psc1; binary and workspace identities are recorded separately."},"artifacts":{"javascriptSha256":"70db0131fa3af62f7193576407ad529be10df2f4296c712f53f7c31f42209061","typescriptSha256":"38fea23209f561efcab0c0111a2a15fa1e5761d33f31100fac8d6bfb1e032935"},"recipe":{"files":[{"path":"scripts/sh1-qualify.mjs","sha256":"37b3a9bca3c5dc599f13c61a1d7cb5219004d775e34bb240b5e17f58ad66d41a"},{"path":"scripts/sh1-capabilities.mjs","sha256":"29a45533419aee1b3e1ac4c0417ce690885748fa66620a158be924caeec01684"},{"path":"scripts/sh1-grammar-conformance.mjs","sha256":"65c4f90ff8f8b4d7436f623517a06839c18d70a7b1dfd62d60162ce86f21477e"},{"path":"scripts/sh1-projection-conformance.mjs","sha256":"44a9baad9f18a231e681b71dc696373ca15a4cdd8b252c31656f5f9b8404051f"},{"path":"scripts/sh1-successor-seed.mjs","sha256":"c65be03a65e0da19c99707319d41c4836f97f1addcb082bc4959946d1fa7e9f8"},{"path":"psconfig.json","sha256":"2c89c1e637f101e2c076644418ad3727af3bdff46b40adfcdbb5d1c1ee9d3984"},{"path":"test/fixtures/selfhost-sh1-accumulators.lean","sha256":"45d7948c21431670d89762f97a6679a371b37defbfcc9d15138639c5f926d9e6"},{"path":"test/fixtures/selfhost-sh1-accumulators.ps","sha256":"e0619554ac2384922ebe1739fa208114b08229118c6a995b7ee7ab2da9a28e65"},{"path":"scripts/proofscript-source.mjs","sha256":"98474e8d1d1629b93aec608ef7263e5c959f02703ca23a55a46327d1f43d9608"},{"path":"scripts/checked-source-snapshot.mjs","sha256":"1082b5e817a973a1eae0731543f7f6b419dfa13c574d051b845c11659be7134c"},{"path":"scripts/selfhost-source-workspace.mjs","sha256":"ec6707a4b12fa605cdcf7cdf1db829f281990fbb8c9b2dc5b9638d37e6fbb1f8"},{"path":"scripts/LeanCheckedSeed.lean","sha256":"f5af4cb73002682ab0e43f78a22d79c6d1006f5f4a0fd8b980c0a7bb3ac91ad1"},{"path":"scripts/typescript-cli.mjs","sha256":"6e25698d6bd0d1793f1eb77d5f66a127d46039a8ec773a67960d116e26e7a64a"},{"path":"scripts/check-typescript-profile.mjs","sha256":"a96dfd40691da9e9f3343f2a90af31406796449ff68a61f4dd5956a4edc44c17"},{"path":"scripts/workspace-layout.mjs","sha256":"f6d2b4d5f82e3d3c125c2d6131d625ca64b698ac10c03648c8914fbcbbdf75b1"},{"path":"scripts/generated-preparation-session.mjs","sha256":"96838acd33a35a84705c6116bbebc881e91e96188c75ce3170ca836a04ca71ad"},{"path":"scripts/original-ir-inventory.mjs","sha256":"bb11bea9a2c9a242fbbd0234078773b7a91a1c99697292e581cc56870000f47f"},{"path":"scripts/original-ir-carrier.mjs","sha256":"745f5920e4d6459e00af883bafeaf2ab169a1d3a3a5ebe60fe97d46b80ef9ed2"},{"path":"scripts/sh1-ir-checker-conformance.mjs","sha256":"fc6f436f430ada8d0caec75efe217c19db77289ab9d7a528142296ed2772936b"},{"path":"test/IrCheckerTests.lean","sha256":"36790248f17f147fe5958256c7cb9ed26f767c410c1319aeadf590d480e69f9d"},{"path":"scripts/sh1-source-snapshot.mjs","sha256":"b70d16e97265283fe7e0f7f581925797a7918d08fb3dffe4de27122d8510aae8"},{"path":"scripts/sh1-seed-manifest.mjs","sha256":"53d7dc1a894a02643f55bf611c955b55497f45f1bcf0d7af9e052e394469794f"},{"path":"scripts/sh1-iterate.mjs","sha256":"9ce539924c9c486a776ae078d491ddfe7e76ad6db7076559211137bec5c0a5b8"},{"path":"scripts/sh1-iteration-conformance.mjs","sha256":"bca0d33389be0bc716eb3c56d2696c547a9f02e0974e40c2205919bffb02dce4"},{"path":"scripts/sh1-foundation-conformance.mjs","sha256":"4bcb6ef9606e8527c47c2f736b56ae115df472e0ced8a5c9cfc1da88f633e383"},{"path":"test/fixtures/selfhost-sh1-foundation-reference.lean","sha256":"e5293a49180f7f1354284b26a9bf10df27749a8e22e6646bdee62ad29a5a19a9"},{"path":"test/fixtures/selfhost-sh1-foundation-probe.lean","sha256":"633a4b0a85cc42533067e0f9b51e5b60d320c44709e5b3f65247b622d0faa819"},{"path":"scripts/sh1-helper-conformance.mjs","sha256":"b239a2da5479711a47c7721ab9e98a7e6ec88437f43f9e262dece8664779a83d"},{"path":"test/fixtures/selfhost-sh1-helpers-reference.lean","sha256":"1db8d3fa490d53d7cfc1d1dc03b052f291b7e5a44ecbed8bddcc8ae6101a5909"},{"path":"test/fixtures/selfhost-sh1-helpers-probe.lean","sha256":"072e8ed62cf7ac65f60c9c7667eca536359fc478b8caf983187ae3ac4a826cf9"},{"path":"scripts/sh1-generic-erasure-conformance.mjs","sha256":"7e86809c9bd8d7bae33c30f0870abd19b3f98e26bcebc6d5f0561ce23c5341ca"},{"path":"test/fixtures/selfhost-sh1-generic-erasure.lean","sha256":"574fc4874e0cd5561fcdd873c7942aa90cd77abaa66441c76b5e4f7c3755e4de"}],"sha256":"5e29ee890f5c08d3d3bfdfda4d060b20c03be14693feb0dcefbb457d6849eddb"},"toolchain":{"node":"v22.23.3","platform":"linux","architecture":"x64","lean":"Lean (version 4.34.0, x86_64-unknown-linux-gnu, commit 293d5d0c0c3f3dded4688b3ccd6a33939ac5102b, Release)","leanGitHash":"293d5d0c0c3f3dded4688b3ccd6a33939ac5102b","typescript":"Version 7.0.2"},"typescriptProfile":{"version":"7.0.2","purpose":"current-emission","arguments":["--ignoreConfig"]},"candidateClaim":"Native PSC frontend consumes raw current compiler source; generated current compiler executes the raw language and iteration corpus.","selectedSeedBootstrapProven":false,"currentSourceFixedPointProven":false,"sourceGrammar":{"edition":"ps-0.9-r3","mode":"new-only","support":"bounded-selfhost-subset","referenceSha256":"4c02626fd0b991e8526c64b65f4ffb66b9ce7b688298e82fb0309802a263db71","fullStandardConformance":false,"fullPscvConformance":false},"canonicalSourceCorrespondence":{"report":"grammar-closure.json","reportSha256":"183d4a9696db8ba4b54754323e8e13b9d4919bd4860f68413642c5c221f46b5e","moduleCount":61},"runtimeIrTyping":{"nativeCurrentSource":{"report":"ir-checker-native/receipt.json","schemaVersion":1,"kind":"psc0-native-original-ir-check","accepted":true,"traversalComplete":true,"visitedSteps":725484,"expressionCount":56391,"findingCount":0,"retainedFindingCount":0,"omittedFindingDetails":0,"strictSh1Qualified":false,"reportPath":"/home/runner/work/pskernel/pskernel/psc0/dist/sh1/development/N1/ir-checker-native/checked-current-source.ts.ir-report.json"},"generatedConformance":{"report":"ir-checker/receipt.json","compilerSha256":"70db0131fa3af62f7193576407ad529be10df2f4296c712f53f7c31f42209061","negativeCases":36,"behavior":{"status":"pass","observations":59,"exhaustiveForAllInputs":false,"letScopeCases":[{"name":"shadowOldScope","observations":8},{"name":"shadowWrappedCall","observations":8},{"name":"shadowClosure","observations":8},{"name":"shadowNestedTail","observations":5}]}},"generatedFullCompilerIrChecked":false,"strictSh1Qualified":false},"provider":{"status":"not-attempted","kernelChecked":false},"timingsMs":{"total":291078.72825700004}}
2026-10-09T11:52:11.0432413Z ##[group]Run node scripts/check-typescript-profile.mjs --out dist/typescript-profile/full-compiler --source dist/sh1/development/N1/index.ts --historical-tsc /home/runner/work/_temp/psc0-typescript-5.8.3/node_modules/typescript/bin/tsc
2026-10-09T11:52:11.0433983Z [36;1mnode scripts/check-typescript-profile.mjs --out dist/typescript-profile/full-compiler --source dist/sh1/development/N1/index.ts --historical-tsc /home/runner/work/_temp/psc0-typescript-5.8.3/node_modules/typescript/bin/tsc[0m
2026-10-09T11:52:11.0474936Z shell: /usr/bin/bash -e {0}
2026-10-09T11:52:11.0475295Z env:
2026-10-09T11:52:11.0475715Z   PSC0_TSC: /home/runner/work/_temp/psc0-typescript-7.0.2/node_modules/typescript/bin/tsc
2026-10-09T11:52:11.0476198Z   PSC0_TYPESCRIPT_VERSION: 7.0.2
2026-10-09T11:52:11.0476525Z ##[endgroup]
2026-10-09T11:52:22.3480893Z PSC0_TYPESCRIPT_PROFILE: PASS {"mode":"same-source-comparison","report":"/home/runner/work/pskernel/pskernel/psc0/dist/typescript-profile/full-compiler/report.json","sourceSha256":"38fea23209f561efcab0c0111a2a15fa1e5761d33f31100fac8d6bfb1e032935","timings":[{"phase":"compile-historical","version":"5.8.3","elapsedMs":8391.102236},{"phase":"compile-current","version":"7.0.2","elapsedMs":2649.8136120000017}]}
2026-10-09T11:52:22.3557454Z ##[group]Run node scripts/sh1-qualify.mjs candidate --seed .selfhost-seeds/qualified/0dc33de63fee9800e3da68e54605a27d222306c55e4631496995efd066b2e2d9/index.js --out dist/sh1 --native .lake/build/bin/psc1
2026-10-09T11:52:22.3558787Z [36;1mnode scripts/sh1-qualify.mjs candidate --seed .selfhost-seeds/qualified/0dc33de63fee9800e3da68e54605a27d222306c55e4631496995efd066b2e2d9/index.js --out dist/sh1 --native .lake/build/bin/psc1[0m
2026-10-09T11:52:22.3598752Z shell: /usr/bin/bash -e {0}
2026-10-09T11:52:22.3599040Z env:
2026-10-09T11:52:22.3599423Z   PSC0_TSC: /home/runner/work/_temp/psc0-typescript-7.0.2/node_modules/typescript/bin/tsc
2026-10-09T11:52:22.3599854Z   PSC0_TYPESCRIPT_VERSION: 7.0.2
2026-10-09T11:52:22.3600114Z ##[endgroup]
2026-10-09T11:52:26.8163031Z PSC0_SH1_FOUNDATION_CONFORMANCE: {"schemaVersion":1,"evidence":"bounded-foundation-source-correspondence","compilerSha256":"9d8a91e890c779c6b377b8a482ae3e997a1630b360eb8d6e7c022b3964510096","executingCompiler":"Same verified selected authoring seed consumes both raw library sources.","referenceSourceRef":"37f63c39d4a07189938046c64152bba25d789450","referenceGitBlob":"faf906bd6e2f872887c87eb43c4ad90957da91fc","authoredProbeSha256":"633a4b0a85cc42533067e0f9b51e5b60d320c44709e5b3f65247b622d0faa819","publicTypes":{"comparison":"psExprAlphaEq including binder kinds and parameter order","names":["psListLength","psListIsEmpty","psListAny","psListReverseAcc","psListReverse","psListAppend","psListMap","psListMapExcept","psListTake","psListZip"],"result":"pass"},"behavior":"independent JS sequence expectations plus typed PSC partial-application probes","outputs":[{"source":"reference","sourceSha256":"e5293a49180f7f1354284b26a9bf10df27749a8e22e6646bdee62ad29a5a19a9","admissionsSha256":"ff0209355636e1a8e2e8014eb015820cb6fe298790ffc603c3051d53d4736975","typescriptSha256":"9050ca8f291bab29ccef25fe147c138ebf7cac5fb81fe01c49c16c4b8d874c25","javascriptSha256":"8319709cfb0cd94184d012434e0aa731972ed5d597b2f1d23e38abc4e58aa3da","coverage":{"lists":15,"maxLength":3,"elementValues":["0","1"],"counts":[0,8],"observations":1666}},{"source":"current","sourceSha256":"0a73eb4dded33cd9fecf000996653746800ea5fb05956e46670a7d3579426680","admissionsSha256":"93e87b6a4e9437851cba82742215f9030ad178f2d7bbd006c7dc56589738e213","typescriptSha256":"7c351a1f2015ae0e33a87c6faa27989570b94ac1889ef85aea1e3041647cc751","javascriptSha256":"52c028c3c3f1529ecf9745e2201718e67099f4df3cd7e14bdcb3c322d5ea223e","coverage":{"lists":15,"maxLength":3,"elementValues":["0","1"],"counts":[0,8],"observations":1666}}],"kernelChecked":false,"exhaustiveForAllInputs":false}
2026-10-09T11:52:33.7086784Z PSC0_SH1_HELPER_CONFORMANCE: {"schemaVersion":1,"evidence":"bounded-compiler-helper-source-correspondence","compilerSha256":"9d8a91e890c779c6b377b8a482ae3e997a1630b360eb8d6e7c022b3964510096","executingCompiler":"Same verified selected authoring seed consumes both raw helper source slices.","referenceSourceRef":"5e3338bf0f389d3704b49958debe496625593197","referenceGitBlob":"8b00617b9798b65696f03b3613b90888c97a07ba","currentSourceFiles":[{"path":"packages/elab/src/Ps/Elab/Term.lean","sha256":"deffd2b9b7e96c157679158189800aac7c727bf45b05d4cf6797b477d796b13b","referenceGitBlob":"6a2282248cbb01301e8eb1dad1476f1773b4e63a"},{"path":"packages/erasure/src/Ps/Erasure/Definition.lean","sha256":"5be081ca81c6e57d86e1e0f7c56e047609bfbcc0d877133455ce44fead9a8222","referenceGitBlob":"77f63f76daf5fd0c569545df8835fb94b6d554c9"}],"dependencies":[{"path":"packages/foundation/src/Ps/Foundation/Name.lean","sha256":"8d483f35ad8370305a76724e714a123d560a5e7670f20346336fe5ef5eca06e8"},{"path":"packages/core/src/Ps/Core/Level.lean","sha256":"453fcd9dd535f97e27daedb6d319ac0337eee12679aa0dc9ec2ac0ec1dd35af4"},{"path":"packages/core/src/Ps/Core/Expr.lean","sha256":"51bdffd893ab4148432c62e2af918a0798999fcab20cf2b3c633dddbb0d880a6"}],"authoredProbeSha256":"072e8ed62cf7ac65f60c9c7667eca536359fc478b8caf983187ae3ac4a826cf9","publicTypes":{"comparison":"psExprAlphaEq including binder kinds and parameter order","names":["psExprApplyManyWorker","psExprApplyMany","psExprAppViewAccWorker","psExprAppViewAcc","psExprAppView","psErasureAddUniqueStringWorker","psErasureAddUniqueString"],"result":"pass"},"behavior":"independent JS application-spine and finite name-candidate expectations; typed PSC partial application","sourceScope":"Exact helper declarations and real shared Name/Level/Expr modules; full compiler integration is qualified separately.","outputs":[{"source":"reference","sourceSha256":"1db8d3fa490d53d7cfc1d1dc03b052f291b7e5a44ecbed8bddcc8ae6101a5909","coverage":{"nonApplicationHeads":11,"argumentLists":7,"prefixes":2,"suffixes":2,"nameBases":3,"usedNameListsPerBase":7,"attempts":[0,7],"typedPartialApplications":true,"expressionObservations":1694,"stringObservations":504,"observations":2198},"admissionsSha256":"df755d172dd2030e6a15b65bed21c6fcd75dc6ed9399f2ce69702ae47d23ae5f","typescriptSha256":"77f0527c13090242a35b5f2958deedfc781bab9c0be55df7aabce33b01cafdf9","javascriptSha256":"44bb5546e928bfdc01113a12d62a1421cd82d8b3bf454d764993cabd50f35177"},{"source":"current","sourceSha256":"ee87db3455e2f1f8d439926cdb1802878c91d555dbf967921b795396701ce50b","coverage":{"nonApplicationHeads":11,"argumentLists":7,"prefixes":2,"suffixes":2,"nameBases":3,"usedNameListsPerBase":7,"attempts":[0,7],"typedPartialApplications":true,"expressionObservations":1694,"stringObservations":504,"observations":2198},"admissionsSha256":"fa98a6ac1bc4c7baccc5ce5b84ffe81a5eca75497d651290f3f3277af27b0576","typescriptSha256":"01fd21a4e9565ae78718169f5be7a5ff3eb6d5002fba598c7078bc3593ce240d","javascriptSha256":"b80ac0f3256ecefa075a9774ee8080142d79c76d6f2d1104a32b803cf358e258"}],"kernelChecked":false,"exhaustiveForAllInputs":false}
2026-10-09T12:10:39.0383647Z PSC0_SH1_GENERATION: {"schemaVersion":1,"executingCompilerSha256":"9d8a91e890c779c6b377b8a482ae3e997a1630b360eb8d6e7c022b3964510096","authoringSeed":{"kind":"previous-qualified-authoring-seed","sourceRef":"e91b9558d665879871b8bf0893915ae64b27c7fe","sourceClosureSha256":"7e18013c260de84b08d57e923aef184993b0c5fea4de4775a68288a8ff9e157a","compilerSha256":"9d8a91e890c779c6b377b8a482ae3e997a1630b360eb8d6e7c022b3964510096","identitySha256":"0dc33de63fee9800e3da68e54605a27d222306c55e4631496995efd066b2e2d9","independentAlgorithm":false,"priorQualification":{"evidence":"compiler-qualified-current-source-fixed-point","sourceRef":"e91b9558d665879871b8bf0893915ae64b27c7fe","compilerSha256":"9d8a91e890c779c6b377b8a482ae3e997a1630b360eb8d6e7c022b3964510096","runId":37831951758,"artifactName":"psc0-sh1-e91b9558d665879871b8bf0893915ae64b27c7fe","claim":"Compiler-qualified seed; selected-provider acceptance is a separate receipt."},"producerToolchain":{"node":"v22.23.3","platform":"linux","architecture":"x64","lean":"Lean (version 4.34.0, x86_64-unknown-linux-gnu, commit 293d5d0c0c3f3dded4688b3ccd6a33939ac5102b, Release)","leanGitHash":"293d5d0c0c3f3dded4688b3ccd6a33939ac5102b","typescript":"Version 5.8.3"},"executionRuntime":{"node":"v22.23.3","platform":"linux","architecture":"x64","lean":"Lean (version 4.34.0, x86_64-unknown-linux-gnu, commit 293d5d0c0c3f3dded4688b3ccd6a33939ac5102b, Release)","leanGitHash":"293d5d0c0c3f3dded4688b3ccd6a33939ac5102b"}},"sourceRef":"fe2560aba0f347b1caf8d000d371464642d44f23","sourceClosureSha256":"f96c811f575cae2be58ccca3ffe587ead83bffa6f8bd862d40936bef28ef3226","moduleCount":61,"sourceBytes":1113918,"sourceKind":"raw-authoritative-lean","language":{"implementation":"PSC1","candidateCapability":"PSC0-SH/1 structural state generalization and parameter projections","canonicalSourceGrammar":{"mode":"immutable-authoring-seed-output","executingSourceRef":"e91b9558d665879871b8bf0893915ae64b27c7fe"}},"recipe":{"files":[{"path":"scripts/sh1-qualify.mjs","sha256":"37b3a9bca3c5dc599f13c61a1d7cb5219004d775e34bb240b5e17f58ad66d41a"},{"path":"scripts/sh1-capabilities.mjs","sha256":"29a45533419aee1b3e1ac4c0417ce690885748fa66620a158be924caeec01684"},{"path":"scripts/sh1-grammar-conformance.mjs","sha256":"65c4f90ff8f8b4d7436f623517a06839c18d70a7b1dfd62d60162ce86f21477e"},{"path":"scripts/sh1-projection-conformance.mjs","sha256":"44a9baad9f18a231e681b71dc696373ca15a4cdd8b252c31656f5f9b8404051f"},{"path":"scripts/sh1-successor-seed.mjs","sha256":"c65be03a65e0da19c99707319d41c4836f97f1addcb082bc4959946d1fa7e9f8"},{"path":"psconfig.json","sha256":"2c89c1e637f101e2c076644418ad3727af3bdff46b40adfcdbb5d1c1ee9d3984"},{"path":"test/fixtures/selfhost-sh1-accumulators.lean","sha256":"45d7948c21431670d89762f97a6679a371b37defbfcc9d15138639c5f926d9e6"},{"path":"test/fixtures/selfhost-sh1-accumulators.ps","sha256":"e0619554ac2384922ebe1739fa208114b08229118c6a995b7ee7ab2da9a28e65"},{"path":"scripts/proofscript-source.mjs","sha256":"98474e8d1d1629b93aec608ef7263e5c959f02703ca23a55a46327d1f43d9608"},{"path":"scripts/checked-source-snapshot.mjs","sha256":"1082b5e817a973a1eae0731543f7f6b419dfa13c574d051b845c11659be7134c"},{"path":"scripts/selfhost-source-workspace.mjs","sha256":"ec6707a4b12fa605cdcf7cdf1db829f281990fbb8c9b2dc5b9638d37e6fbb1f8"},{"path":"scripts/LeanCheckedSeed.lean","sha256":"f5af4cb73002682ab0e43f78a22d79c6d1006f5f4a0fd8b980c0a7bb3ac91ad1"},{"path":"scripts/typescript-cli.mjs","sha256":"6e25698d6bd0d1793f1eb77d5f66a127d46039a8ec773a67960d116e26e7a64a"},{"path":"scripts/check-typescript-profile.mjs","sha256":"a96dfd40691da9e9f3343f2a90af31406796449ff68a61f4dd5956a4edc44c17"},{"path":"scripts/workspace-layout.mjs","sha256":"f6d2b4d5f82e3d3c125c2d6131d625ca64b698ac10c03648c8914fbcbbdf75b1"},{"path":"scripts/generated-preparation-session.mjs","sha256":"96838acd33a35a84705c6116bbebc881e91e96188c75ce3170ca836a04ca71ad"},{"path":"scripts/original-ir-inventory.mjs","sha256":"bb11bea9a2c9a242fbbd0234078773b7a91a1c99697292e581cc56870000f47f"},{"path":"scripts/original-ir-carrier.mjs","sha256":"745f5920e4d6459e00af883bafeaf2ab169a1d3a3a5ebe60fe97d46b80ef9ed2"},{"path":"scripts/sh1-ir-checker-conformance.mjs","sha256":"fc6f436f430ada8d0caec75efe217c19db77289ab9d7a528142296ed2772936b"},{"path":"test/IrCheckerTests.lean","sha256":"36790248f17f147fe5958256c7cb9ed26f767c410c1319aeadf590d480e69f9d"},{"path":"scripts/sh1-source-snapshot.mjs","sha256":"b70d16e97265283fe7e0f7f581925797a7918d08fb3dffe4de27122d8510aae8"},{"path":"scripts/sh1-seed-manifest.mjs","sha256":"53d7dc1a894a02643f55bf611c955b55497f45f1bcf0d7af9e052e394469794f"},{"path":"scripts/sh1-iterate.mjs","sha256":"9ce539924c9c486a776ae078d491ddfe7e76ad6db7076559211137bec5c0a5b8"},{"path":"scripts/sh1-iteration-conformance.mjs","sha256":"bca0d33389be0bc716eb3c56d2696c547a9f02e0974e40c2205919bffb02dce4"},{"path":"scripts/sh1-foundation-conformance.mjs","sha256":"4bcb6ef9606e8527c47c2f736b56ae115df472e0ced8a5c9cfc1da88f633e383"},{"path":"test/fixtures/selfhost-sh1-foundation-reference.lean","sha256":"e5293a49180f7f1354284b26a9bf10df27749a8e22e6646bdee62ad29a5a19a9"},{"path":"test/fixtures/selfhost-sh1-foundation-probe.lean","sha256":"633a4b0a85cc42533067e0f9b51e5b60d320c44709e5b3f65247b622d0faa819"},{"path":"scripts/sh1-helper-conformance.mjs","sha256":"b239a2da5479711a47c7721ab9e98a7e6ec88437f43f9e262dece8664779a83d"},{"path":"test/fixtures/selfhost-sh1-helpers-reference.lean","sha256":"1db8d3fa490d53d7cfc1d1dc03b052f291b7e5a44ecbed8bddcc8ae6101a5909"},{"path":"test/fixtures/selfhost-sh1-helpers-probe.lean","sha256":"072e8ed62cf7ac65f60c9c7667eca536359fc478b8caf983187ae3ac4a826cf9"},{"path":"scripts/sh1-generic-erasure-conformance.mjs","sha256":"7e86809c9bd8d7bae33c30f0870abd19b3f98e26bcebc6d5f0561ce23c5341ca"},{"path":"test/fixtures/selfhost-sh1-generic-erasure.lean","sha256":"574fc4874e0cd5561fcdd873c7942aa90cd77abaa66441c76b5e4f7c3755e4de"}],"sha256":"5e29ee890f5c08d3d3bfdfda4d060b20c03be14693feb0dcefbb457d6849eddb"},"toolchain":{"node":"v22.23.3","platform":"linux","architecture":"x64","lean":"Lean (version 4.34.0, x86_64-unknown-linux-gnu, commit 293d5d0c0c3f3dded4688b3ccd6a33939ac5102b, Release)","leanGitHash":"293d5d0c0c3f3dded4688b3ccd6a33939ac5102b","typescript":"Version 7.0.2"},"typescriptProfile":{"version":"7.0.2","purpose":"current-emission","arguments":["--ignoreConfig"]},"artifacts":{"canonicalSurfaceSourceSha256":"a6f286aa69415eb86a36d80b6a100f74b9b5e2e6854a5a65b25ec624ed3f88d2","normalizedCanonicalAdmissionsSha256":"200e5881d1554f72530a0395524ee28dd3a64a6bd45f55cddd4fad1336981bf0","typescriptSha256":"6bc6dbbce90a9ae1b2e76ce33bcefb430a4ee8405841e1c1ce15af6db8492954","javascriptSha256":"70db0131fa3af62f7193576407ad529be10df2f4296c712f53f7c31f42209061"},"preparation":{"schemaVersion":1,"kind":"psc0-preparation-session","evidence":"admission-ready","compilerSha256":"9d8a91e890c779c6b377b8a482ae3e997a1630b360eb8d6e7c022b3964510096","sourceKind":"lean","closureSha256":"07ceecb011cfffad090e30f560a2e81f264bea3a28e743949532b36fb3117538","moduleCount":61,"cache":{"prefixModules":0,"parseHits":0,"parseMisses":61,"parseEvictions":0,"parseUncachedModules":0,"preparedModules":61,"finishHit":false,"retainedParsedEntries":61,"retainedParsedSourceBytes":1110100,"retainedPrefixModules":61,"retainedPrefixSourceBytes":1110100,"maxParsedEntries":128,"maxParsedSourceBytes":8388608},"timingsMs":{"input":2.165487000000212,"parse":40749.81761899978,"prepare":528857.0869039999,"finish":105111.43886499992,"freeze":372.0008280000184,"total":675095.73287},"warmNoChange":{"schemaVersion":1,"kind":"psc0-preparation-session","evidence":"admission-ready","compilerSha256":"9d8a91e890c779c6b377b8a482ae3e997a1630b360eb8d6e7c022b3964510096","sourceKind":"lean","closureSha256":"07ceecb011cfffad090e30f560a2e81f264bea3a28e743949532b36fb3117538","moduleCount":61,"cache":{"prefixModules":61,"parseHits":0,"parseMisses":0,"parseEvictions":0,"parseUncachedModules":0,"preparedModules":0,"finishHit":true,"retainedParsedEntries":61,"retainedParsedSourceBytes":1110100,"retainedPrefixModules":61,"retainedPrefixSourceBytes":1110100,"maxParsedEntries":128,"maxParsedSourceBytes":8388608},"timingsMs":{"input":2.0056370000820607,"parse":0,"prepare":0,"finish":0,"freeze":0,"total":2.036312000011094}}},"originalIrInventory":{"report":"original-ir-inventory.json","traversalComplete":true,"findingCounts":{"call-arity-needs-expression-typing":262,"call-type-arity":19},"findingCount":null,"findingCountsCoverage":"legacy-inventory","portableChecker":{"status":"unavailable-at-explicit-seed-boundary","boundary":{"kind":"selected-authoring-seed","executingSourceRef":"e91b9558d665879871b8bf0893915ae64b27c7fe","executingCompilerSha256":"9d8a91e890c779c6b377b8a482ae3e997a1630b360eb8d6e7c022b3964510096","reason":"The explicitly pinned pre-checker Q may produce C1; current C1/C2/C3 checker consumers remain mandatory."}},"runtimeIrTypingAccepted":false,"sameOriginalIrCheckedBeforeEmission":false,"strictSh1Qualified":false},"timingsMs":{"loadAndPrepare":675252.480201,"admissions":104268.94442199997,"canonicalSurface":44201.93878600001,"emit":258312.066354,"tscAndWrite":3289.997376000043,"total":1085325.429543},"normalizationEvidence":"Elaborated worker representation is compared in canonical admissions; source comparison uses canonical surface syntax.","evidence":"candidate-build","provider":{"status":"not-attempted","kernelChecked":false}}
2026-10-09T12:10:39.9018789Z PSC0_SH1_SESSION_CONFORMANCE: PASS (recorded aggregate oracle; warm, prefix, body edit, failure recovery, frozen parse errors, source kind, fresh instance)
2026-10-09T12:10:41.7383657Z PSC0_SH1_IR_CHECKER: {"schemaVersion":1,"evidence":"portable-original-ir-checker-conformance","compilerSha256":"70db0131fa3af62f7193576407ad529be10df2f4296c712f53f7c31f42209061","acceptedFixture":{"schemaVersion":2,"kind":"psc0-original-ir-inventory","compilerSha256":"70db0131fa3af62f7193576407ad529be10df2f4296c712f53f7c31f42209061","status":"runtime-ir-types-accepted","strictSh1Qualified":false,"runtimeIrTypingAccepted":true,"traversalComplete":true,"visitedNodes":1898,"carrier":{"accepted":true,"traversalComplete":true,"visitedNodes":910},"counts":{"expressions":163},"findingCount":0,"findingCounts":{},"findingCountsCoverage":"all-findings","findings":[],"omittedFindingDetails":0,"portableChecker":{"status":"accepted","implementation":"Ps.CompilerIr.Check.psCheckVerifiedIrModule","options":{"maxSteps":5000000,"maxTypeSteps":65536,"maxFindings":1000}},"coverage":["Canonical own-namespace JS carriers before portable code","Portable module signatures, scoped type substitution and compositional expression typing","The host report serializes portable diagnostics without a second semantic checker"],"unqualifiedObligations":["Enabled primitive laws, text positions and bounds semantics beyond runtime typing","Erasure preservation, evaluation order and backend semantic correspondence","Import ABI qualification for unsupported external imports","Strict SH/1 profile activation and provider decisions remain separate"],"notes":["A capped diagnostics list does not cap the portable finding count.","Findings count failed checking obligations; a type operation reports its first failure, not every malformed descendant.","visitedNodes combines portable input preflight and dispatcher steps, each with its own maxSteps allowance.","Structural IR paths identify owners and expressions; they are not original source line numbers.","Runtime IR typing acceptance does not establish Core provider acceptance or strict SH/1."]},"artifacts":{"typescriptSha256":"15e78fc7c00dbabab8affd291cf541233c4a374c1fec319e92fa3360835e33b1","javascriptSha256":"894b55a8d96db8ca4013b6668c936f9663b250469458021fccffbc540dbbc0ba"},"behavior":{"status":"pass","observations":59,"exhaustiveForAllInputs":false,"letScopeCases":[{"name":"shadowOldScope","observations":8},{"name":"shadowWrappedCall","observations":8},{"name":"shadowClosure","observations":8},{"name":"shadowNestedTail","observations":5}]},"rejected":[{"name":"false-let-annotation","expectedCode":"type-mismatch","findingCount":1,"findingCounts":{"type-mismatch":1},"traversalComplete":true,"checkedEmitter":"rejected-before-emission"},{"name":"false-lambda-result","expectedCode":"type-mismatch","findingCount":1,"findingCounts":{"type-mismatch":1},"traversalComplete":true,"checkedEmitter":"rejected-before-emission"},{"name":"false-declaration-result","expectedCode":"type-mismatch","findingCount":1,"findingCounts":{"type-mismatch":1},"traversalComplete":true,"checkedEmitter":"rejected-before-emission"},{"name":"incompatible-if-branches","expectedCode":"type-mismatch","findingCount":1,"findingCounts":{"type-mismatch":1},"traversalComplete":true,"checkedEmitter":"rejected-before-emission"},{"name":"non-boolean-condition","expectedCode":"type-mismatch","findingCount":1,"findingCounts":{"type-mismatch":1},"traversalComplete":true,"checkedEmitter":"rejected-before-emission"},{"name":"flattened-function-grouping","expectedCode":"call-runtime-arity","findingCount":2,"findingCounts":{"call-runtime-arity":1,"type-mismatch":1},"traversalComplete":true,"checkedEmitter":"rejected-before-emission"},{"name":"false-function-group-annotation","expectedCode":"type-mismatch","findingCount":1,"findingCounts":{"type-mismatch":1},"traversalComplete":true,"checkedEmitter":"rejected-before-emission"},{"name":"global-literal-is-not-zero-argument-function","expectedCode":"non-function-callee","findingCount":1,"findingCounts":{"non-function-callee":1},"traversalComplete":true,"checkedEmitter":"rejected-before-emission"},{"name":"generic-arguments-missing","expectedCode":"call-type-arity","findingCount":1,"findingCounts":{"call-type-arity":1},"traversalComplete":true,"checkedEmitter":"rejected-before-emission"},{"name":"monomorphic-value-with-type-arguments","expectedCode":"call-type-arity","findingCount":1,"findingCounts":{"call-type-arity":1},"traversalComplete":true,"checkedEmitter":"rejected-before-emission"},{"name":"generic-scheme-escape","expectedCode":"generic-value-reference","findingCount":1,"findingCounts":{"generic-value-reference":1},"traversalComplete":true,"checkedEmitter":"rejected-before-emission"},{"name":"zero-runtime-generic-value","expectedCode":"generic-value-unsupported","findingCount":1,"findingCounts":{"generic-value-unsupported":1},"traversalComplete":true,"checkedEmitter":"rejected-before-emission"},{"name":"unknown-runtime-type","expectedCode":"unknown-type","findingCount":2,"findingCounts":{"unknown-type":2},"traversalComplete":true,"checkedEmitter":"rejected-before-emission"},{"name":"unscoped-type-parameter","expectedCode":"unbound-type-parameter","findingCount":2,"findingCounts":{"unbound-type-parameter":1,"type-mismatch":1},"traversalComplete":true,"checkedEmitter":"rejected-before-emission"},{"name":"named-type-arity","expectedCode":"named-type-arity","findingCount":1,"findingCounts":{"named-type-arity":1},"traversalComplete":true,"checkedEmitter":"rejected-before-emission"},{"name":"unresolved-variable","expectedCode":"unresolved-value-name","findingCount":1,"findingCounts":{"unresolved-value-name":1},"traversalComplete":true,"checkedEmitter":"rejected-before-emission"},{"name":"duplicate-runtime-binder","expectedCode":"duplicate-binder","findingCount":1,"findingCounts":{"duplicate-binder":1},"traversalComplete":true,"checkedEmitter":"rejected-before-emission"},{"name":"duplicate-type-binder","expectedCode":"duplicate-type-parameter","findingCount":1,"findingCounts":{"duplicate-type-parameter":1},"traversalComplete":true,"checkedEmitter":"rejected-before-emission"},{"name":"duplicate-global-name","expectedCode":"duplicate-value-name","findingCount":1,"findingCounts":{"duplicate-value-name":1},"traversalComplete":true,"checkedEmitter":"rejected-before-emission"},{"name":"Nat-and-Int-are-distinct","expectedCode":"type-mismatch","findingCount":1,"findingCounts":{"type-mismatch":1},"traversalComplete":true,"checkedEmitter":"rejected-before-emission"},{"name":"Char-and-String-are-distinct","expectedCode":"type-mismatch","findingCount":1,"findingCounts":{"type-mismatch":1},"traversalComplete":true,"checkedEmitter":"rejected-before-emission"},{"name":"intrinsic-type-arity","expectedCode":"intrinsic-type-arity","findingCount":1,"findingCounts":{"intrinsic-type-arity":1},"traversalComplete":true,"checkedEmitter":"rejected-before-emission"},{"name":"constructor-positional-field-order","expectedCode":"constructor-field-order","findingCount":1,"findingCounts":{"constructor-field-order":1},"traversalComplete":true,"checkedEmitter":"rejected-before-emission"},{"name":"record-missing-field","expectedCode":"missing-field","findingCount":1,"findingCounts":{"missing-field":1},"traversalComplete":true,"checkedEmitter":"rejected-before-emission"},{"name":"record-duplicate-field","expectedCode":"duplicate-field","findingCount":1,"findingCounts":{"duplicate-field":1},"traversalComplete":true,"checkedEmitter":"rejected-before-emission"},{"name":"record-extra-field","expectedCode":"unexpected-field","findingCount":1,"findingCounts":{"unexpected-field":1},"traversalComplete":true,"checkedEmitter":"rejected-before-emission"},{"name":"projection-owner-mismatch","expectedCode":"type-mismatch","findingCount":1,"findingCounts":{"type-mismatch":1},"traversalComplete":true,"checkedEmitter":"rejected-before-emission"},{"name":"projection-instantiation-mismatch","expectedCode":"type-mismatch","findingCount":1,"findingCounts":{"type-mismatch":1},"traversalComplete":true,"checkedEmitter":"rejected-before-emission"},{"name":"match-binding-type-mismatch","expectedCode":"type-mismatch","findingCount":3,"findingCounts":{"type-mismatch":2,"non-function-callee":1},"traversalComplete":true,"checkedEmitter":"rejected-before-emission"},{"name":"match-missing-alternative","expectedCode":"match-coverage","findingCount":1,"findingCounts":{"match-coverage":1},"traversalComplete":true,"checkedEmitter":"rejected-before-emission"},{"name":"match-duplicate-alternative","expectedCode":"duplicate-match-alternative","findingCount":1,"findingCounts":{"duplicate-match-alternative":1},"traversalComplete":true,"checkedEmitter":"rejected-before-emission"},{"name":"optional-scalar-capability","expectedCode":"scalar-capability-unqualified","findingCount":3,"findingCounts":{"scalar-capability-unqualified":3},"traversalComplete":true,"checkedEmitter":"rejected-before-emission"},{"name":"external-import-ABI","expectedCode":"external-import-abi-unqualified","findingCount":1,"findingCounts":{"external-import-abi-unqualified":1},"traversalComplete":true,"checkedEmitter":"rejected-before-emission"},{"name":"empty-layout","expectedCode":"empty-layout-unsupported","findingCount":1,"findingCounts":{"empty-layout-unsupported":1},"traversalComplete":true,"checkedEmitter":"rejected-before-emission"},{"name":"empty-match","expectedCode":"empty-match-unsupported","findingCount":2,"findingCounts":{"empty-layout-unsupported":1,"empty-match-unsupported":1},"traversalComplete":true,"checkedEmitter":"rejected-before-emission"},{"name":"runtime-layout-name-collision","expectedCode":"duplicate-layout-name","findingCount":1,"findingCounts":{"duplicate-layout-name":1},"traversalComplete":true,"checkedEmitter":"rejected-before-emission"}],"exhausted":[{"name":"input-preflight-budget","findingCounts":{"checker-input-resource-limit":1},"traversalComplete":false},{"name":"type-work-budget","findingCounts":{"type-resource-limit":224},"traversalComplete":false}],"directTypeOperations":[{"name":"simultaneous-nested-generic-swap","status":"pass"},{"name":"substitution-budget","code":"type-resource-limit","detail":"substitution"},{"name":"equality-budget","code":"type-resource-limit","detail":"equality"}],"carrierRejections":[{"name":"negative-natural-carrier","findingCounts":{"invalid-ir-scalar-carrier":1},"portableChecker":"not-run-invalid-carrier"},{"name":"number-natural-carrier","findingCounts":{"invalid-ir-scalar-carrier":1},"portableChecker":"not-run-invalid-carrier"},{"name":"string-boolean-carrier","findingCounts":{"invalid-ir-scalar-carrier":1},"portableChecker":"not-run-invalid-carrier"},{"name":"cyclic-list-carrier","findingCounts":{"cyclic-ir-carrier":1},"portableChecker":"not-run-invalid-carrier"},{"name":"foreign-compiler-brand","findingCounts":{"malformed-or-foreign-constructor":1},"portableChecker":"not-run-invalid-carrier"}],"diagnosticsCap":{"limit":0,"findingCount":1,"omittedFindingDetails":1},"checkedPreparedEntry":{"sourceSha256":"b05ec9c46f150c05b7249ee48bc3b1bdfcb2f60d851b4af81ff7298df49b5626","typescriptSha256":"027735f4d196d1c92d0868320d9313d4cabe9841a90566f433e2ff71d4350a36","status":"pass"},"instanceOwnership":"All IR constructors and neutral record factories belong to the checked compiler namespace.","strictSh1Qualified":false,"provider":{"status":"not-attempted","kernelChecked":false}}
2026-10-09T12:10:41.7923535Z PSC0_SH1_HELPER_RUNTIME: {"schemaVersion":1,"evidence":"generated-compiler-exported-helper-behavior","compilerSha256":"70db0131fa3af62f7193576407ad529be10df2f4296c712f53f7c31f42209061","coverage":{"nonApplicationHeads":11,"argumentLists":7,"prefixes":2,"suffixes":2,"nameBases":3,"usedNameListsPerBase":7,"attempts":[0,7],"typedPartialApplications":false,"expressionObservations":1232,"stringObservations":336,"observations":1568},"behavior":"independent application-spine and finite unique-name expectations","kernelChecked":false,"exhaustiveForAllInputs":false}
2026-10-09T12:10:42.4827766Z PSC0_SH1_GENERIC_ERASURE: {"schemaVersion":1,"evidence":"scoped-recursive-generic-erasure","compilerSha256":"70db0131fa3af62f7193576407ad529be10df2f4296c712f53f7c31f42209061","sourceKind":"raw-authoritative-lean","sourceSha256":"574fc4874e0cd5561fcdd873c7942aa90cd77abaa66441c76b5e4f7c3755e4de","originalIr":{"checks":["one, two, and three declaration generics in exact declaration order","interleaved type, erased proposition/proof, and runtime binders","recursive calls retain the complete runtime argument count","monomorphic recursive calls retain zero type arguments"],"observations":[{"declaration":"sh1GenericCopy","declarationTypeParameters":["T0"],"runtimeParameters":["values"],"calls":[{"at":"declaration:sh1GenericCopy/body/alternatives/tail/head/snd/snd/fields/tail/head/snd","typeArguments":["T0"],"runtimeArity":1}]},{"declaration":"sh1GenericMap","declarationTypeParameters":["T0","T1"],"runtimeParameters":["convert","values"],"calls":[{"at":"declaration:sh1GenericMap/body/alternatives/tail/head/snd/snd/fields/tail/head/snd","typeArguments":["T0","T1"],"runtimeArity":2}]},{"declaration":"sh1GenericTriple","declarationTypeParameters":["T0","T1","T2"],"runtimeParameters":["first","second","third","fuel"],"calls":[{"at":"declaration:sh1GenericTriple/body/elseBranch/body","typeArguments":["T0","T1","T2"],"runtimeArity":4}]},{"declaration":"sh1GenericMono","declarationTypeParameters":[],"runtimeParameters":["fuel","value"],"calls":[{"at":"declaration:sh1GenericMono/body/elseBranch/body","typeArguments":[],"runtimeArity":2}]}],"emittedIr":"The exact original IR inspected above is passed to psTsEmitModule.","strictSh1Qualified":false},"artifacts":{"admissionsSha256":"11b515897f24e6c194b8c1daf239b4941940d8204a4846e601b462e92b703af8","typescriptSha256":"86ce3c3aaa0b48a8f8b618a117ea347ee36339d7dd122aee7a48056cbc8f5d8e","javascriptSha256":"ec1784595f07802909464d3f21980a471e166f2d82b49fece1e22dd14ea9b118"},"behavior":{"observations":19,"status":"pass","exhaustiveForAllInputs":false},"provider":{"status":"not-attempted","kernelChecked":false},"native":{"typescriptSha256":"86ce3c3aaa0b48a8f8b618a117ea347ee36339d7dd122aee7a48056cbc8f5d8e","behavior":{"observations":19,"status":"pass","exhaustiveForAllInputs":false}}}
2026-10-09T12:10:57.4940990Z PSC0_SH1_CAPABILITIES: {"schemaVersion":1,"compilerSha256":"70db0131fa3af62f7193576407ad529be10df2f4296c712f53f7c31f42209061","evidence":"raw-source-generated-execution","sourceKinds":[{"sourceKind":"lean","sourceSha256":"45d7948c21431670d89762f97a6679a371b37defbfcc9d15138639c5f926d9e6","admissionsSha256":"372371596fba560eca5ba52d29e20d91780d5c3321e4353a7a4c1a009167e10f","typescriptSha256":"8d7e8a5e548f4a10748ddcf70786caf542ea54693f411b4e3617f237ad7bbd4f","javascriptSha256":"225150e522b5af5c8cc46347714cd6b58e25c2e8b2a3543f11baa312513f372c","generatedCompilerConsumedRawSource":true,"behavior":"pass","projectionBehavior":{"observations":39,"behavior":"pass","maximumFuel":"20000"},"grammarBehavior":{"observations":34,"behavior":"pass","edition":"ps-0.9-r3","mode":"new-only"},"nativeProjectionBehavior":{"observations":39,"behavior":"pass","maximumFuel":"20000"},"nativeGrammarBehavior":{"observations":34,"behavior":"pass","edition":"ps-0.9-r3","mode":"new-only"},"nativePscBehavior":"pass","nativeTypeScriptSha256":"8d7e8a5e548f4a10748ddcf70786caf542ea54693f411b4e3617f237ad7bbd4f"},{"sourceKind":"ps","sourceSha256":"e0619554ac2384922ebe1739fa208114b08229118c6a995b7ee7ab2da9a28e65","admissionsSha256":"bb84332515024d4145b7cedb636fb6095d3cbe20a4fc3043dc37905f7574a900","typescriptSha256":"0465c3dc1a58bb914c01e3cd3f53f78dfd7315768cfc0dd5971b57f60329d035","javascriptSha256":"5093d317347e940664fca20453271dd4fc898f75e22918e6d36813beaf18758c","generatedCompilerConsumedRawSource":true,"behavior":"pass","projectionBehavior":{"observations":39,"behavior":"pass","maximumFuel":"20000"},"grammarBehavior":{"observations":34,"behavior":"pass","edition":"ps-0.9-r3","mode":"new-only"},"nativeProjectionBehavior":{"observations":39,"behavior":"pass","maximumFuel":"20000"},"nativeGrammarBehavior":{"observations":34,"behavior":"pass","edition":"ps-0.9-r3","mode":"new-only"},"nativePscBehavior":"pass","nativeTypeScriptSha256":"0465c3dc1a58bb914c01e3cd3f53f78dfd7315768cfc0dd5971b57f60329d035"}],"negativeCases":[{"name":"narrowed-nested-induction-hypothesis","sourceSha256":"1c6fc4543d2650c3b18506c39107ec8cc1f3df1302da61fd1c8f73bb6ba907c3","diagnosticTags":["elaboration","structuralRecursionNotDecreasing"]},{"name":"unsaturated-recursive-call","sourceSha256":"879565204119b005493e52868d63b0e0ba8c69624dfd8fbdb329af30d909364a","diagnosticTags":["elaboration","structuralRecursionArity"]},{"name":"nondecreasing-major","sourceSha256":"fd8b66b959543f6e2f1be3958efff1db883c33dd04dbf6051df2290ceaa2b811","diagnosticTags":["elaboration","structuralRecursionNotDecreasing"]},{"name":"unrelated-constructor-child","sourceSha256":"85eaeb42ac5a652b4dd6f49b2ef9a11d453ea7432f99fd5559c4bd964fa5131a","diagnosticTags":["elaboration","structuralRecursionNotDecreasing"]},{"name":"escaping-self-reference","sourceSha256":"0675b11dbfc09380ff6449950e29b12f1563bccf0f8bafc5d003b44258860d82","diagnosticTags":["elaboration","structuralRecursionEscapingReference"]},{"name":"major-dependent-parameter","sourceSha256":"aa9a3193d7db8334c703927ae0a19b060eed52acdfb0f6a6dc0d913819060542","diagnosticTags":["elaboration","structuralRecursionDependentParameter"]},{"name":"explicit-historical-stable-mode","sourceSha256":"bee98d86b07b527f2bdbaca89f42d8286a1c64c41f7f4ffb541c437de83a8555","diagnosticTags":["structuralRecursionInvariantArgument"]}],"projectionResolution":{"schemaVersion":1,"evidence":"owned-compiler-api-resolution-and-source-identity","caseCount":21,"resolutionCases":12,"exactIdentityCases":8,"normalizationSpanCases":1,"allPassed":true,"instanceOwnership":"All syntax and compiler data were constructed by this compiler instance.","cases":[{"name":"exact-local-before-global-and-prefixes","family":"resolution","expected":{"kind":"local","id":"2","fields":[]}},{"name":"exact-global-before-local-prefix","family":"resolution","expected":{"kind":"global","name":"alpha.beta.gamma","fields":[]}},{"name":"first-local-before-first-global-and-longer-local","family":"resolution","expected":{"kind":"local","id":"0","fields":["beta","gamma"]}},{"name":"first-global-before-longer-local","family":"resolution","expected":{"kind":"global","name":"alpha","fields":["beta","gamma"]}},{"name":"longest-proper-local-prefix-with-absent-first","family":"resolution","expected":{"kind":"local","id":"0","fields":["delta"]}},{"name":"shorter-proper-local-prefix-with-absent-first","family":"resolution","expected":{"kind":"local","id":"0","fields":["gamma","delta"]}},{"name":"multi-segment-global-is-not-a-fallback","family":"resolution","expected":{"kind":"none"}},{"name":"longer-global-does-not-displace-local-fallback","family":"resolution","expected":{"kind":"local","id":"0","fields":["gamma","delta"]}},{"name":"nearest-first-segment-local-shadow","family":"resolution","expected":{"kind":"local","id":"1","fields":["beta","gamma"]}},{"name":"nearest-exact-local-shadow","family":"resolution","expected":{"kind":"local","id":"3","fields":[]}},{"name":"unresolved-name","family":"resolution","expected":{"kind":"none"}},{"name":"unrelated-multi-segment-local","family":"resolution","expected":{"kind":"none"}},{"name":"recursion-exact-local-reference","family":"exact-local-identity","expectedId":"0"},{"name":"term-exact-local-reference","family":"exact-local-identity","expectedId":"0"},{"name":"recursion-projection-is-not-unchanged-state","family":"exact-local-identity","expectedId":null},{"name":"term-projection-is-not-a-structural-child","family":"exact-local-identity","expectedId":null},{"name":"recursion-global-is-not-local","family":"exact-local-identity","expectedId":null},{"name":"term-global-is-not-local","family":"exact-local-identity","expectedId":null},{"name":"recursion-exact-qualified-local-still-has-identity","family":"exact-local-identity","expectedId":"0"},{"name":"term-exact-qualified-local-still-has-identity","family":"exact-local-identity","expectedId":"0"},{"name":"normalized-parameter-projection-preserves-binder-field-and-span","family":"normalization-source-span","expectedBinderSegments":["$psc0SH","1"],"expectedFields":["count"],"expectedSpan":{"start":{"byteOffset":"186","line":"5","column":"25"},"stop":{"byteOffset":"199","line":"5","column":"38"}}}]},"grammar":{"schemaVersion":1,"evidence":"generated-compiler-source-grammar-api","compilerSha256":"70db0131fa3af62f7193576407ad529be10df2f4296c712f53f7c31f42209061","sourceGrammar":{"edition":"ps-0.9-r3","mode":"new-only","support":"bounded-selfhost-subset","referenceSha256":"4c02626fd0b991e8526c64b65f4ffb66b9ce7b688298e82fb0309802a263db71","fullStandardConformance":false,"fullPscvConformance":false},"corpusSha256":"4303a9503bc2ade83b248b80f8f6a1ccd460b2f5aff773d34fef3755a3e0b43f","counts":{"applicationBoundaries":18,"supportedSyntax":22,"canonicalRoundTrips":40,"parseRefusals":35,"lexicalPositionCases":2,"lexicalRefusals":5,"emptyCallRefusals":3,"printerRefusals":1},"applications":[{"name":"explicit-empty-call","sourceSha256":"a1809059a87695be7ab63b86114cbf025ce6842c4565fb2edcf3ad43d648ce5a","canonicalSha256":"a1809059a87695be7ab63b86114cbf025ce6842c4565fb2edcf3ad43d648ce5a","astSha256":"6a2ed0d413644501db6b4d376eda1d5c9ce7597bc74c7a325b13dc0939c7663b"},{"name":"explicit-unit-argument","sourceSha256":"6af26347513a9acfe9a12381b691d359effb3dfb732149c9d1b6a460d59e2bea","canonicalSha256":"6af26347513a9acfe9a12381b691d359effb3dfb732149c9d1b6a460d59e2bea","astSha256":"2df0f1baef1af20c721f86bd4f96d3579199d1107bb6ebae391d39f6bdb024cd"},{"name":"native-unit-argument","sourceSha256":"b091f10a140fa4185525d07c639cbe593049a30cf012444139fa24ebb159d7d5","canonicalSha256":"6af26347513a9acfe9a12381b691d359effb3dfb732149c9d1b6a460d59e2bea","astSha256":"2df0f1baef1af20c721f86bd4f96d3579199d1107bb6ebae391d39f6bdb024cd"},{"name":"comment-gap-unit-argument","sourceSha256":"cb65fb6c5e8cf364eae704e9d48c5c9d13709c96e7a0298ff8ecc71e635d33ec","canonicalSha256":"6af26347513a9acfe9a12381b691d359effb3dfb732149c9d1b6a460d59e2bea","astSha256":"2df0f1baef1af20c721f86bd4f96d3579199d1107bb6ebae391d39f6bdb024cd"},{"name":"empty-call-then-native","sourceSha256":"146766ff0ef495404378f897d5784b75411ccda1b490ceb51c60c73ef92796cf","canonicalSha256":"9a436633672423065dde0e190546ec0f8bb69ad9875789d454d0ec5fb9784221","astSha256":"6deb13204c2281a81d1fb7164bc8cf8ec5de4d847179ad5247688ac33a9b5a4f"},{"name":"grouped-empty-call-then-native","sourceSha256":"b4143b282b7de28ccfbc30ac9230083ede011bf57f3eabc5955ff5b06672bfc0","canonicalSha256":"9a436633672423065dde0e190546ec0f8bb69ad9875789d454d0ec5fb9784221","astSha256":"6deb13204c2281a81d1fb7164bc8cf8ec5de4d847179ad5247688ac33a9b5a4f"},{"name":"repeated-empty-call","sourceSha256":"cb6d2c43b11b24bb8f1f8170e8fcc9fb5b1726889e838f17ec81824f79cc1c94","canonicalSha256":"75996e1ea79f099a29954ae4869a0c388e13a2124d7037c0c0875057fc60b636","astSha256":"183fc2c97cf57de80caf97c8ead916de82baba063f2706fb86fea4c379ddf982"},{"name":"native-argument-chain","sourceSha256":"aa2832b00487bfada58263fa8f5a737fa9a2662c978f039325e912e991c3dc1c","canonicalSha256":"af61f2831c84be4319ba3fdc764f470df961b69a7af9a2a6bd8680a10db781b2","astSha256":"229e3f1937ff4396091c1fd92c84573ff83050857883d620c1e17905fd63bc51"},{"name":"adjacent-argument-group","sourceSha256":"af61f2831c84be4319ba3fdc764f470df961b69a7af9a2a6bd8680a10db781b2","canonicalSha256":"af61f2831c84be4319ba3fdc764f470df961b69a7af9a2a6bd8680a10db781b2","astSha256":"229e3f1937ff4396091c1fd92c84573ff83050857883d620c1e17905fd63bc51"},{"name":"trailing-call-comma","sourceSha256":"bc9762713f945500c2e7d5b8cdb93fa8bc4c26c5fbac44ae432ced5722d56000","canonicalSha256":"af61f2831c84be4319ba3fdc764f470df961b69a7af9a2a6bd8680a10db781b2","astSha256":"229e3f1937ff4396091c1fd92c84573ff83050857883d620c1e17905fd63bc51"},{"name":"postfix-then-native","sourceSha256":"bb1e3f14d05047a2d546be83fba383c4845579cf6fe50d04e83bdc32e243211b","canonicalSha256":"9ec3d00b336f4810c37bee7a52d310c8b8ff7daad3f17f8132a0dd247e60687c","astSha256":"1ce00e2f7580d7841448b7103636756afcaffe8adbf0cdfddcde3bae70c7d55a"},{"name":"grouped-native-callee","sourceSha256":"83dc9e7a88b343d74f42e31cfc10070dfd44b5644e7136a92bc2d9e61993f675","canonicalSha256":"9ec3d00b336f4810c37bee7a52d310c8b8ff7daad3f17f8132a0dd247e60687c","astSha256":"1ce00e2f7580d7841448b7103636756afcaffe8adbf0cdfddcde3bae70c7d55a"},{"name":"repeated-postfix-call","sourceSha256":"a46c258b7d211d34b8945a8c8f8d3e1ce52156415b5679fbb5a9e826bbce05e2","canonicalSha256":"9ec3d00b336f4810c37bee7a52d310c8b8ff7daad3f17f8132a0dd247e60687c","astSha256":"1ce00e2f7580d7841448b7103636756afcaffe8adbf0cdfddcde3bae70c7d55a"},{"name":"grouped-reference-callee","sourceSha256":"9e0a28a3eb2629b1c9ee01cf170a3620d2d95d877ce76bbb04e485d54343869b","canonicalSha256":"965b5ee86cc5b69ddc85c3612a725deb245dbae4993030d27e698887f63e91a8","astSha256":"5fbbee2f1df5f98d3f13ac950c27709cca8e23287d5e2bdf15b3a0960f5ad9a7"},{"name":"grouped-postfix-callee","sourceSha256":"9ec3d00b336f4810c37bee7a52d310c8b8ff7daad3f17f8132a0dd247e60687c","canonicalSha256":"9ec3d00b336f4810c37bee7a52d310c8b8ff7daad3f17f8132a0dd247e60687c","astSha256":"1ce00e2f7580d7841448b7103636756afcaffe8adbf0cdfddcde3bae70c7d55a"},{"name":"grouped-native-argument","sourceSha256":"70c260023120173e4463a66556966990b229b11e7f66d18f1dd67be617da1332","canonicalSha256":"975f707494415ae8810e8938ad06965ccbe29363b8113b55080ca9f0ac693788","astSha256":"b0a69ca981894178350be11e93a04478cbb717ca55c568e654adb93f066d9899"},{"name":"nested-postfix-argument","sourceSha256":"e489a6619089416a07dafbe5458d1a80b091ae9a463c19ce6f5d7f06222396e3","canonicalSha256":"e489a6619089416a07dafbe5458d1a80b091ae9a463c19ce6f5d7f06222396e3","astSha256":"399fdbc946f2b65bccf829f2044bffe0f294315152f3fa006420db39ed77709e"},{"name":"qualified-reference","sourceSha256":"4625ce5e3b5d27210cfb937ae5b8bd8e9e951c7ebe1db337fff17c86ab903014","canonicalSha256":"4625ce5e3b5d27210cfb937ae5b8bd8e9e951c7ebe1db337fff17c86ab903014","astSha256":"abee3c03565d5cd5f6753863cfce56ac43d3d08180bd573493ac853858205fec"}],"supported":[{"name":"newline-commands-and-imports","sourceSha256":"fd60bb2a6b7ec98bbc3c688ed596457bf4dfd3d50decc2bb7cfd434eae68a594","canonicalSha256":"f77423e10c51de85dc3a462d18291c95fff21307dc50968a741cf0fa8f341730","astSha256":"c943bcbfd010fee88113e04c8cc5642b6556f33e4ccdbaa87d23ec7404d5c8cf"},{"name":"one-typed-comma-parameter-group","sourceSha256":"3ecd3a8e2a16f6c6e30ba46aa166160343c26780aad4b1af5032fe47d7dd5b02","canonicalSha256":"1332ca9ef9118e449d01d37a30cda69fe86f95524170d4f2cab9e2a7ca2b5f69","astSha256":"2412e8c6a3268010d3634a91ef8700e919e13eeaac8c9a7f2a9899a98bce7f92"},{"name":"nonexplicit-prefix-before-typed-group","sourceSha256":"638bed291adc4c9d514663eeadcce60c55c1be2b56c18ba8920074d38a5f5ca9","canonicalSha256":"55730ef2f7d52e12dbbba588beb5c8009cf95967fa5ff4e9f54dff6300bc435c","astSha256":"9946744349590f7cb0941f602e7299727d3f7683e8e5bb728d1a3ffc917a3435"},{"name":"dependent-typed-parameter","sourceSha256":"b592f74c83d232d37b78c26c6b0359be32db959c506c28e415dd8804eddb82c9","canonicalSha256":"749624ef8ddef8f2ace55a6d53ab755c7c9436f0c7047060d4832dcaab8f684d","astSha256":"7a5bcc95f5f54dcf6c1d179f27f521c9511a756b0edc02a0a4a8b8451fbf34a5"},{"name":"grouped-callee-in-binder-type","sourceSha256":"0cba60cbdac94811bb31c7f41234c5c2f31fa56f6e2bf548a4758f4ff5e94c34","canonicalSha256":"3cc4ba4260120a67108b5ccd818bd06441198778b861a61ee60c5a162ed48ee7","astSha256":"ccc036d13b6fc574594a7faec074e88e0c96205c45fb87bf4708b9f92eb5cf1a"},{"name":"typed-parenthesized-lambda-callback","sourceSha256":"da74024eeb13aa39fa97e7bb8db1572cc671a54623172b18a31a7d45a23e234e","canonicalSha256":"da74024eeb13aa39fa97e7bb8db1572cc671a54623172b18a31a7d45a23e234e","astSha256":"74cee3ffa1a3e2b193ece540e47e878d4a51a5a97b8bf5f9460e03f991499e28"},{"name":"typed-lambda-native-callback","sourceSha256":"06be49c496dda24c14e7de3595eb60cde66b69f6e1845e17ce6eb9225ee6a79a","canonicalSha256":"27f6d7f3023e0b5189409ad7c12d8157520f213eed43b098843c8bfb8213cef1","astSha256":"be4a3ff5986dcbe6b24dfe7d991f7410ea6cd3100895e36342d33d4cbf456101"},{"name":"grouped-lambda-callee","sourceSha256":"754e5a9878262d8cd78b3722113d7196941a041632e86e14a16892a7d685d1dc","canonicalSha256":"754e5a9878262d8cd78b3722113d7196941a041632e86e14a16892a7d685d1dc","astSha256":"2d8951b6620de5291203389305c266701c12d1b6948a037706456ad027ca1982"},{"name":"braced-single-term-definition","sourceSha256":"015b0e61aa85bc804fb3332977b4dd27a77fb530858c321a0cfc197fef3b1d31","canonicalSha256":"0fb72935a1a20452c4d6d5dd08472c2350076e4582def83e610da089a5d830d7","astSha256":"10e7b1afc27cfb75c54d3d48d36d646fa046213afe64fc02a9dee71c79e004fb"},{"name":"let-newline-sequence","sourceSha256":"5c229b52e2e02b7c1184cd55344f074f2d833df5420e8c7278b122b72867a015","canonicalSha256":"2c3342f329c69134569bf12f50de47efad4a0bed45f4b44e52a3a2f2aad5b078","astSha256":"ad0c8bc536cc46460758925bcb80107334d0cc8f14e164558a8e6f89977919e6"},{"name":"typed-let-within-match","sourceSha256":"77e9695e6b8f768dcf6617f028b5f038ae086d26ec5f73873cb19cb3e4f0389b","canonicalSha256":"929d28bb5d09235f30b177b991290926dbffa5a886a8a414594dd3613329a4d2","astSha256":"813fb0bc473ae45fe44d510994f59bfbaad775ab49b1bad917656cc2d4770b83"},{"name":"if-braced-branches","sourceSha256":"9432486c92ff5d92417535772eef099c8f79831ec95969b191e37e3f38edefb9","canonicalSha256":"9432486c92ff5d92417535772eef099c8f79831ec95969b191e37e3f38edefb9","astSha256":"eb1f41454b02d559ca1893f3c10eab4fd4cdfd0c7c2a197843eb8d80f0e229ea"},{"name":"constructor-unified-parameter-groups","sourceSha256":"6c0de53e9ed2e54e2cdb92a9fc2af24c9b8d12c0a2ad1d90749613047d1cbe94","canonicalSha256":"6c0de53e9ed2e54e2cdb92a9fc2af24c9b8d12c0a2ad1d90749613047d1cbe94","astSha256":"023b7640c06be7905f5c05dd3777be7a3688b45c566803b5da65d6cc8184964a"},{"name":"newline-structure-fields-and-comma-record","sourceSha256":"f365e37a53feda5013d8847795a6ac3cef6c50d7b51ada8776f56ab3fc617255","canonicalSha256":"84b2ea2ebc483d8a7ce9b42de07c912f7e69fe6e26e6bb73544107279173a409","astSha256":"2ec44c33001d10dc6771b1196b1efe135eeecce2e696006a9b16b88e4dcd0288"},{"name":"record-in-definition-wrapper","sourceSha256":"1e31354e511c474d5b13484d61c5b35b8c5988b9e4d9ab3bf556d57b639730cb","canonicalSha256":"1db3cfe2be2e1e59dcc002cb8676f21117abeedd8cf87a0a5a2c23b4e9ee853b","astSha256":"cc485dc4c9ba9331a5e522189e2ff664eced895381510e0a8fd121c9397628e6"},{"name":"empty-record-body","sourceSha256":"2d915f3e6496742778689beb1a7936db0dc3caa0b32fe19f149ca9bd785a460c","canonicalSha256":"674eed3f751282a56b6f408fa52b179669e15697998264cc1dcc4c03cee13088","astSha256":"704be5b86c5f52d50c525d77e057f62ae5c32d03524bd9c2187c280cf4e3f196"},{"name":"annotated-parameterless-const-alias","sourceSha256":"68c008144edf4b656a25f349c4f17c932f17b81c5dec37d9d40c1e687ecc19a3","canonicalSha256":"9356ae7071b023e7431e7c25a3767214ff91f505feb99ca247bf3a713214c46b","astSha256":"8aaf056dfa425cc36847543b64b09c7c1556889819202dd2302d9b7a4a8f8e2c"},{"name":"annotated-positive-arity-function-alias","sourceSha256":"4814b1da35d15c961851696d68b9c034568b7e65b1e451e820ad41f195aee31d","canonicalSha256":"1332ca9ef9118e449d01d37a30cda69fe86f95524170d4f2cab9e2a7ca2b5f69","astSha256":"2412e8c6a3268010d3634a91ef8700e919e13eeaac8c9a7f2a9899a98bce7f92"},{"name":"base-partial-and-typed-theorem","sourceSha256":"7b34f3d6e0c5fff27b8dc18f912c53471c0c29a76209ac12e9893ce07a1523da","canonicalSha256":"eb014365691755c2406f1f359f038851edaa77f350e12e1a29675731a5fb24a4","astSha256":"ad0e881aee7ee166a80b7f51d8654c220c64ad0beefc99f3fc31e90bce68e7ce"},{"name":"literal-round-trips","sourceSha256":"7856e6a689cf2e539601ec8923e079b46a85b1665b64575455cf054cae4f0e86","canonicalSha256":"d9bc634d1cb8d1aedfeb525974b3917191f09d72b7d6a06190f105c188918bbe","astSha256":"e642ee866f44f931764c473f4a34798f251286b0c24114f12fc05aee6daef8c4"},{"name":"nested-comment-native-gap","sourceSha256":"8a9bf86c4ee94b9914cd3fa70cff7e404d68706a0273c8390727bd9c5340380a","canonicalSha256":"bc8c78b1a1e515d22331cb55282b03c66352ec930f37b1d275c514566f9706bb","astSha256":"213bdc2688ad69b8c2eaab483b5124c4c06a782c173cfa24ae86575dd67292d2"},{"name":"indented-native-continuation","sourceSha256":"c779f14ee662874d38dee39ceda60943ec4c9eef2a234ee3fcdbc235c6f054ea","canonicalSha256":"bc8c78b1a1e515d22331cb55282b03c66352ec930f37b1d275c514566f9706bb","astSha256":"213bdc2688ad69b8c2eaab483b5124c4c06a782c173cfa24ae86575dd67292d2"}],"refusals":[{"name":"semicolon-after-import","diagnosticTags":["proofScriptFrontend","parse","expectedText"],"diagnosticSha256":"1c6b0620fde8bd6b51e3cd4bb24960815855ea14bc5944d270808abf03b34df1","sourceSha256":"10ccffe67e5211cacf3eaeb7244774cf92129e7108a373ab9f25fdc1638200ae"},{"name":"semicolon-after-definition","diagnosticTags":["proofScriptFrontend","parse","expectedText"],"diagnosticSha256":"1c6b0620fde8bd6b51e3cd4bb24960815855ea14bc5944d270808abf03b34df1","sourceSha256":"3aa05132f8464f41259554e4ebd9c56ec1dd757cfdbd6fda484461a7ae215312"},{"name":"semicolon-let-sequence","diagnosticTags":["proofScriptFrontend","parse","expectedText"],"diagnosticSha256":"fdbf20c4a33f89b35cb4a21abbbc4c81e7ab23179910bc7637200087c806818a","sourceSha256":"80a402672d2bc6c73c9b80bcb3824526c92351df40220436f8ee614b40446c3e"},{"name":"semicolon-structure-field","diagnosticTags":["proofScriptFrontend","parse","expectedText"],"diagnosticSha256":"2351efeafb5381633cf5dd6be967d7ab779b40bab69ba6ca84f5d1de6fd73c27","sourceSha256":"7a488ae8ffc4700920b71c1030284457d4a67a2e66fe4b6955974f6b9759ffb8"},{"name":"semicolon-constructor","diagnosticTags":["proofScriptFrontend","parse","expectedText"],"diagnosticSha256":"e970ae8658a8bc2cc1c8fe75cdf3a69641961659bc02e45f84918262ee9fb0c2","sourceSha256":"cf62f4a663de528f6f448d009bc73410de3555056e4f2585fdfb79dcfad5ae41"},{"name":"semicolon-match-alternative","diagnosticTags":["proofScriptFrontend","parse","expectedText"],"diagnosticSha256":"332ee9d339732ef88a821fef00b63e657f87ec9022248bbfccbfec4916dba695","sourceSha256":"9a3e437af527f3756b4996575ea2cdb2b4d3a7380bb754d2fb05a341fdb83037"},{"name":"same-line-commands","diagnosticTags":["proofScriptFrontend","parse","expectedText"],"diagnosticSha256":"ea8c2bd84c06e5f1ad98e625103bca83eab29e2c7eb5661676282cd1857c4587","sourceSha256":"8aafcab756f2a79b788d25ed15e15f63e99fae8cc76613111fe46b3532105d13"},{"name":"same-line-structure-fields","diagnosticTags":["proofScriptFrontend","parse","expectedText"],"diagnosticSha256":"b6052c12cd1a39feab85556b560f6a7646446ebb69db5d5ba0314eda6cc0e8ab","sourceSha256":"af2371f648c386ef783dbf8d53bc0de1b2a7d2b2bbd9e49f387569c3a3875967"},{"name":"comma-structure-fields","diagnosticTags":["proofScriptFrontend","parse","expectedText"],"diagnosticSha256":"fae6df4203d078506cc0d25b175ed7c8bd94067260f6e7bb6d9db2ce254ac8c2","sourceSha256":"d895dd725f421d0d31a23f3b2c6007e889c66cc924de01fae1f0d11b6c002534"},{"name":"newline-only-record-fields","diagnosticTags":["proofScriptFrontend","parse","expectedText"],"diagnosticSha256":"ce777226c53346ddd41b4afb297e582f24d8b80ee7583ca136c29ca79ea20e42","sourceSha256":"0b2ab9f7a4333c1a1156cfbc1fd4956afef43825a959f2e2231a882f7d803efb"},{"name":"repeated-declaration-groups","diagnosticTags":["proofScriptFrontend","parse","expectedText"],"diagnosticSha256":"0d10536991c67482e39c3dbe6bc5eac1cf41f091134bfa62dd3371e2f6143df9","sourceSha256":"0071cd2735b8eb03b3e944c78bf9dfbdfae1f320ff7e0c123709b8bac9feed7d"},{"name":"repeated-constructor-groups","diagnosticTags":["proofScriptFrontend","parse","expectedText"],"diagnosticSha256":"b30b61e78a4ed6b5fd299a753de6ed176bccf36c5d21c3f4b229466083e8e0aa","sourceSha256":"8d8e31f431b057ff8e6cc360da955dcf2483671f699ea839f00352027ad9687c"},{"name":"nonexplicit-binder-after-explicit-group","diagnosticTags":["proofScriptFrontend","parse","expectedText"],"diagnosticSha256":"9de1fab3ab76e859a444def976f0fb07683e63ace0c2852abfe38a580e921c2f","sourceSha256":"ed1aa9b93e732e108f095b0772b9a0fccb6886ab4b85dd19aa766c1349b432da"},{"name":"empty-def-parameter-group","diagnosticTags":["proofScriptFrontend","parse","expectedText"],"diagnosticSha256":"c00789155c4347812c966a8c167b4d3bf5f10da534de7d33619219e51d965938","sourceSha256":"94b4084a8ded9ff3bd7b4668593fe91ddeca361631387a1c72ec2e6bf7481553"},{"name":"empty-function-parameter-group","diagnosticTags":["proofScriptFrontend","parse","expectedText"],"diagnosticSha256":"1484f8b40e4f26700148d3da6019e00eca9bd4dc71641acaf3793bc2aaeb8af7","sourceSha256":"e52b4c9810059d9fac4b7e234f6d3488302006860ec2cdd1a6bda3f2b2048403"},{"name":"function-without-explicit-parameters","diagnosticTags":["proofScriptFrontend","parse","expectedText"],"diagnosticSha256":"8c768ad8cd50d630823716ae81d4e7f4319645363d8936379fac5b89b4e49f0a","sourceSha256":"46085c8854f12b0ce475d1d256aad2de4a4be4a8d91437a0daee958ff67b598f"},{"name":"const-with-parameters","diagnosticTags":["proofScriptFrontend","parse","expectedText"],"diagnosticSha256":"576cfe3bf660a418365ceb1414d729a054806028155217872eb86c187c2d3c84","sourceSha256":"f9ef6f78078e5840e46445d270f1679374a5a5b7564610d06bd180c5d4b07833"},{"name":"omitted-result-annotation","diagnosticTags":["proofScriptFrontend","parse","expectedText"],"diagnosticSha256":"e528c290360965627b024479dd9ace22402e992378ec445307b93654d383f221","sourceSha256":"eda43a39d1c19022d1df6622b4f0d912c1f729c7d95e680b8a04471509217c18"},{"name":"omitted-parameter-annotation","diagnosticTags":["proofScriptFrontend","parse","expectedText"],"diagnosticSha256":"6410e029ab8afa51569acdce6234747e915e0bff3651949dd4b7c600f8cdced0","sourceSha256":"145149e34d2c0aca6c4ff4922bc8cbf1aed5033a3da4f7a0fd56b275c1e727b9"},{"name":"default-parameter","diagnosticTags":["proofScriptFrontend","parse","expectedText"],"diagnosticSha256":"d75030b75f6da4e508bbf62e1e28407be553ad66134bc31e1fe9f976daa07eee","sourceSha256":"b7a4faa699c08ad19dbcd1598de27f3ed189110a316e65d2c75ef8e999561549"},{"name":"named-call-argument","diagnosticTags":["proofScriptFrontend","parse","expectedText"],"diagnosticSha256":"800375638a5ea65271501e1edc34118fcfe75619201c2c4ddc2bbde4d6971feb","sourceSha256":"1bd04fef17d16c91bf2c4455b785972f61dde6e48c947978827ad78e075635e8"},{"name":"untyped-lambda","diagnosticTags":["proofScriptFrontend","parse","expectedText"],"diagnosticSha256":"3c7c1369c8a8a395c95a6c4571433e7aff418ef78252c935d16958a5ec91955f","sourceSha256":"9693d88b01005aee0c31f86866cde6e4a65a5bda2cf72f217c406c2faff1d8cf"},{"name":"do-block-not-enabled","diagnosticTags":["proofScriptFrontend","parse","expectedText"],"diagnosticSha256":"a1ecbc38912ac243657212ab405448af3ca648177813dbdfda995fe0359cb815","sourceSha256":"a4f7f95151abe6a6b320cfcf4559e2ade72a637ea376d51e52287070dc6c6c06"},{"name":"tuple-not-enabled","diagnosticTags":["proofScriptFrontend","parse","expectedText"],"diagnosticSha256":"03270fd882238714bacec132e403c2dec2fc59595827e13fc22ee86a0e0e9eea","sourceSha256":"067951c834a0172babaa972d6c0f3ae098416876a29e4f5f4c02c6689031c106"},{"name":"spaced-parentheses-are-not-argument-group","diagnosticTags":["proofScriptFrontend","parse","expectedText"],"diagnosticSha256":"8901797fcebef5998760ef42a716c9cfe48ea1a2ea6f0b7b4708817dc27eb1b0","sourceSha256":"784a03237f62008899c2a2cad93e9005a990d0da18b6843204ebd884f8986a2f"},{"name":"comment-gap-is-not-call-adjacency","diagnosticTags":["proofScriptFrontend","parse","expectedText"],"diagnosticSha256":"3d61641e73ea8fc9515c134d37d1c22a01789a9822b6fb23e072984b55c94137","sourceSha256":"a919ff9af43dea67b5c0c827ba0851c8653af1eb00be6b25e1565f432b49ac1d"},{"name":"unindented-native-continuation","diagnosticTags":["proofScriptFrontend","parse","expectedText"],"diagnosticSha256":"4dfd7a6aa5455aba0d9202d089d24a4c0697f8c556b2f816c70056155308868e","sourceSha256":"2fcbf6da0fddcf9d97efc626977cc883496ec039711011fabb5a2c9e00d270b5"},{"name":"newline-in-comment-changes-layout","diagnosticTags":["proofScriptFrontend","parse","expectedText"],"diagnosticSha256":"1c4c2dc40edfecfdbcea12eb63fb7c8869ef9def54afcb90616e834679201d74","sourceSha256":"bd675dcf1b2be608efeb15b9039eb5aa6582ed72f7e8ce6774f17d804c12b2f0"},{"name":"qualified-declaration-name","diagnosticTags":["proofScriptFrontend","parse","expectedText"],"diagnosticSha256":"9b44addc28f5111b350aaef059b3f408ca65a942b7941ddd52b0ad371fe80991","sourceSha256":"9e5da97925d7ff59cecdab3311c2775b3ed81fd2e858b76cb0c3410a4e30846a"},{"name":"arbitrary-result-projection-not-enabled","diagnosticTags":["proofScriptFrontend","parse","expectedText"],"diagnosticSha256":"571719b179cf2551bdfda9714a7c0f1c089c2f1d846a9e78c0117db2bbfde4ed","sourceSha256":"7b6ef22f3b62d506eecc98544f25875dc59436c0662064de80105551aa21c688"},{"name":"where-block-not-enabled","diagnosticTags":["proofScriptFrontend","parse","expectedText"],"diagnosticSha256":"c2e765d35da0c90e9f7c62dcfb67ee2926a2a1da90a35ecc37e6aa8256c1c59a","sourceSha256":"ace0222fde83e958d0b66fddc28b59bc0bbed902f3def2f298b6fcf55a04777f"},{"name":"contract-not-enabled","diagnosticTags":["proofScriptFrontend","parse","expectedText"],"diagnosticSha256":"b591d0488ecf25f12fa93e53af283702d518933298659bb9a362b363d923dd74","sourceSha256":"ceb8872e7a9a834ad682c3f8ad5e9b98679ea8a7b3850b8721a32f5434f3fe61"},{"name":"axiom-not-enabled","diagnosticTags":["proofScriptFrontend","parse","expectedText"],"diagnosticSha256":"2f33a9964f7409a0de4c3e12e455b41bb3b096bbf241f61aa048a37efceb9d41","sourceSha256":"0cb3e60c59632cf1d360c07cc102c958163129b653989e9b13847ead184ca531"},{"name":"namespace-not-enabled","diagnosticTags":["proofScriptFrontend","parse","expectedText"],"diagnosticSha256":"a2c09f9e5e489c61675b26b19dff9d3eec2729dc68e1dd14618c22dc27f00efd","sourceSha256":"8a9e96b795dd49f3ec635ab6e2a0ef51ad22cadbf77a0c4f82250e50f1ef53b3"},{"name":"unconsumed-final-token","diagnosticTags":["proofScriptFrontend","parse","expectedText"],"diagnosticSha256":"cd2d31fae61904448b4b3ce1a93780089e2821e461db961e528d4ee50b4479e5","sourceSha256":"e4be9b177db8a1897b81015e837f8ea7b3ef30bba633fe810071cfbc42425733"}],"lexical":{"positions":[{"name":"ascii-lf","sourceSha256":"048bdb120482d9f665f5a6b805518c709dcce14c88123ef2e1d5d902315a3b71","first":{"byteOffset":"0","column":"1","line":"1"},"second":{"byteOffset":"23","column":"3","line":"2"},"end":{"byteOffset":"45","column":"1","line":"3"}},{"name":"leading-bom-crlf-utf8","sourceSha256":"e525f1731310e93188b5283afa0c194b90e971ad154f8148d186d76d7b210c40","first":{"byteOffset":"3","column":"1","line":"1"},"second":{"byteOffset":"33","column":"3","line":"2"},"end":{"byteOffset":"56","column":"1","line":"3"}}],"commentAndLiteralWhitespace":{"sourceSha256":"2eaea3da81513febd16ee8cc59fc90d129b4dccdf7d440f293c17d883c7eae07","result":"accepted"},"refusals":[{"name":"tab-outside-comment-or-literal","diagnosticTags":["invalidSource"],"diagnosticSha256":"e007f756f0a0b258b72804bd411b5899ea40cb27908d01a08a09dc05ce6d645a","sourceSha256":"403125a12162531b462f3d598dc67b8bf3594cf50129e078c7a1cd8473e93976","start":{"byteOffset":"3","column":"4","line":"1"}},{"name":"lone-cr-outside-comment-or-literal","diagnosticTags":["invalidSource"],"diagnosticSha256":"91deac8839328d327f727357f1f17707875ee0439c7b34bf8405a396f10f47fa","sourceSha256":"4ab7d0d986cd2f3f78d017fdf0e9ce14dc43bc24b29685ddbb41f53ed55cc828","start":{"byteOffset":"20","column":"21","line":"1"}},{"name":"lone-cr-at-end","diagnosticTags":["invalidSource"],"diagnosticSha256":"91deac8839328d327f727357f1f17707875ee0439c7b34bf8405a396f10f47fa","sourceSha256":"b2f0dde623cb52d31d8e9fbd57e94993aa3350dc361cb84a514c31b2b537e469","start":{"byteOffset":"20","column":"21","line":"1"}},{"name":"repeated-bom","diagnosticTags":["invalidSource"],"diagnosticSha256":"108f5f284aad112b993786ba58877e21e3f58c9706832d0b220033d79429bfc7","sourceSha256":"c45cf6ed17dc22367a525aa7b9dfb64123dfffed057a0dd929e643e3c66f4097","start":{"byteOffset":"3","column":"1","line":"1"}},{"name":"nonleading-bom","diagnosticTags":["invalidSource"],"diagnosticSha256":"c77e868075cbd6aa2ba0df53e7ac4b9f30d3b758610203ad55029998fe91e3dd","sourceSha256":"9c044b305024b33973eac12fa958d0bd7f2b714f045c7a9d1a7b45d950713ab1","start":{"byteOffset":"1","column":"2","line":"1"}}],"rawUtf8ByteValidation":"host input boundary; not exercised by the String API"},"emptyCallMeaning":{"explicitUnit":{"sourceSha256":"3deb421ef5bf5ee74f5567b076ccf735725ef2540dc5b66ff2e721cd9b99ccef","preparation":"accepted"},"automaticOrDefaultCompletion":"explicitly refused","refusals":[{"name":"empty-call-completion-not-enabled","diagnosticTags":["elaboration","emptyCallUnsupported"],"diagnosticSha256":"a2c5d8b2ab5c27f595f7cc88981a0562dc01c45b6b830ae04b1698f3d39bdada","sourceSha256":"7c35bf45cb80a30ba544bfb76cbcc5ca20628fc49d8698159fb66e6d6a087894"},{"name":"empty-call-preserved-under-native-application","diagnosticTags":["elaboration","emptyCallUnsupported"],"diagnosticSha256":"a2c5d8b2ab5c27f595f7cc88981a0562dc01c45b6b830ae04b1698f3d39bdada","sourceSha256":"13c6e1a44ede9f097246b5390b62f9235142166dbfe681ea94fdf651ef734dd8"},{"name":"grouped-empty-call-preserved-under-native-application","diagnosticTags":["elaboration","emptyCallUnsupported"],"diagnosticSha256":"a2c5d8b2ab5c27f595f7cc88981a0562dc01c45b6b830ae04b1698f3d39bdada","sourceSha256":"7bcc7476f908e6c70423ec8faf0dc789a5ed591dbfa7eeb0f88000635d87bed2"}]},"printerRefusal":{"name":"printer-refuses-binder-reordering","diagnosticTags":["translation","print","unsupportedSourceForm"],"diagnosticSha256":"245a77bdc941221718501cdc1507cc89eefc331f152e3fddcd275112bc932b32","sourceSha256":"18a152688b0077f322860309153dda8762b738423e3a6e5db0a480e64141428a"},"scope":{"finiteCorpus":true,"smallGrammarCasesUseProofScriptRoundTrips":true,"fullClosureRoundTrip":"separate optional N1 gate","fullStandardConformance":false,"fullPscvConformance":false,"kernelChecked":false}},"independentExpectedBehavior":["Nat accumulation","simultaneous state swapping","state before structural major","function results","erased stable proof binder","generic List at Nat and String","public partial application","existing worker correspondence","record projections through changing, fixed, shadowed, and nested local bases","new-only grammar aliases, typed callbacks, grouped callees, layout, records, and explicit Unit"],"provider":{"status":"not-attempted","kernelChecked":false}}
2026-10-09T12:10:57.9137224Z PSC0_SH1_ITERATION_CONFORMANCE: PASS (cold, warm, atomic products, compiler pin)
2026-10-09T12:10:57.9326151Z PSC0_SH1_CANDIDATE: PASS (verified selected seed, current raw source and generated capability execution)
2026-10-09T12:10:58.1017508Z ##[group]Run node scripts/sh1-qualify.mjs fixed-point --out dist/sh1
2026-10-09T12:10:58.1018016Z [36;1mnode scripts/sh1-qualify.mjs fixed-point --out dist/sh1[0m
2026-10-09T12:10:58.1058552Z shell: /usr/bin/bash -e {0}
2026-10-09T12:10:58.1058918Z env:
2026-10-09T12:10:58.1059406Z   PSC0_TSC: /home/runner/work/_temp/psc0-typescript-7.0.2/node_modules/typescript/bin/tsc
2026-10-09T12:10:58.1059904Z   PSC0_TYPESCRIPT_VERSION: 7.0.2
2026-10-09T12:10:58.1060189Z ##[endgroup]
2026-10-09T12:30:07.2667250Z PSC0_SH1_GENERATION: {"schemaVersion":1,"executingCompilerSha256":"70db0131fa3af62f7193576407ad529be10df2f4296c712f53f7c31f42209061","sourceRef":"fe2560aba0f347b1caf8d000d371464642d44f23","sourceClosureSha256":"f96c811f575cae2be58ccca3ffe587ead83bffa6f8bd862d40936bef28ef3226","moduleCount":61,"sourceBytes":1113918,"sourceKind":"raw-authoritative-lean","language":{"implementation":"PSC1","candidateCapability":"PSC0-SH/1 structural state generalization and parameter projections","canonicalSourceGrammar":{"edition":"ps-0.9-r3","mode":"new-only","support":"bounded-selfhost-subset","referenceSha256":"4c02626fd0b991e8526c64b65f4ffb66b9ce7b688298e82fb0309802a263db71","fullStandardConformance":false,"fullPscvConformance":false}},"recipe":{"files":[{"path":"scripts/sh1-qualify.mjs","sha256":"37b3a9bca3c5dc599f13c61a1d7cb5219004d775e34bb240b5e17f58ad66d41a"},{"path":"scripts/sh1-capabilities.mjs","sha256":"29a45533419aee1b3e1ac4c0417ce690885748fa66620a158be924caeec01684"},{"path":"scripts/sh1-grammar-conformance.mjs","sha256":"65c4f90ff8f8b4d7436f623517a06839c18d70a7b1dfd62d60162ce86f21477e"},{"path":"scripts/sh1-projection-conformance.mjs","sha256":"44a9baad9f18a231e681b71dc696373ca15a4cdd8b252c31656f5f9b8404051f"},{"path":"scripts/sh1-successor-seed.mjs","sha256":"c65be03a65e0da19c99707319d41c4836f97f1addcb082bc4959946d1fa7e9f8"},{"path":"psconfig.json","sha256":"2c89c1e637f101e2c076644418ad3727af3bdff46b40adfcdbb5d1c1ee9d3984"},{"path":"test/fixtures/selfhost-sh1-accumulators.lean","sha256":"45d7948c21431670d89762f97a6679a371b37defbfcc9d15138639c5f926d9e6"},{"path":"test/fixtures/selfhost-sh1-accumulators.ps","sha256":"e0619554ac2384922ebe1739fa208114b08229118c6a995b7ee7ab2da9a28e65"},{"path":"scripts/proofscript-source.mjs","sha256":"98474e8d1d1629b93aec608ef7263e5c959f02703ca23a55a46327d1f43d9608"},{"path":"scripts/checked-source-snapshot.mjs","sha256":"1082b5e817a973a1eae0731543f7f6b419dfa13c574d051b845c11659be7134c"},{"path":"scripts/selfhost-source-workspace.mjs","sha256":"ec6707a4b12fa605cdcf7cdf1db829f281990fbb8c9b2dc5b9638d37e6fbb1f8"},{"path":"scripts/LeanCheckedSeed.lean","sha256":"f5af4cb73002682ab0e43f78a22d79c6d1006f5f4a0fd8b980c0a7bb3ac91ad1"},{"path":"scripts/typescript-cli.mjs","sha256":"6e25698d6bd0d1793f1eb77d5f66a127d46039a8ec773a67960d116e26e7a64a"},{"path":"scripts/check-typescript-profile.mjs","sha256":"a96dfd40691da9e9f3343f2a90af31406796449ff68a61f4dd5956a4edc44c17"},{"path":"scripts/workspace-layout.mjs","sha256":"f6d2b4d5f82e3d3c125c2d6131d625ca64b698ac10c03648c8914fbcbbdf75b1"},{"path":"scripts/generated-preparation-session.mjs","sha256":"96838acd33a35a84705c6116bbebc881e91e96188c75ce3170ca836a04ca71ad"},{"path":"scripts/original-ir-inventory.mjs","sha256":"bb11bea9a2c9a242fbbd0234078773b7a91a1c99697292e581cc56870000f47f"},{"path":"scripts/original-ir-carrier.mjs","sha256":"745f5920e4d6459e00af883bafeaf2ab169a1d3a3a5ebe60fe97d46b80ef9ed2"},{"path":"scripts/sh1-ir-checker-conformance.mjs","sha256":"fc6f436f430ada8d0caec75efe217c19db77289ab9d7a528142296ed2772936b"},{"path":"test/IrCheckerTests.lean","sha256":"36790248f17f147fe5958256c7cb9ed26f767c410c1319aeadf590d480e69f9d"},{"path":"scripts/sh1-source-snapshot.mjs","sha256":"b70d16e97265283fe7e0f7f581925797a7918d08fb3dffe4de27122d8510aae8"},{"path":"scripts/sh1-seed-manifest.mjs","sha256":"53d7dc1a894a02643f55bf611c955b55497f45f1bcf0d7af9e052e394469794f"},{"path":"scripts/sh1-iterate.mjs","sha256":"9ce539924c9c486a776ae078d491ddfe7e76ad6db7076559211137bec5c0a5b8"},{"path":"scripts/sh1-iteration-conformance.mjs","sha256":"bca0d33389be0bc716eb3c56d2696c547a9f02e0974e40c2205919bffb02dce4"},{"path":"scripts/sh1-foundation-conformance.mjs","sha256":"4bcb6ef9606e8527c47c2f736b56ae115df472e0ced8a5c9cfc1da88f633e383"},{"path":"test/fixtures/selfhost-sh1-foundation-reference.lean","sha256":"e5293a49180f7f1354284b26a9bf10df27749a8e22e6646bdee62ad29a5a19a9"},{"path":"test/fixtures/selfhost-sh1-foundation-probe.lean","sha256":"633a4b0a85cc42533067e0f9b51e5b60d320c44709e5b3f65247b622d0faa819"},{"path":"scripts/sh1-helper-conformance.mjs","sha256":"b239a2da5479711a47c7721ab9e98a7e6ec88437f43f9e262dece8664779a83d"},{"path":"test/fixtures/selfhost-sh1-helpers-reference.lean","sha256":"1db8d3fa490d53d7cfc1d1dc03b052f291b7e5a44ecbed8bddcc8ae6101a5909"},{"path":"test/fixtures/selfhost-sh1-helpers-probe.lean","sha256":"072e8ed62cf7ac65f60c9c7667eca536359fc478b8caf983187ae3ac4a826cf9"},{"path":"scripts/sh1-generic-erasure-conformance.mjs","sha256":"7e86809c9bd8d7bae33c30f0870abd19b3f98e26bcebc6d5f0561ce23c5341ca"},{"path":"test/fixtures/selfhost-sh1-generic-erasure.lean","sha256":"574fc4874e0cd5561fcdd873c7942aa90cd77abaa66441c76b5e4f7c3755e4de"}],"sha256":"5e29ee890f5c08d3d3bfdfda4d060b20c03be14693feb0dcefbb457d6849eddb"},"toolchain":{"node":"v22.23.3","platform":"linux","architecture":"x64","lean":"Lean (version 4.34.0, x86_64-unknown-linux-gnu, commit 293d5d0c0c3f3dded4688b3ccd6a33939ac5102b, Release)","leanGitHash":"293d5d0c0c3f3dded4688b3ccd6a33939ac5102b","typescript":"Version 7.0.2"},"typescriptProfile":{"version":"7.0.2","purpose":"current-emission","arguments":["--ignoreConfig"]},"artifacts":{"canonicalSurfaceSourceSha256":"985cf39d4a68df68a03123883105b6bdd9b81783c4bab98c8ec86ec683ac3b07","normalizedCanonicalAdmissionsSha256":"200e5881d1554f72530a0395524ee28dd3a64a6bd45f55cddd4fad1336981bf0","typescriptSha256":"38fea23209f561efcab0c0111a2a15fa1e5761d33f31100fac8d6bfb1e032935","javascriptSha256":"70db0131fa3af62f7193576407ad529be10df2f4296c712f53f7c31f42209061"},"preparation":{"schemaVersion":1,"kind":"psc0-preparation-session","evidence":"admission-ready","compilerSha256":"70db0131fa3af62f7193576407ad529be10df2f4296c712f53f7c31f42209061","sourceKind":"lean","closureSha256":"07ceecb011cfffad090e30f560a2e81f264bea3a28e743949532b36fb3117538","moduleCount":61,"cache":{"prefixModules":0,"parseHits":0,"parseMisses":61,"parseEvictions":0,"parseUncachedModules":0,"preparedModules":61,"finishHit":false,"retainedParsedEntries":61,"retainedParsedSourceBytes":1110100,"retainedPrefixModules":61,"retainedPrefixSourceBytes":1110100,"maxParsedEntries":128,"maxParsedSourceBytes":8388608},"timingsMs":{"input":2.0962349999999788,"parse":39088.16944800014,"prepare":521007.9027220004,"finish":104467.87471100001,"freeze":348.2911740000127,"total":664918.85237},"warmNoChange":{"schemaVersion":1,"kind":"psc0-preparation-session","evidence":"admission-ready","compilerSha256":"70db0131fa3af62f7193576407ad529be10df2f4296c712f53f7c31f42209061","sourceKind":"lean","closureSha256":"07ceecb011cfffad090e30f560a2e81f264bea3a28e743949532b36fb3117538","moduleCount":61,"cache":{"prefixModules":61,"parseHits":0,"parseMisses":0,"parseEvictions":0,"parseUncachedModules":0,"preparedModules":0,"finishHit":true,"retainedParsedEntries":61,"retainedParsedSourceBytes":1110100,"retainedPrefixModules":61,"retainedPrefixSourceBytes":1110100,"maxParsedEntries":128,"maxParsedSourceBytes":8388608},"timingsMs":{"input":2.079460999928415,"parse":0,"prepare":0,"finish":0,"freeze":0,"total":2.115146999945864}}},"originalIrInventory":{"report":"original-ir-inventory.json","traversalComplete":true,"findingCounts":{},"findingCount":0,"findingCountsCoverage":"all-findings","portableChecker":{"status":"accepted","implementation":"Ps.CompilerIr.Check.psCheckVerifiedIrModule","options":{"maxSteps":5000000,"maxTypeSteps":65536,"maxFindings":1000}},"runtimeIrTypingAccepted":true,"sameOriginalIrCheckedBeforeEmission":true,"strictSh1Qualified":false},"timingsMs":{"loadAndPrepare":665101.9169419999,"admissions":102782.10882700002,"canonicalSurface":43959.933782999986,"emit":333493.2186789999,"tscAndWrite":3281.352582000196,"total":1148618.5315790002},"normalizationEvidence":"Elaborated worker representation is compared in canonical admissions; source comparison uses canonical surface syntax.","evidence":"candidate-build","provider":{"status":"not-attempted","kernelChecked":false}}
2026-10-09T12:30:09.2159822Z PSC0_SH1_IR_CHECKER: {"schemaVersion":1,"evidence":"portable-original-ir-checker-conformance","compilerSha256":"70db0131fa3af62f7193576407ad529be10df2f4296c712f53f7c31f42209061","acceptedFixture":{"schemaVersion":2,"kind":"psc0-original-ir-inventory","compilerSha256":"70db0131fa3af62f7193576407ad529be10df2f4296c712f53f7c31f42209061","status":"runtime-ir-types-accepted","strictSh1Qualified":false,"runtimeIrTypingAccepted":true,"traversalComplete":true,"visitedNodes":1898,"carrier":{"accepted":true,"traversalComplete":true,"visitedNodes":910},"counts":{"expressions":163},"findingCount":0,"findingCounts":{},"findingCountsCoverage":"all-findings","findings":[],"omittedFindingDetails":0,"portableChecker":{"status":"accepted","implementation":"Ps.CompilerIr.Check.psCheckVerifiedIrModule","options":{"maxSteps":5000000,"maxTypeSteps":65536,"maxFindings":1000}},"coverage":["Canonical own-namespace JS carriers before portable code","Portable module signatures, scoped type substitution and compositional expression typing","The host report serializes portable diagnostics without a second semantic checker"],"unqualifiedObligations":["Enabled primitive laws, text positions and bounds semantics beyond runtime typing","Erasure preservation, evaluation order and backend semantic correspondence","Import ABI qualification for unsupported external imports","Strict SH/1 profile activation and provider decisions remain separate"],"notes":["A capped diagnostics list does not cap the portable finding count.","Findings count failed checking obligations; a type operation reports its first failure, not every malformed descendant.","visitedNodes combines portable input preflight and dispatcher steps, each with its own maxSteps allowance.","Structural IR paths identify owners and expressions; they are not original source line numbers.","Runtime IR typing acceptance does not establish Core provider acceptance or strict SH/1."]},"artifacts":{"typescriptSha256":"15e78fc7c00dbabab8affd291cf541233c4a374c1fec319e92fa3360835e33b1","javascriptSha256":"894b55a8d96db8ca4013b6668c936f9663b250469458021fccffbc540dbbc0ba"},"behavior":{"status":"pass","observations":59,"exhaustiveForAllInputs":false,"letScopeCases":[{"name":"shadowOldScope","observations":8},{"name":"shadowWrappedCall","observations":8},{"name":"shadowClosure","observations":8},{"name":"shadowNestedTail","observations":5}]},"rejected":[{"name":"false-let-annotation","expectedCode":"type-mismatch","findingCount":1,"findingCounts":{"type-mismatch":1},"traversalComplete":true,"checkedEmitter":"rejected-before-emission"},{"name":"false-lambda-result","expectedCode":"type-mismatch","findingCount":1,"findingCounts":{"type-mismatch":1},"traversalComplete":true,"checkedEmitter":"rejected-before-emission"},{"name":"false-declaration-result","expectedCode":"type-mismatch","findingCount":1,"findingCounts":{"type-mismatch":1},"traversalComplete":true,"checkedEmitter":"rejected-before-emission"},{"name":"incompatible-if-branches","expectedCode":"type-mismatch","findingCount":1,"findingCounts":{"type-mismatch":1},"traversalComplete":true,"checkedEmitter":"rejected-before-emission"},{"name":"non-boolean-condition","expectedCode":"type-mismatch","findingCount":1,"findingCounts":{"type-mismatch":1},"traversalComplete":true,"checkedEmitter":"rejected-before-emission"},{"name":"flattened-function-grouping","expectedCode":"call-runtime-arity","findingCount":2,"findingCounts":{"call-runtime-arity":1,"type-mismatch":1},"traversalComplete":true,"checkedEmitter":"rejected-before-emission"},{"name":"false-function-group-annotation","expectedCode":"type-mismatch","findingCount":1,"findingCounts":{"type-mismatch":1},"traversalComplete":true,"checkedEmitter":"rejected-before-emission"},{"name":"global-literal-is-not-zero-argument-function","expectedCode":"non-function-callee","findingCount":1,"findingCounts":{"non-function-callee":1},"traversalComplete":true,"checkedEmitter":"rejected-before-emission"},{"name":"generic-arguments-missing","expectedCode":"call-type-arity","findingCount":1,"findingCounts":{"call-type-arity":1},"traversalComplete":true,"checkedEmitter":"rejected-before-emission"},{"name":"monomorphic-value-with-type-arguments","expectedCode":"call-type-arity","findingCount":1,"findingCounts":{"call-type-arity":1},"traversalComplete":true,"checkedEmitter":"rejected-before-emission"},{"name":"generic-scheme-escape","expectedCode":"generic-value-reference","findingCount":1,"findingCounts":{"generic-value-reference":1},"traversalComplete":true,"checkedEmitter":"rejected-before-emission"},{"name":"zero-runtime-generic-value","expectedCode":"generic-value-unsupported","findingCount":1,"findingCounts":{"generic-value-unsupported":1},"traversalComplete":true,"checkedEmitter":"rejected-before-emission"},{"name":"unknown-runtime-type","expectedCode":"unknown-type","findingCount":2,"findingCounts":{"unknown-type":2},"traversalComplete":true,"checkedEmitter":"rejected-before-emission"},{"name":"unscoped-type-parameter","expectedCode":"unbound-type-parameter","findingCount":2,"findingCounts":{"unbound-type-parameter":1,"type-mismatch":1},"traversalComplete":true,"checkedEmitter":"rejected-before-emission"},{"name":"named-type-arity","expectedCode":"named-type-arity","findingCount":1,"findingCounts":{"named-type-arity":1},"traversalComplete":true,"checkedEmitter":"rejected-before-emission"},{"name":"unresolved-variable","expectedCode":"unresolved-value-name","findingCount":1,"findingCounts":{"unresolved-value-name":1},"traversalComplete":true,"checkedEmitter":"rejected-before-emission"},{"name":"duplicate-runtime-binder","expectedCode":"duplicate-binder","findingCount":1,"findingCounts":{"duplicate-binder":1},"traversalComplete":true,"checkedEmitter":"rejected-before-emission"},{"name":"duplicate-type-binder","expectedCode":"duplicate-type-parameter","findingCount":1,"findingCounts":{"duplicate-type-parameter":1},"traversalComplete":true,"checkedEmitter":"rejected-before-emission"},{"name":"duplicate-global-name","expectedCode":"duplicate-value-name","findingCount":1,"findingCounts":{"duplicate-value-name":1},"traversalComplete":true,"checkedEmitter":"rejected-before-emission"},{"name":"Nat-and-Int-are-distinct","expectedCode":"type-mismatch","findingCount":1,"findingCounts":{"type-mismatch":1},"traversalComplete":true,"checkedEmitter":"rejected-before-emission"},{"name":"Char-and-String-are-distinct","expectedCode":"type-mismatch","findingCount":1,"findingCounts":{"type-mismatch":1},"traversalComplete":true,"checkedEmitter":"rejected-before-emission"},{"name":"intrinsic-type-arity","expectedCode":"intrinsic-type-arity","findingCount":1,"findingCounts":{"intrinsic-type-arity":1},"traversalComplete":true,"checkedEmitter":"rejected-before-emission"},{"name":"constructor-positional-field-order","expectedCode":"constructor-field-order","findingCount":1,"findingCounts":{"constructor-field-order":1},"traversalComplete":true,"checkedEmitter":"rejected-before-emission"},{"name":"record-missing-field","expectedCode":"missing-field","findingCount":1,"findingCounts":{"missing-field":1},"traversalComplete":true,"checkedEmitter":"rejected-before-emission"},{"name":"record-duplicate-field","expectedCode":"duplicate-field","findingCount":1,"findingCounts":{"duplicate-field":1},"traversalComplete":true,"checkedEmitter":"rejected-before-emission"},{"name":"record-extra-field","expectedCode":"unexpected-field","findingCount":1,"findingCounts":{"unexpected-field":1},"traversalComplete":true,"checkedEmitter":"rejected-before-emission"},{"name":"projection-owner-mismatch","expectedCode":"type-mismatch","findingCount":1,"findingCounts":{"type-mismatch":1},"traversalComplete":true,"checkedEmitter":"rejected-before-emission"},{"name":"projection-instantiation-mismatch","expectedCode":"type-mismatch","findingCount":1,"findingCounts":{"type-mismatch":1},"traversalComplete":true,"checkedEmitter":"rejected-before-emission"},{"name":"match-binding-type-mismatch","expectedCode":"type-mismatch","findingCount":3,"findingCounts":{"type-mismatch":2,"non-function-callee":1},"traversalComplete":true,"checkedEmitter":"rejected-before-emission"},{"name":"match-missing-alternative","expectedCode":"match-coverage","findingCount":1,"findingCounts":{"match-coverage":1},"traversalComplete":true,"checkedEmitter":"rejected-before-emission"},{"name":"match-duplicate-alternative","expectedCode":"duplicate-match-alternative","findingCount":1,"findingCounts":{"duplicate-match-alternative":1},"traversalComplete":true,"checkedEmitter":"rejected-before-emission"},{"name":"optional-scalar-capability","expectedCode":"scalar-capability-unqualified","findingCount":3,"findingCounts":{"scalar-capability-unqualified":3},"traversalComplete":true,"checkedEmitter":"rejected-before-emission"},{"name":"external-import-ABI","expectedCode":"external-import-abi-unqualified","findingCount":1,"findingCounts":{"external-import-abi-unqualified":1},"traversalComplete":true,"checkedEmitter":"rejected-before-emission"},{"name":"empty-layout","expectedCode":"empty-layout-unsupported","findingCount":1,"findingCounts":{"empty-layout-unsupported":1},"traversalComplete":true,"checkedEmitter":"rejected-before-emission"},{"name":"empty-match","expectedCode":"empty-match-unsupported","findingCount":2,"findingCounts":{"empty-layout-unsupported":1,"empty-match-unsupported":1},"traversalComplete":true,"checkedEmitter":"rejected-before-emission"},{"name":"runtime-layout-name-collision","expectedCode":"duplicate-layout-name","findingCount":1,"findingCounts":{"duplicate-layout-name":1},"traversalComplete":true,"checkedEmitter":"rejected-before-emission"}],"exhausted":[{"name":"input-preflight-budget","findingCounts":{"checker-input-resource-limit":1},"traversalComplete":false},{"name":"type-work-budget","findingCounts":{"type-resource-limit":224},"traversalComplete":false}],"directTypeOperations":[{"name":"simultaneous-nested-generic-swap","status":"pass"},{"name":"substitution-budget","code":"type-resource-limit","detail":"substitution"},{"name":"equality-budget","code":"type-resource-limit","detail":"equality"}],"carrierRejections":[{"name":"negative-natural-carrier","findingCounts":{"invalid-ir-scalar-carrier":1},"portableChecker":"not-run-invalid-carrier"},{"name":"number-natural-carrier","findingCounts":{"invalid-ir-scalar-carrier":1},"portableChecker":"not-run-invalid-carrier"},{"name":"string-boolean-carrier","findingCounts":{"invalid-ir-scalar-carrier":1},"portableChecker":"not-run-invalid-carrier"},{"name":"cyclic-list-carrier","findingCounts":{"cyclic-ir-carrier":1},"portableChecker":"not-run-invalid-carrier"},{"name":"foreign-compiler-brand","findingCounts":{"malformed-or-foreign-constructor":1},"portableChecker":"not-run-invalid-carrier"}],"diagnosticsCap":{"limit":0,"findingCount":1,"omittedFindingDetails":1},"checkedPreparedEntry":{"sourceSha256":"b05ec9c46f150c05b7249ee48bc3b1bdfcb2f60d851b4af81ff7298df49b5626","typescriptSha256":"027735f4d196d1c92d0868320d9313d4cabe9841a90566f433e2ff71d4350a36","status":"pass"},"instanceOwnership":"All IR constructors and neutral record factories belong to the checked compiler namespace.","strictSh1Qualified":false,"provider":{"status":"not-attempted","kernelChecked":false}}
2026-10-09T12:30:20.3456369Z PSC0_SH1_CAPABILITIES: {"schemaVersion":1,"compilerSha256":"70db0131fa3af62f7193576407ad529be10df2f4296c712f53f7c31f42209061","evidence":"raw-source-generated-execution","sourceKinds":[{"sourceKind":"lean","sourceSha256":"45d7948c21431670d89762f97a6679a371b37defbfcc9d15138639c5f926d9e6","admissionsSha256":"372371596fba560eca5ba52d29e20d91780d5c3321e4353a7a4c1a009167e10f","typescriptSha256":"8d7e8a5e548f4a10748ddcf70786caf542ea54693f411b4e3617f237ad7bbd4f","javascriptSha256":"225150e522b5af5c8cc46347714cd6b58e25c2e8b2a3543f11baa312513f372c","generatedCompilerConsumedRawSource":true,"behavior":"pass","projectionBehavior":{"observations":39,"behavior":"pass","maximumFuel":"20000"},"grammarBehavior":{"observations":34,"behavior":"pass","edition":"ps-0.9-r3","mode":"new-only"}},{"sourceKind":"ps","sourceSha256":"e0619554ac2384922ebe1739fa208114b08229118c6a995b7ee7ab2da9a28e65","admissionsSha256":"bb84332515024d4145b7cedb636fb6095d3cbe20a4fc3043dc37905f7574a900","typescriptSha256":"0465c3dc1a58bb914c01e3cd3f53f78dfd7315768cfc0dd5971b57f60329d035","javascriptSha256":"5093d317347e940664fca20453271dd4fc898f75e22918e6d36813beaf18758c","generatedCompilerConsumedRawSource":true,"behavior":"pass","projectionBehavior":{"observations":39,"behavior":"pass","maximumFuel":"20000"},"grammarBehavior":{"observations":34,"behavior":"pass","edition":"ps-0.9-r3","mode":"new-only"}}],"negativeCases":[{"name":"narrowed-nested-induction-hypothesis","sourceSha256":"1c6fc4543d2650c3b18506c39107ec8cc1f3df1302da61fd1c8f73bb6ba907c3","diagnosticTags":["elaboration","structuralRecursionNotDecreasing"]},{"name":"unsaturated-recursive-call","sourceSha256":"879565204119b005493e52868d63b0e0ba8c69624dfd8fbdb329af30d909364a","diagnosticTags":["elaboration","structuralRecursionArity"]},{"name":"nondecreasing-major","sourceSha256":"fd8b66b959543f6e2f1be3958efff1db883c33dd04dbf6051df2290ceaa2b811","diagnosticTags":["elaboration","structuralRecursionNotDecreasing"]},{"name":"unrelated-constructor-child","sourceSha256":"85eaeb42ac5a652b4dd6f49b2ef9a11d453ea7432f99fd5559c4bd964fa5131a","diagnosticTags":["elaboration","structuralRecursionNotDecreasing"]},{"name":"escaping-self-reference","sourceSha256":"0675b11dbfc09380ff6449950e29b12f1563bccf0f8bafc5d003b44258860d82","diagnosticTags":["elaboration","structuralRecursionEscapingReference"]},{"name":"major-dependent-parameter","sourceSha256":"aa9a3193d7db8334c703927ae0a19b060eed52acdfb0f6a6dc0d913819060542","diagnosticTags":["elaboration","structuralRecursionDependentParameter"]},{"name":"explicit-historical-stable-mode","sourceSha256":"bee98d86b07b527f2bdbaca89f42d8286a1c64c41f7f4ffb541c437de83a8555","diagnosticTags":["structuralRecursionInvariantArgument"]}],"projectionResolution":{"schemaVersion":1,"evidence":"owned-compiler-api-resolution-and-source-identity","caseCount":21,"resolutionCases":12,"exactIdentityCases":8,"normalizationSpanCases":1,"allPassed":true,"instanceOwnership":"All syntax and compiler data were constructed by this compiler instance.","cases":[{"name":"exact-local-before-global-and-prefixes","family":"resolution","expected":{"kind":"local","id":"2","fields":[]}},{"name":"exact-global-before-local-prefix","family":"resolution","expected":{"kind":"global","name":"alpha.beta.gamma","fields":[]}},{"name":"first-local-before-first-global-and-longer-local","family":"resolution","expected":{"kind":"local","id":"0","fields":["beta","gamma"]}},{"name":"first-global-before-longer-local","family":"resolution","expected":{"kind":"global","name":"alpha","fields":["beta","gamma"]}},{"name":"longest-proper-local-prefix-with-absent-first","family":"resolution","expected":{"kind":"local","id":"0","fields":["delta"]}},{"name":"shorter-proper-local-prefix-with-absent-first","family":"resolution","expected":{"kind":"local","id":"0","fields":["gamma","delta"]}},{"name":"multi-segment-global-is-not-a-fallback","family":"resolution","expected":{"kind":"none"}},{"name":"longer-global-does-not-displace-local-fallback","family":"resolution","expected":{"kind":"local","id":"0","fields":["gamma","delta"]}},{"name":"nearest-first-segment-local-shadow","family":"resolution","expected":{"kind":"local","id":"1","fields":["beta","gamma"]}},{"name":"nearest-exact-local-shadow","family":"resolution","expected":{"kind":"local","id":"3","fields":[]}},{"name":"unresolved-name","family":"resolution","expected":{"kind":"none"}},{"name":"unrelated-multi-segment-local","family":"resolution","expected":{"kind":"none"}},{"name":"recursion-exact-local-reference","family":"exact-local-identity","expectedId":"0"},{"name":"term-exact-local-reference","family":"exact-local-identity","expectedId":"0"},{"name":"recursion-projection-is-not-unchanged-state","family":"exact-local-identity","expectedId":null},{"name":"term-projection-is-not-a-structural-child","family":"exact-local-identity","expectedId":null},{"name":"recursion-global-is-not-local","family":"exact-local-identity","expectedId":null},{"name":"term-global-is-not-local","family":"exact-local-identity","expectedId":null},{"name":"recursion-exact-qualified-local-still-has-identity","family":"exact-local-identity","expectedId":"0"},{"name":"term-exact-qualified-local-still-has-identity","family":"exact-local-identity","expectedId":"0"},{"name":"normalized-parameter-projection-preserves-binder-field-and-span","family":"normalization-source-span","expectedBinderSegments":["$psc0SH","1"],"expectedFields":["count"],"expectedSpan":{"start":{"byteOffset":"186","line":"5","column":"25"},"stop":{"byteOffset":"199","line":"5","column":"38"}}}]},"grammar":{"schemaVersion":1,"evidence":"generated-compiler-source-grammar-api","compilerSha256":"70db0131fa3af62f7193576407ad529be10df2f4296c712f53f7c31f42209061","sourceGrammar":{"edition":"ps-0.9-r3","mode":"new-only","support":"bounded-selfhost-subset","referenceSha256":"4c02626fd0b991e8526c64b65f4ffb66b9ce7b688298e82fb0309802a263db71","fullStandardConformance":false,"fullPscvConformance":false},"corpusSha256":"4303a9503bc2ade83b248b80f8f6a1ccd460b2f5aff773d34fef3755a3e0b43f","counts":{"applicationBoundaries":18,"supportedSyntax":22,"canonicalRoundTrips":40,"parseRefusals":35,"lexicalPositionCases":2,"lexicalRefusals":5,"emptyCallRefusals":3,"printerRefusals":1},"applications":[{"name":"explicit-empty-call","sourceSha256":"a1809059a87695be7ab63b86114cbf025ce6842c4565fb2edcf3ad43d648ce5a","canonicalSha256":"a1809059a87695be7ab63b86114cbf025ce6842c4565fb2edcf3ad43d648ce5a","astSha256":"6a2ed0d413644501db6b4d376eda1d5c9ce7597bc74c7a325b13dc0939c7663b"},{"name":"explicit-unit-argument","sourceSha256":"6af26347513a9acfe9a12381b691d359effb3dfb732149c9d1b6a460d59e2bea","canonicalSha256":"6af26347513a9acfe9a12381b691d359effb3dfb732149c9d1b6a460d59e2bea","astSha256":"2df0f1baef1af20c721f86bd4f96d3579199d1107bb6ebae391d39f6bdb024cd"},{"name":"native-unit-argument","sourceSha256":"b091f10a140fa4185525d07c639cbe593049a30cf012444139fa24ebb159d7d5","canonicalSha256":"6af26347513a9acfe9a12381b691d359effb3dfb732149c9d1b6a460d59e2bea","astSha256":"2df0f1baef1af20c721f86bd4f96d3579199d1107bb6ebae391d39f6bdb024cd"},{"name":"comment-gap-unit-argument","sourceSha256":"cb65fb6c5e8cf364eae704e9d48c5c9d13709c96e7a0298ff8ecc71e635d33ec","canonicalSha256":"6af26347513a9acfe9a12381b691d359effb3dfb732149c9d1b6a460d59e2bea","astSha256":"2df0f1baef1af20c721f86bd4f96d3579199d1107bb6ebae391d39f6bdb024cd"},{"name":"empty-call-then-native","sourceSha256":"146766ff0ef495404378f897d5784b75411ccda1b490ceb51c60c73ef92796cf","canonicalSha256":"9a436633672423065dde0e190546ec0f8bb69ad9875789d454d0ec5fb9784221","astSha256":"6deb13204c2281a81d1fb7164bc8cf8ec5de4d847179ad5247688ac33a9b5a4f"},{"name":"grouped-empty-call-then-native","sourceSha256":"b4143b282b7de28ccfbc30ac9230083ede011bf57f3eabc5955ff5b06672bfc0","canonicalSha256":"9a436633672423065dde0e190546ec0f8bb69ad9875789d454d0ec5fb9784221","astSha256":"6deb13204c2281a81d1fb7164bc8cf8ec5de4d847179ad5247688ac33a9b5a4f"},{"name":"repeated-empty-call","sourceSha256":"cb6d2c43b11b24bb8f1f8170e8fcc9fb5b1726889e838f17ec81824f79cc1c94","canonicalSha256":"75996e1ea79f099a29954ae4869a0c388e13a2124d7037c0c0875057fc60b636","astSha256":"183fc2c97cf57de80caf97c8ead916de82baba063f2706fb86fea4c379ddf982"},{"name":"native-argument-chain","sourceSha256":"aa2832b00487bfada58263fa8f5a737fa9a2662c978f039325e912e991c3dc1c","canonicalSha256":"af61f2831c84be4319ba3fdc764f470df961b69a7af9a2a6bd8680a10db781b2","astSha256":"229e3f1937ff4396091c1fd92c84573ff83050857883d620c1e17905fd63bc51"},{"name":"adjacent-argument-group","sourceSha256":"af61f2831c84be4319ba3fdc764f470df961b69a7af9a2a6bd8680a10db781b2","canonicalSha256":"af61f2831c84be4319ba3fdc764f470df961b69a7af9a2a6bd8680a10db781b2","astSha256":"229e3f1937ff4396091c1fd92c84573ff83050857883d620c1e17905fd63bc51"},{"name":"trailing-call-comma","sourceSha256":"bc9762713f945500c2e7d5b8cdb93fa8bc4c26c5fbac44ae432ced5722d56000","canonicalSha256":"af61f2831c84be4319ba3fdc764f470df961b69a7af9a2a6bd8680a10db781b2","astSha256":"229e3f1937ff4396091c1fd92c84573ff83050857883d620c1e17905fd63bc51"},{"name":"postfix-then-native","sourceSha256":"bb1e3f14d05047a2d546be83fba383c4845579cf6fe50d04e83bdc32e243211b","canonicalSha256":"9ec3d00b336f4810c37bee7a52d310c8b8ff7daad3f17f8132a0dd247e60687c","astSha256":"1ce00e2f7580d7841448b7103636756afcaffe8adbf0cdfddcde3bae70c7d55a"},{"name":"grouped-native-callee","sourceSha256":"83dc9e7a88b343d74f42e31cfc10070dfd44b5644e7136a92bc2d9e61993f675","canonicalSha256":"9ec3d00b336f4810c37bee7a52d310c8b8ff7daad3f17f8132a0dd247e60687c","astSha256":"1ce00e2f7580d7841448b7103636756afcaffe8adbf0cdfddcde3bae70c7d55a"},{"name":"repeated-postfix-call","sourceSha256":"a46c258b7d211d34b8945a8c8f8d3e1ce52156415b5679fbb5a9e826bbce05e2","canonicalSha256":"9ec3d00b336f4810c37bee7a52d310c8b8ff7daad3f17f8132a0dd247e60687c","astSha256":"1ce00e2f7580d7841448b7103636756afcaffe8adbf0cdfddcde3bae70c7d55a"},{"name":"grouped-reference-callee","sourceSha256":"9e0a28a3eb2629b1c9ee01cf170a3620d2d95d877ce76bbb04e485d54343869b","canonicalSha256":"965b5ee86cc5b69ddc85c3612a725deb245dbae4993030d27e698887f63e91a8","astSha256":"5fbbee2f1df5f98d3f13ac950c27709cca8e23287d5e2bdf15b3a0960f5ad9a7"},{"name":"grouped-postfix-callee","sourceSha256":"9ec3d00b336f4810c37bee7a52d310c8b8ff7daad3f17f8132a0dd247e60687c","canonicalSha256":"9ec3d00b336f4810c37bee7a52d310c8b8ff7daad3f17f8132a0dd247e60687c","astSha256":"1ce00e2f7580d7841448b7103636756afcaffe8adbf0cdfddcde3bae70c7d55a"},{"name":"grouped-native-argument","sourceSha256":"70c260023120173e4463a66556966990b229b11e7f66d18f1dd67be617da1332","canonicalSha256":"975f707494415ae8810e8938ad06965ccbe29363b8113b55080ca9f0ac693788","astSha256":"b0a69ca981894178350be11e93a04478cbb717ca55c568e654adb93f066d9899"},{"name":"nested-postfix-argument","sourceSha256":"e489a6619089416a07dafbe5458d1a80b091ae9a463c19ce6f5d7f06222396e3","canonicalSha256":"e489a6619089416a07dafbe5458d1a80b091ae9a463c19ce6f5d7f06222396e3","astSha256":"399fdbc946f2b65bccf829f2044bffe0f294315152f3fa006420db39ed77709e"},{"name":"qualified-reference","sourceSha256":"4625ce5e3b5d27210cfb937ae5b8bd8e9e951c7ebe1db337fff17c86ab903014","canonicalSha256":"4625ce5e3b5d27210cfb937ae5b8bd8e9e951c7ebe1db337fff17c86ab903014","astSha256":"abee3c03565d5cd5f6753863cfce56ac43d3d08180bd573493ac853858205fec"}],"supported":[{"name":"newline-commands-and-imports","sourceSha256":"fd60bb2a6b7ec98bbc3c688ed596457bf4dfd3d50decc2bb7cfd434eae68a594","canonicalSha256":"f77423e10c51de85dc3a462d18291c95fff21307dc50968a741cf0fa8f341730","astSha256":"c943bcbfd010fee88113e04c8cc5642b6556f33e4ccdbaa87d23ec7404d5c8cf"},{"name":"one-typed-comma-parameter-group","sourceSha256":"3ecd3a8e2a16f6c6e30ba46aa166160343c26780aad4b1af5032fe47d7dd5b02","canonicalSha256":"1332ca9ef9118e449d01d37a30cda69fe86f95524170d4f2cab9e2a7ca2b5f69","astSha256":"2412e8c6a3268010d3634a91ef8700e919e13eeaac8c9a7f2a9899a98bce7f92"},{"name":"nonexplicit-prefix-before-typed-group","sourceSha256":"638bed291adc4c9d514663eeadcce60c55c1be2b56c18ba8920074d38a5f5ca9","canonicalSha256":"55730ef2f7d52e12dbbba588beb5c8009cf95967fa5ff4e9f54dff6300bc435c","astSha256":"9946744349590f7cb0941f602e7299727d3f7683e8e5bb728d1a3ffc917a3435"},{"name":"dependent-typed-parameter","sourceSha256":"b592f74c83d232d37b78c26c6b0359be32db959c506c28e415dd8804eddb82c9","canonicalSha256":"749624ef8ddef8f2ace55a6d53ab755c7c9436f0c7047060d4832dcaab8f684d","astSha256":"7a5bcc95f5f54dcf6c1d179f27f521c9511a756b0edc02a0a4a8b8451fbf34a5"},{"name":"grouped-callee-in-binder-type","sourceSha256":"0cba60cbdac94811bb31c7f41234c5c2f31fa56f6e2bf548a4758f4ff5e94c34","canonicalSha256":"3cc4ba4260120a67108b5ccd818bd06441198778b861a61ee60c5a162ed48ee7","astSha256":"ccc036d13b6fc574594a7faec074e88e0c96205c45fb87bf4708b9f92eb5cf1a"},{"name":"typed-parenthesized-lambda-callback","sourceSha256":"da74024eeb13aa39fa97e7bb8db1572cc671a54623172b18a31a7d45a23e234e","canonicalSha256":"da74024eeb13aa39fa97e7bb8db1572cc671a54623172b18a31a7d45a23e234e","astSha256":"74cee3ffa1a3e2b193ece540e47e878d4a51a5a97b8bf5f9460e03f991499e28"},{"name":"typed-lambda-native-callback","sourceSha256":"06be49c496dda24c14e7de3595eb60cde66b69f6e1845e17ce6eb9225ee6a79a","canonicalSha256":"27f6d7f3023e0b5189409ad7c12d8157520f213eed43b098843c8bfb8213cef1","astSha256":"be4a3ff5986dcbe6b24dfe7d991f7410ea6cd3100895e36342d33d4cbf456101"},{"name":"grouped-lambda-callee","sourceSha256":"754e5a9878262d8cd78b3722113d7196941a041632e86e14a16892a7d685d1dc","canonicalSha256":"754e5a9878262d8cd78b3722113d7196941a041632e86e14a16892a7d685d1dc","astSha256":"2d8951b6620de5291203389305c266701c12d1b6948a037706456ad027ca1982"},{"name":"braced-single-term-definition","sourceSha256":"015b0e61aa85bc804fb3332977b4dd27a77fb530858c321a0cfc197fef3b1d31","canonicalSha256":"0fb72935a1a20452c4d6d5dd08472c2350076e4582def83e610da089a5d830d7","astSha256":"10e7b1afc27cfb75c54d3d48d36d646fa046213afe64fc02a9dee71c79e004fb"},{"name":"let-newline-sequence","sourceSha256":"5c229b52e2e02b7c1184cd55344f074f2d833df5420e8c7278b122b72867a015","canonicalSha256":"2c3342f329c69134569bf12f50de47efad4a0bed45f4b44e52a3a2f2aad5b078","astSha256":"ad0c8bc536cc46460758925bcb80107334d0cc8f14e164558a8e6f89977919e6"},{"name":"typed-let-within-match","sourceSha256":"77e9695e6b8f768dcf6617f028b5f038ae086d26ec5f73873cb19cb3e4f0389b","canonicalSha256":"929d28bb5d09235f30b177b991290926dbffa5a886a8a414594dd3613329a4d2","astSha256":"813fb0bc473ae45fe44d510994f59bfbaad775ab49b1bad917656cc2d4770b83"},{"name":"if-braced-branches","sourceSha256":"9432486c92ff5d92417535772eef099c8f79831ec95969b191e37e3f38edefb9","canonicalSha256":"9432486c92ff5d92417535772eef099c8f79831ec95969b191e37e3f38edefb9","astSha256":"eb1f41454b02d559ca1893f3c10eab4fd4cdfd0c7c2a197843eb8d80f0e229ea"},{"name":"constructor-unified-parameter-groups","sourceSha256":"6c0de53e9ed2e54e2cdb92a9fc2af24c9b8d12c0a2ad1d90749613047d1cbe94","canonicalSha256":"6c0de53e9ed2e54e2cdb92a9fc2af24c9b8d12c0a2ad1d90749613047d1cbe94","astSha256":"023b7640c06be7905f5c05dd3777be7a3688b45c566803b5da65d6cc8184964a"},{"name":"newline-structure-fields-and-comma-record","sourceSha256":"f365e37a53feda5013d8847795a6ac3cef6c50d7b51ada8776f56ab3fc617255","canonicalSha256":"84b2ea2ebc483d8a7ce9b42de07c912f7e69fe6e26e6bb73544107279173a409","astSha256":"2ec44c33001d10dc6771b1196b1efe135eeecce2e696006a9b16b88e4dcd0288"},{"name":"record-in-definition-wrapper","sourceSha256":"1e31354e511c474d5b13484d61c5b35b8c5988b9e4d9ab3bf556d57b639730cb","canonicalSha256":"1db3cfe2be2e1e59dcc002cb8676f21117abeedd8cf87a0a5a2c23b4e9ee853b","astSha256":"cc485dc4c9ba9331a5e522189e2ff664eced895381510e0a8fd121c9397628e6"},{"name":"empty-record-body","sourceSha256":"2d915f3e6496742778689beb1a7936db0dc3caa0b32fe19f149ca9bd785a460c","canonicalSha256":"674eed3f751282a56b6f408fa52b179669e15697998264cc1dcc4c03cee13088","astSha256":"704be5b86c5f52d50c525d77e057f62ae5c32d03524bd9c2187c280cf4e3f196"},{"name":"annotated-parameterless-const-alias","sourceSha256":"68c008144edf4b656a25f349c4f17c932f17b81c5dec37d9d40c1e687ecc19a3","canonicalSha256":"9356ae7071b023e7431e7c25a3767214ff91f505feb99ca247bf3a713214c46b","astSha256":"8aaf056dfa425cc36847543b64b09c7c1556889819202dd2302d9b7a4a8f8e2c"},{"name":"annotated-positive-arity-function-alias","sourceSha256":"4814b1da35d15c961851696d68b9c034568b7e65b1e451e820ad41f195aee31d","canonicalSha256":"1332ca9ef9118e449d01d37a30cda69fe86f95524170d4f2cab9e2a7ca2b5f69","astSha256":"2412e8c6a3268010d3634a91ef8700e919e13eeaac8c9a7f2a9899a98bce7f92"},{"name":"base-partial-and-typed-theorem","sourceSha256":"7b34f3d6e0c5fff27b8dc18f912c53471c0c29a76209ac12e9893ce07a1523da","canonicalSha256":"eb014365691755c2406f1f359f038851edaa77f350e12e1a29675731a5fb24a4","astSha256":"ad0e881aee7ee166a80b7f51d8654c220c64ad0beefc99f3fc31e90bce68e7ce"},{"name":"literal-round-trips","sourceSha256":"7856e6a689cf2e539601ec8923e079b46a85b1665b64575455cf054cae4f0e86","canonicalSha256":"d9bc634d1cb8d1aedfeb525974b3917191f09d72b7d6a06190f105c188918bbe","astSha256":"e642ee866f44f931764c473f4a34798f251286b0c24114f12fc05aee6daef8c4"},{"name":"nested-comment-native-gap","sourceSha256":"8a9bf86c4ee94b9914cd3fa70cff7e404d68706a0273c8390727bd9c5340380a","canonicalSha256":"bc8c78b1a1e515d22331cb55282b03c66352ec930f37b1d275c514566f9706bb","astSha256":"213bdc2688ad69b8c2eaab483b5124c4c06a782c173cfa24ae86575dd67292d2"},{"name":"indented-native-continuation","sourceSha256":"c779f14ee662874d38dee39ceda60943ec4c9eef2a234ee3fcdbc235c6f054ea","canonicalSha256":"bc8c78b1a1e515d22331cb55282b03c66352ec930f37b1d275c514566f9706bb","astSha256":"213bdc2688ad69b8c2eaab483b5124c4c06a782c173cfa24ae86575dd67292d2"}],"refusals":[{"name":"semicolon-after-import","diagnosticTags":["proofScriptFrontend","parse","expectedText"],"diagnosticSha256":"1c6b0620fde8bd6b51e3cd4bb24960815855ea14bc5944d270808abf03b34df1","sourceSha256":"10ccffe67e5211cacf3eaeb7244774cf92129e7108a373ab9f25fdc1638200ae"},{"name":"semicolon-after-definition","diagnosticTags":["proofScriptFrontend","parse","expectedText"],"diagnosticSha256":"1c6b0620fde8bd6b51e3cd4bb24960815855ea14bc5944d270808abf03b34df1","sourceSha256":"3aa05132f8464f41259554e4ebd9c56ec1dd757cfdbd6fda484461a7ae215312"},{"name":"semicolon-let-sequence","diagnosticTags":["proofScriptFrontend","parse","expectedText"],"diagnosticSha256":"fdbf20c4a33f89b35cb4a21abbbc4c81e7ab23179910bc7637200087c806818a","sourceSha256":"80a402672d2bc6c73c9b80bcb3824526c92351df40220436f8ee614b40446c3e"},{"name":"semicolon-structure-field","diagnosticTags":["proofScriptFrontend","parse","expectedText"],"diagnosticSha256":"2351efeafb5381633cf5dd6be967d7ab779b40bab69ba6ca84f5d1de6fd73c27","sourceSha256":"7a488ae8ffc4700920b71c1030284457d4a67a2e66fe4b6955974f6b9759ffb8"},{"name":"semicolon-constructor","diagnosticTags":["proofScriptFrontend","parse","expectedText"],"diagnosticSha256":"e970ae8658a8bc2cc1c8fe75cdf3a69641961659bc02e45f84918262ee9fb0c2","sourceSha256":"cf62f4a663de528f6f448d009bc73410de3555056e4f2585fdfb79dcfad5ae41"},{"name":"semicolon-match-alternative","diagnosticTags":["proofScriptFrontend","parse","expectedText"],"diagnosticSha256":"332ee9d339732ef88a821fef00b63e657f87ec9022248bbfccbfec4916dba695","sourceSha256":"9a3e437af527f3756b4996575ea2cdb2b4d3a7380bb754d2fb05a341fdb83037"},{"name":"same-line-commands","diagnosticTags":["proofScriptFrontend","parse","expectedText"],"diagnosticSha256":"ea8c2bd84c06e5f1ad98e625103bca83eab29e2c7eb5661676282cd1857c4587","sourceSha256":"8aafcab756f2a79b788d25ed15e15f63e99fae8cc76613111fe46b3532105d13"},{"name":"same-line-structure-fields","diagnosticTags":["proofScriptFrontend","parse","expectedText"],"diagnosticSha256":"b6052c12cd1a39feab85556b560f6a7646446ebb69db5d5ba0314eda6cc0e8ab","sourceSha256":"af2371f648c386ef783dbf8d53bc0de1b2a7d2b2bbd9e49f387569c3a3875967"},{"name":"comma-structure-fields","diagnosticTags":["proofScriptFrontend","parse","expectedText"],"diagnosticSha256":"fae6df4203d078506cc0d25b175ed7c8bd94067260f6e7bb6d9db2ce254ac8c2","sourceSha256":"d895dd725f421d0d31a23f3b2c6007e889c66cc924de01fae1f0d11b6c002534"},{"name":"newline-only-record-fields","diagnosticTags":["proofScriptFrontend","parse","expectedText"],"diagnosticSha256":"ce777226c53346ddd41b4afb297e582f24d8b80ee7583ca136c29ca79ea20e42","sourceSha256":"0b2ab9f7a4333c1a1156cfbc1fd4956afef43825a959f2e2231a882f7d803efb"},{"name":"repeated-declaration-groups","diagnosticTags":["proofScriptFrontend","parse","expectedText"],"diagnosticSha256":"0d10536991c67482e39c3dbe6bc5eac1cf41f091134bfa62dd3371e2f6143df9","sourceSha256":"0071cd2735b8eb03b3e944c78bf9dfbdfae1f320ff7e0c123709b8bac9feed7d"},{"name":"repeated-constructor-groups","diagnosticTags":["proofScriptFrontend","parse","expectedText"],"diagnosticSha256":"b30b61e78a4ed6b5fd299a753de6ed176bccf36c5d21c3f4b229466083e8e0aa","sourceSha256":"8d8e31f431b057ff8e6cc360da955dcf2483671f699ea839f00352027ad9687c"},{"name":"nonexplicit-binder-after-explicit-group","diagnosticTags":["proofScriptFrontend","parse","expectedText"],"diagnosticSha256":"9de1fab3ab76e859a444def976f0fb07683e63ace0c2852abfe38a580e921c2f","sourceSha256":"ed1aa9b93e732e108f095b0772b9a0fccb6886ab4b85dd19aa766c1349b432da"},{"name":"empty-def-parameter-group","diagnosticTags":["proofScriptFrontend","parse","expectedText"],"diagnosticSha256":"c00789155c4347812c966a8c167b4d3bf5f10da534de7d33619219e51d965938","sourceSha256":"94b4084a8ded9ff3bd7b4668593fe91ddeca361631387a1c72ec2e6bf7481553"},{"name":"empty-function-parameter-group","diagnosticTags":["proofScriptFrontend","parse","expectedText"],"diagnosticSha256":"1484f8b40e4f26700148d3da6019e00eca9bd4dc71641acaf3793bc2aaeb8af7","sourceSha256":"e52b4c9810059d9fac4b7e234f6d3488302006860ec2cdd1a6bda3f2b2048403"},{"name":"function-without-explicit-parameters","diagnosticTags":["proofScriptFrontend","parse","expectedText"],"diagnosticSha256":"8c768ad8cd50d630823716ae81d4e7f4319645363d8936379fac5b89b4e49f0a","sourceSha256":"46085c8854f12b0ce475d1d256aad2de4a4be4a8d91437a0daee958ff67b598f"},{"name":"const-with-parameters","diagnosticTags":["proofScriptFrontend","parse","expectedText"],"diagnosticSha256":"576cfe3bf660a418365ceb1414d729a054806028155217872eb86c187c2d3c84","sourceSha256":"f9ef6f78078e5840e46445d270f1679374a5a5b7564610d06bd180c5d4b07833"},{"name":"omitted-result-annotation","diagnosticTags":["proofScriptFrontend","parse","expectedText"],"diagnosticSha256":"e528c290360965627b024479dd9ace22402e992378ec445307b93654d383f221","sourceSha256":"eda43a39d1c19022d1df6622b4f0d912c1f729c7d95e680b8a04471509217c18"},{"name":"omitted-parameter-annotation","diagnosticTags":["proofScriptFrontend","parse","expectedText"],"diagnosticSha256":"6410e029ab8afa51569acdce6234747e915e0bff3651949dd4b7c600f8cdced0","sourceSha256":"145149e34d2c0aca6c4ff4922bc8cbf1aed5033a3da4f7a0fd56b275c1e727b9"},{"name":"default-parameter","diagnosticTags":["proofScriptFrontend","parse","expectedText"],"diagnosticSha256":"d75030b75f6da4e508bbf62e1e28407be553ad66134bc31e1fe9f976daa07eee","sourceSha256":"b7a4faa699c08ad19dbcd1598de27f3ed189110a316e65d2c75ef8e999561549"},{"name":"named-call-argument","diagnosticTags":["proofScriptFrontend","parse","expectedText"],"diagnosticSha256":"800375638a5ea65271501e1edc34118fcfe75619201c2c4ddc2bbde4d6971feb","sourceSha256":"1bd04fef17d16c91bf2c4455b785972f61dde6e48c947978827ad78e075635e8"},{"name":"untyped-lambda","diagnosticTags":["proofScriptFrontend","parse","expectedText"],"diagnosticSha256":"3c7c1369c8a8a395c95a6c4571433e7aff418ef78252c935d16958a5ec91955f","sourceSha256":"9693d88b01005aee0c31f86866cde6e4a65a5bda2cf72f217c406c2faff1d8cf"},{"name":"do-block-not-enabled","diagnosticTags":["proofScriptFrontend","parse","expectedText"],"diagnosticSha256":"a1ecbc38912ac243657212ab405448af3ca648177813dbdfda995fe0359cb815","sourceSha256":"a4f7f95151abe6a6b320cfcf4559e2ade72a637ea376d51e52287070dc6c6c06"},{"name":"tuple-not-enabled","diagnosticTags":["proofScriptFrontend","parse","expectedText"],"diagnosticSha256":"03270fd882238714bacec132e403c2dec2fc59595827e13fc22ee86a0e0e9eea","sourceSha256":"067951c834a0172babaa972d6c0f3ae098416876a29e4f5f4c02c6689031c106"},{"name":"spaced-parentheses-are-not-argument-group","diagnosticTags":["proofScriptFrontend","parse","expectedText"],"diagnosticSha256":"8901797fcebef5998760ef42a716c9cfe48ea1a2ea6f0b7b4708817dc27eb1b0","sourceSha256":"784a03237f62008899c2a2cad93e9005a990d0da18b6843204ebd884f8986a2f"},{"name":"comment-gap-is-not-call-adjacency","diagnosticTags":["proofScriptFrontend","parse","expectedText"],"diagnosticSha256":"3d61641e73ea8fc9515c134d37d1c22a01789a9822b6fb23e072984b55c94137","sourceSha256":"a919ff9af43dea67b5c0c827ba0851c8653af1eb00be6b25e1565f432b49ac1d"},{"name":"unindented-native-continuation","diagnosticTags":["proofScriptFrontend","parse","expectedText"],"diagnosticSha256":"4dfd7a6aa5455aba0d9202d089d24a4c0697f8c556b2f816c70056155308868e","sourceSha256":"2fcbf6da0fddcf9d97efc626977cc883496ec039711011fabb5a2c9e00d270b5"},{"name":"newline-in-comment-changes-layout","diagnosticTags":["proofScriptFrontend","parse","expectedText"],"diagnosticSha256":"1c4c2dc40edfecfdbcea12eb63fb7c8869ef9def54afcb90616e834679201d74","sourceSha256":"bd675dcf1b2be608efeb15b9039eb5aa6582ed72f7e8ce6774f17d804c12b2f0"},{"name":"qualified-declaration-name","diagnosticTags":["proofScriptFrontend","parse","expectedText"],"diagnosticSha256":"9b44addc28f5111b350aaef059b3f408ca65a942b7941ddd52b0ad371fe80991","sourceSha256":"9e5da97925d7ff59cecdab3311c2775b3ed81fd2e858b76cb0c3410a4e30846a"},{"name":"arbitrary-result-projection-not-enabled","diagnosticTags":["proofScriptFrontend","parse","expectedText"],"diagnosticSha256":"571719b179cf2551bdfda9714a7c0f1c089c2f1d846a9e78c0117db2bbfde4ed","sourceSha256":"7b6ef22f3b62d506eecc98544f25875dc59436c0662064de80105551aa21c688"},{"name":"where-block-not-enabled","diagnosticTags":["proofScriptFrontend","parse","expectedText"],"diagnosticSha256":"c2e765d35da0c90e9f7c62dcfb67ee2926a2a1da90a35ecc37e6aa8256c1c59a","sourceSha256":"ace0222fde83e958d0b66fddc28b59bc0bbed902f3def2f298b6fcf55a04777f"},{"name":"contract-not-enabled","diagnosticTags":["proofScriptFrontend","parse","expectedText"],"diagnosticSha256":"b591d0488ecf25f12fa93e53af283702d518933298659bb9a362b363d923dd74","sourceSha256":"ceb8872e7a9a834ad682c3f8ad5e9b98679ea8a7b3850b8721a32f5434f3fe61"},{"name":"axiom-not-enabled","diagnosticTags":["proofScriptFrontend","parse","expectedText"],"diagnosticSha256":"2f33a9964f7409a0de4c3e12e455b41bb3b096bbf241f61aa048a37efceb9d41","sourceSha256":"0cb3e60c59632cf1d360c07cc102c958163129b653989e9b13847ead184ca531"},{"name":"namespace-not-enabled","diagnosticTags":["proofScriptFrontend","parse","expectedText"],"diagnosticSha256":"a2c09f9e5e489c61675b26b19dff9d3eec2729dc68e1dd14618c22dc27f00efd","sourceSha256":"8a9e96b795dd49f3ec635ab6e2a0ef51ad22cadbf77a0c4f82250e50f1ef53b3"},{"name":"unconsumed-final-token","diagnosticTags":["proofScriptFrontend","parse","expectedText"],"diagnosticSha256":"cd2d31fae61904448b4b3ce1a93780089e2821e461db961e528d4ee50b4479e5","sourceSha256":"e4be9b177db8a1897b81015e837f8ea7b3ef30bba633fe810071cfbc42425733"}],"lexical":{"positions":[{"name":"ascii-lf","sourceSha256":"048bdb120482d9f665f5a6b805518c709dcce14c88123ef2e1d5d902315a3b71","first":{"byteOffset":"0","column":"1","line":"1"},"second":{"byteOffset":"23","column":"3","line":"2"},"end":{"byteOffset":"45","column":"1","line":"3"}},{"name":"leading-bom-crlf-utf8","sourceSha256":"e525f1731310e93188b5283afa0c194b90e971ad154f8148d186d76d7b210c40","first":{"byteOffset":"3","column":"1","line":"1"},"second":{"byteOffset":"33","column":"3","line":"2"},"end":{"byteOffset":"56","column":"1","line":"3"}}],"commentAndLiteralWhitespace":{"sourceSha256":"2eaea3da81513febd16ee8cc59fc90d129b4dccdf7d440f293c17d883c7eae07","result":"accepted"},"refusals":[{"name":"tab-outside-comment-or-literal","diagnosticTags":["invalidSource"],"diagnosticSha256":"e007f756f0a0b258b72804bd411b5899ea40cb27908d01a08a09dc05ce6d645a","sourceSha256":"403125a12162531b462f3d598dc67b8bf3594cf50129e078c7a1cd8473e93976","start":{"byteOffset":"3","column":"4","line":"1"}},{"name":"lone-cr-outside-comment-or-literal","diagnosticTags":["invalidSource"],"diagnosticSha256":"91deac8839328d327f727357f1f17707875ee0439c7b34bf8405a396f10f47fa","sourceSha256":"4ab7d0d986cd2f3f78d017fdf0e9ce14dc43bc24b29685ddbb41f53ed55cc828","start":{"byteOffset":"20","column":"21","line":"1"}},{"name":"lone-cr-at-end","diagnosticTags":["invalidSource"],"diagnosticSha256":"91deac8839328d327f727357f1f17707875ee0439c7b34bf8405a396f10f47fa","sourceSha256":"b2f0dde623cb52d31d8e9fbd57e94993aa3350dc361cb84a514c31b2b537e469","start":{"byteOffset":"20","column":"21","line":"1"}},{"name":"repeated-bom","diagnosticTags":["invalidSource"],"diagnosticSha256":"108f5f284aad112b993786ba58877e21e3f58c9706832d0b220033d79429bfc7","sourceSha256":"c45cf6ed17dc22367a525aa7b9dfb64123dfffed057a0dd929e643e3c66f4097","start":{"byteOffset":"3","column":"1","line":"1"}},{"name":"nonleading-bom","diagnosticTags":["invalidSource"],"diagnosticSha256":"c77e868075cbd6aa2ba0df53e7ac4b9f30d3b758610203ad55029998fe91e3dd","sourceSha256":"9c044b305024b33973eac12fa958d0bd7f2b714f045c7a9d1a7b45d950713ab1","start":{"byteOffset":"1","column":"2","line":"1"}}],"rawUtf8ByteValidation":"host input boundary; not exercised by the String API"},"emptyCallMeaning":{"explicitUnit":{"sourceSha256":"3deb421ef5bf5ee74f5567b076ccf735725ef2540dc5b66ff2e721cd9b99ccef","preparation":"accepted"},"automaticOrDefaultCompletion":"explicitly refused","refusals":[{"name":"empty-call-completion-not-enabled","diagnosticTags":["elaboration","emptyCallUnsupported"],"diagnosticSha256":"a2c5d8b2ab5c27f595f7cc88981a0562dc01c45b6b830ae04b1698f3d39bdada","sourceSha256":"7c35bf45cb80a30ba544bfb76cbcc5ca20628fc49d8698159fb66e6d6a087894"},{"name":"empty-call-preserved-under-native-application","diagnosticTags":["elaboration","emptyCallUnsupported"],"diagnosticSha256":"a2c5d8b2ab5c27f595f7cc88981a0562dc01c45b6b830ae04b1698f3d39bdada","sourceSha256":"13c6e1a44ede9f097246b5390b62f9235142166dbfe681ea94fdf651ef734dd8"},{"name":"grouped-empty-call-preserved-under-native-application","diagnosticTags":["elaboration","emptyCallUnsupported"],"diagnosticSha256":"a2c5d8b2ab5c27f595f7cc88981a0562dc01c45b6b830ae04b1698f3d39bdada","sourceSha256":"7bcc7476f908e6c70423ec8faf0dc789a5ed591dbfa7eeb0f88000635d87bed2"}]},"printerRefusal":{"name":"printer-refuses-binder-reordering","diagnosticTags":["translation","print","unsupportedSourceForm"],"diagnosticSha256":"245a77bdc941221718501cdc1507cc89eefc331f152e3fddcd275112bc932b32","sourceSha256":"18a152688b0077f322860309153dda8762b738423e3a6e5db0a480e64141428a"},"scope":{"finiteCorpus":true,"smallGrammarCasesUseProofScriptRoundTrips":true,"fullClosureRoundTrip":"separate optional N1 gate","fullStandardConformance":false,"fullPscvConformance":false,"kernelChecked":false}},"independentExpectedBehavior":["Nat accumulation","simultaneous state swapping","state before structural major","function results","erased stable proof binder","generic List at Nat and String","public partial application","existing worker correspondence","record projections through changing, fixed, shadowed, and nested local bases","new-only grammar aliases, typed callbacks, grouped callees, layout, records, and explicit Unit"],"provider":{"status":"not-attempted","kernelChecked":false}}
2026-10-09T12:30:20.4070245Z PSC0_SH1_HELPER_RUNTIME: {"schemaVersion":1,"evidence":"generated-compiler-exported-helper-behavior","compilerSha256":"70db0131fa3af62f7193576407ad529be10df2f4296c712f53f7c31f42209061","coverage":{"nonApplicationHeads":11,"argumentLists":7,"prefixes":2,"suffixes":2,"nameBases":3,"usedNameListsPerBase":7,"attempts":[0,7],"typedPartialApplications":false,"expressionObservations":1232,"stringObservations":336,"observations":1568},"behavior":"independent application-spine and finite unique-name expectations","kernelChecked":false,"exhaustiveForAllInputs":false}
2026-10-09T12:30:21.0237653Z PSC0_SH1_GENERIC_ERASURE: {"schemaVersion":1,"evidence":"scoped-recursive-generic-erasure","compilerSha256":"70db0131fa3af62f7193576407ad529be10df2f4296c712f53f7c31f42209061","sourceKind":"raw-authoritative-lean","sourceSha256":"574fc4874e0cd5561fcdd873c7942aa90cd77abaa66441c76b5e4f7c3755e4de","originalIr":{"checks":["one, two, and three declaration generics in exact declaration order","interleaved type, erased proposition/proof, and runtime binders","recursive calls retain the complete runtime argument count","monomorphic recursive calls retain zero type arguments"],"observations":[{"declaration":"sh1GenericCopy","declarationTypeParameters":["T0"],"runtimeParameters":["values"],"calls":[{"at":"declaration:sh1GenericCopy/body/alternatives/tail/head/snd/snd/fields/tail/head/snd","typeArguments":["T0"],"runtimeArity":1}]},{"declaration":"sh1GenericMap","declarationTypeParameters":["T0","T1"],"runtimeParameters":["convert","values"],"calls":[{"at":"declaration:sh1GenericMap/body/alternatives/tail/head/snd/snd/fields/tail/head/snd","typeArguments":["T0","T1"],"runtimeArity":2}]},{"declaration":"sh1GenericTriple","declarationTypeParameters":["T0","T1","T2"],"runtimeParameters":["first","second","third","fuel"],"calls":[{"at":"declaration:sh1GenericTriple/body/elseBranch/body","typeArguments":["T0","T1","T2"],"runtimeArity":4}]},{"declaration":"sh1GenericMono","declarationTypeParameters":[],"runtimeParameters":["fuel","value"],"calls":[{"at":"declaration:sh1GenericMono/body/elseBranch/body","typeArguments":[],"runtimeArity":2}]}],"emittedIr":"The exact original IR inspected above is passed to psTsEmitModule.","strictSh1Qualified":false},"artifacts":{"admissionsSha256":"11b515897f24e6c194b8c1daf239b4941940d8204a4846e601b462e92b703af8","typescriptSha256":"86ce3c3aaa0b48a8f8b618a117ea347ee36339d7dd122aee7a48056cbc8f5d8e","javascriptSha256":"ec1784595f07802909464d3f21980a471e166f2d82b49fece1e22dd14ea9b118"},"behavior":{"observations":19,"status":"pass","exhaustiveForAllInputs":false},"provider":{"status":"not-attempted","kernelChecked":false}}
2026-10-09T12:50:21.5293464Z PSC0_SH1_GENERATION: {"schemaVersion":1,"executingCompilerSha256":"70db0131fa3af62f7193576407ad529be10df2f4296c712f53f7c31f42209061","sourceRef":"fe2560aba0f347b1caf8d000d371464642d44f23","sourceClosureSha256":"f96c811f575cae2be58ccca3ffe587ead83bffa6f8bd862d40936bef28ef3226","moduleCount":61,"sourceBytes":1113918,"sourceKind":"raw-authoritative-lean","language":{"implementation":"PSC1","candidateCapability":"PSC0-SH/1 structural state generalization and parameter projections","canonicalSourceGrammar":{"edition":"ps-0.9-r3","mode":"new-only","support":"bounded-selfhost-subset","referenceSha256":"4c02626fd0b991e8526c64b65f4ffb66b9ce7b688298e82fb0309802a263db71","fullStandardConformance":false,"fullPscvConformance":false}},"recipe":{"files":[{"path":"scripts/sh1-qualify.mjs","sha256":"37b3a9bca3c5dc599f13c61a1d7cb5219004d775e34bb240b5e17f58ad66d41a"},{"path":"scripts/sh1-capabilities.mjs","sha256":"29a45533419aee1b3e1ac4c0417ce690885748fa66620a158be924caeec01684"},{"path":"scripts/sh1-grammar-conformance.mjs","sha256":"65c4f90ff8f8b4d7436f623517a06839c18d70a7b1dfd62d60162ce86f21477e"},{"path":"scripts/sh1-projection-conformance.mjs","sha256":"44a9baad9f18a231e681b71dc696373ca15a4cdd8b252c31656f5f9b8404051f"},{"path":"scripts/sh1-successor-seed.mjs","sha256":"c65be03a65e0da19c99707319d41c4836f97f1addcb082bc4959946d1fa7e9f8"},{"path":"psconfig.json","sha256":"2c89c1e637f101e2c076644418ad3727af3bdff46b40adfcdbb5d1c1ee9d3984"},{"path":"test/fixtures/selfhost-sh1-accumulators.lean","sha256":"45d7948c21431670d89762f97a6679a371b37defbfcc9d15138639c5f926d9e6"},{"path":"test/fixtures/selfhost-sh1-accumulators.ps","sha256":"e0619554ac2384922ebe1739fa208114b08229118c6a995b7ee7ab2da9a28e65"},{"path":"scripts/proofscript-source.mjs","sha256":"98474e8d1d1629b93aec608ef7263e5c959f02703ca23a55a46327d1f43d9608"},{"path":"scripts/checked-source-snapshot.mjs","sha256":"1082b5e817a973a1eae0731543f7f6b419dfa13c574d051b845c11659be7134c"},{"path":"scripts/selfhost-source-workspace.mjs","sha256":"ec6707a4b12fa605cdcf7cdf1db829f281990fbb8c9b2dc5b9638d37e6fbb1f8"},{"path":"scripts/LeanCheckedSeed.lean","sha256":"f5af4cb73002682ab0e43f78a22d79c6d1006f5f4a0fd8b980c0a7bb3ac91ad1"},{"path":"scripts/typescript-cli.mjs","sha256":"6e25698d6bd0d1793f1eb77d5f66a127d46039a8ec773a67960d116e26e7a64a"},{"path":"scripts/check-typescript-profile.mjs","sha256":"a96dfd40691da9e9f3343f2a90af31406796449ff68a61f4dd5956a4edc44c17"},{"path":"scripts/workspace-layout.mjs","sha256":"f6d2b4d5f82e3d3c125c2d6131d625ca64b698ac10c03648c8914fbcbbdf75b1"},{"path":"scripts/generated-preparation-session.mjs","sha256":"96838acd33a35a84705c6116bbebc881e91e96188c75ce3170ca836a04ca71ad"},{"path":"scripts/original-ir-inventory.mjs","sha256":"bb11bea9a2c9a242fbbd0234078773b7a91a1c99697292e581cc56870000f47f"},{"path":"scripts/original-ir-carrier.mjs","sha256":"745f5920e4d6459e00af883bafeaf2ab169a1d3a3a5ebe60fe97d46b80ef9ed2"},{"path":"scripts/sh1-ir-checker-conformance.mjs","sha256":"fc6f436f430ada8d0caec75efe217c19db77289ab9d7a528142296ed2772936b"},{"path":"test/IrCheckerTests.lean","sha256":"36790248f17f147fe5958256c7cb9ed26f767c410c1319aeadf590d480e69f9d"},{"path":"scripts/sh1-source-snapshot.mjs","sha256":"b70d16e97265283fe7e0f7f581925797a7918d08fb3dffe4de27122d8510aae8"},{"path":"scripts/sh1-seed-manifest.mjs","sha256":"53d7dc1a894a02643f55bf611c955b55497f45f1bcf0d7af9e052e394469794f"},{"path":"scripts/sh1-iterate.mjs","sha256":"9ce539924c9c486a776ae078d491ddfe7e76ad6db7076559211137bec5c0a5b8"},{"path":"scripts/sh1-iteration-conformance.mjs","sha256":"bca0d33389be0bc716eb3c56d2696c547a9f02e0974e40c2205919bffb02dce4"},{"path":"scripts/sh1-foundation-conformance.mjs","sha256":"4bcb6ef9606e8527c47c2f736b56ae115df472e0ced8a5c9cfc1da88f633e383"},{"path":"test/fixtures/selfhost-sh1-foundation-reference.lean","sha256":"e5293a49180f7f1354284b26a9bf10df27749a8e22e6646bdee62ad29a5a19a9"},{"path":"test/fixtures/selfhost-sh1-foundation-probe.lean","sha256":"633a4b0a85cc42533067e0f9b51e5b60d320c44709e5b3f65247b622d0faa819"},{"path":"scripts/sh1-helper-conformance.mjs","sha256":"b239a2da5479711a47c7721ab9e98a7e6ec88437f43f9e262dece8664779a83d"},{"path":"test/fixtures/selfhost-sh1-helpers-reference.lean","sha256":"1db8d3fa490d53d7cfc1d1dc03b052f291b7e5a44ecbed8bddcc8ae6101a5909"},{"path":"test/fixtures/selfhost-sh1-helpers-probe.lean","sha256":"072e8ed62cf7ac65f60c9c7667eca536359fc478b8caf983187ae3ac4a826cf9"},{"path":"scripts/sh1-generic-erasure-conformance.mjs","sha256":"7e86809c9bd8d7bae33c30f0870abd19b3f98e26bcebc6d5f0561ce23c5341ca"},{"path":"test/fixtures/selfhost-sh1-generic-erasure.lean","sha256":"574fc4874e0cd5561fcdd873c7942aa90cd77abaa66441c76b5e4f7c3755e4de"}],"sha256":"5e29ee890f5c08d3d3bfdfda4d060b20c03be14693feb0dcefbb457d6849eddb"},"toolchain":{"node":"v22.23.3","platform":"linux","architecture":"x64","lean":"Lean (version 4.34.0, x86_64-unknown-linux-gnu, commit 293d5d0c0c3f3dded4688b3ccd6a33939ac5102b, Release)","leanGitHash":"293d5d0c0c3f3dded4688b3ccd6a33939ac5102b","typescript":"Version 7.0.2"},"typescriptProfile":{"version":"7.0.2","purpose":"current-emission","arguments":["--ignoreConfig"]},"artifacts":{"canonicalSurfaceSourceSha256":"985cf39d4a68df68a03123883105b6bdd9b81783c4bab98c8ec86ec683ac3b07","normalizedCanonicalAdmissionsSha256":"200e5881d1554f72530a0395524ee28dd3a64a6bd45f55cddd4fad1336981bf0","typescriptSha256":"38fea23209f561efcab0c0111a2a15fa1e5761d33f31100fac8d6bfb1e032935","javascriptSha256":"70db0131fa3af62f7193576407ad529be10df2f4296c712f53f7c31f42209061"},"preparation":{"schemaVersion":1,"kind":"psc0-preparation-session","evidence":"admission-ready","compilerSha256":"70db0131fa3af62f7193576407ad529be10df2f4296c712f53f7c31f42209061","sourceKind":"lean","closureSha256":"07ceecb011cfffad090e30f560a2e81f264bea3a28e743949532b36fb3117538","moduleCount":61,"cache":{"prefixModules":0,"parseHits":0,"parseMisses":61,"parseEvictions":0,"parseUncachedModules":0,"preparedModules":61,"finishHit":false,"retainedParsedEntries":61,"retainedParsedSourceBytes":1110100,"retainedPrefixModules":61,"retainedPrefixSourceBytes":1110100,"maxParsedEntries":128,"maxParsedSourceBytes":8388608},"timingsMs":{"input":2.110924999928102,"parse":40511.33755200077,"prepare":545218.6212810003,"finish":112675.55638900003,"freeze":383.8315560000483,"total":698794.243481},"warmNoChange":{"schemaVersion":1,"kind":"psc0-preparation-session","evidence":"admission-ready","compilerSha256":"70db0131fa3af62f7193576407ad529be10df2f4296c712f53f7c31f42209061","sourceKind":"lean","closureSha256":"07ceecb011cfffad090e30f560a2e81f264bea3a28e743949532b36fb3117538","moduleCount":61,"cache":{"prefixModules":61,"parseHits":0,"parseMisses":0,"parseEvictions":0,"parseUncachedModules":0,"preparedModules":0,"finishHit":true,"retainedParsedEntries":61,"retainedParsedSourceBytes":1110100,"retainedPrefixModules":61,"retainedPrefixSourceBytes":1110100,"maxParsedEntries":128,"maxParsedSourceBytes":8388608},"timingsMs":{"input":2.027462000027299,"parse":0,"prepare":0,"finish":0,"freeze":0,"total":2.0572379999794066}}},"originalIrInventory":{"report":"original-ir-inventory.json","traversalComplete":true,"findingCounts":{},"findingCount":0,"findingCountsCoverage":"all-findings","portableChecker":{"status":"accepted","implementation":"Ps.CompilerIr.Check.psCheckVerifiedIrModule","options":{"maxSteps":5000000,"maxTypeSteps":65536,"maxFindings":1000}},"runtimeIrTypingAccepted":true,"sameOriginalIrCheckedBeforeEmission":true,"strictSh1Qualified":false},"timingsMs":{"loadAndPrepare":698966.014034,"admissions":113074.94499600003,"canonicalSurface":45282.051597999875,"emit":339873.16518500005,"tscAndWrite":3304.2846570000984,"total":1200500.461399},"normalizationEvidence":"Elaborated worker representation is compared in canonical admissions; source comparison uses canonical surface syntax.","evidence":"candidate-build","provider":{"status":"not-attempted","kernelChecked":false}}
2026-10-09T12:50:23.4663190Z PSC0_SH1_IR_CHECKER: {"schemaVersion":1,"evidence":"portable-original-ir-checker-conformance","compilerSha256":"70db0131fa3af62f7193576407ad529be10df2f4296c712f53f7c31f42209061","acceptedFixture":{"schemaVersion":2,"kind":"psc0-original-ir-inventory","compilerSha256":"70db0131fa3af62f7193576407ad529be10df2f4296c712f53f7c31f42209061","status":"runtime-ir-types-accepted","strictSh1Qualified":false,"runtimeIrTypingAccepted":true,"traversalComplete":true,"visitedNodes":1898,"carrier":{"accepted":true,"traversalComplete":true,"visitedNodes":910},"counts":{"expressions":163},"findingCount":0,"findingCounts":{},"findingCountsCoverage":"all-findings","findings":[],"omittedFindingDetails":0,"portableChecker":{"status":"accepted","implementation":"Ps.CompilerIr.Check.psCheckVerifiedIrModule","options":{"maxSteps":5000000,"maxTypeSteps":65536,"maxFindings":1000}},"coverage":["Canonical own-namespace JS carriers before portable code","Portable module signatures, scoped type substitution and compositional expression typing","The host report serializes portable diagnostics without a second semantic checker"],"unqualifiedObligations":["Enabled primitive laws, text positions and bounds semantics beyond runtime typing","Erasure preservation, evaluation order and backend semantic correspondence","Import ABI qualification for unsupported external imports","Strict SH/1 profile activation and provider decisions remain separate"],"notes":["A capped diagnostics list does not cap the portable finding count.","Findings count failed checking obligations; a type operation reports its first failure, not every malformed descendant.","visitedNodes combines portable input preflight and dispatcher steps, each with its own maxSteps allowance.","Structural IR paths identify owners and expressions; they are not original source line numbers.","Runtime IR typing acceptance does not establish Core provider acceptance or strict SH/1."]},"artifacts":{"typescriptSha256":"15e78fc7c00dbabab8affd291cf541233c4a374c1fec319e92fa3360835e33b1","javascriptSha256":"894b55a8d96db8ca4013b6668c936f9663b250469458021fccffbc540dbbc0ba"},"behavior":{"status":"pass","observations":59,"exhaustiveForAllInputs":false,"letScopeCases":[{"name":"shadowOldScope","observations":8},{"name":"shadowWrappedCall","observations":8},{"name":"shadowClosure","observations":8},{"name":"shadowNestedTail","observations":5}]},"rejected":[{"name":"false-let-annotation","expectedCode":"type-mismatch","findingCount":1,"findingCounts":{"type-mismatch":1},"traversalComplete":true,"checkedEmitter":"rejected-before-emission"},{"name":"false-lambda-result","expectedCode":"type-mismatch","findingCount":1,"findingCounts":{"type-mismatch":1},"traversalComplete":true,"checkedEmitter":"rejected-before-emission"},{"name":"false-declaration-result","expectedCode":"type-mismatch","findingCount":1,"findingCounts":{"type-mismatch":1},"traversalComplete":true,"checkedEmitter":"rejected-before-emission"},{"name":"incompatible-if-branches","expectedCode":"type-mismatch","findingCount":1,"findingCounts":{"type-mismatch":1},"traversalComplete":true,"checkedEmitter":"rejected-before-emission"},{"name":"non-boolean-condition","expectedCode":"type-mismatch","findingCount":1,"findingCounts":{"type-mismatch":1},"traversalComplete":true,"checkedEmitter":"rejected-before-emission"},{"name":"flattened-function-grouping","expectedCode":"call-runtime-arity","findingCount":2,"findingCounts":{"call-runtime-arity":1,"type-mismatch":1},"traversalComplete":true,"checkedEmitter":"rejected-before-emission"},{"name":"false-function-group-annotation","expectedCode":"type-mismatch","findingCount":1,"findingCounts":{"type-mismatch":1},"traversalComplete":true,"checkedEmitter":"rejected-before-emission"},{"name":"global-literal-is-not-zero-argument-function","expectedCode":"non-function-callee","findingCount":1,"findingCounts":{"non-function-callee":1},"traversalComplete":true,"checkedEmitter":"rejected-before-emission"},{"name":"generic-arguments-missing","expectedCode":"call-type-arity","findingCount":1,"findingCounts":{"call-type-arity":1},"traversalComplete":true,"checkedEmitter":"rejected-before-emission"},{"name":"monomorphic-value-with-type-arguments","expectedCode":"call-type-arity","findingCount":1,"findingCounts":{"call-type-arity":1},"traversalComplete":true,"checkedEmitter":"rejected-before-emission"},{"name":"generic-scheme-escape","expectedCode":"generic-value-reference","findingCount":1,"findingCounts":{"generic-value-reference":1},"traversalComplete":true,"checkedEmitter":"rejected-before-emission"},{"name":"zero-runtime-generic-value","expectedCode":"generic-value-unsupported","findingCount":1,"findingCounts":{"generic-value-unsupported":1},"traversalComplete":true,"checkedEmitter":"rejected-before-emission"},{"name":"unknown-runtime-type","expectedCode":"unknown-type","findingCount":2,"findingCounts":{"unknown-type":2},"traversalComplete":true,"checkedEmitter":"rejected-before-emission"},{"name":"unscoped-type-parameter","expectedCode":"unbound-type-parameter","findingCount":2,"findingCounts":{"unbound-type-parameter":1,"type-mismatch":1},"traversalComplete":true,"checkedEmitter":"rejected-before-emission"},{"name":"named-type-arity","expectedCode":"named-type-arity","findingCount":1,"findingCounts":{"named-type-arity":1},"traversalComplete":true,"checkedEmitter":"rejected-before-emission"},{"name":"unresolved-variable","expectedCode":"unresolved-value-name","findingCount":1,"findingCounts":{"unresolved-value-name":1},"traversalComplete":true,"checkedEmitter":"rejected-before-emission"},{"name":"duplicate-runtime-binder","expectedCode":"duplicate-binder","findingCount":1,"findingCounts":{"duplicate-binder":1},"traversalComplete":true,"checkedEmitter":"rejected-before-emission"},{"name":"duplicate-type-binder","expectedCode":"duplicate-type-parameter","findingCount":1,"findingCounts":{"duplicate-type-parameter":1},"traversalComplete":true,"checkedEmitter":"rejected-before-emission"},{"name":"duplicate-global-name","expectedCode":"duplicate-value-name","findingCount":1,"findingCounts":{"duplicate-value-name":1},"traversalComplete":true,"checkedEmitter":"rejected-before-emission"},{"name":"Nat-and-Int-are-distinct","expectedCode":"type-mismatch","findingCount":1,"findingCounts":{"type-mismatch":1},"traversalComplete":true,"checkedEmitter":"rejected-before-emission"},{"name":"Char-and-String-are-distinct","expectedCode":"type-mismatch","findingCount":1,"findingCounts":{"type-mismatch":1},"traversalComplete":true,"checkedEmitter":"rejected-before-emission"},{"name":"intrinsic-type-arity","expectedCode":"intrinsic-type-arity","findingCount":1,"findingCounts":{"intrinsic-type-arity":1},"traversalComplete":true,"checkedEmitter":"rejected-before-emission"},{"name":"constructor-positional-field-order","expectedCode":"constructor-field-order","findingCount":1,"findingCounts":{"constructor-field-order":1},"traversalComplete":true,"checkedEmitter":"rejected-before-emission"},{"name":"record-missing-field","expectedCode":"missing-field","findingCount":1,"findingCounts":{"missing-field":1},"traversalComplete":true,"checkedEmitter":"rejected-before-emission"},{"name":"record-duplicate-field","expectedCode":"duplicate-field","findingCount":1,"findingCounts":{"duplicate-field":1},"traversalComplete":true,"checkedEmitter":"rejected-before-emission"},{"name":"record-extra-field","expectedCode":"unexpected-field","findingCount":1,"findingCounts":{"unexpected-field":1},"traversalComplete":true,"checkedEmitter":"rejected-before-emission"},{"name":"projection-owner-mismatch","expectedCode":"type-mismatch","findingCount":1,"findingCounts":{"type-mismatch":1},"traversalComplete":true,"checkedEmitter":"rejected-before-emission"},{"name":"projection-instantiation-mismatch","expectedCode":"type-mismatch","findingCount":1,"findingCounts":{"type-mismatch":1},"traversalComplete":true,"checkedEmitter":"rejected-before-emission"},{"name":"match-binding-type-mismatch","expectedCode":"type-mismatch","findingCount":3,"findingCounts":{"type-mismatch":2,"non-function-callee":1},"traversalComplete":true,"checkedEmitter":"rejected-before-emission"},{"name":"match-missing-alternative","expectedCode":"match-coverage","findingCount":1,"findingCounts":{"match-coverage":1},"traversalComplete":true,"checkedEmitter":"rejected-before-emission"},{"name":"match-duplicate-alternative","expectedCode":"duplicate-match-alternative","findingCount":1,"findingCounts":{"duplicate-match-alternative":1},"traversalComplete":true,"checkedEmitter":"rejected-before-emission"},{"name":"optional-scalar-capability","expectedCode":"scalar-capability-unqualified","findingCount":3,"findingCounts":{"scalar-capability-unqualified":3},"traversalComplete":true,"checkedEmitter":"rejected-before-emission"},{"name":"external-import-ABI","expectedCode":"external-import-abi-unqualified","findingCount":1,"findingCounts":{"external-import-abi-unqualified":1},"traversalComplete":true,"checkedEmitter":"rejected-before-emission"},{"name":"empty-layout","expectedCode":"empty-layout-unsupported","findingCount":1,"findingCounts":{"empty-layout-unsupported":1},"traversalComplete":true,"checkedEmitter":"rejected-before-emission"},{"name":"empty-match","expectedCode":"empty-match-unsupported","findingCount":2,"findingCounts":{"empty-layout-unsupported":1,"empty-match-unsupported":1},"traversalComplete":true,"checkedEmitter":"rejected-before-emission"},{"name":"runtime-layout-name-collision","expectedCode":"duplicate-layout-name","findingCount":1,"findingCounts":{"duplicate-layout-name":1},"traversalComplete":true,"checkedEmitter":"rejected-before-emission"}],"exhausted":[{"name":"input-preflight-budget","findingCounts":{"checker-input-resource-limit":1},"traversalComplete":false},{"name":"type-work-budget","findingCounts":{"type-resource-limit":224},"traversalComplete":false}],"directTypeOperations":[{"name":"simultaneous-nested-generic-swap","status":"pass"},{"name":"substitution-budget","code":"type-resource-limit","detail":"substitution"},{"name":"equality-budget","code":"type-resource-limit","detail":"equality"}],"carrierRejections":[{"name":"negative-natural-carrier","findingCounts":{"invalid-ir-scalar-carrier":1},"portableChecker":"not-run-invalid-carrier"},{"name":"number-natural-carrier","findingCounts":{"invalid-ir-scalar-carrier":1},"portableChecker":"not-run-invalid-carrier"},{"name":"string-boolean-carrier","findingCounts":{"invalid-ir-scalar-carrier":1},"portableChecker":"not-run-invalid-carrier"},{"name":"cyclic-list-carrier","findingCounts":{"cyclic-ir-carrier":1},"portableChecker":"not-run-invalid-carrier"},{"name":"foreign-compiler-brand","findingCounts":{"malformed-or-foreign-constructor":1},"portableChecker":"not-run-invalid-carrier"}],"diagnosticsCap":{"limit":0,"findingCount":1,"omittedFindingDetails":1},"checkedPreparedEntry":{"sourceSha256":"b05ec9c46f150c05b7249ee48bc3b1bdfcb2f60d851b4af81ff7298df49b5626","typescriptSha256":"027735f4d196d1c92d0868320d9313d4cabe9841a90566f433e2ff71d4350a36","status":"pass"},"instanceOwnership":"All IR constructors and neutral record factories belong to the checked compiler namespace.","strictSh1Qualified":false,"provider":{"status":"not-attempted","kernelChecked":false}}
2026-10-09T12:50:35.0557149Z PSC0_SH1_CAPABILITIES: {"schemaVersion":1,"compilerSha256":"70db0131fa3af62f7193576407ad529be10df2f4296c712f53f7c31f42209061","evidence":"raw-source-generated-execution","sourceKinds":[{"sourceKind":"lean","sourceSha256":"45d7948c21431670d89762f97a6679a371b37defbfcc9d15138639c5f926d9e6","admissionsSha256":"372371596fba560eca5ba52d29e20d91780d5c3321e4353a7a4c1a009167e10f","typescriptSha256":"8d7e8a5e548f4a10748ddcf70786caf542ea54693f411b4e3617f237ad7bbd4f","javascriptSha256":"225150e522b5af5c8cc46347714cd6b58e25c2e8b2a3543f11baa312513f372c","generatedCompilerConsumedRawSource":true,"behavior":"pass","projectionBehavior":{"observations":39,"behavior":"pass","maximumFuel":"20000"},"grammarBehavior":{"observations":34,"behavior":"pass","edition":"ps-0.9-r3","mode":"new-only"}},{"sourceKind":"ps","sourceSha256":"e0619554ac2384922ebe1739fa208114b08229118c6a995b7ee7ab2da9a28e65","admissionsSha256":"bb84332515024d4145b7cedb636fb6095d3cbe20a4fc3043dc37905f7574a900","typescriptSha256":"0465c3dc1a58bb914c01e3cd3f53f78dfd7315768cfc0dd5971b57f60329d035","javascriptSha256":"5093d317347e940664fca20453271dd4fc898f75e22918e6d36813beaf18758c","generatedCompilerConsumedRawSource":true,"behavior":"pass","projectionBehavior":{"observations":39,"behavior":"pass","maximumFuel":"20000"},"grammarBehavior":{"observations":34,"behavior":"pass","edition":"ps-0.9-r3","mode":"new-only"}}],"negativeCases":[{"name":"narrowed-nested-induction-hypothesis","sourceSha256":"1c6fc4543d2650c3b18506c39107ec8cc1f3df1302da61fd1c8f73bb6ba907c3","diagnosticTags":["elaboration","structuralRecursionNotDecreasing"]},{"name":"unsaturated-recursive-call","sourceSha256":"879565204119b005493e52868d63b0e0ba8c69624dfd8fbdb329af30d909364a","diagnosticTags":["elaboration","structuralRecursionArity"]},{"name":"nondecreasing-major","sourceSha256":"fd8b66b959543f6e2f1be3958efff1db883c33dd04dbf6051df2290ceaa2b811","diagnosticTags":["elaboration","structuralRecursionNotDecreasing"]},{"name":"unrelated-constructor-child","sourceSha256":"85eaeb42ac5a652b4dd6f49b2ef9a11d453ea7432f99fd5559c4bd964fa5131a","diagnosticTags":["elaboration","structuralRecursionNotDecreasing"]},{"name":"escaping-self-reference","sourceSha256":"0675b11dbfc09380ff6449950e29b12f1563bccf0f8bafc5d003b44258860d82","diagnosticTags":["elaboration","structuralRecursionEscapingReference"]},{"name":"major-dependent-parameter","sourceSha256":"aa9a3193d7db8334c703927ae0a19b060eed52acdfb0f6a6dc0d913819060542","diagnosticTags":["elaboration","structuralRecursionDependentParameter"]},{"name":"explicit-historical-stable-mode","sourceSha256":"bee98d86b07b527f2bdbaca89f42d8286a1c64c41f7f4ffb541c437de83a8555","diagnosticTags":["structuralRecursionInvariantArgument"]}],"projectionResolution":{"schemaVersion":1,"evidence":"owned-compiler-api-resolution-and-source-identity","caseCount":21,"resolutionCases":12,"exactIdentityCases":8,"normalizationSpanCases":1,"allPassed":true,"instanceOwnership":"All syntax and compiler data were constructed by this compiler instance.","cases":[{"name":"exact-local-before-global-and-prefixes","family":"resolution","expected":{"kind":"local","id":"2","fields":[]}},{"name":"exact-global-before-local-prefix","family":"resolution","expected":{"kind":"global","name":"alpha.beta.gamma","fields":[]}},{"name":"first-local-before-first-global-and-longer-local","family":"resolution","expected":{"kind":"local","id":"0","fields":["beta","gamma"]}},{"name":"first-global-before-longer-local","family":"resolution","expected":{"kind":"global","name":"alpha","fields":["beta","gamma"]}},{"name":"longest-proper-local-prefix-with-absent-first","family":"resolution","expected":{"kind":"local","id":"0","fields":["delta"]}},{"name":"shorter-proper-local-prefix-with-absent-first","family":"resolution","expected":{"kind":"local","id":"0","fields":["gamma","delta"]}},{"name":"multi-segment-global-is-not-a-fallback","family":"resolution","expected":{"kind":"none"}},{"name":"longer-global-does-not-displace-local-fallback","family":"resolution","expected":{"kind":"local","id":"0","fields":["gamma","delta"]}},{"name":"nearest-first-segment-local-shadow","family":"resolution","expected":{"kind":"local","id":"1","fields":["beta","gamma"]}},{"name":"nearest-exact-local-shadow","family":"resolution","expected":{"kind":"local","id":"3","fields":[]}},{"name":"unresolved-name","family":"resolution","expected":{"kind":"none"}},{"name":"unrelated-multi-segment-local","family":"resolution","expected":{"kind":"none"}},{"name":"recursion-exact-local-reference","family":"exact-local-identity","expectedId":"0"},{"name":"term-exact-local-reference","family":"exact-local-identity","expectedId":"0"},{"name":"recursion-projection-is-not-unchanged-state","family":"exact-local-identity","expectedId":null},{"name":"term-projection-is-not-a-structural-child","family":"exact-local-identity","expectedId":null},{"name":"recursion-global-is-not-local","family":"exact-local-identity","expectedId":null},{"name":"term-global-is-not-local","family":"exact-local-identity","expectedId":null},{"name":"recursion-exact-qualified-local-still-has-identity","family":"exact-local-identity","expectedId":"0"},{"name":"term-exact-qualified-local-still-has-identity","family":"exact-local-identity","expectedId":"0"},{"name":"normalized-parameter-projection-preserves-binder-field-and-span","family":"normalization-source-span","expectedBinderSegments":["$psc0SH","1"],"expectedFields":["count"],"expectedSpan":{"start":{"byteOffset":"186","line":"5","column":"25"},"stop":{"byteOffset":"199","line":"5","column":"38"}}}]},"grammar":{"schemaVersion":1,"evidence":"generated-compiler-source-grammar-api","compilerSha256":"70db0131fa3af62f7193576407ad529be10df2f4296c712f53f7c31f42209061","sourceGrammar":{"edition":"ps-0.9-r3","mode":"new-only","support":"bounded-selfhost-subset","referenceSha256":"4c02626fd0b991e8526c64b65f4ffb66b9ce7b688298e82fb0309802a263db71","fullStandardConformance":false,"fullPscvConformance":false},"corpusSha256":"4303a9503bc2ade83b248b80f8f6a1ccd460b2f5aff773d34fef3755a3e0b43f","counts":{"applicationBoundaries":18,"supportedSyntax":22,"canonicalRoundTrips":40,"parseRefusals":35,"lexicalPositionCases":2,"lexicalRefusals":5,"emptyCallRefusals":3,"printerRefusals":1},"applications":[{"name":"explicit-empty-call","sourceSha256":"a1809059a87695be7ab63b86114cbf025ce6842c4565fb2edcf3ad43d648ce5a","canonicalSha256":"a1809059a87695be7ab63b86114cbf025ce6842c4565fb2edcf3ad43d648ce5a","astSha256":"6a2ed0d413644501db6b4d376eda1d5c9ce7597bc74c7a325b13dc0939c7663b"},{"name":"explicit-unit-argument","sourceSha256":"6af26347513a9acfe9a12381b691d359effb3dfb732149c9d1b6a460d59e2bea","canonicalSha256":"6af26347513a9acfe9a12381b691d359effb3dfb732149c9d1b6a460d59e2bea","astSha256":"2df0f1baef1af20c721f86bd4f96d3579199d1107bb6ebae391d39f6bdb024cd"},{"name":"native-unit-argument","sourceSha256":"b091f10a140fa4185525d07c639cbe593049a30cf012444139fa24ebb159d7d5","canonicalSha256":"6af26347513a9acfe9a12381b691d359effb3dfb732149c9d1b6a460d59e2bea","astSha256":"2df0f1baef1af20c721f86bd4f96d3579199d1107bb6ebae391d39f6bdb024cd"},{"name":"comment-gap-unit-argument","sourceSha256":"cb65fb6c5e8cf364eae704e9d48c5c9d13709c96e7a0298ff8ecc71e635d33ec","canonicalSha256":"6af26347513a9acfe9a12381b691d359effb3dfb732149c9d1b6a460d59e2bea","astSha256":"2df0f1baef1af20c721f86bd4f96d3579199d1107bb6ebae391d39f6bdb024cd"},{"name":"empty-call-then-native","sourceSha256":"146766ff0ef495404378f897d5784b75411ccda1b490ceb51c60c73ef92796cf","canonicalSha256":"9a436633672423065dde0e190546ec0f8bb69ad9875789d454d0ec5fb9784221","astSha256":"6deb13204c2281a81d1fb7164bc8cf8ec5de4d847179ad5247688ac33a9b5a4f"},{"name":"grouped-empty-call-then-native","sourceSha256":"b4143b282b7de28ccfbc30ac9230083ede011bf57f3eabc5955ff5b06672bfc0","canonicalSha256":"9a436633672423065dde0e190546ec0f8bb69ad9875789d454d0ec5fb9784221","astSha256":"6deb13204c2281a81d1fb7164bc8cf8ec5de4d847179ad5247688ac33a9b5a4f"},{"name":"repeated-empty-call","sourceSha256":"cb6d2c43b11b24bb8f1f8170e8fcc9fb5b1726889e838f17ec81824f79cc1c94","canonicalSha256":"75996e1ea79f099a29954ae4869a0c388e13a2124d7037c0c0875057fc60b636","astSha256":"183fc2c97cf57de80caf97c8ead916de82baba063f2706fb86fea4c379ddf982"},{"name":"native-argument-chain","sourceSha256":"aa2832b00487bfada58263fa8f5a737fa9a2662c978f039325e912e991c3dc1c","canonicalSha256":"af61f2831c84be4319ba3fdc764f470df961b69a7af9a2a6bd8680a10db781b2","astSha256":"229e3f1937ff4396091c1fd92c84573ff83050857883d620c1e17905fd63bc51"},{"name":"adjacent-argument-group","sourceSha256":"af61f2831c84be4319ba3fdc764f470df961b69a7af9a2a6bd8680a10db781b2","canonicalSha256":"af61f2831c84be4319ba3fdc764f470df961b69a7af9a2a6bd8680a10db781b2","astSha256":"229e3f1937ff4396091c1fd92c84573ff83050857883d620c1e17905fd63bc51"},{"name":"trailing-call-comma","sourceSha256":"bc9762713f945500c2e7d5b8cdb93fa8bc4c26c5fbac44ae432ced5722d56000","canonicalSha256":"af61f2831c84be4319ba3fdc764f470df961b69a7af9a2a6bd8680a10db781b2","astSha256":"229e3f1937ff4396091c1fd92c84573ff83050857883d620c1e17905fd63bc51"},{"name":"postfix-then-native","sourceSha256":"bb1e3f14d05047a2d546be83fba383c4845579cf6fe50d04e83bdc32e243211b","canonicalSha256":"9ec3d00b336f4810c37bee7a52d310c8b8ff7daad3f17f8132a0dd247e60687c","astSha256":"1ce00e2f7580d7841448b7103636756afcaffe8adbf0cdfddcde3bae70c7d55a"},{"name":"grouped-native-callee","sourceSha256":"83dc9e7a88b343d74f42e31cfc10070dfd44b5644e7136a92bc2d9e61993f675","canonicalSha256":"9ec3d00b336f4810c37bee7a52d310c8b8ff7daad3f17f8132a0dd247e60687c","astSha256":"1ce00e2f7580d7841448b7103636756afcaffe8adbf0cdfddcde3bae70c7d55a"},{"name":"repeated-postfix-call","sourceSha256":"a46c258b7d211d34b8945a8c8f8d3e1ce52156415b5679fbb5a9e826bbce05e2","canonicalSha256":"9ec3d00b336f4810c37bee7a52d310c8b8ff7daad3f17f8132a0dd247e60687c","astSha256":"1ce00e2f7580d7841448b7103636756afcaffe8adbf0cdfddcde3bae70c7d55a"},{"name":"grouped-reference-callee","sourceSha256":"9e0a28a3eb2629b1c9ee01cf170a3620d2d95d877ce76bbb04e485d54343869b","canonicalSha256":"965b5ee86cc5b69ddc85c3612a725deb245dbae4993030d27e698887f63e91a8","astSha256":"5fbbee2f1df5f98d3f13ac950c27709cca8e23287d5e2bdf15b3a0960f5ad9a7"},{"name":"grouped-postfix-callee","sourceSha256":"9ec3d00b336f4810c37bee7a52d310c8b8ff7daad3f17f8132a0dd247e60687c","canonicalSha256":"9ec3d00b336f4810c37bee7a52d310c8b8ff7daad3f17f8132a0dd247e60687c","astSha256":"1ce00e2f7580d7841448b7103636756afcaffe8adbf0cdfddcde3bae70c7d55a"},{"name":"grouped-native-argument","sourceSha256":"70c260023120173e4463a66556966990b229b11e7f66d18f1dd67be617da1332","canonicalSha256":"975f707494415ae8810e8938ad06965ccbe29363b8113b55080ca9f0ac693788","astSha256":"b0a69ca981894178350be11e93a04478cbb717ca55c568e654adb93f066d9899"},{"name":"nested-postfix-argument","sourceSha256":"e489a6619089416a07dafbe5458d1a80b091ae9a463c19ce6f5d7f06222396e3","canonicalSha256":"e489a6619089416a07dafbe5458d1a80b091ae9a463c19ce6f5d7f06222396e3","astSha256":"399fdbc946f2b65bccf829f2044bffe0f294315152f3fa006420db39ed77709e"},{"name":"qualified-reference","sourceSha256":"4625ce5e3b5d27210cfb937ae5b8bd8e9e951c7ebe1db337fff17c86ab903014","canonicalSha256":"4625ce5e3b5d27210cfb937ae5b8bd8e9e951c7ebe1db337fff17c86ab903014","astSha256":"abee3c03565d5cd5f6753863cfce56ac43d3d08180bd573493ac853858205fec"}],"supported":[{"name":"newline-commands-and-imports","sourceSha256":"fd60bb2a6b7ec98bbc3c688ed596457bf4dfd3d50decc2bb7cfd434eae68a594","canonicalSha256":"f77423e10c51de85dc3a462d18291c95fff21307dc50968a741cf0fa8f341730","astSha256":"c943bcbfd010fee88113e04c8cc5642b6556f33e4ccdbaa87d23ec7404d5c8cf"},{"name":"one-typed-comma-parameter-group","sourceSha256":"3ecd3a8e2a16f6c6e30ba46aa166160343c26780aad4b1af5032fe47d7dd5b02","canonicalSha256":"1332ca9ef9118e449d01d37a30cda69fe86f95524170d4f2cab9e2a7ca2b5f69","astSha256":"2412e8c6a3268010d3634a91ef8700e919e13eeaac8c9a7f2a9899a98bce7f92"},{"name":"nonexplicit-prefix-before-typed-group","sourceSha256":"638bed291adc4c9d514663eeadcce60c55c1be2b56c18ba8920074d38a5f5ca9","canonicalSha256":"55730ef2f7d52e12dbbba588beb5c8009cf95967fa5ff4e9f54dff6300bc435c","astSha256":"9946744349590f7cb0941f602e7299727d3f7683e8e5bb728d1a3ffc917a3435"},{"name":"dependent-typed-parameter","sourceSha256":"b592f74c83d232d37b78c26c6b0359be32db959c506c28e415dd8804eddb82c9","canonicalSha256":"749624ef8ddef8f2ace55a6d53ab755c7c9436f0c7047060d4832dcaab8f684d","astSha256":"7a5bcc95f5f54dcf6c1d179f27f521c9511a756b0edc02a0a4a8b8451fbf34a5"},{"name":"grouped-callee-in-binder-type","sourceSha256":"0cba60cbdac94811bb31c7f41234c5c2f31fa56f6e2bf548a4758f4ff5e94c34","canonicalSha256":"3cc4ba4260120a67108b5ccd818bd06441198778b861a61ee60c5a162ed48ee7","astSha256":"ccc036d13b6fc574594a7faec074e88e0c96205c45fb87bf4708b9f92eb5cf1a"},{"name":"typed-parenthesized-lambda-callback","sourceSha256":"da74024eeb13aa39fa97e7bb8db1572cc671a54623172b18a31a7d45a23e234e","canonicalSha256":"da74024eeb13aa39fa97e7bb8db1572cc671a54623172b18a31a7d45a23e234e","astSha256":"74cee3ffa1a3e2b193ece540e47e878d4a51a5a97b8bf5f9460e03f991499e28"},{"name":"typed-lambda-native-callback","sourceSha256":"06be49c496dda24c14e7de3595eb60cde66b69f6e1845e17ce6eb9225ee6a79a","canonicalSha256":"27f6d7f3023e0b5189409ad7c12d8157520f213eed43b098843c8bfb8213cef1","astSha256":"be4a3ff5986dcbe6b24dfe7d991f7410ea6cd3100895e36342d33d4cbf456101"},{"name":"grouped-lambda-callee","sourceSha256":"754e5a9878262d8cd78b3722113d7196941a041632e86e14a16892a7d685d1dc","canonicalSha256":"754e5a9878262d8cd78b3722113d7196941a041632e86e14a16892a7d685d1dc","astSha256":"2d8951b6620de5291203389305c266701c12d1b6948a037706456ad027ca1982"},{"name":"braced-single-term-definition","sourceSha256":"015b0e61aa85bc804fb3332977b4dd27a77fb530858c321a0cfc197fef3b1d31","canonicalSha256":"0fb72935a1a20452c4d6d5dd08472c2350076e4582def83e610da089a5d830d7","astSha256":"10e7b1afc27cfb75c54d3d48d36d646fa046213afe64fc02a9dee71c79e004fb"},{"name":"let-newline-sequence","sourceSha256":"5c229b52e2e02b7c1184cd55344f074f2d833df5420e8c7278b122b72867a015","canonicalSha256":"2c3342f329c69134569bf12f50de47efad4a0bed45f4b44e52a3a2f2aad5b078","astSha256":"ad0c8bc536cc46460758925bcb80107334d0cc8f14e164558a8e6f89977919e6"},{"name":"typed-let-within-match","sourceSha256":"77e9695e6b8f768dcf6617f028b5f038ae086d26ec5f73873cb19cb3e4f0389b","canonicalSha256":"929d28bb5d09235f30b177b991290926dbffa5a886a8a414594dd3613329a4d2","astSha256":"813fb0bc473ae45fe44d510994f59bfbaad775ab49b1bad917656cc2d4770b83"},{"name":"if-braced-branches","sourceSha256":"9432486c92ff5d92417535772eef099c8f79831ec95969b191e37e3f38edefb9","canonicalSha256":"9432486c92ff5d92417535772eef099c8f79831ec95969b191e37e3f38edefb9","astSha256":"eb1f41454b02d559ca1893f3c10eab4fd4cdfd0c7c2a197843eb8d80f0e229ea"},{"name":"constructor-unified-parameter-groups","sourceSha256":"6c0de53e9ed2e54e2cdb92a9fc2af24c9b8d12c0a2ad1d90749613047d1cbe94","canonicalSha256":"6c0de53e9ed2e54e2cdb92a9fc2af24c9b8d12c0a2ad1d90749613047d1cbe94","astSha256":"023b7640c06be7905f5c05dd3777be7a3688b45c566803b5da65d6cc8184964a"},{"name":"newline-structure-fields-and-comma-record","sourceSha256":"f365e37a53feda5013d8847795a6ac3cef6c50d7b51ada8776f56ab3fc617255","canonicalSha256":"84b2ea2ebc483d8a7ce9b42de07c912f7e69fe6e26e6bb73544107279173a409","astSha256":"2ec44c33001d10dc6771b1196b1efe135eeecce2e696006a9b16b88e4dcd0288"},{"name":"record-in-definition-wrapper","sourceSha256":"1e31354e511c474d5b13484d61c5b35b8c5988b9e4d9ab3bf556d57b639730cb","canonicalSha256":"1db3cfe2be2e1e59dcc002cb8676f21117abeedd8cf87a0a5a2c23b4e9ee853b","astSha256":"cc485dc4c9ba9331a5e522189e2ff664eced895381510e0a8fd121c9397628e6"},{"name":"empty-record-body","sourceSha256":"2d915f3e6496742778689beb1a7936db0dc3caa0b32fe19f149ca9bd785a460c","canonicalSha256":"674eed3f751282a56b6f408fa52b179669e15697998264cc1dcc4c03cee13088","astSha256":"704be5b86c5f52d50c525d77e057f62ae5c32d03524bd9c2187c280cf4e3f196"},{"name":"annotated-parameterless-const-alias","sourceSha256":"68c008144edf4b656a25f349c4f17c932f17b81c5dec37d9d40c1e687ecc19a3","canonicalSha256":"9356ae7071b023e7431e7c25a3767214ff91f505feb99ca247bf3a713214c46b","astSha256":"8aaf056dfa425cc36847543b64b09c7c1556889819202dd2302d9b7a4a8f8e2c"},{"name":"annotated-positive-arity-function-alias","sourceSha256":"4814b1da35d15c961851696d68b9c034568b7e65b1e451e820ad41f195aee31d","canonicalSha256":"1332ca9ef9118e449d01d37a30cda69fe86f95524170d4f2cab9e2a7ca2b5f69","astSha256":"2412e8c6a3268010d3634a91ef8700e919e13eeaac8c9a7f2a9899a98bce7f92"},{"name":"base-partial-and-typed-theorem","sourceSha256":"7b34f3d6e0c5fff27b8dc18f912c53471c0c29a76209ac12e9893ce07a1523da","canonicalSha256":"eb014365691755c2406f1f359f038851edaa77f350e12e1a29675731a5fb24a4","astSha256":"ad0e881aee7ee166a80b7f51d8654c220c64ad0beefc99f3fc31e90bce68e7ce"},{"name":"literal-round-trips","sourceSha256":"7856e6a689cf2e539601ec8923e079b46a85b1665b64575455cf054cae4f0e86","canonicalSha256":"d9bc634d1cb8d1aedfeb525974b3917191f09d72b7d6a06190f105c188918bbe","astSha256":"e642ee866f44f931764c473f4a34798f251286b0c24114f12fc05aee6daef8c4"},{"name":"nested-comment-native-gap","sourceSha256":"8a9bf86c4ee94b9914cd3fa70cff7e404d68706a0273c8390727bd9c5340380a","canonicalSha256":"bc8c78b1a1e515d22331cb55282b03c66352ec930f37b1d275c514566f9706bb","astSha256":"213bdc2688ad69b8c2eaab483b5124c4c06a782c173cfa24ae86575dd67292d2"},{"name":"indented-native-continuation","sourceSha256":"c779f14ee662874d38dee39ceda60943ec4c9eef2a234ee3fcdbc235c6f054ea","canonicalSha256":"bc8c78b1a1e515d22331cb55282b03c66352ec930f37b1d275c514566f9706bb","astSha256":"213bdc2688ad69b8c2eaab483b5124c4c06a782c173cfa24ae86575dd67292d2"}],"refusals":[{"name":"semicolon-after-import","diagnosticTags":["proofScriptFrontend","parse","expectedText"],"diagnosticSha256":"1c6b0620fde8bd6b51e3cd4bb24960815855ea14bc5944d270808abf03b34df1","sourceSha256":"10ccffe67e5211cacf3eaeb7244774cf92129e7108a373ab9f25fdc1638200ae"},{"name":"semicolon-after-definition","diagnosticTags":["proofScriptFrontend","parse","expectedText"],"diagnosticSha256":"1c6b0620fde8bd6b51e3cd4bb24960815855ea14bc5944d270808abf03b34df1","sourceSha256":"3aa05132f8464f41259554e4ebd9c56ec1dd757cfdbd6fda484461a7ae215312"},{"name":"semicolon-let-sequence","diagnosticTags":["proofScriptFrontend","parse","expectedText"],"diagnosticSha256":"fdbf20c4a33f89b35cb4a21abbbc4c81e7ab23179910bc7637200087c806818a","sourceSha256":"80a402672d2bc6c73c9b80bcb3824526c92351df40220436f8ee614b40446c3e"},{"name":"semicolon-structure-field","diagnosticTags":["proofScriptFrontend","parse","expectedText"],"diagnosticSha256":"2351efeafb5381633cf5dd6be967d7ab779b40bab69ba6ca84f5d1de6fd73c27","sourceSha256":"7a488ae8ffc4700920b71c1030284457d4a67a2e66fe4b6955974f6b9759ffb8"},{"name":"semicolon-constructor","diagnosticTags":["proofScriptFrontend","parse","expectedText"],"diagnosticSha256":"e970ae8658a8bc2cc1c8fe75cdf3a69641961659bc02e45f84918262ee9fb0c2","sourceSha256":"cf62f4a663de528f6f448d009bc73410de3555056e4f2585fdfb79dcfad5ae41"},{"name":"semicolon-match-alternative","diagnosticTags":["proofScriptFrontend","parse","expectedText"],"diagnosticSha256":"332ee9d339732ef88a821fef00b63e657f87ec9022248bbfccbfec4916dba695","sourceSha256":"9a3e437af527f3756b4996575ea2cdb2b4d3a7380bb754d2fb05a341fdb83037"},{"name":"same-line-commands","diagnosticTags":["proofScriptFrontend","parse","expectedText"],"diagnosticSha256":"ea8c2bd84c06e5f1ad98e625103bca83eab29e2c7eb5661676282cd1857c4587","sourceSha256":"8aafcab756f2a79b788d25ed15e15f63e99fae8cc76613111fe46b3532105d13"},{"name":"same-line-structure-fields","diagnosticTags":["proofScriptFrontend","parse","expectedText"],"diagnosticSha256":"b6052c12cd1a39feab85556b560f6a7646446ebb69db5d5ba0314eda6cc0e8ab","sourceSha256":"af2371f648c386ef783dbf8d53bc0de1b2a7d2b2bbd9e49f387569c3a3875967"},{"name":"comma-structure-fields","diagnosticTags":["proofScriptFrontend","parse","expectedText"],"diagnosticSha256":"fae6df4203d078506cc0d25b175ed7c8bd94067260f6e7bb6d9db2ce254ac8c2","sourceSha256":"d895dd725f421d0d31a23f3b2c6007e889c66cc924de01fae1f0d11b6c002534"},{"name":"newline-only-record-fields","diagnosticTags":["proofScriptFrontend","parse","expectedText"],"diagnosticSha256":"ce777226c53346ddd41b4afb297e582f24d8b80ee7583ca136c29ca79ea20e42","sourceSha256":"0b2ab9f7a4333c1a1156cfbc1fd4956afef43825a959f2e2231a882f7d803efb"},{"name":"repeated-declaration-groups","diagnosticTags":["proofScriptFrontend","parse","expectedText"],"diagnosticSha256":"0d10536991c67482e39c3dbe6bc5eac1cf41f091134bfa62dd3371e2f6143df9","sourceSha256":"0071cd2735b8eb03b3e944c78bf9dfbdfae1f320ff7e0c123709b8bac9feed7d"},{"name":"repeated-constructor-groups","diagnosticTags":["proofScriptFrontend","parse","expectedText"],"diagnosticSha256":"b30b61e78a4ed6b5fd299a753de6ed176bccf36c5d21c3f4b229466083e8e0aa","sourceSha256":"8d8e31f431b057ff8e6cc360da955dcf2483671f699ea839f00352027ad9687c"},{"name":"nonexplicit-binder-after-explicit-group","diagnosticTags":["proofScriptFrontend","parse","expectedText"],"diagnosticSha256":"9de1fab3ab76e859a444def976f0fb07683e63ace0c2852abfe38a580e921c2f","sourceSha256":"ed1aa9b93e732e108f095b0772b9a0fccb6886ab4b85dd19aa766c1349b432da"},{"name":"empty-def-parameter-group","diagnosticTags":["proofScriptFrontend","parse","expectedText"],"diagnosticSha256":"c00789155c4347812c966a8c167b4d3bf5f10da534de7d33619219e51d965938","sourceSha256":"94b4084a8ded9ff3bd7b4668593fe91ddeca361631387a1c72ec2e6bf7481553"},{"name":"empty-function-parameter-group","diagnosticTags":["proofScriptFrontend","parse","expectedText"],"diagnosticSha256":"1484f8b40e4f26700148d3da6019e00eca9bd4dc71641acaf3793bc2aaeb8af7","sourceSha256":"e52b4c9810059d9fac4b7e234f6d3488302006860ec2cdd1a6bda3f2b2048403"},{"name":"function-without-explicit-parameters","diagnosticTags":["proofScriptFrontend","parse","expectedText"],"diagnosticSha256":"8c768ad8cd50d630823716ae81d4e7f4319645363d8936379fac5b89b4e49f0a","sourceSha256":"46085c8854f12b0ce475d1d256aad2de4a4be4a8d91437a0daee958ff67b598f"},{"name":"const-with-parameters","diagnosticTags":["proofScriptFrontend","parse","expectedText"],"diagnosticSha256":"576cfe3bf660a418365ceb1414d729a054806028155217872eb86c187c2d3c84","sourceSha256":"f9ef6f78078e5840e46445d270f1679374a5a5b7564610d06bd180c5d4b07833"},{"name":"omitted-result-annotation","diagnosticTags":["proofScriptFrontend","parse","expectedText"],"diagnosticSha256":"e528c290360965627b024479dd9ace22402e992378ec445307b93654d383f221","sourceSha256":"eda43a39d1c19022d1df6622b4f0d912c1f729c7d95e680b8a04471509217c18"},{"name":"omitted-parameter-annotation","diagnosticTags":["proofScriptFrontend","parse","expectedText"],"diagnosticSha256":"6410e029ab8afa51569acdce6234747e915e0bff3651949dd4b7c600f8cdced0","sourceSha256":"145149e34d2c0aca6c4ff4922bc8cbf1aed5033a3da4f7a0fd56b275c1e727b9"},{"name":"default-parameter","diagnosticTags":["proofScriptFrontend","parse","expectedText"],"diagnosticSha256":"d75030b75f6da4e508bbf62e1e28407be553ad66134bc31e1fe9f976daa07eee","sourceSha256":"b7a4faa699c08ad19dbcd1598de27f3ed189110a316e65d2c75ef8e999561549"},{"name":"named-call-argument","diagnosticTags":["proofScriptFrontend","parse","expectedText"],"diagnosticSha256":"800375638a5ea65271501e1edc34118fcfe75619201c2c4ddc2bbde4d6971feb","sourceSha256":"1bd04fef17d16c91bf2c4455b785972f61dde6e48c947978827ad78e075635e8"},{"name":"untyped-lambda","diagnosticTags":["proofScriptFrontend","parse","expectedText"],"diagnosticSha256":"3c7c1369c8a8a395c95a6c4571433e7aff418ef78252c935d16958a5ec91955f","sourceSha256":"9693d88b01005aee0c31f86866cde6e4a65a5bda2cf72f217c406c2faff1d8cf"},{"name":"do-block-not-enabled","diagnosticTags":["proofScriptFrontend","parse","expectedText"],"diagnosticSha256":"a1ecbc38912ac243657212ab405448af3ca648177813dbdfda995fe0359cb815","sourceSha256":"a4f7f95151abe6a6b320cfcf4559e2ade72a637ea376d51e52287070dc6c6c06"},{"name":"tuple-not-enabled","diagnosticTags":["proofScriptFrontend","parse","expectedText"],"diagnosticSha256":"03270fd882238714bacec132e403c2dec2fc59595827e13fc22ee86a0e0e9eea","sourceSha256":"067951c834a0172babaa972d6c0f3ae098416876a29e4f5f4c02c6689031c106"},{"name":"spaced-parentheses-are-not-argument-group","diagnosticTags":["proofScriptFrontend","parse","expectedText"],"diagnosticSha256":"8901797fcebef5998760ef42a716c9cfe48ea1a2ea6f0b7b4708817dc27eb1b0","sourceSha256":"784a03237f62008899c2a2cad93e9005a990d0da18b6843204ebd884f8986a2f"},{"name":"comment-gap-is-not-call-adjacency","diagnosticTags":["proofScriptFrontend","parse","expectedText"],"diagnosticSha256":"3d61641e73ea8fc9515c134d37d1c22a01789a9822b6fb23e072984b55c94137","sourceSha256":"a919ff9af43dea67b5c0c827ba0851c8653af1eb00be6b25e1565f432b49ac1d"},{"name":"unindented-native-continuation","diagnosticTags":["proofScriptFrontend","parse","expectedText"],"diagnosticSha256":"4dfd7a6aa5455aba0d9202d089d24a4c0697f8c556b2f816c70056155308868e","sourceSha256":"2fcbf6da0fddcf9d97efc626977cc883496ec039711011fabb5a2c9e00d270b5"},{"name":"newline-in-comment-changes-layout","diagnosticTags":["proofScriptFrontend","parse","expectedText"],"diagnosticSha256":"1c4c2dc40edfecfdbcea12eb63fb7c8869ef9def54afcb90616e834679201d74","sourceSha256":"bd675dcf1b2be608efeb15b9039eb5aa6582ed72f7e8ce6774f17d804c12b2f0"},{"name":"qualified-declaration-name","diagnosticTags":["proofScriptFrontend","parse","expectedText"],"diagnosticSha256":"9b44addc28f5111b350aaef059b3f408ca65a942b7941ddd52b0ad371fe80991","sourceSha256":"9e5da97925d7ff59cecdab3311c2775b3ed81fd2e858b76cb0c3410a4e30846a"},{"name":"arbitrary-result-projection-not-enabled","diagnosticTags":["proofScriptFrontend","parse","expectedText"],"diagnosticSha256":"571719b179cf2551bdfda9714a7c0f1c089c2f1d846a9e78c0117db2bbfde4ed","sourceSha256":"7b6ef22f3b62d506eecc98544f25875dc59436c0662064de80105551aa21c688"},{"name":"where-block-not-enabled","diagnosticTags":["proofScriptFrontend","parse","expectedText"],"diagnosticSha256":"c2e765d35da0c90e9f7c62dcfb67ee2926a2a1da90a35ecc37e6aa8256c1c59a","sourceSha256":"ace0222fde83e958d0b66fddc28b59bc0bbed902f3def2f298b6fcf55a04777f"},{"name":"contract-not-enabled","diagnosticTags":["proofScriptFrontend","parse","expectedText"],"diagnosticSha256":"b591d0488ecf25f12fa93e53af283702d518933298659bb9a362b363d923dd74","sourceSha256":"ceb8872e7a9a834ad682c3f8ad5e9b98679ea8a7b3850b8721a32f5434f3fe61"},{"name":"axiom-not-enabled","diagnosticTags":["proofScriptFrontend","parse","expectedText"],"diagnosticSha256":"2f33a9964f7409a0de4c3e12e455b41bb3b096bbf241f61aa048a37efceb9d41","sourceSha256":"0cb3e60c59632cf1d360c07cc102c958163129b653989e9b13847ead184ca531"},{"name":"namespace-not-enabled","diagnosticTags":["proofScriptFrontend","parse","expectedText"],"diagnosticSha256":"a2c09f9e5e489c61675b26b19dff9d3eec2729dc68e1dd14618c22dc27f00efd","sourceSha256":"8a9e96b795dd49f3ec635ab6e2a0ef51ad22cadbf77a0c4f82250e50f1ef53b3"},{"name":"unconsumed-final-token","diagnosticTags":["proofScriptFrontend","parse","expectedText"],"diagnosticSha256":"cd2d31fae61904448b4b3ce1a93780089e2821e461db961e528d4ee50b4479e5","sourceSha256":"e4be9b177db8a1897b81015e837f8ea7b3ef30bba633fe810071cfbc42425733"}],"lexical":{"positions":[{"name":"ascii-lf","sourceSha256":"048bdb120482d9f665f5a6b805518c709dcce14c88123ef2e1d5d902315a3b71","first":{"byteOffset":"0","column":"1","line":"1"},"second":{"byteOffset":"23","column":"3","line":"2"},"end":{"byteOffset":"45","column":"1","line":"3"}},{"name":"leading-bom-crlf-utf8","sourceSha256":"e525f1731310e93188b5283afa0c194b90e971ad154f8148d186d76d7b210c40","first":{"byteOffset":"3","column":"1","line":"1"},"second":{"byteOffset":"33","column":"3","line":"2"},"end":{"byteOffset":"56","column":"1","line":"3"}}],"commentAndLiteralWhitespace":{"sourceSha256":"2eaea3da81513febd16ee8cc59fc90d129b4dccdf7d440f293c17d883c7eae07","result":"accepted"},"refusals":[{"name":"tab-outside-comment-or-literal","diagnosticTags":["invalidSource"],"diagnosticSha256":"e007f756f0a0b258b72804bd411b5899ea40cb27908d01a08a09dc05ce6d645a","sourceSha256":"403125a12162531b462f3d598dc67b8bf3594cf50129e078c7a1cd8473e93976","start":{"byteOffset":"3","column":"4","line":"1"}},{"name":"lone-cr-outside-comment-or-literal","diagnosticTags":["invalidSource"],"diagnosticSha256":"91deac8839328d327f727357f1f17707875ee0439c7b34bf8405a396f10f47fa","sourceSha256":"4ab7d0d986cd2f3f78d017fdf0e9ce14dc43bc24b29685ddbb41f53ed55cc828","start":{"byteOffset":"20","column":"21","line":"1"}},{"name":"lone-cr-at-end","diagnosticTags":["invalidSource"],"diagnosticSha256":"91deac8839328d327f727357f1f17707875ee0439c7b34bf8405a396f10f47fa","sourceSha256":"b2f0dde623cb52d31d8e9fbd57e94993aa3350dc361cb84a514c31b2b537e469","start":{"byteOffset":"20","column":"21","line":"1"}},{"name":"repeated-bom","diagnosticTags":["invalidSource"],"diagnosticSha256":"108f5f284aad112b993786ba58877e21e3f58c9706832d0b220033d79429bfc7","sourceSha256":"c45cf6ed17dc22367a525aa7b9dfb64123dfffed057a0dd929e643e3c66f4097","start":{"byteOffset":"3","column":"1","line":"1"}},{"name":"nonleading-bom","diagnosticTags":["invalidSource"],"diagnosticSha256":"c77e868075cbd6aa2ba0df53e7ac4b9f30d3b758610203ad55029998fe91e3dd","sourceSha256":"9c044b305024b33973eac12fa958d0bd7f2b714f045c7a9d1a7b45d950713ab1","start":{"byteOffset":"1","column":"2","line":"1"}}],"rawUtf8ByteValidation":"host input boundary; not exercised by the String API"},"emptyCallMeaning":{"explicitUnit":{"sourceSha256":"3deb421ef5bf5ee74f5567b076ccf735725ef2540dc5b66ff2e721cd9b99ccef","preparation":"accepted"},"automaticOrDefaultCompletion":"explicitly refused","refusals":[{"name":"empty-call-completion-not-enabled","diagnosticTags":["elaboration","emptyCallUnsupported"],"diagnosticSha256":"a2c5d8b2ab5c27f595f7cc88981a0562dc01c45b6b830ae04b1698f3d39bdada","sourceSha256":"7c35bf45cb80a30ba544bfb76cbcc5ca20628fc49d8698159fb66e6d6a087894"},{"name":"empty-call-preserved-under-native-application","diagnosticTags":["elaboration","emptyCallUnsupported"],"diagnosticSha256":"a2c5d8b2ab5c27f595f7cc88981a0562dc01c45b6b830ae04b1698f3d39bdada","sourceSha256":"13c6e1a44ede9f097246b5390b62f9235142166dbfe681ea94fdf651ef734dd8"},{"name":"grouped-empty-call-preserved-under-native-application","diagnosticTags":["elaboration","emptyCallUnsupported"],"diagnosticSha256":"a2c5d8b2ab5c27f595f7cc88981a0562dc01c45b6b830ae04b1698f3d39bdada","sourceSha256":"7bcc7476f908e6c70423ec8faf0dc789a5ed591dbfa7eeb0f88000635d87bed2"}]},"printerRefusal":{"name":"printer-refuses-binder-reordering","diagnosticTags":["translation","print","unsupportedSourceForm"],"diagnosticSha256":"245a77bdc941221718501cdc1507cc89eefc331f152e3fddcd275112bc932b32","sourceSha256":"18a152688b0077f322860309153dda8762b738423e3a6e5db0a480e64141428a"},"scope":{"finiteCorpus":true,"smallGrammarCasesUseProofScriptRoundTrips":true,"fullClosureRoundTrip":"separate optional N1 gate","fullStandardConformance":false,"fullPscvConformance":false,"kernelChecked":false}},"independentExpectedBehavior":["Nat accumulation","simultaneous state swapping","state before structural major","function results","erased stable proof binder","generic List at Nat and String","public partial application","existing worker correspondence","record projections through changing, fixed, shadowed, and nested local bases","new-only grammar aliases, typed callbacks, grouped callees, layout, records, and explicit Unit"],"provider":{"status":"not-attempted","kernelChecked":false}}
2026-10-09T12:50:35.1075269Z PSC0_SH1_HELPER_RUNTIME: {"schemaVersion":1,"evidence":"generated-compiler-exported-helper-behavior","compilerSha256":"70db0131fa3af62f7193576407ad529be10df2f4296c712f53f7c31f42209061","coverage":{"nonApplicationHeads":11,"argumentLists":7,"prefixes":2,"suffixes":2,"nameBases":3,"usedNameListsPerBase":7,"attempts":[0,7],"typedPartialApplications":false,"expressionObservations":1232,"stringObservations":336,"observations":1568},"behavior":"independent application-spine and finite unique-name expectations","kernelChecked":false,"exhaustiveForAllInputs":false}
2026-10-09T12:50:35.6621123Z PSC0_SH1_GENERIC_ERASURE: {"schemaVersion":1,"evidence":"scoped-recursive-generic-erasure","compilerSha256":"70db0131fa3af62f7193576407ad529be10df2f4296c712f53f7c31f42209061","sourceKind":"raw-authoritative-lean","sourceSha256":"574fc4874e0cd5561fcdd873c7942aa90cd77abaa66441c76b5e4f7c3755e4de","originalIr":{"checks":["one, two, and three declaration generics in exact declaration order","interleaved type, erased proposition/proof, and runtime binders","recursive calls retain the complete runtime argument count","monomorphic recursive calls retain zero type arguments"],"observations":[{"declaration":"sh1GenericCopy","declarationTypeParameters":["T0"],"runtimeParameters":["values"],"calls":[{"at":"declaration:sh1GenericCopy/body/alternatives/tail/head/snd/snd/fields/tail/head/snd","typeArguments":["T0"],"runtimeArity":1}]},{"declaration":"sh1GenericMap","declarationTypeParameters":["T0","T1"],"runtimeParameters":["convert","values"],"calls":[{"at":"declaration:sh1GenericMap/body/alternatives/tail/head/snd/snd/fields/tail/head/snd","typeArguments":["T0","T1"],"runtimeArity":2}]},{"declaration":"sh1GenericTriple","declarationTypeParameters":["T0","T1","T2"],"runtimeParameters":["first","second","third","fuel"],"calls":[{"at":"declaration:sh1GenericTriple/body/elseBranch/body","typeArguments":["T0","T1","T2"],"runtimeArity":4}]},{"declaration":"sh1GenericMono","declarationTypeParameters":[],"runtimeParameters":["fuel","value"],"calls":[{"at":"declaration:sh1GenericMono/body/elseBranch/body","typeArguments":[],"runtimeArity":2}]}],"emittedIr":"The exact original IR inspected above is passed to psTsEmitModule.","strictSh1Qualified":false},"artifacts":{"admissionsSha256":"11b515897f24e6c194b8c1daf239b4941940d8204a4846e601b462e92b703af8","typescriptSha256":"86ce3c3aaa0b48a8f8b618a117ea347ee36339d7dd122aee7a48056cbc8f5d8e","javascriptSha256":"ec1784595f07802909464d3f21980a471e166f2d82b49fece1e22dd14ea9b118"},"behavior":{"observations":19,"status":"pass","exhaustiveForAllInputs":false},"provider":{"status":"not-attempted","kernelChecked":false}}
2026-10-09T12:50:35.8776369Z PSC0_SH1_SEED_PROMOTION: {"schemaVersion":1,"kind":"psc0-qualified-successor-seed","sourceRef":"fe2560aba0f347b1caf8d000d371464642d44f23","sourceClosureSha256":"f96c811f575cae2be58ccca3ffe587ead83bffa6f8bd862d40936bef28ef3226","parent":{"manifest":{"schemaVersion":1,"kind":"psc0-qualified-source-seed","sourceRef":"e91b9558d665879871b8bf0893915ae64b27c7fe","sourceClosureSha256":"7e18013c260de84b08d57e923aef184993b0c5fea4de4775a68288a8ff9e157a","bootstrap":{"sourceRef":"37f63c39d4a07189938046c64152bba25d789450","compilerSha256":"74dcebb7b296d81924d92987e99146b5d1c5ff9fbe3d8076ca591952d2ef7f76"},"expectedArtifacts":{"canonicalSurfaceSourceSha256":"bb7fd97996339bdde40c3a92280d69a05d57f01f51626226a10a85aa548ebf41","normalizedCanonicalAdmissionsSha256":"15c85c7b8b6102472ff261c96c6901d4eb133c5a9443e06323a7d4b012ae6397","typescriptSha256":"b7d57fc37a85d8f75c7bdfcac934d8022399a8543251b172dfaab91cab5e30b1","javascriptSha256":"9d8a91e890c779c6b377b8a482ae3e997a1630b360eb8d6e7c022b3964510096"},"authoring":{"family":"PSC0-SH/1","capabilities":[{"id":"recursion.varying-parameters","status":"compiler-qualified","scope":"Root constructor descent with ordinary nondependent changing value parameters."}],"normalizerVersion":"psc0-structural-state-generalization/1","strictSh1Qualified":false},"target":"original-ts-to-js","implementationBinding":{"sourceClosureSha256":"7e18013c260de84b08d57e923aef184993b0c5fea4de4775a68288a8ff9e157a","generatedCompilerSha256":"9d8a91e890c779c6b377b8a482ae3e997a1630b360eb8d6e7c022b3964510096","scope":"The exact source closure and generated JS bind the normalizer, prelude and runtime implementations."},"toolchain":{"node":"v22.23.3","platform":"linux","architecture":"x64","lean":"Lean (version 4.34.0, x86_64-unknown-linux-gnu, commit 293d5d0c0c3f3dded4688b3ccd6a33939ac5102b, Release)","leanGitHash":"293d5d0c0c3f3dded4688b3ccd6a33939ac5102b","typescript":"Version 5.8.3"},"qualification":{"evidence":"compiler-qualified-current-source-fixed-point","sourceRef":"e91b9558d665879871b8bf0893915ae64b27c7fe","compilerSha256":"9d8a91e890c779c6b377b8a482ae3e997a1630b360eb8d6e7c022b3964510096","runId":37831951758,"artifactName":"psc0-sh1-e91b9558d665879871b8bf0893915ae64b27c7fe","claim":"Compiler-qualified seed; selected-provider acceptance is a separate receipt."},"recovery":{"recipe":"historical-seed(A); first-generation(A); compare-pinned-products/1","sourceAuthority":"Pinned raw A source, which was accepted by the historical generated seed.","promotion":"Copy this file to psc0/selfhost-seed.json only after reviewing qualification evidence."},"providerEvidence":{"providerSourceRef":"963030dc2d154008fccc82e7c8ed29331f138799","receiptSha256":"fd2866f56edc157ec7cba6dec2d76b7453059d0775ffd2755f4f37b33f30d85a","reference":"docs/selfhost-language/seed-a-provider.json"}},"identitySha256":"0dc33de63fee9800e3da68e54605a27d222306c55e4631496995efd066b2e2d9"},"expectedFirstGenerationArtifacts":{"canonicalSurfaceSourceSha256":"a6f286aa69415eb86a36d80b6a100f74b9b5e2e6854a5a65b25ec624ed3f88d2","normalizedCanonicalAdmissionsSha256":"200e5881d1554f72530a0395524ee28dd3a64a6bd45f55cddd4fad1336981bf0","typescriptSha256":"6bc6dbbce90a9ae1b2e76ce33bcefb430a4ee8405841e1c1ce15af6db8492954","javascriptSha256":"70db0131fa3af62f7193576407ad529be10df2f4296c712f53f7c31f42209061"},"expectedArtifacts":{"canonicalSurfaceSourceSha256":"985cf39d4a68df68a03123883105b6bdd9b81783c4bab98c8ec86ec683ac3b07","normalizedCanonicalAdmissionsSha256":"200e5881d1554f72530a0395524ee28dd3a64a6bd45f55cddd4fad1336981bf0","typescriptSha256":"38fea23209f561efcab0c0111a2a15fa1e5761d33f31100fac8d6bfb1e032935","javascriptSha256":"70db0131fa3af62f7193576407ad529be10df2f4296c712f53f7c31f42209061"},"authoring":{"family":"PSC0-SH/1","capabilities":[{"id":"recursion.varying-parameters","status":"compiler-qualified","scope":"Root constructor descent with ordinary nondependent changing value parameters."},{"id":"recursion.parameter-projection","status":"compiler-qualified","scope":"Bounded exact-name and local-prefix resolution with parameter-identity projection rewriting."},{"id":"syntax.ps-0.9-r3-subset","status":"compiler-qualified","scope":"The implemented new-only ps-0.9-r3 syntax subset, with unsupported forms refused."}],"normalizerVersion":"psc0-structural-state-generalization/1","syntax":{"edition":"ps-0.9-r3","mode":"new-only","support":"bounded-selfhost-subset","referenceSha256":"4c02626fd0b991e8526c64b65f4ffb66b9ce7b688298e82fb0309802a263db71","fullStandardConformance":false,"fullPscvConformance":false},"strictSh1Qualified":false},"target":"original-ts-to-js","implementationBinding":{"sourceClosureSha256":"f96c811f575cae2be58ccca3ffe587ead83bffa6f8bd862d40936bef28ef3226","generatedCompilerSha256":"70db0131fa3af62f7193576407ad529be10df2f4296c712f53f7c31f42209061","scope":"The exact source closure and generated JS bind parser, printer, normalizer, prelude and runtime implementations."},"toolchain":{"node":"v22.23.3","platform":"linux","architecture":"x64","lean":"Lean (version 4.34.0, x86_64-unknown-linux-gnu, commit 293d5d0c0c3f3dded4688b3ccd6a33939ac5102b, Release)","leanGitHash":"293d5d0c0c3f3dded4688b3ccd6a33939ac5102b","typescript":"Version 7.0.2"},"qualification":{"evidence":"compiler-qualified-current-source-fixed-point","sourceRef":"fe2560aba0f347b1caf8d000d371464642d44f23","compilerSha256":"70db0131fa3af62f7193576407ad529be10df2f4296c712f53f7c31f42209061","c1CompilerSha256":"70db0131fa3af62f7193576407ad529be10df2f4296c712f53f7c31f42209061","c2CompilerSha256":"70db0131fa3af62f7193576407ad529be10df2f4296c712f53f7c31f42209061","c3CompilerSha256":"70db0131fa3af62f7193576407ad529be10df2f4296c712f53f7c31f42209061","runId":37925722635,"artifactName":"psc0-sh1-ts7.0.2-fe2560aba0f347b1caf8d000d371464642d44f23","claim":"Compiler-qualified successor; cold recovery and selected-provider acceptance are separate evidence."},"recovery":{"recipe":"qualified-parent-raw-two-generation/1","runnerSourceRef":"fe2560aba0f347b1caf8d000d371464642d44f23","runnerRecipe":{"files":[{"path":"scripts/sh1-qualify.mjs","sha256":"37b3a9bca3c5dc599f13c61a1d7cb5219004d775e34bb240b5e17f58ad66d41a"},{"path":"scripts/sh1-capabilities.mjs","sha256":"29a45533419aee1b3e1ac4c0417ce690885748fa66620a158be924caeec01684"},{"path":"scripts/sh1-grammar-conformance.mjs","sha256":"65c4f90ff8f8b4d7436f623517a06839c18d70a7b1dfd62d60162ce86f21477e"},{"path":"scripts/sh1-projection-conformance.mjs","sha256":"44a9baad9f18a231e681b71dc696373ca15a4cdd8b252c31656f5f9b8404051f"},{"path":"scripts/sh1-successor-seed.mjs","sha256":"c65be03a65e0da19c99707319d41c4836f97f1addcb082bc4959946d1fa7e9f8"},{"path":"psconfig.json","sha256":"2c89c1e637f101e2c076644418ad3727af3bdff46b40adfcdbb5d1c1ee9d3984"},{"path":"test/fixtures/selfhost-sh1-accumulators.lean","sha256":"45d7948c21431670d89762f97a6679a371b37defbfcc9d15138639c5f926d9e6"},{"path":"test/fixtures/selfhost-sh1-accumulators.ps","sha256":"e0619554ac2384922ebe1739fa208114b08229118c6a995b7ee7ab2da9a28e65"},{"path":"scripts/proofscript-source.mjs","sha256":"98474e8d1d1629b93aec608ef7263e5c959f02703ca23a55a46327d1f43d9608"},{"path":"scripts/checked-source-snapshot.mjs","sha256":"1082b5e817a973a1eae0731543f7f6b419dfa13c574d051b845c11659be7134c"},{"path":"scripts/selfhost-source-workspace.mjs","sha256":"ec6707a4b12fa605cdcf7cdf1db829f281990fbb8c9b2dc5b9638d37e6fbb1f8"},{"path":"scripts/LeanCheckedSeed.lean","sha256":"f5af4cb73002682ab0e43f78a22d79c6d1006f5f4a0fd8b980c0a7bb3ac91ad1"},{"path":"scripts/typescript-cli.mjs","sha256":"6e25698d6bd0d1793f1eb77d5f66a127d46039a8ec773a67960d116e26e7a64a"},{"path":"scripts/check-typescript-profile.mjs","sha256":"a96dfd40691da9e9f3343f2a90af31406796449ff68a61f4dd5956a4edc44c17"},{"path":"scripts/workspace-layout.mjs","sha256":"f6d2b4d5f82e3d3c125c2d6131d625ca64b698ac10c03648c8914fbcbbdf75b1"},{"path":"scripts/generated-preparation-session.mjs","sha256":"96838acd33a35a84705c6116bbebc881e91e96188c75ce3170ca836a04ca71ad"},{"path":"scripts/original-ir-inventory.mjs","sha256":"bb11bea9a2c9a242fbbd0234078773b7a91a1c99697292e581cc56870000f47f"},{"path":"scripts/original-ir-carrier.mjs","sha256":"745f5920e4d6459e00af883bafeaf2ab169a1d3a3a5ebe60fe97d46b80ef9ed2"},{"path":"scripts/sh1-ir-checker-conformance.mjs","sha256":"fc6f436f430ada8d0caec75efe217c19db77289ab9d7a528142296ed2772936b"},{"path":"test/IrCheckerTests.lean","sha256":"36790248f17f147fe5958256c7cb9ed26f767c410c1319aeadf590d480e69f9d"},{"path":"scripts/sh1-source-snapshot.mjs","sha256":"b70d16e97265283fe7e0f7f581925797a7918d08fb3dffe4de27122d8510aae8"},{"path":"scripts/sh1-seed-manifest.mjs","sha256":"53d7dc1a894a02643f55bf611c955b55497f45f1bcf0d7af9e052e394469794f"},{"path":"scripts/sh1-iterate.mjs","sha256":"9ce539924c9c486a776ae078d491ddfe7e76ad6db7076559211137bec5c0a5b8"},{"path":"scripts/sh1-iteration-conformance.mjs","sha256":"bca0d33389be0bc716eb3c56d2696c547a9f02e0974e40c2205919bffb02dce4"},{"path":"scripts/sh1-foundation-conformance.mjs","sha256":"4bcb6ef9606e8527c47c2f736b56ae115df472e0ced8a5c9cfc1da88f633e383"},{"path":"test/fixtures/selfhost-sh1-foundation-reference.lean","sha256":"e5293a49180f7f1354284b26a9bf10df27749a8e22e6646bdee62ad29a5a19a9"},{"path":"test/fixtures/selfhost-sh1-foundation-probe.lean","sha256":"633a4b0a85cc42533067e0f9b51e5b60d320c44709e5b3f65247b622d0faa819"},{"path":"scripts/sh1-helper-conformance.mjs","sha256":"b239a2da5479711a47c7721ab9e98a7e6ec88437f43f9e262dece8664779a83d"},{"path":"test/fixtures/selfhost-sh1-helpers-reference.lean","sha256":"1db8d3fa490d53d7cfc1d1dc03b052f291b7e5a44ecbed8bddcc8ae6101a5909"},{"path":"test/fixtures/selfhost-sh1-helpers-probe.lean","sha256":"072e8ed62cf7ac65f60c9c7667eca536359fc478b8caf983187ae3ac4a826cf9"},{"path":"scripts/sh1-generic-erasure-conformance.mjs","sha256":"7e86809c9bd8d7bae33c30f0870abd19b3f98e26bcebc6d5f0561ce23c5341ca"},{"path":"test/fixtures/selfhost-sh1-generic-erasure.lean","sha256":"574fc4874e0cd5561fcdd873c7942aa90cd77abaa66441c76b5e4f7c3755e4de"}],"sha256":"5e29ee890f5c08d3d3bfdfda4d060b20c03be14693feb0dcefbb457d6849eddb"},"sourceKind":"raw-authoritative-lean"}}
2026-10-09T12:50:35.8830817Z PSC0_SH1_FIXED_POINT: {"schemaVersion":1,"sourceRef":"fe2560aba0f347b1caf8d000d371464642d44f23","sourceClosureSha256":"f96c811f575cae2be58ccca3ffe587ead83bffa6f8bd862d40936bef28ef3226","moduleCount":61,"evidence":"compiler-qualified-current-source-fixed-point","equation":"Q is the pinned qualified compiler from A; C1=Q(B); C2=C1(B); C3=C2(B); compare C2 and C3 products","authoringSeed":{"kind":"previous-qualified-authoring-seed","sourceRef":"e91b9558d665879871b8bf0893915ae64b27c7fe","sourceClosureSha256":"7e18013c260de84b08d57e923aef184993b0c5fea4de4775a68288a8ff9e157a","compilerSha256":"9d8a91e890c779c6b377b8a482ae3e997a1630b360eb8d6e7c022b3964510096","identitySha256":"0dc33de63fee9800e3da68e54605a27d222306c55e4631496995efd066b2e2d9","independentAlgorithm":false,"priorQualification":{"evidence":"compiler-qualified-current-source-fixed-point","sourceRef":"e91b9558d665879871b8bf0893915ae64b27c7fe","compilerSha256":"9d8a91e890c779c6b377b8a482ae3e997a1630b360eb8d6e7c022b3964510096","runId":37831951758,"artifactName":"psc0-sh1-e91b9558d665879871b8bf0893915ae64b27c7fe","claim":"Compiler-qualified seed; selected-provider acceptance is a separate receipt."},"producerToolchain":{"node":"v22.23.3","platform":"linux","architecture":"x64","lean":"Lean (version 4.34.0, x86_64-unknown-linux-gnu, commit 293d5d0c0c3f3dded4688b3ccd6a33939ac5102b, Release)","leanGitHash":"293d5d0c0c3f3dded4688b3ccd6a33939ac5102b","typescript":"Version 5.8.3"},"executionRuntime":{"node":"v22.23.3","platform":"linux","architecture":"x64","lean":"Lean (version 4.34.0, x86_64-unknown-linux-gnu, commit 293d5d0c0c3f3dded4688b3ccd6a33939ac5102b, Release)","leanGitHash":"293d5d0c0c3f3dded4688b3ccd6a33939ac5102b"}},"toolchain":{"node":"v22.23.3","platform":"linux","architecture":"x64","lean":"Lean (version 4.34.0, x86_64-unknown-linux-gnu, commit 293d5d0c0c3f3dded4688b3ccd6a33939ac5102b, Release)","leanGitHash":"293d5d0c0c3f3dded4688b3ccd6a33939ac5102b","typescript":"Version 7.0.2"},"typescriptProfile":{"version":"7.0.2","purpose":"current-emission","arguments":["--ignoreConfig"]},"rawAuthoringSourceConsumedEveryGeneration":true,"artifacts":{"canonicalSurfaceSourceSha256":"985cf39d4a68df68a03123883105b6bdd9b81783c4bab98c8ec86ec683ac3b07","normalizedCanonicalAdmissionsSha256":"200e5881d1554f72530a0395524ee28dd3a64a6bd45f55cddd4fad1336981bf0","typescriptSha256":"38fea23209f561efcab0c0111a2a15fa1e5761d33f31100fac8d6bfb1e032935","javascriptSha256":"70db0131fa3af62f7193576407ad529be10df2f4296c712f53f7c31f42209061"},"c1CompilerSha256":"70db0131fa3af62f7193576407ad529be10df2f4296c712f53f7c31f42209061","c2CompilerSha256":"70db0131fa3af62f7193576407ad529be10df2f4296c712f53f7c31f42209061","c3CompilerSha256":"70db0131fa3af62f7193576407ad529be10df2f4296c712f53f7c31f42209061","rawCapabilityKinds":["lean","proofScript"],"helperSourceCorrespondence":"helpers/receipt.json","helperRuntimeGenerations":["C1","C2","C3"],"recursiveGenericErasureGenerations":["C1","C2","C3"],"sourceGrammar":{"edition":"ps-0.9-r3","mode":"new-only","support":"bounded-selfhost-subset","referenceSha256":"4c02626fd0b991e8526c64b65f4ffb66b9ce7b688298e82fb0309802a263db71","fullStandardConformance":false,"fullPscvConformance":false},"grammarGenerations":["C1","C2","C3"],"projectionResolutionGenerations":["C1","C2","C3"],"canonicalSourceContract":"C2/C3 emit and consume the bounded new-only ps-0.9-r3 grammar. The pinned parent may emit its historical canonical form as the C1 build artifact; it is not a current parser mode.","nativeCanonicalSourceCorrespondence":{"report":"development/N1/grammar-closure.json","reportSha256":"183d4a9696db8ba4b54754323e8e13b9d4919bd4860f68413642c5c221f46b5e","compilerSha256":"70db0131fa3af62f7193576407ad529be10df2f4296c712f53f7c31f42209061","moduleCount":61},"portableIrCheckerGenerations":["C1","C2","C3"],"originalIrCheckedBuilds":["C2","C3"],"originalIrChecking":"C1 checks the exact current-source IR emitted as C2; C2 checks the exact IR emitted as C3.","immutableSeedBoundary":{"status":"unavailable-at-explicit-seed-boundary","boundary":{"kind":"selected-authoring-seed","executingSourceRef":"e91b9558d665879871b8bf0893915ae64b27c7fe","executingCompilerSha256":"9d8a91e890c779c6b377b8a482ae3e997a1630b360eb8d6e7c022b3964510096","reason":"The explicitly pinned pre-checker Q may produce C1; current C1/C2/C3 checker consumers remain mandatory."}},"runtimeIrTypingEnforced":true,"runtimeIrStrictQualification":"not-claimed","provider":{"status":"not-attempted","kernelChecked":false}}
2026-10-09T12:50:36.1436099Z ##[group]Run actions/cache/save@v4
2026-10-09T12:50:36.1436417Z with:
2026-10-09T12:50:36.1436869Z   path: psc0/.selfhost-seeds/successors/47d88158e075f766f0d146ba3a13b28744c6e196d9844c71f4e52dc7351e2225
2026-10-09T12:50:36.1437583Z   key: psc0-sh1-successor-v1-47d88158e075f766f0d146ba3a13b28744c6e196d9844c71f4e52dc7351e2225
2026-10-09T12:50:36.1438077Z   enableCrossOsArchive: false
2026-10-09T12:50:36.1438346Z env:
2026-10-09T12:50:36.1438728Z   PSC0_TSC: /home/runner/work/_temp/psc0-typescript-7.0.2/node_modules/typescript/bin/tsc
2026-10-09T12:50:36.1439177Z   PSC0_TYPESCRIPT_VERSION: 7.0.2
2026-10-09T12:50:36.1439459Z ##[endgroup]
2026-10-09T12:50:36.2593732Z (node:6426) [DEP0040] DeprecationWarning: The `punycode` module is deprecated. Please use a userland alternative instead.
2026-10-09T12:50:36.2594855Z (Use `node --trace-deprecation ...` to show where the warning was created)
2026-10-09T12:50:36.2735481Z [command]/usr/bin/tar --posix -cf cache.tzst --exclude cache.tzst -P -C /home/runner/work/pskernel/pskernel --files-from manifest.txt --use-compress-program zstdmt
2026-10-09T12:50:36.4526770Z (node:6426) [DEP0169] DeprecationWarning: `url.parse()` behavior is not standardized and prone to errors that have security implications. Use the WHATWG URL API instead. CVEs are not issued for `url.parse()` vulnerabilities.
2026-10-09T12:50:36.7332564Z Sent 487076 of 487076 (100.0%), 1.6 MBs/sec
2026-10-09T12:50:36.8664769Z Cache saved with key: psc0-sh1-successor-v1-47d88158e075f766f0d146ba3a13b28744c6e196d9844c71f4e52dc7351e2225
2026-10-09T12:50:36.8753188Z ##[group]Run actions/cache/save@v4
2026-10-09T12:50:36.8753490Z with:
2026-10-09T12:50:36.8753730Z   path: psc0/.lake/build
2026-10-09T12:50:36.8754738Z   key: psc0-sh1-current-v1-Linux-X64-487dcf7448759e74a8e7f1acfc1dfb6635a4af2bf887cbdec06f60bd08c8ffb3-ts7.0.2-fe2560aba0f347b1caf8d000d371464642d44f23
2026-10-09T12:50:36.8755650Z   enableCrossOsArchive: false
2026-10-09T12:50:36.8755914Z env:
2026-10-09T12:50:36.8756282Z   PSC0_TSC: /home/runner/work/_temp/psc0-typescript-7.0.2/node_modules/typescript/bin/tsc
2026-10-09T12:50:36.8756734Z   PSC0_TYPESCRIPT_VERSION: 7.0.2
2026-10-09T12:50:36.8757003Z ##[endgroup]
2026-10-09T12:50:36.9797483Z (node:6446) [DEP0040] DeprecationWarning: The `punycode` module is deprecated. Please use a userland alternative instead.
2026-10-09T12:50:36.9798383Z (Use `node --trace-deprecation ...` to show where the warning was created)
2026-10-09T12:50:36.9937568Z [command]/usr/bin/tar --posix -cf cache.tzst --exclude cache.tzst -P -C /home/runner/work/pskernel/pskernel --files-from manifest.txt --use-compress-program zstdmt
2026-10-09T12:50:37.3518768Z (node:6446) [DEP0169] DeprecationWarning: `url.parse()` behavior is not standardized and prone to errors that have security implications. Use the WHATWG URL API instead. CVEs are not issued for `url.parse()` vulnerabilities.
2026-10-09T12:50:38.1343924Z Sent 20231329 of 20231329 (100.0%), 24.4 MBs/sec
2026-10-09T12:50:38.2239021Z Cache saved with key: psc0-sh1-current-v1-Linux-X64-487dcf7448759e74a8e7f1acfc1dfb6635a4af2bf887cbdec06f60bd08c8ffb3-ts7.0.2-fe2560aba0f347b1caf8d000d371464642d44f23
2026-10-09T12:50:38.2332186Z ##[group]Run actions/upload-artifact@v4
2026-10-09T12:50:38.2332496Z with:
2026-10-09T12:50:38.2332817Z   name: psc0-sh1-ts7.0.2-fe2560aba0f347b1caf8d000d371464642d44f23
2026-10-09T12:50:38.2333580Z   path: psc0/dist/sh1
psc0/.selfhost-seeds
psc0/dist/sh1-seed-recovery
psc0/dist/sh1-successor-seed-recovery
psc0/dist/sh1-seed-selection
psc0/dist/typescript-profile

2026-10-09T12:50:38.2334426Z   include-hidden-files: true
2026-10-09T12:50:38.2334789Z   if-no-files-found: ignore
2026-10-09T12:50:38.2335138Z   retention-days: 30
2026-10-09T12:50:38.2335464Z   compression-level: 6
2026-10-09T12:50:38.2335721Z   overwrite: false
2026-10-09T12:50:38.2335955Z env:
2026-10-09T12:50:38.2336330Z   PSC0_TSC: /home/runner/work/_temp/psc0-typescript-7.0.2/node_modules/typescript/bin/tsc
2026-10-09T12:50:38.2336801Z   PSC0_TYPESCRIPT_VERSION: 7.0.2
2026-10-09T12:50:38.2337067Z ##[endgroup]
2026-10-09T12:50:38.3939884Z (node:6466) [DEP0040] DeprecationWarning: The `punycode` module is deprecated. Please use a userland alternative instead.
2026-10-09T12:50:38.3940644Z (Use `node --trace-deprecation ...` to show where the warning was created)
2026-10-09T12:50:38.4653248Z Multiple search paths detected. Calculating the least common ancestor of all paths
2026-10-09T12:50:38.4656636Z The least common ancestor is /home/runner/work/pskernel/pskernel/psc0. This will be the root directory of the artifact
2026-10-09T12:50:38.4657828Z With the provided path, there will be 298 files uploaded
2026-10-09T12:50:38.4663652Z Artifact name is valid!
2026-10-09T12:50:38.4665007Z Root directory input is valid!
2026-10-09T12:50:38.7517203Z Beginning upload of artifact content to blob storage
2026-10-09T12:50:40.3664895Z (node:6466) [DEP0169] DeprecationWarning: `url.parse()` behavior is not standardized and prone to errors that have security implications. Use the WHATWG URL API instead. CVEs are not issued for `url.parse()` vulnerabilities.
2026-10-09T12:50:40.8747145Z Uploaded bytes 7477193
2026-10-09T12:50:40.9168265Z Finished uploading artifact content to blob storage!
2026-10-09T12:50:40.9171110Z SHA256 digest of uploaded artifact zip is 28d65fad4a77f96676fad530e786761e6955444690e3707e2ae8b8181041bc0a
2026-10-09T12:50:40.9173482Z Finalizing artifact upload
2026-10-09T12:50:41.1677099Z Artifact psc0-sh1-ts7.0.2-fe2560aba0f347b1caf8d000d371464642d44f23.zip successfully finalized. Artifact ID 11617460205
2026-10-09T12:50:41.1678680Z Artifact psc0-sh1-ts7.0.2-fe2560aba0f347b1caf8d000d371464642d44f23 has been successfully uploaded! Final size is 7477193 bytes. Artifact ID is 11617460205
2026-10-09T12:50:41.1685402Z Artifact download URL: https://github.com/dwijayuda/pskernel/actions/runs/37925722635/artifacts/11617460205
2026-10-09T12:50:41.1851384Z Post job cleanup.
2026-10-09T12:50:41.3070935Z (node:6478) [DEP0040] DeprecationWarning: The `punycode` module is deprecated. Please use a userland alternative instead.
2026-10-09T12:50:41.3071785Z (Use `node --trace-deprecation ...` to show where the warning was created)
2026-10-09T12:50:41.3219714Z Post job cleanup.
2026-10-09T12:50:41.4107360Z [command]/usr/bin/git version
2026-10-09T12:50:41.4147643Z git version 2.55.0
2026-10-09T12:50:41.4181510Z Temporarily overriding HOME='/home/runner/work/_temp/54dceec7-37e1-46e4-a527-281ad807cc1a' before making global git config changes
2026-10-09T12:50:41.4182895Z Adding repository directory to the temporary git global config as a safe directory
2026-10-09T12:50:41.4187732Z [command]/usr/bin/git config --global --add safe.directory /home/runner/work/pskernel/pskernel
2026-10-09T12:50:41.4226825Z [command]/usr/bin/git config --local --name-only --get-regexp core\.sshCommand
2026-10-09T12:50:41.4260340Z [command]/usr/bin/git submodule foreach --recursive sh -c "git config --local --name-only --get-regexp 'core\.sshCommand' && git config --local --unset-all 'core.sshCommand' || :"
2026-10-09T12:50:41.4503602Z [command]/usr/bin/git config --local --name-only --get-regexp http\.https\:\/\/github\.com\/\.extraheader
2026-10-09T12:50:41.4526436Z http.https://github.com/.extraheader
2026-10-09T12:50:41.4539338Z [command]/usr/bin/git config --local --unset-all http.https://github.com/.extraheader
2026-10-09T12:50:41.4573817Z [command]/usr/bin/git submodule foreach --recursive sh -c "git config --local --name-only --get-regexp 'http\.https\:\/\/github\.com\/\.extraheader' && git config --local --unset-all 'http.https://github.com/.extraheader' || :"
2026-10-09T12:50:41.4808857Z [command]/usr/bin/git config --local --name-only --get-regexp ^includeIf\.gitdir:
2026-10-09T12:50:41.4847095Z [command]/usr/bin/git submodule foreach --recursive git config --local --show-origin --name-only --get-regexp remote.origin.url
2026-10-09T12:50:41.5211869Z Evaluate and set job outputs
2026-10-09T12:50:41.5218606Z Set output 'qualified'
2026-10-09T12:50:41.5220809Z Set output 'successor-candidate'
2026-10-09T12:50:41.5222121Z Set output 'node-version'
2026-10-09T12:50:41.5223021Z Cleaning up orphan processes
2026-10-09T12:50:41.5461576Z ##[warning]Node.js 20 is deprecated. The following actions target Node.js 20 but are being forced to run on Node.js 24: actions/cache/restore@v4, actions/cache/save@v4, actions/checkout@v4, actions/github-script@v7, actions/setup-node@v4, actions/upload-artifact@v4. For more information see: https://github.blog/changelog/2025-09-19-deprecation-of-node-20-on-github-actions-runners/
