2026-10-09T14:51:46.2734139Z Current runner version: '2.337.0'
2026-10-09T14:51:46.2750452Z ##[group]Runner Image Provisioner
2026-10-09T14:51:46.2750999Z Hosted Compute Agent
2026-10-09T14:51:46.2751371Z Version: 20261002.596
2026-10-09T14:51:46.2751833Z Commit: c3d12f3313a95f25162a1503be624f3b0617f8c0
2026-10-09T14:51:46.2752266Z Build Date: 2026-10-02T22:28:27Z
2026-10-09T14:51:46.2753033Z Worker ID: {5da4c94d-52f4-47e5-8514-4425af620ca7}
2026-10-09T14:51:46.2753743Z Region: centralus
2026-10-09T14:51:46.2754207Z Cloud: Azure
2026-10-09T14:51:46.2754736Z ##[endgroup]
2026-10-09T14:51:46.2755940Z ##[group]Operating System
2026-10-09T14:51:46.2756437Z Ubuntu
2026-10-09T14:51:46.2756930Z 24.04.5
2026-10-09T14:51:46.2757387Z LTS
2026-10-09T14:51:46.2757887Z ##[endgroup]
2026-10-09T14:51:46.2758345Z ##[group]Runner Image
2026-10-09T14:51:46.2758830Z Image: ubuntu-24.04
2026-10-09T14:51:46.2759382Z Version: 20261004.327.1
2026-10-09T14:51:46.2760522Z Included Software: https://github.com/actions/runner-images/blob/ubuntu24/20261004.327/images/ubuntu/Ubuntu2404-Readme.md
2026-10-09T14:51:46.2761885Z Image Release: https://github.com/actions/runner-images/releases/tag/ubuntu24%2F20261004.327
2026-10-09T14:51:46.2762706Z ##[endgroup]
2026-10-09T14:51:46.2763797Z ##[group]GITHUB_TOKEN Permissions
2026-10-09T14:51:46.2765569Z Contents: read
2026-10-09T14:51:46.2766124Z Metadata: read
2026-10-09T14:51:46.2766586Z ##[endgroup]
2026-10-09T14:51:46.2768297Z Secret source: Actions
2026-10-09T14:51:46.2769134Z Cache mode: write
2026-10-09T14:51:46.2769753Z Prepare workflow directory
2026-10-09T14:51:46.3245855Z Prepare all required actions
2026-10-09T14:51:46.3282332Z Getting action download info
2026-10-09T14:51:46.5867624Z Download action repository 'actions/checkout@v4' (SHA:11d5960a326750d5838078e36cf38b85af677262)
2026-10-09T14:51:46.8244447Z Download action repository 'actions/github-script@v7' (SHA:f28e40c7f34bde8b3046d885e986cb6290c5673b)
2026-10-09T14:51:47.2809641Z Download action repository 'actions/setup-node@v4' (SHA:49933ea5288caeca8642d1e84afbd3f7d6820020)
2026-10-09T14:51:47.6050005Z Download action repository 'leanprover/lean-action@v1' (SHA:f061402b660e0c34644504b324e830f2991d4865)
2026-10-09T14:51:47.9439663Z Download action repository 'actions/upload-artifact@v4' (SHA:ea165f8d65b6e75b540449e92b4886f43607fa02)
2026-10-09T14:51:48.6295686Z Getting action download info
2026-10-09T14:51:48.7234668Z Download action repository 'actions/cache@caa296126883cff596d87d8935842f9db880ef25' (SHA:caa296126883cff596d87d8935842f9db880ef25)
2026-10-09T14:51:49.2422925Z Complete job name: native-cold-recovery
2026-10-09T14:51:49.3002701Z ##[group]Run actions/checkout@v4
2026-10-09T14:51:49.3002965Z with:
2026-10-09T14:51:49.3003090Z   repository: dwijayuda/pskernel
2026-10-09T14:51:49.3004707Z   token: ***
2026-10-09T14:51:49.3004830Z   ssh-strict: true
2026-10-09T14:51:49.3004949Z   ssh-user: git
2026-10-09T14:51:49.3005075Z   persist-credentials: true
2026-10-09T14:51:49.3005210Z   clean: true
2026-10-09T14:51:49.3005347Z   sparse-checkout-cone-mode: true
2026-10-09T14:51:49.3005509Z   fetch-depth: 1
2026-10-09T14:51:49.3005640Z   fetch-tags: false
2026-10-09T14:51:49.3005761Z   show-progress: true
2026-10-09T14:51:49.3005885Z   lfs: false
2026-10-09T14:51:49.3005997Z   submodules: false
2026-10-09T14:51:49.3006121Z   set-safe-directory: true
2026-10-09T14:51:49.3006267Z   allow-unsafe-pr-checkout: false
2026-10-09T14:51:49.3006498Z ##[endgroup]
2026-10-09T14:51:49.3694549Z Syncing repository: dwijayuda/pskernel
2026-10-09T14:51:49.3695466Z ##[group]Getting Git version info
2026-10-09T14:51:49.3695757Z Working directory is '/home/runner/work/pskernel/pskernel'
2026-10-09T14:51:49.3696171Z [command]/usr/bin/git version
2026-10-09T14:51:49.3750312Z git version 2.55.0
2026-10-09T14:51:49.3766631Z ##[endgroup]
2026-10-09T14:51:49.3783089Z Temporarily overriding HOME='/home/runner/work/_temp/a03c9669-a76e-4004-bf70-25dcd333a8d7' before making global git config changes
2026-10-09T14:51:49.3783911Z Adding repository directory to the temporary git global config as a safe directory
2026-10-09T14:51:49.3787318Z [command]/usr/bin/git config --global --add safe.directory /home/runner/work/pskernel/pskernel
2026-10-09T14:51:49.4063369Z Deleting the contents of '/home/runner/work/pskernel/pskernel'
2026-10-09T14:51:49.4067418Z ##[group]Initializing the repository
2026-10-09T14:51:49.4071271Z [command]/usr/bin/git init /home/runner/work/pskernel/pskernel
2026-10-09T14:51:49.4365993Z hint: Using 'master' as the name for the initial branch. This default branch name
2026-10-09T14:51:49.4366761Z hint: will change to "main" in Git 3.0. To configure the initial branch name
2026-10-09T14:51:49.4367291Z hint: to use in all of your new repositories, which will suppress this warning,
2026-10-09T14:51:49.4367814Z hint: call:
2026-10-09T14:51:49.4368159Z hint:
2026-10-09T14:51:49.4368346Z hint: 	git config --global init.defaultBranch <name>
2026-10-09T14:51:49.4368532Z hint:
2026-10-09T14:51:49.4368718Z hint: Names commonly chosen instead of 'master' are 'main', 'trunk' and
2026-10-09T14:51:49.4369027Z hint: 'development'. The just-created branch can be renamed via this command:
2026-10-09T14:51:49.4369247Z hint:
2026-10-09T14:51:49.4369372Z hint: 	git branch -m <name>
2026-10-09T14:51:49.4369502Z hint:
2026-10-09T14:51:49.4369700Z hint: Disable this message with "git config set advice.defaultBranchName false"
2026-10-09T14:51:49.4373561Z Initialized empty Git repository in /home/runner/work/pskernel/pskernel/.git/
2026-10-09T14:51:49.4383580Z [command]/usr/bin/git remote add origin https://github.com/dwijayuda/pskernel
2026-10-09T14:51:49.4765988Z ##[endgroup]
2026-10-09T14:51:49.4766446Z ##[group]Disabling automatic garbage collection
2026-10-09T14:51:49.4777115Z [command]/usr/bin/git config --local gc.auto 0
2026-10-09T14:51:49.5060472Z ##[endgroup]
2026-10-09T14:51:49.5060894Z ##[group]Setting up auth
2026-10-09T14:51:49.5065983Z [command]/usr/bin/git config --local --name-only --get-regexp core\.sshCommand
2026-10-09T14:51:49.5095810Z [command]/usr/bin/git submodule foreach --recursive sh -c "git config --local --name-only --get-regexp 'core\.sshCommand' && git config --local --unset-all 'core.sshCommand' || :"
2026-10-09T14:51:49.5511149Z [command]/usr/bin/git config --local --name-only --get-regexp http\.https\:\/\/github\.com\/\.extraheader
2026-10-09T14:51:49.5539976Z [command]/usr/bin/git submodule foreach --recursive sh -c "git config --local --name-only --get-regexp 'http\.https\:\/\/github\.com\/\.extraheader' && git config --local --unset-all 'http.https://github.com/.extraheader' || :"
2026-10-09T14:51:49.5712545Z [command]/usr/bin/git config --local --name-only --get-regexp ^includeIf\.gitdir:
2026-10-09T14:51:49.5739379Z [command]/usr/bin/git submodule foreach --recursive git config --local --show-origin --name-only --get-regexp remote.origin.url
2026-10-09T14:51:49.5914258Z [command]/usr/bin/git config --local http.https://github.com/.extraheader AUTHORIZATION: basic ***
2026-10-09T14:51:49.6564064Z ##[endgroup]
2026-10-09T14:51:49.6565518Z ##[group]Fetching the repository
2026-10-09T14:51:49.6566540Z [command]/usr/bin/git -c protocol.version=2 fetch --no-tags --prune --no-recurse-submodules --depth=1 origin +fcd875c8f38db4b0524090bd10c7c2fd5024053d:refs/remotes/origin/psc0/sh1-projection-grammar-v1
2026-10-09T14:52:00.9176741Z From https://github.com/dwijayuda/pskernel
2026-10-09T14:52:00.9177440Z  * [new ref]           fcd875c8f38db4b0524090bd10c7c2fd5024053d -> origin/psc0/sh1-projection-grammar-v1
2026-10-09T14:52:00.9180192Z ##[endgroup]
2026-10-09T14:52:00.9180525Z ##[group]Determining the checkout info
2026-10-09T14:52:00.9182291Z ##[endgroup]
2026-10-09T14:52:00.9187305Z [command]/usr/bin/git sparse-checkout disable
2026-10-09T14:52:00.9328724Z [command]/usr/bin/git config --local --unset-all extensions.worktreeConfig
2026-10-09T14:52:00.9541265Z ##[group]Checking out the ref
2026-10-09T14:52:00.9544743Z [command]/usr/bin/git checkout --progress --force -B psc0/sh1-projection-grammar-v1 refs/remotes/origin/psc0/sh1-projection-grammar-v1
2026-10-09T14:52:02.3680721Z Updating files:   6% (1292/20574)
2026-10-09T14:52:02.3768369Z Updating files:   7% (1441/20574)
2026-10-09T14:52:02.3921185Z Updating files:   8% (1646/20574)
2026-10-09T14:52:02.4052646Z Updating files:   9% (1852/20574)
2026-10-09T14:52:02.4275937Z Updating files:  10% (2058/20574)
2026-10-09T14:52:02.4356453Z Updating files:  11% (2264/20574)
2026-10-09T14:52:03.1736568Z Updating files:  12% (2469/20574)
2026-10-09T14:52:03.6640811Z Updating files:  12% (2627/20574)
2026-10-09T14:52:03.6731639Z Updating files:  13% (2675/20574)
2026-10-09T14:52:03.6808701Z Updating files:  14% (2881/20574)
2026-10-09T14:52:03.6898707Z Updating files:  15% (3087/20574)
2026-10-09T14:52:03.7023364Z Updating files:  16% (3292/20574)
2026-10-09T14:52:03.7114505Z Updating files:  17% (3498/20574)
2026-10-09T14:52:03.7212151Z Updating files:  18% (3704/20574)
2026-10-09T14:52:03.7436381Z Updating files:  19% (3910/20574)
2026-10-09T14:52:03.7613070Z Updating files:  20% (4115/20574)
2026-10-09T14:52:03.7695955Z Updating files:  21% (4321/20574)
2026-10-09T14:52:04.0178565Z Updating files:  22% (4527/20574)
2026-10-09T14:52:04.9870280Z Updating files:  22% (4695/20574)
2026-10-09T14:52:04.9883969Z Updating files:  22% (4699/20574)
2026-10-09T14:52:04.9966471Z Updating files:  23% (4733/20574)
2026-10-09T14:52:05.0029033Z Updating files:  24% (4938/20574)
2026-10-09T14:52:05.0108868Z Updating files:  25% (5144/20574)
2026-10-09T14:52:05.0195343Z Updating files:  26% (5350/20574)
2026-10-09T14:52:05.0277216Z Updating files:  27% (5555/20574)
2026-10-09T14:52:05.0815843Z Updating files:  28% (5761/20574)
2026-10-09T14:52:05.1000092Z Updating files:  29% (5967/20574)
2026-10-09T14:52:05.1099634Z Updating files:  30% (6173/20574)
2026-10-09T14:52:05.1217744Z Updating files:  31% (6378/20574)
2026-10-09T14:52:05.1344284Z Updating files:  32% (6584/20574)
2026-10-09T14:52:05.1458532Z Updating files:  33% (6790/20574)
2026-10-09T14:52:05.1560784Z Updating files:  34% (6996/20574)
2026-10-09T14:52:05.1676370Z Updating files:  35% (7201/20574)
2026-10-09T14:52:05.1789097Z Updating files:  36% (7407/20574)
2026-10-09T14:52:05.1880659Z Updating files:  37% (7613/20574)
2026-10-09T14:52:05.1980184Z Updating files:  38% (7819/20574)
2026-10-09T14:52:05.2110322Z Updating files:  39% (8024/20574)
2026-10-09T14:52:05.2251608Z Updating files:  40% (8230/20574)
2026-10-09T14:52:05.3005616Z Updating files:  41% (8436/20574)
2026-10-09T14:52:05.3098838Z Updating files:  42% (8642/20574)
2026-10-09T14:52:05.3174822Z Updating files:  43% (8847/20574)
2026-10-09T14:52:05.3262817Z Updating files:  44% (9053/20574)
2026-10-09T14:52:05.4215294Z Updating files:  45% (9259/20574)
2026-10-09T14:52:05.4573670Z Updating files:  46% (9465/20574)
2026-10-09T14:52:05.5164172Z Updating files:  47% (9670/20574)
2026-10-09T14:52:05.6255059Z Updating files:  48% (9876/20574)
2026-10-09T14:52:05.7801760Z Updating files:  49% (10082/20574)
2026-10-09T14:52:05.9708328Z Updating files:  50% (10287/20574)
2026-10-09T14:52:06.0358608Z Updating files:  50% (10434/20574)
2026-10-09T14:52:06.1970833Z Updating files:  51% (10493/20574)
2026-10-09T14:52:06.3836093Z Updating files:  52% (10699/20574)
2026-10-09T14:52:06.5629726Z Updating files:  53% (10905/20574)
2026-10-09T14:52:06.7768328Z Updating files:  54% (11110/20574)
2026-10-09T14:52:06.8527633Z Updating files:  55% (11316/20574)
2026-10-09T14:52:06.9262063Z Updating files:  56% (11522/20574)
2026-10-09T14:52:06.9534681Z Updating files:  57% (11728/20574)
2026-10-09T14:52:06.9588832Z Updating files:  58% (11933/20574)
2026-10-09T14:52:06.9642358Z Updating files:  59% (12139/20574)
2026-10-09T14:52:06.9691080Z Updating files:  60% (12345/20574)
2026-10-09T14:52:06.9699366Z Updating files:  60% (12518/20574)
2026-10-09T14:52:06.9754759Z Updating files:  61% (12551/20574)
2026-10-09T14:52:06.9821313Z Updating files:  62% (12756/20574)
2026-10-09T14:52:06.9889149Z Updating files:  63% (12962/20574)
2026-10-09T14:52:06.9958214Z Updating files:  64% (13168/20574)
2026-10-09T14:52:07.0032451Z Updating files:  65% (13374/20574)
2026-10-09T14:52:07.0102490Z Updating files:  66% (13579/20574)
2026-10-09T14:52:07.0169991Z Updating files:  67% (13785/20574)
2026-10-09T14:52:07.0234660Z Updating files:  68% (13991/20574)
2026-10-09T14:52:07.0300006Z Updating files:  69% (14197/20574)
2026-10-09T14:52:07.0379377Z Updating files:  70% (14402/20574)
2026-10-09T14:52:07.0452637Z Updating files:  71% (14608/20574)
2026-10-09T14:52:07.0517893Z Updating files:  72% (14814/20574)
2026-10-09T14:52:07.0582463Z Updating files:  73% (15020/20574)
2026-10-09T14:52:07.0663390Z Updating files:  74% (15225/20574)
2026-10-09T14:52:07.0727932Z Updating files:  75% (15431/20574)
2026-10-09T14:52:07.0789875Z Updating files:  76% (15637/20574)
2026-10-09T14:52:07.0852916Z Updating files:  77% (15842/20574)
2026-10-09T14:52:07.0922420Z Updating files:  78% (16048/20574)
2026-10-09T14:52:07.0987374Z Updating files:  79% (16254/20574)
2026-10-09T14:52:07.1079486Z Updating files:  80% (16460/20574)
2026-10-09T14:52:07.1140987Z Updating files:  81% (16665/20574)
2026-10-09T14:52:07.1200587Z Updating files:  82% (16871/20574)
2026-10-09T14:52:07.1265269Z Updating files:  83% (17077/20574)
2026-10-09T14:52:07.1328370Z Updating files:  84% (17283/20574)
2026-10-09T14:52:07.1388044Z Updating files:  85% (17488/20574)
2026-10-09T14:52:07.1449903Z Updating files:  86% (17694/20574)
2026-10-09T14:52:07.1492397Z Updating files:  87% (17900/20574)
2026-10-09T14:52:07.1536598Z Updating files:  88% (18106/20574)
2026-10-09T14:52:07.1590661Z Updating files:  89% (18311/20574)
2026-10-09T14:52:07.1833048Z Updating files:  90% (18517/20574)
2026-10-09T14:52:07.1910233Z Updating files:  91% (18723/20574)
2026-10-09T14:52:07.1973418Z Updating files:  92% (18929/20574)
2026-10-09T14:52:07.2036278Z Updating files:  93% (19134/20574)
2026-10-09T14:52:07.3138056Z Updating files:  94% (19340/20574)
2026-10-09T14:52:07.3823988Z Updating files:  95% (19546/20574)
2026-10-09T14:52:07.4401686Z Updating files:  96% (19752/20574)
2026-10-09T14:52:07.4707286Z Updating files:  97% (19957/20574)
2026-10-09T14:52:07.7803477Z Updating files:  98% (20163/20574)
2026-10-09T14:52:07.9324568Z Updating files:  99% (20369/20574)
2026-10-09T14:52:07.9324949Z Updating files: 100% (20574/20574)
2026-10-09T14:52:07.9325190Z Updating files: 100% (20574/20574), done.
2026-10-09T14:52:08.2066857Z Switched to a new branch 'psc0/sh1-projection-grammar-v1'
2026-10-09T14:52:08.2067445Z branch 'psc0/sh1-projection-grammar-v1' set up to track 'origin/psc0/sh1-projection-grammar-v1'.
2026-10-09T14:52:08.2191327Z ##[endgroup]
2026-10-09T14:52:08.2233429Z [command]/usr/bin/git log -1 --format=%H
2026-10-09T14:52:08.2258412Z fcd875c8f38db4b0524090bd10c7c2fd5024053d
2026-10-09T14:52:08.3686544Z ##[group]Run actions/github-script@v7
2026-10-09T14:52:08.3686721Z with:
2026-10-09T14:52:08.3687990Z   script: const root = process.env.GITHUB_WORKSPACE + '/psc0';
const recovery = await import(root + '/scripts/sh1-native-seed-recovery.mjs');
const { selected, policySha256, recipeSha256 } = await recovery.readNativeSeedRecoveryPolicy({ root });
core.setOutput('source-ref', selected.sourceRef);
core.setOutput('node-version', selected.nodeVersion);
core.setOutput('identity', selected.identitySha256);
core.info('PSC0_SH1_NATIVE_COLD_POLICY: ' + JSON.stringify({
  selectedSeedIdentitySha256: selected.identitySha256,
  sourceRef: selected.sourceRef, policySha256, recipeSha256,
  noCompilerArtifactDownload: true, noBuildOrSeedCacheRestore: true,
}));

2026-10-09T14:52:08.3690645Z   github-token: ***
2026-10-09T14:52:08.3690767Z   debug: false
2026-10-09T14:52:08.3690891Z   user-agent: actions/github-script
2026-10-09T14:52:08.3691045Z   result-encoding: json
2026-10-09T14:52:08.3691219Z   retries: 0
2026-10-09T14:52:08.3691354Z   retry-exempt-status-codes: 400,401,403,404,422
2026-10-09T14:52:08.3691527Z ##[endgroup]
2026-10-09T14:52:08.4287873Z PSC0_SH1_NATIVE_COLD_POLICY: {"selectedSeedIdentitySha256":"47d88158e075f766f0d146ba3a13b28744c6e196d9844c71f4e52dc7351e2225","sourceRef":"fe2560aba0f347b1caf8d000d371464642d44f23","policySha256":"0cf0480524ba713e0bcdbeb3cfa3d345e37508743ee5e169b83ba8ee0de160fc","recipeSha256":"4ed186c2604bcfaee756881686e70f14569720d72fcd799d9997d2d92217b82a","noCompilerArtifactDownload":true,"noBuildOrSeedCacheRestore":true}
2026-10-09T14:52:08.5003006Z ##[group]Run actions/checkout@v4
2026-10-09T14:52:08.5003259Z with:
2026-10-09T14:52:08.5003459Z   ref: fe2560aba0f347b1caf8d000d371464642d44f23
2026-10-09T14:52:08.5003684Z   path: native-authoring-source
2026-10-09T14:52:08.5003836Z   repository: dwijayuda/pskernel
2026-10-09T14:52:08.5005341Z   token: ***
2026-10-09T14:52:08.5005457Z   ssh-strict: true
2026-10-09T14:52:08.5005574Z   ssh-user: git
2026-10-09T14:52:08.5005699Z   persist-credentials: true
2026-10-09T14:52:08.5005835Z   clean: true
2026-10-09T14:52:08.5005962Z   sparse-checkout-cone-mode: true
2026-10-09T14:52:08.5006105Z   fetch-depth: 1
2026-10-09T14:52:08.5006221Z   fetch-tags: false
2026-10-09T14:52:08.5006341Z   show-progress: true
2026-10-09T14:52:08.5006462Z   lfs: false
2026-10-09T14:52:08.5006569Z   submodules: false
2026-10-09T14:52:08.5006703Z   set-safe-directory: true
2026-10-09T14:52:08.5006865Z   allow-unsafe-pr-checkout: false
2026-10-09T14:52:08.5007012Z ##[endgroup]
2026-10-09T14:52:08.5545943Z Syncing repository: dwijayuda/pskernel
2026-10-09T14:52:08.5549609Z ##[group]Getting Git version info
2026-10-09T14:52:08.5549889Z Working directory is '/home/runner/work/pskernel/pskernel/native-authoring-source'
2026-10-09T14:52:08.5566347Z [command]/usr/bin/git version
2026-10-09T14:52:08.5598377Z git version 2.55.0
2026-10-09T14:52:08.5610108Z ##[endgroup]
2026-10-09T14:52:08.5619122Z Temporarily overriding HOME='/home/runner/work/_temp/17be28a2-4fde-4101-9a92-dec2916e8dbd' before making global git config changes
2026-10-09T14:52:08.5619830Z Adding repository directory to the temporary git global config as a safe directory
2026-10-09T14:52:08.5621869Z [command]/usr/bin/git config --global --add safe.directory /home/runner/work/pskernel/pskernel/native-authoring-source
2026-10-09T14:52:08.6683831Z ##[group]Initializing the repository
2026-10-09T14:52:08.6685585Z [command]/usr/bin/git init /home/runner/work/pskernel/pskernel/native-authoring-source
2026-10-09T14:52:09.0484511Z hint: Using 'master' as the name for the initial branch. This default branch name
2026-10-09T14:52:09.0485211Z hint: will change to "main" in Git 3.0. To configure the initial branch name
2026-10-09T14:52:09.0485851Z hint: to use in all of your new repositories, which will suppress this warning,
2026-10-09T14:52:09.0486196Z hint: call:
2026-10-09T14:52:09.0486358Z hint:
2026-10-09T14:52:09.0486579Z hint: 	git config --global init.defaultBranch <name>
2026-10-09T14:52:09.0486832Z hint:
2026-10-09T14:52:09.0487081Z hint: Names commonly chosen instead of 'master' are 'main', 'trunk' and
2026-10-09T14:52:09.0487488Z hint: 'development'. The just-created branch can be renamed via this command:
2026-10-09T14:52:09.0487802Z hint:
2026-10-09T14:52:09.0487971Z hint: 	git branch -m <name>
2026-10-09T14:52:09.0488159Z hint:
2026-10-09T14:52:09.0488424Z hint: Disable this message with "git config set advice.defaultBranchName false"
2026-10-09T14:52:09.0488981Z Initialized empty Git repository in /home/runner/work/pskernel/pskernel/native-authoring-source/.git/
2026-10-09T14:52:09.0499027Z [command]/usr/bin/git remote add origin https://github.com/dwijayuda/pskernel
2026-10-09T14:52:09.2803422Z ##[endgroup]
2026-10-09T14:52:09.2803757Z ##[group]Disabling automatic garbage collection
2026-10-09T14:52:09.2807511Z [command]/usr/bin/git config --local gc.auto 0
2026-10-09T14:52:09.4009468Z ##[endgroup]
2026-10-09T14:52:09.4009700Z ##[group]Setting up auth
2026-10-09T14:52:09.4016159Z [command]/usr/bin/git config --local --name-only --get-regexp core\.sshCommand
2026-10-09T14:52:09.4046747Z [command]/usr/bin/git submodule foreach --recursive sh -c "git config --local --name-only --get-regexp 'core\.sshCommand' && git config --local --unset-all 'core.sshCommand' || :"
2026-10-09T14:52:09.4215595Z [command]/usr/bin/git config --local --name-only --get-regexp http\.https\:\/\/github\.com\/\.extraheader
2026-10-09T14:52:09.4243012Z [command]/usr/bin/git submodule foreach --recursive sh -c "git config --local --name-only --get-regexp 'http\.https\:\/\/github\.com\/\.extraheader' && git config --local --unset-all 'http.https://github.com/.extraheader' || :"
2026-10-09T14:52:09.4414492Z [command]/usr/bin/git config --local --name-only --get-regexp ^includeIf\.gitdir:
2026-10-09T14:52:09.4442427Z [command]/usr/bin/git submodule foreach --recursive git config --local --show-origin --name-only --get-regexp remote.origin.url
2026-10-09T14:52:09.4612985Z [command]/usr/bin/git config --local http.https://github.com/.extraheader AUTHORIZATION: basic ***
2026-10-09T14:52:09.6407407Z ##[endgroup]
2026-10-09T14:52:09.6413265Z ##[group]Fetching the repository
2026-10-09T14:52:09.6413934Z [command]/usr/bin/git -c protocol.version=2 fetch --no-tags --prune --no-recurse-submodules --depth=1 origin fe2560aba0f347b1caf8d000d371464642d44f23
2026-10-09T14:52:19.0360191Z From https://github.com/dwijayuda/pskernel
2026-10-09T14:52:19.0360590Z  * branch              fe2560aba0f347b1caf8d000d371464642d44f23 -> FETCH_HEAD
2026-10-09T14:52:19.0364947Z ##[endgroup]
2026-10-09T14:52:19.0365479Z ##[group]Determining the checkout info
2026-10-09T14:52:19.0366906Z ##[endgroup]
2026-10-09T14:52:19.0372173Z [command]/usr/bin/git sparse-checkout disable
2026-10-09T14:52:19.0410314Z [command]/usr/bin/git config --local --unset-all extensions.worktreeConfig
2026-10-09T14:52:19.0436341Z ##[group]Checking out the ref
2026-10-09T14:52:19.0473466Z [command]/usr/bin/git checkout --progress --force fe2560aba0f347b1caf8d000d371464642d44f23
2026-10-09T14:52:20.4047101Z Updating files:   6% (1254/20531)
2026-10-09T14:52:20.4130940Z Updating files:   7% (1438/20531)
2026-10-09T14:52:20.4314757Z Updating files:   8% (1643/20531)
2026-10-09T14:52:20.4469836Z Updating files:   9% (1848/20531)
2026-10-09T14:52:20.4639313Z Updating files:  10% (2054/20531)
2026-10-09T14:52:20.4726423Z Updating files:  11% (2259/20531)
2026-10-09T14:52:21.2192923Z Updating files:  12% (2464/20531)
2026-10-09T14:52:21.7108653Z Updating files:  12% (2584/20531)
2026-10-09T14:52:21.7192755Z Updating files:  13% (2670/20531)
2026-10-09T14:52:21.7256420Z Updating files:  14% (2875/20531)
2026-10-09T14:52:21.7341426Z Updating files:  15% (3080/20531)
2026-10-09T14:52:21.7459239Z Updating files:  16% (3285/20531)
2026-10-09T14:52:21.7548841Z Updating files:  17% (3491/20531)
2026-10-09T14:52:21.7692801Z Updating files:  18% (3696/20531)
2026-10-09T14:52:21.7881096Z Updating files:  19% (3901/20531)
2026-10-09T14:52:21.8054006Z Updating files:  20% (4107/20531)
2026-10-09T14:52:21.8140574Z Updating files:  21% (4312/20531)
2026-10-09T14:52:22.0618799Z Updating files:  22% (4517/20531)
2026-10-09T14:52:23.0548166Z Updating files:  22% (4652/20531)
2026-10-09T14:52:23.0604060Z Updating files:  23% (4723/20531)
2026-10-09T14:52:23.0642231Z Updating files:  23% (4863/20531)
2026-10-09T14:52:23.0695431Z Updating files:  24% (4928/20531)
2026-10-09T14:52:23.0778914Z Updating files:  25% (5133/20531)
2026-10-09T14:52:23.0859440Z Updating files:  26% (5339/20531)
2026-10-09T14:52:23.0947198Z Updating files:  27% (5544/20531)
2026-10-09T14:52:23.1542658Z Updating files:  28% (5749/20531)
2026-10-09T14:52:23.1687031Z Updating files:  29% (5954/20531)
2026-10-09T14:52:23.1805826Z Updating files:  30% (6160/20531)
2026-10-09T14:52:23.1922505Z Updating files:  31% (6365/20531)
2026-10-09T14:52:23.2046721Z Updating files:  32% (6570/20531)
2026-10-09T14:52:23.2162518Z Updating files:  33% (6776/20531)
2026-10-09T14:52:23.2266086Z Updating files:  34% (6981/20531)
2026-10-09T14:52:23.2384190Z Updating files:  35% (7186/20531)
2026-10-09T14:52:23.2502438Z Updating files:  36% (7392/20531)
2026-10-09T14:52:23.2597163Z Updating files:  37% (7597/20531)
2026-10-09T14:52:23.2707901Z Updating files:  38% (7802/20531)
2026-10-09T14:52:23.2859388Z Updating files:  39% (8008/20531)
2026-10-09T14:52:23.2980909Z Updating files:  40% (8213/20531)
2026-10-09T14:52:23.3075212Z Updating files:  41% (8418/20531)
2026-10-09T14:52:23.3169236Z Updating files:  42% (8624/20531)
2026-10-09T14:52:23.3246157Z Updating files:  43% (8829/20531)
2026-10-09T14:52:23.3334599Z Updating files:  44% (9034/20531)
2026-10-09T14:52:23.4372459Z Updating files:  45% (9239/20531)
2026-10-09T14:52:23.5203097Z Updating files:  46% (9445/20531)
2026-10-09T14:52:23.5889477Z Updating files:  47% (9650/20531)
2026-10-09T14:52:23.7036591Z Updating files:  48% (9855/20531)
2026-10-09T14:52:23.8604269Z Updating files:  49% (10061/20531)
2026-10-09T14:52:24.0617958Z Updating files:  50% (10266/20531)
2026-10-09T14:52:24.1251632Z Updating files:  50% (10408/20531)
2026-10-09T14:52:24.2918767Z Updating files:  51% (10471/20531)
2026-10-09T14:52:24.4742502Z Updating files:  52% (10677/20531)
2026-10-09T14:52:24.7227168Z Updating files:  53% (10882/20531)
2026-10-09T14:52:25.0608333Z Updating files:  54% (11087/20531)
2026-10-09T14:52:25.1594205Z Updating files:  54% (11218/20531)
2026-10-09T14:52:25.2503797Z Updating files:  55% (11293/20531)
2026-10-09T14:52:25.3294522Z Updating files:  56% (11498/20531)
2026-10-09T14:52:25.3822502Z Updating files:  57% (11703/20531)
2026-10-09T14:52:25.3874254Z Updating files:  58% (11908/20531)
2026-10-09T14:52:25.3927654Z Updating files:  59% (12114/20531)
2026-10-09T14:52:25.3982684Z Updating files:  60% (12319/20531)
2026-10-09T14:52:25.4039181Z Updating files:  61% (12524/20531)
2026-10-09T14:52:25.4104204Z Updating files:  62% (12730/20531)
2026-10-09T14:52:25.4171471Z Updating files:  63% (12935/20531)
2026-10-09T14:52:25.4241256Z Updating files:  64% (13140/20531)
2026-10-09T14:52:25.4317844Z Updating files:  65% (13346/20531)
2026-10-09T14:52:25.4388443Z Updating files:  66% (13551/20531)
2026-10-09T14:52:25.4458276Z Updating files:  67% (13756/20531)
2026-10-09T14:52:25.4524300Z Updating files:  68% (13962/20531)
2026-10-09T14:52:25.4589876Z Updating files:  69% (14167/20531)
2026-10-09T14:52:25.4659528Z Updating files:  70% (14372/20531)
2026-10-09T14:52:25.4727924Z Updating files:  71% (14578/20531)
2026-10-09T14:52:25.4794523Z Updating files:  72% (14783/20531)
2026-10-09T14:52:25.4860035Z Updating files:  73% (14988/20531)
2026-10-09T14:52:25.4942975Z Updating files:  74% (15193/20531)
2026-10-09T14:52:25.5009280Z Updating files:  75% (15399/20531)
2026-10-09T14:52:25.5073403Z Updating files:  76% (15604/20531)
2026-10-09T14:52:25.5139714Z Updating files:  77% (15809/20531)
2026-10-09T14:52:25.5209422Z Updating files:  78% (16015/20531)
2026-10-09T14:52:25.5275867Z Updating files:  79% (16220/20531)
2026-10-09T14:52:25.5366814Z Updating files:  80% (16425/20531)
2026-10-09T14:52:25.5421235Z Updating files:  81% (16631/20531)
2026-10-09T14:52:25.5480393Z Updating files:  82% (16836/20531)
2026-10-09T14:52:25.5540004Z Updating files:  83% (17041/20531)
2026-10-09T14:52:25.5599150Z Updating files:  84% (17247/20531)
2026-10-09T14:52:25.5658221Z Updating files:  85% (17452/20531)
2026-10-09T14:52:25.5714830Z Updating files:  86% (17657/20531)
2026-10-09T14:52:25.5757090Z Updating files:  87% (17862/20531)
2026-10-09T14:52:25.5800926Z Updating files:  88% (18068/20531)
2026-10-09T14:52:25.5856219Z Updating files:  89% (18273/20531)
2026-10-09T14:52:25.6095700Z Updating files:  90% (18478/20531)
2026-10-09T14:52:25.6171095Z Updating files:  91% (18684/20531)
2026-10-09T14:52:25.6233546Z Updating files:  92% (18889/20531)
2026-10-09T14:52:25.6295506Z Updating files:  93% (19094/20531)
2026-10-09T14:52:26.0034480Z Updating files:  94% (19300/20531)
2026-10-09T14:52:26.0605737Z Updating files:  95% (19505/20531)
2026-10-09T14:52:26.2313836Z Updating files:  95% (19539/20531)
2026-10-09T14:52:26.3288859Z Updating files:  96% (19710/20531)
2026-10-09T14:52:26.3710981Z Updating files:  97% (19916/20531)
2026-10-09T14:52:26.7874342Z Updating files:  98% (20121/20531)
2026-10-09T14:52:26.9788295Z Updating files:  99% (20326/20531)
2026-10-09T14:52:26.9788622Z Updating files: 100% (20531/20531)
2026-10-09T14:52:26.9788865Z Updating files: 100% (20531/20531), done.
2026-10-09T14:52:27.1204560Z Note: switching to 'fe2560aba0f347b1caf8d000d371464642d44f23'.
2026-10-09T14:52:27.1205162Z 
2026-10-09T14:52:27.1205289Z You are in 'detached HEAD' state. You can look around, make experimental
2026-10-09T14:52:27.1205674Z changes and commit them, and you can discard any commits you make in this
2026-10-09T14:52:27.1205934Z state without impacting any branches by switching back to a branch.
2026-10-09T14:52:27.1206081Z 
2026-10-09T14:52:27.1206189Z If you want to create a new branch to retain commits you create, you may
2026-10-09T14:52:27.1206436Z do so (now or later) by using -c with the switch command. Example:
2026-10-09T14:52:27.1206575Z 
2026-10-09T14:52:27.1206639Z   git switch -c <new-branch-name>
2026-10-09T14:52:27.1206735Z 
2026-10-09T14:52:27.1206792Z Or undo this operation with:
2026-10-09T14:52:27.1206881Z 
2026-10-09T14:52:27.1206931Z   git switch -
2026-10-09T14:52:27.1206998Z 
2026-10-09T14:52:27.1207115Z Turn off this advice by setting config variable advice.detachedHead to false
2026-10-09T14:52:27.1207279Z 
2026-10-09T14:52:27.1207473Z HEAD is now at fe2560ab fix(psc0): correct native grammar build blockers and collect regression outcomes [sh1-qualify]
2026-10-09T14:52:27.1305697Z ##[endgroup]
2026-10-09T14:52:27.1349759Z [command]/usr/bin/git log -1 --format=%H
2026-10-09T14:52:27.1373343Z fe2560aba0f347b1caf8d000d371464642d44f23
2026-10-09T14:52:27.2772954Z ##[group]Run actions/setup-node@v4
2026-10-09T14:52:27.2773116Z with:
2026-10-09T14:52:27.2773459Z   node-version: 22.23.3
2026-10-09T14:52:27.2773590Z   always-auth: false
2026-10-09T14:52:27.2773735Z   check-latest: false
2026-10-09T14:52:27.2775127Z   token: ***
2026-10-09T14:52:27.2775245Z ##[endgroup]
2026-10-09T14:52:27.3666210Z Found in cache @ /opt/hostedtoolcache/node/22.23.3/x64
2026-10-09T14:52:27.3669509Z (node:2216) [DEP0040] DeprecationWarning: The `punycode` module is deprecated. Please use a userland alternative instead.
2026-10-09T14:52:27.3670044Z (Use `node --trace-deprecation ...` to show where the warning was created)
2026-10-09T14:52:27.3671023Z ##[group]Environment details
2026-10-09T14:52:30.8759713Z node: v22.23.3
2026-10-09T14:52:30.8759973Z npm: 10.9.9
2026-10-09T14:52:30.8760108Z yarn: 1.22.22
2026-10-09T14:52:30.8760659Z ##[endgroup]
2026-10-09T14:52:30.9088861Z ##[group]Run leanprover/lean-action@v1
2026-10-09T14:52:30.9089028Z with:
2026-10-09T14:52:30.9089174Z   lake-package-directory: native-authoring-source/psc0
2026-10-09T14:52:30.9089348Z   auto-config: false
2026-10-09T14:52:30.9089466Z   build: false
2026-10-09T14:52:30.9089573Z   test: false
2026-10-09T14:52:30.9089687Z   use-github-cache: false
2026-10-09T14:52:30.9089819Z   use-mathlib-cache: false
2026-10-09T14:52:30.9089942Z   lint: default
2026-10-09T14:52:30.9090051Z   mk_all-check: false
2026-10-09T14:52:30.9090182Z   check-reservoir-eligibility: false
2026-10-09T14:52:30.9090325Z   leanchecker: false
2026-10-09T14:52:30.9090441Z   lean4checker: false
2026-10-09T14:52:30.9090554Z   nanoda: false
2026-10-09T14:52:30.9090668Z   nanoda-allow-sorry: true
2026-10-09T14:52:30.9090809Z   axiom-audit: false
2026-10-09T14:52:30.9090963Z   axiom-audit-allow: propext,Classical.choice,Quot.sound
2026-10-09T14:52:30.9091156Z   reinstall-transient-toolchain: false
2026-10-09T14:52:30.9091325Z ##[endgroup]
2026-10-09T14:52:30.9146447Z ##[start-action display=install elan;id=__leanprover_lean-action.__run]
2026-10-09T14:52:30.9694359Z ##[group]Run : Install Elan
2026-10-09T14:52:30.9694577Z [36;1m: Install Elan[0m
2026-10-09T14:52:30.9694747Z [36;1m${GITHUB_ACTION_PATH}/scripts/install_elan.sh[0m
2026-10-09T14:52:31.0420835Z shell: /usr/bin/bash --noprofile --norc -e -o pipefail {0}
2026-10-09T14:52:31.0421053Z ##[endgroup]
2026-10-09T14:52:31.0923697Z ##[group]Elan Installation Output
2026-10-09T14:52:31.1519370Z info: downloading installer
2026-10-09T14:52:32.4804504Z info: downloading https://releases.lean-lang.org/lean4/v4.34.0/lean-4.34.0-linux.tar.zst
2026-10-09T14:52:42.8709486Z info: installing /home/runner/.elan/toolchains/leanprover--lean4---v4.34.0
2026-10-09T14:52:49.6742776Z Lean (version 4.34.0, x86_64-unknown-linux-gnu, commit 293d5d0c0c3f3dded4688b3ccd6a33939ac5102b, Release)
2026-10-09T14:52:49.7082709Z Lake version 5.0.0-src+293d5d0 (Lean version 4.34.0)
2026-10-09T14:52:49.7117277Z ##[endgroup]
2026-10-09T14:52:49.7117417Z 
2026-10-09T14:52:49.7134031Z ##[end-action id=__leanprover_lean-action.__run;outcome=success;conclusion=success;duration_ms=18798]
2026-10-09T14:52:49.7139859Z ##[start-action display=configure `lean-action`;id=__leanprover_lean-action.config]
2026-10-09T14:52:49.7173716Z ##[group]Run : Configure Lean Action
2026-10-09T14:52:49.7173918Z [36;1m: Configure Lean Action[0m
2026-10-09T14:52:49.7174077Z [36;1m${GITHUB_ACTION_PATH}/scripts/config.sh[0m
2026-10-09T14:52:49.7224844Z shell: /usr/bin/bash --noprofile --norc -e -o pipefail {0}
2026-10-09T14:52:49.7225026Z env:
2026-10-09T14:52:49.7225133Z   AUTO_CONFIG: false
2026-10-09T14:52:49.7225249Z   BUILD: false
2026-10-09T14:52:49.7225357Z   TEST: false
2026-10-09T14:52:49.7225465Z   LINT: default
2026-10-09T14:52:49.7225589Z ##[endgroup]
2026-10-09T14:52:49.7403759Z ##[group]Configure lean-action
2026-10-09T14:52:49.7430295Z ##[end-action id=__leanprover_lean-action.config;outcome=success;conclusion=success;duration_ms=29]
2026-10-09T14:52:49.7431621Z ##[start-action display=reinstall transient toolchain;id=__leanprover_lean-action.__run_2]
2026-10-09T14:52:49.7435674Z ##[end-action id=__leanprover_lean-action.__run_2;outcome=skipped;conclusion=skipped;duration_ms=0]
2026-10-09T14:52:49.7437141Z ##[start-action display=ensure all files are imported;id=__leanprover_lean-action.mk_all]
2026-10-09T14:52:49.7439032Z ##[end-action id=__leanprover_lean-action.mk_all;outcome=skipped;conclusion=skipped;duration_ms=0]
2026-10-09T14:52:49.7440139Z ##[start-action display=Run actions/cache/restore@caa296126883cff596d87d8935842f9db880ef25;id=__leanprover_lean-action.__actions_cache]
2026-10-09T14:52:49.7441899Z ##[end-action id=__leanprover_lean-action.__actions_cache;outcome=skipped;conclusion=skipped;duration_ms=0]
2026-10-09T14:52:49.7442837Z ##[start-action display=detect mathlib;id=__leanprover_lean-action.detect-mathlib]
2026-10-09T14:52:49.7444900Z ##[end-action id=__leanprover_lean-action.detect-mathlib;outcome=skipped;conclusion=skipped;duration_ms=0]
2026-10-09T14:52:49.7445845Z ##[start-action display=get mathlib cache;id=__leanprover_lean-action.__run_3]
2026-10-09T14:52:49.7452507Z ##[end-action id=__leanprover_lean-action.__run_3;outcome=skipped;conclusion=skipped;duration_ms=0]
2026-10-09T14:52:49.7472335Z ##[start-action display=build dwijayuda/pskernel;id=__leanprover_lean-action.build]
2026-10-09T14:52:49.7475331Z ##[end-action id=__leanprover_lean-action.build;outcome=skipped;conclusion=skipped;duration_ms=0]
2026-10-09T14:52:49.7476496Z ##[start-action display=Run actions/cache/save@caa296126883cff596d87d8935842f9db880ef25;id=__leanprover_lean-action.__actions_cache_2]
2026-10-09T14:52:49.7478283Z ##[end-action id=__leanprover_lean-action.__actions_cache_2;outcome=skipped;conclusion=skipped;duration_ms=0]
2026-10-09T14:52:49.7480226Z ##[start-action display=test dwijayuda/pskernel;id=__leanprover_lean-action.test]
2026-10-09T14:52:49.7482327Z ##[end-action id=__leanprover_lean-action.test;outcome=skipped;conclusion=skipped;duration_ms=0]
2026-10-09T14:52:49.7483858Z ##[start-action display=lint dwijayuda/pskernel;id=__leanprover_lean-action.lint]
2026-10-09T14:52:49.7485920Z ##[end-action id=__leanprover_lean-action.lint;outcome=skipped;conclusion=skipped;duration_ms=0]
2026-10-09T14:52:49.7486859Z ##[start-action display=check reservoir eligibility;id=__leanprover_lean-action.__run_4]
2026-10-09T14:52:49.7488489Z ##[end-action id=__leanprover_lean-action.__run_4;outcome=skipped;conclusion=skipped;duration_ms=0]
2026-10-09T14:52:49.7489669Z ##[start-action display=check environment with leanchecker;id=__leanprover_lean-action.__run_5]
2026-10-09T14:52:49.7491979Z ##[end-action id=__leanprover_lean-action.__run_5;outcome=skipped;conclusion=skipped;duration_ms=0]
2026-10-09T14:52:49.7493029Z ##[start-action display=check environment with nanoda;id=__leanprover_lean-action.nanoda]
2026-10-09T14:52:49.7495066Z ##[end-action id=__leanprover_lean-action.nanoda;outcome=skipped;conclusion=skipped;duration_ms=0]
2026-10-09T14:52:49.7496169Z ##[start-action display=audit axioms with axiom-audit;id=__leanprover_lean-action.axiom-audit]
2026-10-09T14:52:49.7497789Z ##[end-action id=__leanprover_lean-action.axiom-audit;outcome=skipped;conclusion=skipped;duration_ms=0]
2026-10-09T14:52:49.7568127Z ##[group]Run npm install --prefix "$RUNNER_TEMP/psc0-native-cold-typescript-7.0.2" --ignore-scripts --save-exact --no-audit --no-fund typescript@7.0.2
2026-10-09T14:52:49.7568718Z [36;1mnpm install --prefix "$RUNNER_TEMP/psc0-native-cold-typescript-7.0.2" --ignore-scripts --save-exact --no-audit --no-fund typescript@7.0.2[0m
2026-10-09T14:52:49.7569081Z [36;1mnode --input-type=module <<'NODE'[0m
2026-10-09T14:52:49.7569257Z [36;1mimport assert from 'node:assert/strict';[0m
2026-10-09T14:52:49.7569538Z [36;1mimport { appendFileSync, copyFileSync, mkdirSync, readFileSync, realpathSync } from 'node:fs';[0m
2026-10-09T14:52:49.7569817Z [36;1mimport path from 'node:path';[0m
2026-10-09T14:52:49.7569992Z [36;1mimport { createRequire } from 'node:module';[0m
2026-10-09T14:52:49.7570196Z [36;1mconst require = createRequire(import.meta.url);[0m
2026-10-09T14:52:49.7570481Z [36;1mconst prefix = path.join(process.env.RUNNER_TEMP, 'psc0-native-cold-typescript-7.0.2');[0m
2026-10-09T14:52:49.7570851Z [36;1mconst metadataPath = require.resolve('typescript/package.json', { paths: [prefix] });[0m
2026-10-09T14:52:49.7571151Z [36;1mconst metadata = JSON.parse(readFileSync(metadataPath, 'utf8'));[0m
2026-10-09T14:52:49.7571378Z [36;1massert.equal(metadata.name, 'typescript');[0m
2026-10-09T14:52:49.7571566Z [36;1massert.equal(metadata.version, '7.0.2');[0m
2026-10-09T14:52:49.7571763Z [36;1massert.equal(typeof metadata.bin?.tsc, 'string');[0m
2026-10-09T14:52:49.7572044Z [36;1mconst launcher = realpathSync(path.resolve(path.dirname(metadataPath), metadata.bin.tsc));[0m
2026-10-09T14:52:49.7572366Z [36;1mconst packageDirectory = realpathSync(path.dirname(metadataPath));[0m
2026-10-09T14:52:49.7572638Z [36;1mconst relative = path.relative(packageDirectory, launcher);[0m
2026-10-09T14:52:49.7572940Z [36;1massert(relative !== '..' && !relative.startsWith('..' + path.sep) && !path.isAbsolute(relative));[0m
2026-10-09T14:52:49.7573388Z [36;1mappendFileSync(process.env.GITHUB_ENV,[0m
2026-10-09T14:52:49.7573603Z [36;1m  'PSC0_TSC=' + launcher + '\nPSC0_TYPESCRIPT_VERSION=7.0.2\n');[0m
2026-10-09T14:52:49.7573880Z [36;1mconst evidence = path.resolve('dist/typescript-profile/native-cold-install');[0m
2026-10-09T14:52:49.7574137Z [36;1mmkdirSync(evidence, { recursive: true });[0m
2026-10-09T14:52:49.7574437Z [36;1mcopyFileSync(metadataPath, path.join(evidence, 'package.json'));[0m
2026-10-09T14:52:49.7574777Z [36;1mcopyFileSync(path.join(prefix, 'package-lock.json'), path.join(evidence, 'package-lock.json'));[0m
2026-10-09T14:52:49.7575036Z [36;1mNODE[0m
2026-10-09T14:52:49.7622233Z shell: /usr/bin/bash --noprofile --norc -e -o pipefail {0}
2026-10-09T14:52:49.7622420Z ##[endgroup]
2026-10-09T14:52:52.6767132Z 
2026-10-09T14:52:52.6767752Z added 2 packages in 3s
2026-10-09T14:52:52.7962227Z ##[group]Run node scripts/sh1-native-seed-recovery.mjs \
2026-10-09T14:52:52.7962584Z [36;1mnode scripts/sh1-native-seed-recovery.mjs \[0m
2026-10-09T14:52:52.7962955Z [36;1m  --source-workspace "$GITHUB_WORKSPACE/native-authoring-source/psc0" \[0m
2026-10-09T14:52:52.7963492Z [36;1m  --out "$GITHUB_WORKSPACE/psc0/dist/sh1-native-seed-cold" \[0m
2026-10-09T14:52:52.7963824Z [36;1m  --cache-directory "$PSC0_NATIVE_COLD_CACHE" \[0m
2026-10-09T14:52:52.7964068Z [36;1m  --cold[0m
2026-10-09T14:52:52.8017593Z shell: /usr/bin/bash -e {0}
2026-10-09T14:52:52.8017729Z env:
2026-10-09T14:52:52.8017952Z   PSC0_TSC: /home/runner/work/_temp/psc0-native-cold-typescript-7.0.2/node_modules/typescript/bin/tsc
2026-10-09T14:52:52.8018215Z   PSC0_TYPESCRIPT_VERSION: 7.0.2
2026-10-09T14:52:52.8018690Z   PSC0_NATIVE_COLD_CACHE: /home/runner/work/_temp/psc0-native-cold-seed/47d88158e075f766f0d146ba3a13b28744c6e196d9844c71f4e52dc7351e2225
2026-10-09T14:52:52.8018999Z ##[endgroup]
2026-10-09T14:54:19.3774165Z PSC0_SH1_NATIVE_SEED_RECEIPT: {"schemaVersion":1,"evidence":"native-source-ts7-seed-recovery","passed":true,"cold":true,"sourceRef":"fe2560aba0f347b1caf8d000d371464642d44f23","sourceClosureSha256":"f96c811f575cae2be58ccca3ffe587ead83bffa6f8bd862d40936bef28ef3226","sourceKind":"raw-authoritative-lean","moduleCount":61,"selectedManifestSha256":"7a0c2cf950333aa680f2ae00e214f57b674dab2d783a1403b242b92e71c56694","selectedSeedIdentitySha256":"47d88158e075f766f0d146ba3a13b28744c6e196d9844c71f4e52dc7351e2225","policySha256":"0cf0480524ba713e0bcdbeb3cfa3d345e37508743ee5e169b83ba8ee0de160fc","recipe":{"id":"native-lean-original-ir-four-products-ts7/1","files":[{"path":"scripts/sh1-native-seed-recovery.mjs","gitBlobSha1":"4e2fe462ba5c8160ff5c08f70ce52152173b0d6f"},{"path":"scripts/sh1-successor-seed.mjs","gitBlobSha1":"ddd54197ee3f7831d0643431c05f435b1fdfe53f"},{"path":"scripts/sh1-seed-manifest.mjs","gitBlobSha1":"b169d5198cea0c549fe72a3365e4fb5740fc0bc7"},{"path":"scripts/sh1-grammar-conformance.mjs","gitBlobSha1":"48efa9b0c90e7904a1df49f43253395841bff90c"},{"path":"scripts/sh1-source-snapshot.mjs","gitBlobSha1":"1083a3765a55540f83b2376c40a97bc1f1362ce0"},{"path":"scripts/workspace-layout.mjs","gitBlobSha1":"eb7c2c07f147a812f9998904a60123b3719e5539"},{"path":"scripts/typescript-cli.mjs","gitBlobSha1":"9d6607a6f4284b0afba8023566f6e1d75c30a64a"}]},"recipeSha256":"4ed186c2604bcfaee756881686e70f14569720d72fcd799d9997d2d92217b82a","expectedArtifacts":{"canonicalSurfaceSourceSha256":"985cf39d4a68df68a03123883105b6bdd9b81783c4bab98c8ec86ec683ac3b07","normalizedCanonicalAdmissionsSha256":"200e5881d1554f72530a0395524ee28dd3a64a6bd45f55cddd4fad1336981bf0","typescriptSha256":"38fea23209f561efcab0c0111a2a15fa1e5761d33f31100fac8d6bfb1e032935","javascriptSha256":"70db0131fa3af62f7193576407ad529be10df2f4296c712f53f7c31f42209061"},"generatedCompilerExecuted":false,"historicalParentCompilerExecuted":false,"historicalTypeScriptExecuted":false,"originalSelectedManifestChanged":false,"strictSh1Qualified":false,"fullStandardConformance":false,"fullPscvConformance":false,"providerCheckedByThisRecovery":false,"scope":"Reproduce the selected compiler from pinned native Lean source with TS7 and compare all four final products; preserve the existing selected seed identity.","commands":[{"label":"runner-ref","executable":"git","args":["rev-parse","HEAD"],"cwd":"/home/runner/work/pskernel/pskernel/psc0","timeoutMs":180000,"elapsedMs":7.948985999999998,"status":0,"signal":null,"stdout":"logs/001-runner-ref.stdout","stderr":"logs/001-runner-ref.stderr","stdoutSha256":"ef2e9efec1e95bc8799b48ecc7f0920db215395e33cacf77ea41ea3bb887f84b","stderrSha256":"e3b0c44298fc1c149afbf4c8996fb92427ae41e4649b934ca495991b7852b855"},{"label":"source-before-root","executable":"git","args":["rev-parse","--show-toplevel"],"cwd":"/home/runner/work/pskernel/pskernel/native-authoring-source/psc0","timeoutMs":180000,"elapsedMs":1.977167999999999,"status":0,"signal":null,"stdout":"logs/002-source-before-root.stdout","stderr":"logs/002-source-before-root.stderr","stdoutSha256":"f91c739ed00bc073161c7c8febb7bd01a4c06a2819ff17433b18e78b6462b428","stderrSha256":"e3b0c44298fc1c149afbf4c8996fb92427ae41e4649b934ca495991b7852b855"},{"label":"source-before-ref","executable":"git","args":["rev-parse","HEAD"],"cwd":"/home/runner/work/pskernel/pskernel/native-authoring-source/psc0","timeoutMs":180000,"elapsedMs":2.131270999999998,"status":0,"signal":null,"stdout":"logs/003-source-before-ref.stdout","stderr":"logs/003-source-before-ref.stderr","stdoutSha256":"9d1ccbeb53d76503190656c1f1860d70fc7825ceedde7ad853a102d151723b5b","stderrSha256":"e3b0c44298fc1c149afbf4c8996fb92427ae41e4649b934ca495991b7852b855"},{"label":"source-before-status","executable":"git","args":["status","--porcelain","--untracked-files=no"],"cwd":"/home/runner/work/pskernel/pskernel/native-authoring-source/psc0","timeoutMs":180000,"elapsedMs":693.460117,"status":0,"signal":null,"stdout":"logs/004-source-before-status.stdout","stderr":"logs/004-source-before-status.stderr","stdoutSha256":"e3b0c44298fc1c149afbf4c8996fb92427ae41e4649b934ca495991b7852b855","stderrSha256":"e3b0c44298fc1c149afbf4c8996fb92427ae41e4649b934ca495991b7852b855"},{"label":"lean-version","executable":"lake","args":["env","lean","--version"],"cwd":"/home/runner/work/pskernel/pskernel/native-authoring-source/psc0","timeoutMs":180000,"elapsedMs":881.4621809999999,"status":0,"signal":null,"stdout":"logs/005-lean-version.stdout","stderr":"logs/005-lean-version.stderr","stdoutSha256":"cf6e65bfc214882b1c13717aae89d383a03f6bcf5c96dfbae13368cd3e07ff9d","stderrSha256":"e3b0c44298fc1c149afbf4c8996fb92427ae41e4649b934ca495991b7852b855"},{"label":"lean-githash","executable":"lake","args":["env","lean","--githash"],"cwd":"/home/runner/work/pskernel/pskernel/native-authoring-source/psc0","timeoutMs":180000,"elapsedMs":326.14539000000013,"status":0,"signal":null,"stdout":"logs/006-lean-githash.stdout","stderr":"logs/006-lean-githash.stderr","stdoutSha256":"3812a3d2dd2910469d2aae31a4bde882f97e697d6a0ec187a96392134e17d4cf","stderrSha256":"e3b0c44298fc1c149afbf4c8996fb92427ae41e4649b934ca495991b7852b855"},{"label":"typescript-version","executable":"/opt/hostedtoolcache/node/22.23.3/x64/bin/node","args":["/home/runner/work/_temp/psc0-native-cold-typescript-7.0.2/node_modules/typescript/bin/tsc","--version"],"cwd":"/home/runner/work/pskernel/pskernel/psc0","timeoutMs":180000,"elapsedMs":26.270776999999953,"status":0,"signal":null,"stdout":"logs/007-typescript-version.stdout","stderr":"logs/007-typescript-version.stderr","stdoutSha256":"41024334022fa58f9c7337359517de307cbcfc6055c19f2b734245eacc2fe97a","stderrSha256":"e3b0c44298fc1c149afbf4c8996fb92427ae41e4649b934ca495991b7852b855"},{"label":"native-build","executable":"lake","args":["build","psc1","psc1_ir_check_tests"],"cwd":"/home/runner/work/pskernel/pskernel/native-authoring-source/psc0","timeoutMs":900000,"elapsedMs":17997.820309,"status":0,"signal":null,"stdout":"logs/008-native-build.stdout","stderr":"logs/008-native-build.stderr","stdoutSha256":"e4cd8ceecc1c38f953955ef77b3b7c1bf4ba8443120eef10ed4d7cdbc90f6c73","stderrSha256":"e3b0c44298fc1c149afbf4c8996fb92427ae41e4649b934ca495991b7852b855"},{"label":"native-original-ir","executable":"/home/runner/work/pskernel/pskernel/native-authoring-source/psc0/.lake/build/bin/psc1_ir_check_tests","args":["/home/runner/work/pskernel/pskernel/psc0/dist/sh1-native-seed-cold/raw-source.lean","/home/runner/work/pskernel/pskernel/psc0/dist/sh1-native-seed-cold/products/index.ts"],"cwd":"/home/runner/work/pskernel/pskernel/native-authoring-source/psc0","timeoutMs":180000,"elapsedMs":59859.121856,"status":0,"signal":null,"stdout":"logs/009-native-original-ir.stdout","stderr":"logs/009-native-original-ir.stderr","stdoutSha256":"98135b33800ec20ba074929591886e6417dc59c46351c72e36c4dbe6d6c9b0cc","stderrSha256":"e3b0c44298fc1c149afbf4c8996fb92427ae41e4649b934ca495991b7852b855"},{"label":"typescript-compile","executable":"/opt/hostedtoolcache/node/22.23.3/x64/bin/node","args":["/home/runner/work/_temp/psc0-native-cold-typescript-7.0.2/node_modules/typescript/bin/tsc","--ignoreConfig","/home/runner/work/pskernel/pskernel/psc0/dist/sh1-native-seed-cold/products/index.ts","--target","ES2022","--module","ES2022","--moduleResolution","bundler","--strict","--declaration","--sourceMap","--noEmitOnError","--skipLibCheck","--pretty","false"],"cwd":"/home/runner/work/pskernel/pskernel/psc0","timeoutMs":180000,"elapsedMs":1673.9598269999988,"status":0,"signal":null,"stdout":"logs/010-typescript-compile.stdout","stderr":"logs/010-typescript-compile.stderr","stdoutSha256":"e3b0c44298fc1c149afbf4c8996fb92427ae41e4649b934ca495991b7852b855","stderrSha256":"e3b0c44298fc1c149afbf4c8996fb92427ae41e4649b934ca495991b7852b855"},{"label":"native-admissions","executable":"/home/runner/work/pskernel/pskernel/native-authoring-source/psc0/.lake/build/bin/psc1","args":["admissions","/home/runner/work/pskernel/pskernel/native-authoring-source/psc0/packages/bootstrap/src/Ps/Bootstrap/SelfHost.lean"],"cwd":"/home/runner/work/pskernel/pskernel/native-authoring-source/psc0","timeoutMs":180000,"elapsedMs":3486.385141999999,"status":0,"signal":null,"stdout":"logs/011-native-admissions.stdout","stderr":"logs/011-native-admissions.stderr","stdoutSha256":"200e5881d1554f72530a0395524ee28dd3a64a6bd45f55cddd4fad1336981bf0","stderrSha256":"e3b0c44298fc1c149afbf4c8996fb92427ae41e4649b934ca495991b7852b855"},{"label":"native-ps-01","executable":"/home/runner/work/pskernel/pskernel/native-authoring-source/psc0/.lake/build/bin/psc1","args":["translate","/home/runner/work/pskernel/pskernel/native-authoring-source/psc0/packages/foundation/src/Ps/Foundation/Source.lean","--to","ps"],"cwd":"/home/runner/work/pskernel/pskernel/native-authoring-source/psc0","timeoutMs":180000,"elapsedMs":4.877433999994537,"status":0,"signal":null,"stdout":"logs/012-native-ps-01.stdout","stderr":"logs/012-native-ps-01.stderr","stdoutSha256":"190c8c4e3dfc27ce344d5c6aea7fabdbc11f780cdf43771d15a7d0e2dc06ddd8","stderrSha256":"e3b0c44298fc1c149afbf4c8996fb92427ae41e4649b934ca495991b7852b855"},{"label":"native-ps-02","executable":"/home/runner/work/pskernel/pskernel/native-authoring-source/psc0/.lake/build/bin/psc1","args":["translate","/home/runner/work/pskernel/pskernel/native-authoring-source/psc0/packages/syntax/src/Ps/Syntax/Cursor.lean","--to","ps"],"cwd":"/home/runner/work/pskernel/pskernel/native-authoring-source/psc0","timeoutMs":180000,"elapsedMs":5.663832000005641,"status":0,"signal":null,"stdout":"logs/013-native-ps-02.stdout","stderr":"logs/013-native-ps-02.stderr","stdoutSha256":"09a374e1792e2f41aef44142db17e1b04c969dc70f07575262047c2b2c0060c2","stderrSha256":"e3b0c44298fc1c149afbf4c8996fb92427ae41e4649b934ca495991b7852b855"},{"label":"native-ps-03","executable":"/home/runner/work/pskernel/pskernel/native-authoring-source/psc0/.lake/build/bin/psc1","args":["translate","/home/runner/work/pskernel/pskernel/native-authoring-source/psc0/packages/syntax/src/Ps/Syntax/Token.lean","--to","ps"],"cwd":"/home/runner/work/pskernel/pskernel/native-authoring-source/psc0","timeoutMs":180000,"elapsedMs":4.836897000001045,"status":0,"signal":null,"stdout":"logs/014-native-ps-03.stdout","stderr":"logs/014-native-ps-03.stderr","stdoutSha256":"ed8ce1e58371b2e831bfd0b9ae6bdf0be4a0ff45cb4f6a9e8b0dea18b05f1f13","stderrSha256":"e3b0c44298fc1c149afbf4c8996fb92427ae41e4649b934ca495991b7852b855"},{"label":"native-ps-04","executable":"/home/runner/work/pskernel/pskernel/native-authoring-source/psc0/.lake/build/bin/psc1","args":["translate","/home/runner/work/pskernel/pskernel/native-authoring-source/psc0/packages/syntax/src/Ps/Syntax/Lexer.lean","--to","ps"],"cwd":"/home/runner/work/pskernel/pskernel/native-authoring-source/psc0","timeoutMs":180000,"elapsedMs":31.379764999990584,"status":0,"signal":null,"stdout":"logs/015-native-ps-04.stdout","stderr":"logs/015-native-ps-04.stderr","stdoutSha256":"0256f73a093ab0e3ec00c96b399cab7aced6d648223e3fe6fcf2d58a3a0554cc","stderrSha256":"e3b0c44298fc1c149afbf4c8996fb92427ae41e4649b934ca495991b7852b855"},{"label":"native-ps-05","executable":"/home/runner/work/pskernel/pskernel/native-authoring-source/psc0/.lake/build/bin/psc1","args":["translate","/home/runner/work/pskernel/pskernel/native-authoring-source/psc0/packages/syntax/src/Ps/Syntax/Ast.lean","--to","ps"],"cwd":"/home/runner/work/pskernel/pskernel/native-authoring-source/psc0","timeoutMs":180000,"elapsedMs":5.759516000005533,"status":0,"signal":null,"stdout":"logs/016-native-ps-05.stdout","stderr":"logs/016-native-ps-05.stderr","stdoutSha256":"89de3dcb90a0b809c4da70e586f1fb55a56dfc1d38458ac2bed5f723aec7ff26","stderrSha256":"e3b0c44298fc1c149afbf4c8996fb92427ae41e4649b934ca495991b7852b855"},{"label":"native-ps-06","executable":"/home/runner/work/pskernel/pskernel/native-authoring-source/psc0/.lake/build/bin/psc1","args":["translate","/home/runner/work/pskernel/pskernel/native-authoring-source/psc0/packages/foundation/src/Ps/Foundation/Name.lean","--to","ps"],"cwd":"/home/runner/work/pskernel/pskernel/native-authoring-source/psc0","timeoutMs":180000,"elapsedMs":6.042853999999352,"status":0,"signal":null,"stdout":"logs/017-native-ps-06.stdout","stderr":"logs/017-native-ps-06.stderr","stdoutSha256":"f92f198ac2be8092497a4981e4d031d283baf6a96ba9de6e3954804401187b33","stderrSha256":"e3b0c44298fc1c149afbf4c8996fb92427ae41e4649b934ca495991b7852b855"},{"label":"native-ps-07","executable":"/home/runner/work/pskernel/pskernel/native-authoring-source/psc0/.lake/build/bin/psc1","args":["translate","/home/runner/work/pskernel/pskernel/native-authoring-source/psc0/packages/syntax/src/Ps/Syntax/ParserState.lean","--to","ps"],"cwd":"/home/runner/work/pskernel/pskernel/native-authoring-source/psc0","timeoutMs":180000,"elapsedMs":10.362731000001077,"status":0,"signal":null,"stdout":"logs/018-native-ps-07.stdout","stderr":"logs/018-native-ps-07.stderr","stdoutSha256":"5303cc56fa752d51d24c741d35d961c509e806ccf8be0d80faf3e1ef9625b9f7","stderrSha256":"e3b0c44298fc1c149afbf4c8996fb92427ae41e4649b934ca495991b7852b855"},{"label":"native-ps-08","executable":"/home/runner/work/pskernel/pskernel/native-authoring-source/psc0/.lake/build/bin/psc1","args":["translate","/home/runner/work/pskernel/pskernel/native-authoring-source/psc0/packages/syntax/src/Ps/Syntax/ParseCommon.lean","--to","ps"],"cwd":"/home/runner/work/pskernel/pskernel/native-authoring-source/psc0","timeoutMs":180000,"elapsedMs":17.73808700000518,"status":0,"signal":null,"stdout":"logs/019-native-ps-08.stdout","stderr":"logs/019-native-ps-08.stderr","stdoutSha256":"d824adc8674d86c2c6c0d6505a02d489f4809b4c962900528a82425b860619d4","stderrSha256":"e3b0c44298fc1c149afbf4c8996fb92427ae41e4649b934ca495991b7852b855"},{"label":"native-ps-09","executable":"/home/runner/work/pskernel/pskernel/native-authoring-source/psc0/.lake/build/bin/psc1","args":["translate","/home/runner/work/pskernel/pskernel/native-authoring-source/psc0/packages/syntax/src/Ps/Syntax/ParseLean.lean","--to","ps"],"cwd":"/home/runner/work/pskernel/pskernel/native-authoring-source/psc0","timeoutMs":180000,"elapsedMs":191.9647960000002,"status":0,"signal":null,"stdout":"logs/020-native-ps-09.stdout","stderr":"logs/020-native-ps-09.stderr","stdoutSha256":"742f2141644b286e6a1e2e7e81fba6c829369ac0559c28247d6582a20d118d87","stderrSha256":"e3b0c44298fc1c149afbf4c8996fb92427ae41e4649b934ca495991b7852b855"},{"label":"native-ps-10","executable":"/home/runner/work/pskernel/pskernel/native-authoring-source/psc0/.lake/build/bin/psc1","args":["translate","/home/runner/work/pskernel/pskernel/native-authoring-source/psc0/packages/syntax/src/Ps/Syntax/ParseProofScript.lean","--to","ps"],"cwd":"/home/runner/work/pskernel/pskernel/native-authoring-source/psc0","timeoutMs":180000,"elapsedMs":119.53488700000162,"status":0,"signal":null,"stdout":"logs/021-native-ps-10.stdout","stderr":"logs/021-native-ps-10.stderr","stdoutSha256":"0245af0456f11bdddaa119f81cbc01a32b3fbf3ff95d90dd50c2bc5b3bc9f7d1","stderrSha256":"e3b0c44298fc1c149afbf4c8996fb92427ae41e4649b934ca495991b7852b855"},{"label":"native-ps-11","executable":"/home/runner/work/pskernel/pskernel/native-authoring-source/psc0/.lake/build/bin/psc1","args":["translate","/home/runner/work/pskernel/pskernel/native-authoring-source/psc0/packages/syntax/src/Ps/Syntax/PrintCommon.lean","--to","ps"],"cwd":"/home/runner/work/pskernel/pskernel/native-authoring-source/psc0","timeoutMs":180000,"elapsedMs":5.042973000003258,"status":0,"signal":null,"stdout":"logs/022-native-ps-11.stdout","stderr":"logs/022-native-ps-11.stderr","stdoutSha256":"b3887750bfdb8321ff9e0a6c0229899118493a49b881837bc8b6dbf6c1cc2399","stderrSha256":"e3b0c44298fc1c149afbf4c8996fb92427ae41e4649b934ca495991b7852b855"},{"label":"native-ps-12","executable":"/home/runner/work/pskernel/pskernel/native-authoring-source/psc0/.lake/build/bin/psc1","args":["translate","/home/runner/work/pskernel/pskernel/native-authoring-source/psc0/packages/syntax/src/Ps/Syntax/PrintLean.lean","--to","ps"],"cwd":"/home/runner/work/pskernel/pskernel/native-authoring-source/psc0","timeoutMs":180000,"elapsedMs":20.09093199999188,"status":0,"signal":null,"stdout":"logs/023-native-ps-12.stdout","stderr":"logs/023-native-ps-12.stderr","stdoutSha256":"45b0c4812868e05570b3e7a96e897d80ee4432d57acf4b041641aab613f07161","stderrSha256":"e3b0c44298fc1c149afbf4c8996fb92427ae41e4649b934ca495991b7852b855"},{"label":"native-ps-13","executable":"/home/runner/work/pskernel/pskernel/native-authoring-source/psc0/.lake/build/bin/psc1","args":["translate","/home/runner/work/pskernel/pskernel/native-authoring-source/psc0/packages/syntax/src/Ps/Syntax/PrintProofScript.lean","--to","ps"],"cwd":"/home/runner/work/pskernel/pskernel/native-authoring-source/psc0","timeoutMs":180000,"elapsedMs":23.05860400000529,"status":0,"signal":null,"stdout":"logs/024-native-ps-13.stdout","stderr":"logs/024-native-ps-13.stderr","stdoutSha256":"b7d405deafdfc58c2270e07ada341da47ee414af223bab5a8f61a48a82a67c9b","stderrSha256":"e3b0c44298fc1c149afbf4c8996fb92427ae41e4649b934ca495991b7852b855"},{"label":"native-ps-14","executable":"/home/runner/work/pskernel/pskernel/native-authoring-source/psc0/.lake/build/bin/psc1","args":["translate","/home/runner/work/pskernel/pskernel/native-authoring-source/psc0/packages/syntax/src/Ps/Syntax/Translate.lean","--to","ps"],"cwd":"/home/runner/work/pskernel/pskernel/native-authoring-source/psc0","timeoutMs":180000,"elapsedMs":4.718953999996302,"status":0,"signal":null,"stdout":"logs/025-native-ps-14.stdout","stderr":"logs/025-native-ps-14.stderr","stdoutSha256":"0ec2e714edc02a69045114124d25e014d155c30f8d7644e1c30129355573120d","stderrSha256":"e3b0c44298fc1c149afbf4c8996fb92427ae41e4649b934ca495991b7852b855"},{"label":"native-ps-15","executable":"/home/runner/work/pskernel/pskernel/native-authoring-source/psc0/.lake/build/bin/psc1","args":["translate","/home/runner/work/pskernel/pskernel/native-authoring-source/psc0/packages/bridge/src/Ps/Bridge/Json.lean","--to","ps"],"cwd":"/home/runner/work/pskernel/pskernel/native-authoring-source/psc0","timeoutMs":180000,"elapsedMs":39.645776999997906,"status":0,"signal":null,"stdout":"logs/026-native-ps-15.stdout","stderr":"logs/026-native-ps-15.stderr","stdoutSha256":"38727675a90af661f252f0bb75fdf6306514c303bbb19c18699c879ef09cd15a","stderrSha256":"e3b0c44298fc1c149afbf4c8996fb92427ae41e4649b934ca495991b7852b855"},{"label":"native-ps-16","executable":"/home/runner/work/pskernel/pskernel/native-authoring-source/psc0/.lake/build/bin/psc1","args":["translate","/home/runner/work/pskernel/pskernel/native-authoring-source/psc0/packages/core/src/Ps/Core/Level.lean","--to","ps"],"cwd":"/home/runner/work/pskernel/pskernel/native-authoring-source/psc0","timeoutMs":180000,"elapsedMs":4.5856930000009015,"status":0,"signal":null,"stdout":"logs/027-native-ps-16.stdout","stderr":"logs/027-native-ps-16.stderr","stdoutSha256":"da652d658d9e2560b9b2a297508ff4169129c04cfa88b5aa0393b31c935470fe","stderrSha256":"e3b0c44298fc1c149afbf4c8996fb92427ae41e4649b934ca495991b7852b855"},{"label":"native-ps-17","executable":"/home/runner/work/pskernel/pskernel/native-authoring-source/psc0/.lake/build/bin/psc1","args":["translate","/home/runner/work/pskernel/pskernel/native-authoring-source/psc0/packages/core/src/Ps/Core/Expr.lean","--to","ps"],"cwd":"/home/runner/work/pskernel/pskernel/native-authoring-source/psc0","timeoutMs":180000,"elapsedMs":4.035168999995221,"status":0,"signal":null,"stdout":"logs/028-native-ps-17.stdout","stderr":"logs/028-native-ps-17.stderr","stdoutSha256":"636e9cd00ef2c3ca1aa5e2dae49ba5576fd4b8a6f15d66439649cd6670aa7783","stderrSha256":"e3b0c44298fc1c149afbf4c8996fb92427ae41e4649b934ca495991b7852b855"},{"label":"native-ps-18","executable":"/home/runner/work/pskernel/pskernel/native-authoring-source/psc0/.lake/build/bin/psc1","args":["translate","/home/runner/work/pskernel/pskernel/native-authoring-source/psc0/packages/core/src/Ps/Core/Declaration.lean","--to","ps"],"cwd":"/home/runner/work/pskernel/pskernel/native-authoring-source/psc0","timeoutMs":180000,"elapsedMs":4.914778999998816,"status":0,"signal":null,"stdout":"logs/029-native-ps-18.stdout","stderr":"logs/029-native-ps-18.stderr","stdoutSha256":"336d770fcc3adaa486964c5fa652ced8073ff9ef7422521daf83a18dc81b0216","stderrSha256":"e3b0c44298fc1c149afbf4c8996fb92427ae41e4649b934ca495991b7852b855"},{"label":"native-ps-19","executable":"/home/runner/work/pskernel/pskernel/native-authoring-source/psc0/.lake/build/bin/psc1","args":["translate","/home/runner/work/pskernel/pskernel/native-authoring-source/psc0/packages/core/src/Ps/Core/Abstract.lean","--to","ps"],"cwd":"/home/runner/work/pskernel/pskernel/native-authoring-source/psc0","timeoutMs":180000,"elapsedMs":4.808595000009518,"status":0,"signal":null,"stdout":"logs/030-native-ps-19.stdout","stderr":"logs/030-native-ps-19.stderr","stdoutSha256":"3f79337b3bde47fd80ed2cd5afb796e414efc4843bab5af7f218a5abf070e479","stderrSha256":"e3b0c44298fc1c149afbf4c8996fb92427ae41e4649b934ca495991b7852b855"},{"label":"native-ps-20","executable":"/home/runner/work/pskernel/pskernel/native-authoring-source/psc0/.lake/build/bin/psc1","args":["translate","/home/runner/work/pskernel/pskernel/native-authoring-source/psc0/packages/core/src/Ps/Core/Subst.lean","--to","ps"],"cwd":"/home/runner/work/pskernel/pskernel/native-authoring-source/psc0","timeoutMs":180000,"elapsedMs":5.642250000004424,"status":0,"signal":null,"stdout":"logs/031-native-ps-20.stdout","stderr":"logs/031-native-ps-20.stderr","stdoutSha256":"5f70d640f0e1e3b3c6fac200ede9c693d2414ae0b257f7239f212360f86a233a","stderrSha256":"e3b0c44298fc1c149afbf4c8996fb92427ae41e4649b934ca495991b7852b855"},{"label":"native-ps-21","executable":"/home/runner/work/pskernel/pskernel/native-authoring-source/psc0/.lake/build/bin/psc1","args":["translate","/home/runner/work/pskernel/pskernel/native-authoring-source/psc0/packages/core/src/Ps/Core/Equality.lean","--to","ps"],"cwd":"/home/runner/work/pskernel/pskernel/native-authoring-source/psc0","timeoutMs":180000,"elapsedMs":5.907164999996894,"status":0,"signal":null,"stdout":"logs/032-native-ps-21.stdout","stderr":"logs/032-native-ps-21.stderr","stdoutSha256":"236f21decc804baad9e94cdd52fd8ee6970e2eb4055706070ae0efd7ce478de9","stderrSha256":"e3b0c44298fc1c149afbf4c8996fb92427ae41e4649b934ca495991b7852b855"},{"label":"native-ps-22","executable":"/home/runner/work/pskernel/pskernel/native-authoring-source/psc0/.lake/build/bin/psc1","args":["translate","/home/runner/work/pskernel/pskernel/native-authoring-source/psc0/packages/foundation/src/Ps/Foundation/List.lean","--to","ps"],"cwd":"/home/runner/work/pskernel/pskernel/native-authoring-source/psc0","timeoutMs":180000,"elapsedMs":5.00847599998815,"status":0,"signal":null,"stdout":"logs/033-native-ps-22.stdout","stderr":"logs/033-native-ps-22.stderr","stdoutSha256":"4a3f579b2f5337a41857214813c62bbfdf74c9d990e6b34a2532bde064b88c38","stderrSha256":"e3b0c44298fc1c149afbf4c8996fb92427ae41e4649b934ca495991b7852b855"},{"label":"native-ps-23","executable":"/home/runner/work/pskernel/pskernel/native-authoring-source/psc0/.lake/build/bin/psc1","args":["translate","/home/runner/work/pskernel/pskernel/native-authoring-source/psc0/packages/environment/src/Ps/Environment/Basic.lean","--to","ps"],"cwd":"/home/runner/work/pskernel/pskernel/native-authoring-source/psc0","timeoutMs":180000,"elapsedMs":7.368364999987534,"status":0,"signal":null,"stdout":"logs/034-native-ps-23.stdout","stderr":"logs/034-native-ps-23.stderr","stdoutSha256":"4f66e2917ad7d21293f4588f6f8d91cd3062ca70ff99f4903b9a37a34de1cd5d","stderrSha256":"e3b0c44298fc1c149afbf4c8996fb92427ae41e4649b934ca495991b7852b855"},{"label":"native-ps-24","executable":"/home/runner/work/pskernel/pskernel/native-authoring-source/psc0/.lake/build/bin/psc1","args":["translate","/home/runner/work/pskernel/pskernel/native-authoring-source/psc0/packages/bridge/src/Ps/Bridge/CheckedAdmissions.lean","--to","ps"],"cwd":"/home/runner/work/pskernel/pskernel/native-authoring-source/psc0","timeoutMs":180000,"elapsedMs":60.635057999999844,"status":0,"signal":null,"stdout":"logs/035-native-ps-24.stdout","stderr":"logs/035-native-ps-24.stderr","stdoutSha256":"846ee89b0f2e619beb6cec64df7fbabd7e1030d324cf266d7e9d742417c39a19","stderrSha256":"e3b0c44298fc1c149afbf4c8996fb92427ae41e4649b934ca495991b7852b855"},{"label":"native-ps-25","executable":"/home/runner/work/pskernel/pskernel/native-authoring-source/psc0/.lake/build/bin/psc1","args":["translate","/home/runner/work/pskernel/pskernel/native-authoring-source/psc0/packages/core/src/Ps/Core/Builtin.lean","--to","ps"],"cwd":"/home/runner/work/pskernel/pskernel/native-authoring-source/psc0","timeoutMs":180000,"elapsedMs":5.804715000005672,"status":0,"signal":null,"stdout":"logs/036-native-ps-25.stdout","stderr":"logs/036-native-ps-25.stderr","stdoutSha256":"561ede24f6f56cabe9f8f389da810e986f59d52050a774d8f45325682f55d17f","stderrSha256":"e3b0c44298fc1c149afbf4c8996fb92427ae41e4649b934ca495991b7852b855"},{"label":"native-ps-26","executable":"/home/runner/work/pskernel/pskernel/native-authoring-source/psc0/.lake/build/bin/psc1","args":["translate","/home/runner/work/pskernel/pskernel/native-authoring-source/psc0/packages/environment/src/Ps/Environment/Prelude.lean","--to","ps"],"cwd":"/home/runner/work/pskernel/pskernel/native-authoring-source/psc0","timeoutMs":180000,"elapsedMs":17.29011799998989,"status":0,"signal":null,"stdout":"logs/037-native-ps-26.stdout","stderr":"logs/037-native-ps-26.stderr","stdoutSha256":"0ef9ec60fc1a13903146734271307fea075c4b52426a00fd3e7127155cacab21","stderrSha256":"e3b0c44298fc1c149afbf4c8996fb92427ae41e4649b934ca495991b7852b855"},{"label":"native-ps-27","executable":"/home/runner/work/pskernel/pskernel/native-authoring-source/psc0/.lake/build/bin/psc1","args":["translate","/home/runner/work/pskernel/pskernel/native-authoring-source/psc0/packages/environment/src/Ps/Environment/SelfHostPrelude.lean","--to","ps"],"cwd":"/home/runner/work/pskernel/pskernel/native-authoring-source/psc0","timeoutMs":180000,"elapsedMs":9.827376999994158,"status":0,"signal":null,"stdout":"logs/038-native-ps-27.stdout","stderr":"logs/038-native-ps-27.stderr","stdoutSha256":"f9d00bcef28e893b4943078477829bd0c2fc3fdfd973de0e4b9ecab4ee219f49","stderrSha256":"e3b0c44298fc1c149afbf4c8996fb92427ae41e4649b934ca495991b7852b855"},{"label":"native-ps-28","executable":"/home/runner/work/pskernel/pskernel/native-authoring-source/psc0/.lake/build/bin/psc1","args":["translate","/home/runner/work/pskernel/pskernel/native-authoring-source/psc0/packages/environment/src/Ps/Environment/SelfHostProd.lean","--to","ps"],"cwd":"/home/runner/work/pskernel/pskernel/native-authoring-source/psc0","timeoutMs":180000,"elapsedMs":4.814297000004444,"status":0,"signal":null,"stdout":"logs/039-native-ps-28.stdout","stderr":"logs/039-native-ps-28.stderr","stdoutSha256":"725306f3001867098f328bc1b669ea50d810233688ebd92191fa183a508c4757","stderrSha256":"e3b0c44298fc1c149afbf4c8996fb92427ae41e4649b934ca495991b7852b855"},{"label":"native-ps-29","executable":"/home/runner/work/pskernel/pskernel/native-authoring-source/psc0/.lake/build/bin/psc1","args":["translate","/home/runner/work/pskernel/pskernel/native-authoring-source/psc0/packages/environment/src/Ps/Environment/LocalContext.lean","--to","ps"],"cwd":"/home/runner/work/pskernel/pskernel/native-authoring-source/psc0","timeoutMs":180000,"elapsedMs":5.69252100000449,"status":0,"signal":null,"stdout":"logs/040-native-ps-29.stdout","stderr":"logs/040-native-ps-29.stderr","stdoutSha256":"0b11fb657905f54f5b56e3465728061574744cd2f973a08d1cb760ca977ed5e1","stderrSha256":"e3b0c44298fc1c149afbf4c8996fb92427ae41e4649b934ca495991b7852b855"},{"label":"native-ps-30","executable":"/home/runner/work/pskernel/pskernel/native-authoring-source/psc0/.lake/build/bin/psc1","args":["translate","/home/runner/work/pskernel/pskernel/native-authoring-source/psc0/packages/environment/src/Ps/Environment/Resolve.lean","--to","ps"],"cwd":"/home/runner/work/pskernel/pskernel/native-authoring-source/psc0","timeoutMs":180000,"elapsedMs":4.063922999994247,"status":0,"signal":null,"stdout":"logs/041-native-ps-30.stdout","stderr":"logs/041-native-ps-30.stderr","stdoutSha256":"d19b66ca970fa7d207c8e3af9ccca68373c3e94f2079f65c482d1ff82bc11163","stderrSha256":"e3b0c44298fc1c149afbf4c8996fb92427ae41e4649b934ca495991b7852b855"},{"label":"native-ps-31","executable":"/home/runner/work/pskernel/pskernel/native-authoring-source/psc0/.lake/build/bin/psc1","args":["translate","/home/runner/work/pskernel/pskernel/native-authoring-source/psc0/packages/core/src/Ps/Core/LevelSubst.lean","--to","ps"],"cwd":"/home/runner/work/pskernel/pskernel/native-authoring-source/psc0","timeoutMs":180000,"elapsedMs":4.333668999999645,"status":0,"signal":null,"stdout":"logs/042-native-ps-31.stdout","stderr":"logs/042-native-ps-31.stderr","stdoutSha256":"637b2d834fc583668b2425da3b6414a6d19329cb4c84bce6631a65f2a92f60d1","stderrSha256":"e3b0c44298fc1c149afbf4c8996fb92427ae41e4649b934ca495991b7852b855"},{"label":"native-ps-32","executable":"/home/runner/work/pskernel/pskernel/native-authoring-source/psc0/.lake/build/bin/psc1","args":["translate","/home/runner/work/pskernel/pskernel/native-authoring-source/psc0/packages/meta/src/Ps/Meta/LevelContext.lean","--to","ps"],"cwd":"/home/runner/work/pskernel/pskernel/native-authoring-source/psc0","timeoutMs":180000,"elapsedMs":6.661184999989928,"status":0,"signal":null,"stdout":"logs/043-native-ps-32.stdout","stderr":"logs/043-native-ps-32.stderr","stdoutSha256":"2b72226f26aeaceefed2bde4b189f902e90549f240de445222e3e6a00b3f3b3a","stderrSha256":"e3b0c44298fc1c149afbf4c8996fb92427ae41e4649b934ca495991b7852b855"},{"label":"native-ps-33","executable":"/home/runner/work/pskernel/pskernel/native-authoring-source/psc0/.lake/build/bin/psc1","args":["translate","/home/runner/work/pskernel/pskernel/native-authoring-source/psc0/packages/meta/src/Ps/Meta/Context.lean","--to","ps"],"cwd":"/home/runner/work/pskernel/pskernel/native-authoring-source/psc0","timeoutMs":180000,"elapsedMs":7.4751519999990705,"status":0,"signal":null,"stdout":"logs/044-native-ps-33.stdout","stderr":"logs/044-native-ps-33.stderr","stdoutSha256":"59751d786051a7be194c670803a46a539fbf08b99ca3f6efd68aa10d2d218c89","stderrSha256":"e3b0c44298fc1c149afbf4c8996fb92427ae41e4649b934ca495991b7852b855"},{"label":"native-ps-34","executable":"/home/runner/work/pskernel/pskernel/native-authoring-source/psc0/.lake/build/bin/psc1","args":["translate","/home/runner/work/pskernel/pskernel/native-authoring-source/psc0/packages/meta/src/Ps/Meta/Reduce.lean","--to","ps"],"cwd":"/home/runner/work/pskernel/pskernel/native-authoring-source/psc0","timeoutMs":180000,"elapsedMs":5.027478999996674,"status":0,"signal":null,"stdout":"logs/045-native-ps-34.stdout","stderr":"logs/045-native-ps-34.stderr","stdoutSha256":"b74aef33e5bdaf5ad81e423f5db7af318e2f58ebdc9f39fbe2c4a192a3716ddd","stderrSha256":"e3b0c44298fc1c149afbf4c8996fb92427ae41e4649b934ca495991b7852b855"},{"label":"native-ps-35","executable":"/home/runner/work/pskernel/pskernel/native-authoring-source/psc0/.lake/build/bin/psc1","args":["translate","/home/runner/work/pskernel/pskernel/native-authoring-source/psc0/packages/meta/src/Ps/Meta/Infer.lean","--to","ps"],"cwd":"/home/runner/work/pskernel/pskernel/native-authoring-source/psc0","timeoutMs":180000,"elapsedMs":11.621633000002475,"status":0,"signal":null,"stdout":"logs/046-native-ps-35.stdout","stderr":"logs/046-native-ps-35.stderr","stdoutSha256":"df95b9a7c1194c0c294d61aacdc8efa07399e0e78dadda172fe5f71e9be810b6","stderrSha256":"e3b0c44298fc1c149afbf4c8996fb92427ae41e4649b934ca495991b7852b855"},{"label":"native-ps-36","executable":"/home/runner/work/pskernel/pskernel/native-authoring-source/psc0/.lake/build/bin/psc1","args":["translate","/home/runner/work/pskernel/pskernel/native-authoring-source/psc0/packages/environment/src/Ps/Environment/Instances.lean","--to","ps"],"cwd":"/home/runner/work/pskernel/pskernel/native-authoring-source/psc0","timeoutMs":180000,"elapsedMs":4.21537599999283,"status":0,"signal":null,"stdout":"logs/047-native-ps-36.stdout","stderr":"logs/047-native-ps-36.stderr","stdoutSha256":"3d1a5106b2cb7e2e8247e7d3890265693e6fea27cd55b3af8b63c09e9b4ab21b","stderrSha256":"e3b0c44298fc1c149afbf4c8996fb92427ae41e4649b934ca495991b7852b855"},{"label":"native-ps-37","executable":"/home/runner/work/pskernel/pskernel/native-authoring-source/psc0/.lake/build/bin/psc1","args":["translate","/home/runner/work/pskernel/pskernel/native-authoring-source/psc0/packages/meta/src/Ps/Meta/Unify.lean","--to","ps"],"cwd":"/home/runner/work/pskernel/pskernel/native-authoring-source/psc0","timeoutMs":180000,"elapsedMs":7.282978000002913,"status":0,"signal":null,"stdout":"logs/048-native-ps-37.stdout","stderr":"logs/048-native-ps-37.stderr","stdoutSha256":"1c9dacaf21bf362a5f9edbaaa6508342cf0fb5af17b6b43c7c2155c4eed0eaa7","stderrSha256":"e3b0c44298fc1c149afbf4c8996fb92427ae41e4649b934ca495991b7852b855"},{"label":"native-ps-38","executable":"/home/runner/work/pskernel/pskernel/native-authoring-source/psc0/.lake/build/bin/psc1","args":["translate","/home/runner/work/pskernel/pskernel/native-authoring-source/psc0/packages/meta/src/Ps/Meta/SynthInstance.lean","--to","ps"],"cwd":"/home/runner/work/pskernel/pskernel/native-authoring-source/psc0","timeoutMs":180000,"elapsedMs":7.204703999988851,"status":0,"signal":null,"stdout":"logs/049-native-ps-38.stdout","stderr":"logs/049-native-ps-38.stderr","stdoutSha256":"a55ff66a4e23071051a44dc528a275c1c373ccf1817607a54df51b35fc9e1fca","stderrSha256":"e3b0c44298fc1c149afbf4c8996fb92427ae41e4649b934ca495991b7852b855"},{"label":"native-ps-39","executable":"/home/runner/work/pskernel/pskernel/native-authoring-source/psc0/.lake/build/bin/psc1","args":["translate","/home/runner/work/pskernel/pskernel/native-authoring-source/psc0/packages/elab/src/Ps/Elab/Context.lean","--to","ps"],"cwd":"/home/runner/work/pskernel/pskernel/native-authoring-source/psc0","timeoutMs":180000,"elapsedMs":4.950521999999182,"status":0,"signal":null,"stdout":"logs/050-native-ps-39.stdout","stderr":"logs/050-native-ps-39.stderr","stdoutSha256":"c10fe9eabf1560f8a49f3d58e7e09376f58e1aef120a3b6b4560187785fff4ad","stderrSha256":"e3b0c44298fc1c149afbf4c8996fb92427ae41e4649b934ca495991b7852b855"},{"label":"native-ps-40","executable":"/home/runner/work/pskernel/pskernel/native-authoring-source/psc0/.lake/build/bin/psc1","args":["translate","/home/runner/work/pskernel/pskernel/native-authoring-source/psc0/packages/elab/src/Ps/Elab/Literal.lean","--to","ps"],"cwd":"/home/runner/work/pskernel/pskernel/native-authoring-source/psc0","timeoutMs":180000,"elapsedMs":6.9107570000051055,"status":0,"signal":null,"stdout":"logs/051-native-ps-40.stdout","stderr":"logs/051-native-ps-40.stderr","stdoutSha256":"afa0089532a33ad43a30eb090ce2c6ec38c7bf75d64500555890a86556b63331","stderrSha256":"e3b0c44298fc1c149afbf4c8996fb92427ae41e4649b934ca495991b7852b855"},{"label":"native-ps-41","executable":"/home/runner/work/pskernel/pskernel/native-authoring-source/psc0/.lake/build/bin/psc1","args":["translate","/home/runner/work/pskernel/pskernel/native-authoring-source/psc0/packages/elab/src/Ps/Elab/Term.lean","--to","ps"],"cwd":"/home/runner/work/pskernel/pskernel/native-authoring-source/psc0","timeoutMs":180000,"elapsedMs":211.74598599999445,"status":0,"signal":null,"stdout":"logs/052-native-ps-41.stdout","stderr":"logs/052-native-ps-41.stderr","stdoutSha256":"8e6e0d11d6c1ff36b4d15fac3764fa14c2e2a862cd7cbe1030593ad55832d58b","stderrSha256":"e3b0c44298fc1c149afbf4c8996fb92427ae41e4649b934ca495991b7852b855"},{"label":"native-ps-42","executable":"/home/runner/work/pskernel/pskernel/native-authoring-source/psc0/.lake/build/bin/psc1","args":["translate","/home/runner/work/pskernel/pskernel/native-authoring-source/psc0/packages/elab/src/Ps/Elab/Recursion.lean","--to","ps"],"cwd":"/home/runner/work/pskernel/pskernel/native-authoring-source/psc0","timeoutMs":180000,"elapsedMs":28.182623000000603,"status":0,"signal":null,"stdout":"logs/053-native-ps-42.stdout","stderr":"logs/053-native-ps-42.stderr","stdoutSha256":"19ec12fd8abd4a207835ec3d3eca9c3b04b3327182a38f1dc8a81379e45a9523","stderrSha256":"e3b0c44298fc1c149afbf4c8996fb92427ae41e4649b934ca495991b7852b855"},{"label":"native-ps-43","executable":"/home/runner/work/pskernel/pskernel/native-authoring-source/psc0/.lake/build/bin/psc1","args":["translate","/home/runner/work/pskernel/pskernel/native-authoring-source/psc0/packages/elab/src/Ps/Elab/Declaration.lean","--to","ps"],"cwd":"/home/runner/work/pskernel/pskernel/native-authoring-source/psc0","timeoutMs":180000,"elapsedMs":42.30619000000297,"status":0,"signal":null,"stdout":"logs/054-native-ps-43.stdout","stderr":"logs/054-native-ps-43.stderr","stdoutSha256":"9f85eebadbd783f4d6509ead4483b0a1b95b613cca3f5f90e533d3fcdaf53c98","stderrSha256":"e3b0c44298fc1c149afbf4c8996fb92427ae41e4649b934ca495991b7852b855"},{"label":"native-ps-44","executable":"/home/runner/work/pskernel/pskernel/native-authoring-source/psc0/.lake/build/bin/psc1","args":["translate","/home/runner/work/pskernel/pskernel/native-authoring-source/psc0/packages/compiler-ir/src/Ps/CompilerIr/Model.lean","--to","ps"],"cwd":"/home/runner/work/pskernel/pskernel/native-authoring-source/psc0","timeoutMs":180000,"elapsedMs":5.1761789999873145,"status":0,"signal":null,"stdout":"logs/055-native-ps-44.stdout","stderr":"logs/055-native-ps-44.stderr","stdoutSha256":"30bead0e91e0bf47eab0f0614a05e1bd34153fb1442b3714ce74f9d5f118c4b0","stderrSha256":"e3b0c44298fc1c149afbf4c8996fb92427ae41e4649b934ca495991b7852b855"},{"label":"native-ps-45","executable":"/home/runner/work/pskernel/pskernel/native-authoring-source/psc0/.lake/build/bin/psc1","args":["translate","/home/runner/work/pskernel/pskernel/native-authoring-source/psc0/packages/erasure/src/Ps/Erasure/Basic.lean","--to","ps"],"cwd":"/home/runner/work/pskernel/pskernel/native-authoring-source/psc0","timeoutMs":180000,"elapsedMs":19.89337499999965,"status":0,"signal":null,"stdout":"logs/056-native-ps-45.stdout","stderr":"logs/056-native-ps-45.stderr","stdoutSha256":"2d972e0b44693d846ccce81f8eba8401c3a9f274b6fffaca9e5370823bb4bfd4","stderrSha256":"e3b0c44298fc1c149afbf4c8996fb92427ae41e4649b934ca495991b7852b855"},{"label":"native-ps-46","executable":"/home/runner/work/pskernel/pskernel/native-authoring-source/psc0/.lake/build/bin/psc1","args":["translate","/home/runner/work/pskernel/pskernel/native-authoring-source/psc0/packages/erasure/src/Ps/Erasure/Expr.lean","--to","ps"],"cwd":"/home/runner/work/pskernel/pskernel/native-authoring-source/psc0","timeoutMs":180000,"elapsedMs":125.14789799999562,"status":0,"signal":null,"stdout":"logs/057-native-ps-46.stdout","stderr":"logs/057-native-ps-46.stderr","stdoutSha256":"3b15996b9bbdb8b6f3fdc842fc1105d3af48d10a10905214c3875ec802a0af71","stderrSha256":"e3b0c44298fc1c149afbf4c8996fb92427ae41e4649b934ca495991b7852b855"},{"label":"native-ps-47","executable":"/home/runner/work/pskernel/pskernel/native-authoring-source/psc0/.lake/build/bin/psc1","args":["translate","/home/runner/work/pskernel/pskernel/native-authoring-source/psc0/packages/erasure/src/Ps/Erasure/Inductive.lean","--to","ps"],"cwd":"/home/runner/work/pskernel/pskernel/native-authoring-source/psc0","timeoutMs":180000,"elapsedMs":10.049435000008089,"status":0,"signal":null,"stdout":"logs/058-native-ps-47.stdout","stderr":"logs/058-native-ps-47.stderr","stdoutSha256":"17d0dc3438905d1afa7a15be5dfb4fc2bc847a9d8a8d14ba8016c6003fc29722","stderrSha256":"e3b0c44298fc1c149afbf4c8996fb92427ae41e4649b934ca495991b7852b855"},{"label":"native-ps-48","executable":"/home/runner/work/pskernel/pskernel/native-authoring-source/psc0/.lake/build/bin/psc1","args":["translate","/home/runner/work/pskernel/pskernel/native-authoring-source/psc0/packages/erasure/src/Ps/Erasure/Structure.lean","--to","ps"],"cwd":"/home/runner/work/pskernel/pskernel/native-authoring-source/psc0","timeoutMs":180000,"elapsedMs":4.818853999997373,"status":0,"signal":null,"stdout":"logs/059-native-ps-48.stdout","stderr":"logs/059-native-ps-48.stderr","stdoutSha256":"9d8583e101e9fe3ea3dc99b7f0903d7b771c387eea7bdf2c9795c4ca675c2250","stderrSha256":"e3b0c44298fc1c149afbf4c8996fb92427ae41e4649b934ca495991b7852b855"},{"label":"native-ps-49","executable":"/home/runner/work/pskernel/pskernel/native-authoring-source/psc0/.lake/build/bin/psc1","args":["translate","/home/runner/work/pskernel/pskernel/native-authoring-source/psc0/packages/erasure/src/Ps/Erasure/StructureRecursor.lean","--to","ps"],"cwd":"/home/runner/work/pskernel/pskernel/native-authoring-source/psc0","timeoutMs":180000,"elapsedMs":5.888416999994661,"status":0,"signal":null,"stdout":"logs/060-native-ps-49.stdout","stderr":"logs/060-native-ps-49.stderr","stdoutSha256":"e87d6b7fd3321bf04dbdea1b8db3c196014eef794b659047025339bec0f9f6bb","stderrSha256":"e3b0c44298fc1c149afbf4c8996fb92427ae41e4649b934ca495991b7852b855"},{"label":"native-ps-50","executable":"/home/runner/work/pskernel/pskernel/native-authoring-source/psc0/.lake/build/bin/psc1","args":["translate","/home/runner/work/pskernel/pskernel/native-authoring-source/psc0/packages/erasure/src/Ps/Erasure/Definition.lean","--to","ps"],"cwd":"/home/runner/work/pskernel/pskernel/native-authoring-source/psc0","timeoutMs":180000,"elapsedMs":11.242376999987755,"status":0,"signal":null,"stdout":"logs/061-native-ps-50.stdout","stderr":"logs/061-native-ps-50.stderr","stdoutSha256":"614e46ae87ef5d509a19c8966a5e1f9a1a8204f6a3f8e66ab766d837b65f1c27","stderrSha256":"e3b0c44298fc1c149afbf4c8996fb92427ae41e4649b934ca495991b7852b855"},{"label":"native-ps-51","executable":"/home/runner/work/pskernel/pskernel/native-authoring-source/psc0/.lake/build/bin/psc1","args":["translate","/home/runner/work/pskernel/pskernel/native-authoring-source/psc0/packages/compiler/src/Ps/Compiler/Api.lean","--to","ps"],"cwd":"/home/runner/work/pskernel/pskernel/native-authoring-source/psc0","timeoutMs":180000,"elapsedMs":6.764330999998492,"status":0,"signal":null,"stdout":"logs/062-native-ps-51.stdout","stderr":"logs/062-native-ps-51.stderr","stdoutSha256":"8de52db9015957e75ff8d5bb869da65f38d1100803ad42e92b3bafc535861999","stderrSha256":"e3b0c44298fc1c149afbf4c8996fb92427ae41e4649b934ca495991b7852b855"},{"label":"native-ps-52","executable":"/home/runner/work/pskernel/pskernel/native-authoring-source/psc0/.lake/build/bin/psc1","args":["translate","/home/runner/work/pskernel/pskernel/native-authoring-source/psc0/packages/backend-ts/src/Ps/BackendTs/Type.lean","--to","ps"],"cwd":"/home/runner/work/pskernel/pskernel/native-authoring-source/psc0","timeoutMs":180000,"elapsedMs":5.496489999990445,"status":0,"signal":null,"stdout":"logs/063-native-ps-52.stdout","stderr":"logs/063-native-ps-52.stderr","stdoutSha256":"171cad254be1db7608fc1448ecbf64d18221e01e707646dfa4fac237541ef50e","stderrSha256":"e3b0c44298fc1c149afbf4c8996fb92427ae41e4649b934ca495991b7852b855"},{"label":"native-ps-53","executable":"/home/runner/work/pskernel/pskernel/native-authoring-source/psc0/.lake/build/bin/psc1","args":["translate","/home/runner/work/pskernel/pskernel/native-authoring-source/psc0/packages/backend-ts/src/Ps/BackendTs/Expr.lean","--to","ps"],"cwd":"/home/runner/work/pskernel/pskernel/native-authoring-source/psc0","timeoutMs":180000,"elapsedMs":54.571328999998514,"status":0,"signal":null,"stdout":"logs/064-native-ps-53.stdout","stderr":"logs/064-native-ps-53.stderr","stdoutSha256":"db776c24053add0a0d9404648214f04edc974c238465fc6d38e1cb9e264dccdb","stderrSha256":"e3b0c44298fc1c149afbf4c8996fb92427ae41e4649b934ca495991b7852b855"},{"label":"native-ps-54","executable":"/home/runner/work/pskernel/pskernel/native-authoring-source/psc0/.lake/build/bin/psc1","args":["translate","/home/runner/work/pskernel/pskernel/native-authoring-source/psc0/packages/backend-ts/src/Ps/BackendTs/Module.lean","--to","ps"],"cwd":"/home/runner/work/pskernel/pskernel/native-authoring-source/psc0","timeoutMs":180000,"elapsedMs":44.59150900000532,"status":0,"signal":null,"stdout":"logs/065-native-ps-54.stdout","stderr":"logs/065-native-ps-54.stderr","stdoutSha256":"23bf12a6423319fc7085ce1ea63dc1ba6121bdeb746e2229262b2f17c7662014","stderrSha256":"e3b0c44298fc1c149afbf4c8996fb92427ae41e4649b934ca495991b7852b855"},{"label":"native-ps-55","executable":"/home/runner/work/pskernel/pskernel/native-authoring-source/psc0/.lake/build/bin/psc1","args":["translate","/home/runner/work/pskernel/pskernel/native-authoring-source/psc0/packages/compiler-ir/src/Ps/CompilerIr/CheckTypes.lean","--to","ps"],"cwd":"/home/runner/work/pskernel/pskernel/native-authoring-source/psc0","timeoutMs":180000,"elapsedMs":19.292264000003343,"status":0,"signal":null,"stdout":"logs/066-native-ps-55.stdout","stderr":"logs/066-native-ps-55.stderr","stdoutSha256":"04922aaa3a8bdff2a4a701aa7aa343f2c62f902ffd1ad69e09ff1345fd3b2b06","stderrSha256":"e3b0c44298fc1c149afbf4c8996fb92427ae41e4649b934ca495991b7852b855"},{"label":"native-ps-56","executable":"/home/runner/work/pskernel/pskernel/native-authoring-source/psc0/.lake/build/bin/psc1","args":["translate","/home/runner/work/pskernel/pskernel/native-authoring-source/psc0/packages/compiler-ir/src/Ps/CompilerIr/CheckSize.lean","--to","ps"],"cwd":"/home/runner/work/pskernel/pskernel/native-authoring-source/psc0","timeoutMs":180000,"elapsedMs":13.62401499999396,"status":0,"signal":null,"stdout":"logs/067-native-ps-56.stdout","stderr":"logs/067-native-ps-56.stderr","stdoutSha256":"f756d396c77a7dd82f64a58e99cb67a448e4d600e2eca9525f0188a67368abb5","stderrSha256":"e3b0c44298fc1c149afbf4c8996fb92427ae41e4649b934ca495991b7852b855"},{"label":"native-ps-57","executable":"/home/runner/work/pskernel/pskernel/native-authoring-source/psc0/.lake/build/bin/psc1","args":["translate","/home/runner/work/pskernel/pskernel/native-authoring-source/psc0/packages/compiler-ir/src/Ps/CompilerIr/Check.lean","--to","ps"],"cwd":"/home/runner/work/pskernel/pskernel/native-authoring-source/psc0","timeoutMs":180000,"elapsedMs":58.15265000000363,"status":0,"signal":null,"stdout":"logs/068-native-ps-57.stdout","stderr":"logs/068-native-ps-57.stderr","stdoutSha256":"8b53a51cc2cc9d773e6122ec7de8feadc8121b2f849cd014f3697a1650d05dce","stderrSha256":"e3b0c44298fc1c149afbf4c8996fb92427ae41e4649b934ca495991b7852b855"},{"label":"native-ps-58","executable":"/home/runner/work/pskernel/pskernel/native-authoring-source/psc0/.lake/build/bin/psc1","args":["translate","/home/runner/work/pskernel/pskernel/native-authoring-source/psc0/packages/compiler-ir/src/Ps/CompilerIr/Construct.lean","--to","ps"],"cwd":"/home/runner/work/pskernel/pskernel/native-authoring-source/psc0","timeoutMs":180000,"elapsedMs":4.911164000004646,"status":0,"signal":null,"stdout":"logs/069-native-ps-58.stdout","stderr":"logs/069-native-ps-58.stderr","stdoutSha256":"3e27ed9004fa996852867db079c9d014c313fbd6fc8ca827ad0dcd401e066a28","stderrSha256":"e3b0c44298fc1c149afbf4c8996fb92427ae41e4649b934ca495991b7852b855"},{"label":"native-ps-59","executable":"/home/runner/work/pskernel/pskernel/native-authoring-source/psc0/.lake/build/bin/psc1","args":["translate","/home/runner/work/pskernel/pskernel/native-authoring-source/psc0/packages/backend-ts/src/Ps/BackendTs/Checked.lean","--to","ps"],"cwd":"/home/runner/work/pskernel/pskernel/native-authoring-source/psc0","timeoutMs":180000,"elapsedMs":3.8444710000039777,"status":0,"signal":null,"stdout":"logs/070-native-ps-59.stdout","stderr":"logs/070-native-ps-59.stderr","stdoutSha256":"abea9f83d1a54c4546e985e0295298fbfcef4a8f007d144d17241edfab5a19f7","stderrSha256":"e3b0c44298fc1c149afbf4c8996fb92427ae41e4649b934ca495991b7852b855"},{"label":"native-ps-60","executable":"/home/runner/work/pskernel/pskernel/native-authoring-source/psc0/.lake/build/bin/psc1","args":["translate","/home/runner/work/pskernel/pskernel/native-authoring-source/psc0/packages/backend-ts/src/Ps/BackendTs/Compiler.lean","--to","ps"],"cwd":"/home/runner/work/pskernel/pskernel/native-authoring-source/psc0","timeoutMs":180000,"elapsedMs":4.27459600000293,"status":0,"signal":null,"stdout":"logs/071-native-ps-60.stdout","stderr":"logs/071-native-ps-60.stderr","stdoutSha256":"780c58bac5812d2c805289c902e4c7bcac2c01000a4639e379434d0a5637340c","stderrSha256":"e3b0c44298fc1c149afbf4c8996fb92427ae41e4649b934ca495991b7852b855"},{"label":"native-ps-61","executable":"/home/runner/work/pskernel/pskernel/native-authoring-source/psc0/.lake/build/bin/psc1","args":["translate","/home/runner/work/pskernel/pskernel/native-authoring-source/psc0/packages/bootstrap/src/Ps/Bootstrap/SelfHost.lean","--to","ps"],"cwd":"/home/runner/work/pskernel/pskernel/native-authoring-source/psc0","timeoutMs":180000,"elapsedMs":3.698300999996718,"status":0,"signal":null,"stdout":"logs/072-native-ps-61.stdout","stderr":"logs/072-native-ps-61.stderr","stdoutSha256":"c108b7716fbbf275c2202b11ac58d903bb162604d75e3790ee92a22bdea97202","stderrSha256":"e3b0c44298fc1c149afbf4c8996fb92427ae41e4649b934ca495991b7852b855"},{"label":"source-after-root","executable":"git","args":["rev-parse","--show-toplevel"],"cwd":"/home/runner/work/pskernel/pskernel/native-authoring-source/psc0","timeoutMs":180000,"elapsedMs":2.8246559999970486,"status":0,"signal":null,"stdout":"logs/073-source-after-root.stdout","stderr":"logs/073-source-after-root.stderr","stdoutSha256":"f91c739ed00bc073161c7c8febb7bd01a4c06a2819ff17433b18e78b6462b428","stderrSha256":"e3b0c44298fc1c149afbf4c8996fb92427ae41e4649b934ca495991b7852b855"},{"label":"source-after-ref","executable":"git","args":["rev-parse","HEAD"],"cwd":"/home/runner/work/pskernel/pskernel/native-authoring-source/psc0","timeoutMs":180000,"elapsedMs":2.236439000000246,"status":0,"signal":null,"stdout":"logs/074-source-after-ref.stdout","stderr":"logs/074-source-after-ref.stderr","stdoutSha256":"9d1ccbeb53d76503190656c1f1860d70fc7825ceedde7ad853a102d151723b5b","stderrSha256":"e3b0c44298fc1c149afbf4c8996fb92427ae41e4649b934ca495991b7852b855"},{"label":"source-after-status","executable":"git","args":["status","--porcelain","--untracked-files=no"],"cwd":"/home/runner/work/pskernel/pskernel/native-authoring-source/psc0","timeoutMs":180000,"elapsedMs":18.404407000009087,"status":0,"signal":null,"stdout":"logs/075-source-after-status.stdout","stderr":"logs/075-source-after-status.stderr","stdoutSha256":"e3b0c44298fc1c149afbf4c8996fb92427ae41e4649b934ca495991b7852b855","stderrSha256":"e3b0c44298fc1c149afbf4c8996fb92427ae41e4649b934ca495991b7852b855"}],"runnerSourceRef":"fcd875c8f38db4b0524090bd10c7c2fd5024053d","toolchain":{"node":"v22.23.3","platform":"linux","architecture":"x64","lean":"Lean (version 4.34.0, x86_64-unknown-linux-gnu, commit 293d5d0c0c3f3dded4688b3ccd6a33939ac5102b, Release)","leanGitHash":"293d5d0c0c3f3dded4688b3ccd6a33939ac5102b","typescript":"Version 7.0.2"},"typescriptInstallation":{"launcher":"/home/runner/work/_temp/psc0-native-cold-typescript-7.0.2/node_modules/typescript/bin/tsc","launcherSha256":"2219f428a7e55aaf1f7ad85b9b0f0cf5078aeb76ccc9a7c6036c92d48f492ffd","package":{"path":"/home/runner/work/_temp/psc0-native-cold-typescript-7.0.2/node_modules/typescript/package.json","sha256":"3722b30210616a13a3213ded11575ba6b2dbab10c32a5ef67afca8513e27017e","version":"7.0.2"}},"aggregateSourceSha256":"06035426bb3c5772ff7d1362485a13baee0c4447bf486fbbba448961eef52357","rawSourceBytes":1113918,"nativeBinaries":{"compilerSha256":"9f6516dad78d17435cac214d88d79d3c8a254bb3cd3bca279220bff000dfa484","originalIrCheckerSha256":"0f40ccfae56e0b20e65e54b30e6468c5ff40e2b9ac61c6b1485e605e849d8afd"},"originalIr":{"report":"products/index.ts.ir-report.json","reportSha256":"e16eefe370f1d0b3c6de87965724e96a6c36941c64afa2c4cb2dc7a3687e79b1","accepted":true,"traversalComplete":true,"expressionCount":56391,"visitedSteps":725484,"findingCount":0,"sameOriginalIrCheckedBeforeEmission":true},"artifacts":{"canonicalSurfaceSourceSha256":"985cf39d4a68df68a03123883105b6bdd9b81783c4bab98c8ec86ec683ac3b07","normalizedCanonicalAdmissionsSha256":"200e5881d1554f72530a0395524ee28dd3a64a6bd45f55cddd4fad1336981bf0","typescriptSha256":"38fea23209f561efcab0c0111a2a15fa1e5761d33f31100fac8d6bfb1e032935","javascriptSha256":"70db0131fa3af62f7193576407ad529be10df2f4296c712f53f7c31f42209061"},"trackedSourceCleanBeforeAndAfter":true,"sourceClosureUnchanged":true,"cache":{"directory":"/home/runner/work/_temp/psc0-native-cold-seed/47d88158e075f766f0d146ba3a13b28744c6e196d9844c71f4e52dc7351e2225","identitySha256":"47d88158e075f766f0d146ba3a13b28744c6e196d9844c71f4e52dc7351e2225","verified":true},"elapsedMs":86496.79896300001}
2026-10-09T14:54:19.3864061Z PSC0_SH1_NATIVE_SEED_RECOVERY: {"passed":true,"cold":true,"sourceRef":"fe2560aba0f347b1caf8d000d371464642d44f23","selectedSeedIdentitySha256":"47d88158e075f766f0d146ba3a13b28744c6e196d9844c71f4e52dc7351e2225","recipeSha256":"4ed186c2604bcfaee756881686e70f14569720d72fcd799d9997d2d92217b82a","policySha256":"0cf0480524ba713e0bcdbeb3cfa3d345e37508743ee5e169b83ba8ee0de160fc","artifacts":{"canonicalSurfaceSourceSha256":"985cf39d4a68df68a03123883105b6bdd9b81783c4bab98c8ec86ec683ac3b07","normalizedCanonicalAdmissionsSha256":"200e5881d1554f72530a0395524ee28dd3a64a6bd45f55cddd4fad1336981bf0","typescriptSha256":"38fea23209f561efcab0c0111a2a15fa1e5761d33f31100fac8d6bfb1e032935","javascriptSha256":"70db0131fa3af62f7193576407ad529be10df2f4296c712f53f7c31f42209061"},"receiptPath":"/home/runner/work/pskernel/pskernel/psc0/dist/sh1-native-seed-cold/receipt.json","receiptFileSha256":"0d5606c25e634082da39d80ffa5974b3c390d2765ded71bcf1abaf442b7e3919","elapsedMs":86496.79896300001}
2026-10-09T14:54:19.3898615Z ##[group]Run actions/upload-artifact@v4
2026-10-09T14:54:19.3898770Z with:
2026-10-09T14:54:19.3898952Z   name: psc0-sh1-native-ts7-cold-fcd875c8f38db4b0524090bd10c7c2fd5024053d
2026-10-09T14:54:19.3899354Z   path: psc0/dist/sh1-native-seed-cold
psc0/dist/typescript-profile/native-cold-install
/home/runner/work/_temp/psc0-native-cold-seed

2026-10-09T14:54:19.3899686Z   include-hidden-files: true
2026-10-09T14:54:19.3899828Z   if-no-files-found: ignore
2026-10-09T14:54:19.3899957Z   retention-days: 30
2026-10-09T14:54:19.3900086Z   compression-level: 6
2026-10-09T14:54:19.3900207Z   overwrite: false
2026-10-09T14:54:19.3900315Z env:
2026-10-09T14:54:19.3900534Z   PSC0_TSC: /home/runner/work/_temp/psc0-native-cold-typescript-7.0.2/node_modules/typescript/bin/tsc
2026-10-09T14:54:19.3900794Z   PSC0_TYPESCRIPT_VERSION: 7.0.2
2026-10-09T14:54:19.3900927Z ##[endgroup]
2026-10-09T14:54:19.4901671Z (node:3440) [DEP0040] DeprecationWarning: The `punycode` module is deprecated. Please use a userland alternative instead.
2026-10-09T14:54:19.4902123Z (Use `node --trace-deprecation ...` to show where the warning was created)
2026-10-09T14:54:19.5090939Z Multiple search paths detected. Calculating the least common ancestor of all paths
2026-10-09T14:54:19.5092424Z The least common ancestor is /home/runner/work. This will be the root directory of the artifact
2026-10-09T14:54:19.5092903Z With the provided path, there will be 165 files uploaded
2026-10-09T14:54:19.5096372Z Artifact name is valid!
2026-10-09T14:54:19.5096807Z Root directory input is valid!
2026-10-09T14:54:19.8045384Z Beginning upload of artifact content to blob storage
2026-10-09T14:54:20.1404559Z (node:3440) [DEP0169] DeprecationWarning: `url.parse()` behavior is not standardized and prone to errors that have security implications. Use the WHATWG URL API instead. CVEs are not issued for `url.parse()` vulnerabilities.
2026-10-09T14:54:20.6205335Z Uploaded bytes 2219295
2026-10-09T14:54:20.6712744Z Finished uploading artifact content to blob storage!
2026-10-09T14:54:20.6713795Z SHA256 digest of uploaded artifact zip is 967adc94a58d02e4e166e24601252f177a372dc5e6fd50ba01a7125cec9dfae5
2026-10-09T14:54:20.6715028Z Finalizing artifact upload
2026-10-09T14:54:20.9232977Z Artifact psc0-sh1-native-ts7-cold-fcd875c8f38db4b0524090bd10c7c2fd5024053d.zip successfully finalized. Artifact ID 11624048503
2026-10-09T14:54:20.9234114Z Artifact psc0-sh1-native-ts7-cold-fcd875c8f38db4b0524090bd10c7c2fd5024053d has been successfully uploaded! Final size is 2219295 bytes. Artifact ID is 11624048503
2026-10-09T14:54:20.9236875Z Artifact download URL: https://github.com/dwijayuda/pskernel/actions/runs/37947341899/artifacts/11624048503
2026-10-09T14:54:20.9382364Z Post job cleanup.
2026-10-09T14:54:21.0096075Z (node:3452) [DEP0040] DeprecationWarning: The `punycode` module is deprecated. Please use a userland alternative instead.
2026-10-09T14:54:21.0096584Z (Use `node --trace-deprecation ...` to show where the warning was created)
2026-10-09T14:54:21.0212730Z Post job cleanup.
2026-10-09T14:54:21.0755886Z [command]/usr/bin/git version
2026-10-09T14:54:21.0788440Z git version 2.55.0
2026-10-09T14:54:21.0812667Z Temporarily overriding HOME='/home/runner/work/_temp/7b58d9b9-d0a4-4a2d-ae7c-667d7a1a8e18' before making global git config changes
2026-10-09T14:54:21.0813520Z Adding repository directory to the temporary git global config as a safe directory
2026-10-09T14:54:21.0816515Z [command]/usr/bin/git config --global --add safe.directory /home/runner/work/pskernel/pskernel/native-authoring-source
2026-10-09T14:54:21.0845393Z [command]/usr/bin/git config --local --name-only --get-regexp core\.sshCommand
2026-10-09T14:54:21.0871481Z [command]/usr/bin/git submodule foreach --recursive sh -c "git config --local --name-only --get-regexp 'core\.sshCommand' && git config --local --unset-all 'core.sshCommand' || :"
2026-10-09T14:54:21.1075816Z [command]/usr/bin/git config --local --name-only --get-regexp http\.https\:\/\/github\.com\/\.extraheader
2026-10-09T14:54:21.1098924Z http.https://github.com/.extraheader
2026-10-09T14:54:21.1113694Z [command]/usr/bin/git config --local --unset-all http.https://github.com/.extraheader
2026-10-09T14:54:21.1189065Z [command]/usr/bin/git submodule foreach --recursive sh -c "git config --local --name-only --get-regexp 'http\.https\:\/\/github\.com\/\.extraheader' && git config --local --unset-all 'http.https://github.com/.extraheader' || :"
2026-10-09T14:54:21.1401533Z [command]/usr/bin/git config --local --name-only --get-regexp ^includeIf\.gitdir:
2026-10-09T14:54:21.1436744Z [command]/usr/bin/git submodule foreach --recursive git config --local --show-origin --name-only --get-regexp remote.origin.url
2026-10-09T14:54:21.1770212Z Post job cleanup.
2026-10-09T14:54:21.2284891Z [command]/usr/bin/git version
2026-10-09T14:54:21.2314742Z git version 2.55.0
2026-10-09T14:54:21.2337511Z Temporarily overriding HOME='/home/runner/work/_temp/223c8027-022a-4355-96f6-25cf7bb80715' before making global git config changes
2026-10-09T14:54:21.2338302Z Adding repository directory to the temporary git global config as a safe directory
2026-10-09T14:54:21.2340910Z [command]/usr/bin/git config --global --add safe.directory /home/runner/work/pskernel/pskernel
2026-10-09T14:54:21.2370587Z [command]/usr/bin/git config --local --name-only --get-regexp core\.sshCommand
2026-10-09T14:54:21.2395129Z [command]/usr/bin/git submodule foreach --recursive sh -c "git config --local --name-only --get-regexp 'core\.sshCommand' && git config --local --unset-all 'core.sshCommand' || :"
2026-10-09T14:54:21.2598052Z [command]/usr/bin/git config --local --name-only --get-regexp http\.https\:\/\/github\.com\/\.extraheader
2026-10-09T14:54:21.2626135Z http.https://github.com/.extraheader
2026-10-09T14:54:21.2640760Z [command]/usr/bin/git config --local --unset-all http.https://github.com/.extraheader
2026-10-09T14:54:21.2663298Z [command]/usr/bin/git submodule foreach --recursive sh -c "git config --local --name-only --get-regexp 'http\.https\:\/\/github\.com\/\.extraheader' && git config --local --unset-all 'http.https://github.com/.extraheader' || :"
2026-10-09T14:54:21.2868198Z [command]/usr/bin/git config --local --name-only --get-regexp ^includeIf\.gitdir:
2026-10-09T14:54:21.2902316Z [command]/usr/bin/git submodule foreach --recursive git config --local --show-origin --name-only --get-regexp remote.origin.url
2026-10-09T14:54:21.3188384Z Cleaning up orphan processes
2026-10-09T14:54:21.3388494Z ##[warning]Node.js 20 is deprecated. The following actions target Node.js 20 but are being forced to run on Node.js 24: actions/checkout@v4, actions/github-script@v7, actions/setup-node@v4, actions/upload-artifact@v4. For more information see: https://github.blog/changelog/2025-09-19-deprecation-of-node-20-on-github-actions-runners/
