2026-10-09T14:04:39.6508005Z Current runner version: '2.337.0'
2026-10-09T14:04:39.6529737Z ##[group]Runner Image Provisioner
2026-10-09T14:04:39.6530536Z Hosted Compute Agent
2026-10-09T14:04:39.6531038Z Version: 20261002.596
2026-10-09T14:04:39.6531555Z Commit: c3d12f3313a95f25162a1503be624f3b0617f8c0
2026-10-09T14:04:39.6532199Z Build Date: 2026-10-02T22:28:27Z
2026-10-09T14:04:39.6532789Z Worker ID: {6787f675-7277-4624-81e5-534e7fd1e577}
2026-10-09T14:04:39.6533432Z Region: westus3
2026-10-09T14:04:39.6533901Z Cloud: Azure
2026-10-09T14:04:39.6534342Z ##[endgroup]
2026-10-09T14:04:39.6535431Z ##[group]Operating System
2026-10-09T14:04:39.6536147Z Ubuntu
2026-10-09T14:04:39.6536564Z 24.04.5
2026-10-09T14:04:39.6537052Z LTS
2026-10-09T14:04:39.6537474Z ##[endgroup]
2026-10-09T14:04:39.6537942Z ##[group]Runner Image
2026-10-09T14:04:39.6538477Z Image: ubuntu-24.04
2026-10-09T14:04:39.6538962Z Version: 20261004.327.1
2026-10-09T14:04:39.6540017Z Included Software: https://github.com/actions/runner-images/blob/ubuntu24/20261004.327/images/ubuntu/Ubuntu2404-Readme.md
2026-10-09T14:04:39.6541299Z Image Release: https://github.com/actions/runner-images/releases/tag/ubuntu24%2F20261004.327
2026-10-09T14:04:39.6542138Z ##[endgroup]
2026-10-09T14:04:39.6543176Z ##[group]GITHUB_TOKEN Permissions
2026-10-09T14:04:39.6545208Z Actions: read
2026-10-09T14:04:39.6545793Z Contents: read
2026-10-09T14:04:39.6546356Z Metadata: read
2026-10-09T14:04:39.6546815Z ##[endgroup]
2026-10-09T14:04:39.6548868Z Secret source: Actions
2026-10-09T14:04:39.6549681Z Cache mode: write
2026-10-09T14:04:39.6550407Z Prepare workflow directory
2026-10-09T14:04:39.6877673Z Prepare all required actions
2026-10-09T14:04:39.6919682Z Getting action download info
2026-10-09T14:04:40.0509424Z Download action repository 'actions/checkout@v4' (SHA:11d5960a326750d5838078e36cf38b85af677262)
2026-10-09T14:04:40.1534950Z Download action repository 'actions/github-script@v7' (SHA:f28e40c7f34bde8b3046d885e986cb6290c5673b)
2026-10-09T14:04:40.7062689Z Download action repository 'actions/setup-node@v4' (SHA:49933ea5288caeca8642d1e84afbd3f7d6820020)
2026-10-09T14:04:40.8357215Z Download action repository 'leanprover/lean-action@v1' (SHA:f061402b660e0c34644504b324e830f2991d4865)
2026-10-09T14:04:41.1402948Z Download action repository 'actions/cache@v4' (SHA:0057852bfaa89a56745cba8c7296529d2fc39830)
2026-10-09T14:04:41.2631257Z Download action repository 'actions/download-artifact@v4' (SHA:d3f86a106a0bac45b974a628896c90dbdf5c8093)
2026-10-09T14:04:42.0170542Z Download action repository 'actions/upload-artifact@v4' (SHA:ea165f8d65b6e75b540449e92b4886f43607fa02)
2026-10-09T14:04:42.3288863Z Getting action download info
2026-10-09T14:04:42.4457587Z Download action repository 'actions/cache@caa296126883cff596d87d8935842f9db880ef25' (SHA:caa296126883cff596d87d8935842f9db880ef25)
2026-10-09T14:04:42.7200001Z Complete job name: compiler
2026-10-09T14:04:42.7857086Z ##[group]Run actions/checkout@v4
2026-10-09T14:04:42.7857534Z with:
2026-10-09T14:04:42.7857727Z   repository: dwijayuda/pskernel
2026-10-09T14:04:42.7859886Z   token: ***
2026-10-09T14:04:42.7860072Z   ssh-strict: true
2026-10-09T14:04:42.7860253Z   ssh-user: git
2026-10-09T14:04:42.7860444Z   persist-credentials: true
2026-10-09T14:04:42.7860657Z   clean: true
2026-10-09T14:04:42.7860840Z   sparse-checkout-cone-mode: true
2026-10-09T14:04:42.7861051Z   fetch-depth: 1
2026-10-09T14:04:42.7861219Z   fetch-tags: false
2026-10-09T14:04:42.7861403Z   show-progress: true
2026-10-09T14:04:42.7861577Z   lfs: false
2026-10-09T14:04:42.7861736Z   submodules: false
2026-10-09T14:04:42.7861911Z   set-safe-directory: true
2026-10-09T14:04:42.7862115Z   allow-unsafe-pr-checkout: false
2026-10-09T14:04:42.7862470Z ##[endgroup]
2026-10-09T14:04:42.8705891Z Syncing repository: dwijayuda/pskernel
2026-10-09T14:04:42.8707497Z ##[group]Getting Git version info
2026-10-09T14:04:42.8708064Z Working directory is '/home/runner/work/pskernel/pskernel'
2026-10-09T14:04:42.8708899Z [command]/usr/bin/git version
2026-10-09T14:04:42.8761532Z git version 2.55.0
2026-10-09T14:04:42.8778021Z ##[endgroup]
2026-10-09T14:04:42.8795415Z Temporarily overriding HOME='/home/runner/work/_temp/4b68a837-83c7-483f-b900-28d88193fa68' before making global git config changes
2026-10-09T14:04:42.8805435Z Adding repository directory to the temporary git global config as a safe directory
2026-10-09T14:04:42.8806393Z [command]/usr/bin/git config --global --add safe.directory /home/runner/work/pskernel/pskernel
2026-10-09T14:04:42.8846441Z Deleting the contents of '/home/runner/work/pskernel/pskernel'
2026-10-09T14:04:42.8850106Z ##[group]Initializing the repository
2026-10-09T14:04:42.8853658Z [command]/usr/bin/git init /home/runner/work/pskernel/pskernel
2026-10-09T14:04:42.8956936Z hint: Using 'master' as the name for the initial branch. This default branch name
2026-10-09T14:04:42.8958197Z hint: will change to "main" in Git 3.0. To configure the initial branch name
2026-10-09T14:04:42.8959191Z hint: to use in all of your new repositories, which will suppress this warning,
2026-10-09T14:04:42.8960163Z hint: call:
2026-10-09T14:04:42.8960404Z hint:
2026-10-09T14:04:42.8960770Z hint: 	git config --global init.defaultBranch <name>
2026-10-09T14:04:42.8961336Z hint:
2026-10-09T14:04:42.8961690Z hint: Names commonly chosen instead of 'master' are 'main', 'trunk' and
2026-10-09T14:04:42.8962270Z hint: 'development'. The just-created branch can be renamed via this command:
2026-10-09T14:04:42.8962754Z hint:
2026-10-09T14:04:42.8963006Z hint: 	git branch -m <name>
2026-10-09T14:04:42.8963279Z hint:
2026-10-09T14:04:42.8963687Z hint: Disable this message with "git config set advice.defaultBranchName false"
2026-10-09T14:04:42.8964333Z Initialized empty Git repository in /home/runner/work/pskernel/pskernel/.git/
2026-10-09T14:04:42.8967510Z [command]/usr/bin/git remote add origin https://github.com/dwijayuda/pskernel
2026-10-09T14:04:42.9026574Z ##[endgroup]
2026-10-09T14:04:42.9027123Z ##[group]Disabling automatic garbage collection
2026-10-09T14:04:42.9027599Z [command]/usr/bin/git config --local gc.auto 0
2026-10-09T14:04:42.9056641Z ##[endgroup]
2026-10-09T14:04:42.9057110Z ##[group]Setting up auth
2026-10-09T14:04:42.9063851Z [command]/usr/bin/git config --local --name-only --get-regexp core\.sshCommand
2026-10-09T14:04:42.9099002Z [command]/usr/bin/git submodule foreach --recursive sh -c "git config --local --name-only --get-regexp 'core\.sshCommand' && git config --local --unset-all 'core.sshCommand' || :"
2026-10-09T14:04:42.9433235Z [command]/usr/bin/git config --local --name-only --get-regexp http\.https\:\/\/github\.com\/\.extraheader
2026-10-09T14:04:42.9467358Z [command]/usr/bin/git submodule foreach --recursive sh -c "git config --local --name-only --get-regexp 'http\.https\:\/\/github\.com\/\.extraheader' && git config --local --unset-all 'http.https://github.com/.extraheader' || :"
2026-10-09T14:04:42.9660472Z [command]/usr/bin/git config --local --name-only --get-regexp ^includeIf\.gitdir:
2026-10-09T14:04:42.9690432Z [command]/usr/bin/git submodule foreach --recursive git config --local --show-origin --name-only --get-regexp remote.origin.url
2026-10-09T14:04:42.9881177Z [command]/usr/bin/git config --local http.https://github.com/.extraheader AUTHORIZATION: basic ***
2026-10-09T14:04:43.0664202Z ##[endgroup]
2026-10-09T14:04:43.0664822Z ##[group]Fetching the repository
2026-10-09T14:04:43.0672919Z [command]/usr/bin/git -c protocol.version=2 fetch --no-tags --prune --no-recurse-submodules --depth=1 origin +f62c38c890af13b1e8ccb2a4d2650b9c7c6d2d5f:refs/remotes/origin/psc0/sh1-projection-grammar-v1
2026-10-09T14:04:54.0440198Z From https://github.com/dwijayuda/pskernel
2026-10-09T14:04:54.0442257Z  * [new ref]           f62c38c890af13b1e8ccb2a4d2650b9c7c6d2d5f -> origin/psc0/sh1-projection-grammar-v1
2026-10-09T14:04:54.0443767Z ##[endgroup]
2026-10-09T14:04:54.0444240Z ##[group]Determining the checkout info
2026-10-09T14:04:54.0445465Z ##[endgroup]
2026-10-09T14:04:54.0450622Z [command]/usr/bin/git sparse-checkout disable
2026-10-09T14:04:54.0500859Z [command]/usr/bin/git config --local --unset-all extensions.worktreeConfig
2026-10-09T14:04:54.0530494Z ##[group]Checking out the ref
2026-10-09T14:04:54.0534671Z [command]/usr/bin/git checkout --progress --force -B psc0/sh1-projection-grammar-v1 refs/remotes/origin/psc0/sh1-projection-grammar-v1
2026-10-09T14:04:55.5549333Z Updating files:   6% (1285/20565)
2026-10-09T14:04:55.5633942Z Updating files:   7% (1440/20565)
2026-10-09T14:04:55.5819446Z Updating files:   8% (1646/20565)
2026-10-09T14:04:55.5952431Z Updating files:   9% (1851/20565)
2026-10-09T14:04:55.6198239Z Updating files:  10% (2057/20565)
2026-10-09T14:04:55.6290540Z Updating files:  11% (2263/20565)
2026-10-09T14:04:56.1592799Z Updating files:  12% (2468/20565)
2026-10-09T14:04:56.9560299Z Updating files:  12% (2617/20565)
2026-10-09T14:04:56.9655004Z Updating files:  13% (2674/20565)
2026-10-09T14:04:56.9722873Z Updating files:  14% (2880/20565)
2026-10-09T14:04:56.9816150Z Updating files:  15% (3085/20565)
2026-10-09T14:04:56.9947557Z Updating files:  16% (3291/20565)
2026-10-09T14:04:57.0042739Z Updating files:  17% (3497/20565)
2026-10-09T14:04:57.0148885Z Updating files:  18% (3702/20565)
2026-10-09T14:04:57.0396937Z Updating files:  19% (3908/20565)
2026-10-09T14:04:57.0591212Z Updating files:  20% (4113/20565)
2026-10-09T14:04:57.0684524Z Updating files:  21% (4319/20565)
2026-10-09T14:04:57.0784028Z Updating files:  22% (4525/20565)
2026-10-09T14:04:58.1317003Z Updating files:  22% (4627/20565)
2026-10-09T14:04:58.3888180Z Updating files:  22% (4689/20565)
2026-10-09T14:04:58.3992766Z Updating files:  23% (4730/20565)
2026-10-09T14:04:58.4061678Z Updating files:  24% (4936/20565)
2026-10-09T14:04:58.4151972Z Updating files:  25% (5142/20565)
2026-10-09T14:04:58.4243772Z Updating files:  26% (5347/20565)
2026-10-09T14:04:58.4336039Z Updating files:  27% (5553/20565)
2026-10-09T14:04:58.4985431Z Updating files:  28% (5759/20565)
2026-10-09T14:04:58.5175680Z Updating files:  29% (5964/20565)
2026-10-09T14:04:58.5288172Z Updating files:  30% (6170/20565)
2026-10-09T14:04:58.5419280Z Updating files:  31% (6376/20565)
2026-10-09T14:04:58.5552759Z Updating files:  32% (6581/20565)
2026-10-09T14:04:58.5681570Z Updating files:  33% (6787/20565)
2026-10-09T14:04:58.5796363Z Updating files:  34% (6993/20565)
2026-10-09T14:04:58.5926047Z Updating files:  35% (7198/20565)
2026-10-09T14:04:58.6057127Z Updating files:  36% (7404/20565)
2026-10-09T14:04:58.6156783Z Updating files:  37% (7610/20565)
2026-10-09T14:04:58.6274367Z Updating files:  38% (7815/20565)
2026-10-09T14:04:58.6417388Z Updating files:  39% (8021/20565)
2026-10-09T14:04:58.6574990Z Updating files:  40% (8226/20565)
2026-10-09T14:04:58.6681688Z Updating files:  41% (8432/20565)
2026-10-09T14:04:58.6786252Z Updating files:  42% (8638/20565)
2026-10-09T14:04:58.6868412Z Updating files:  43% (8843/20565)
2026-10-09T14:04:58.6969414Z Updating files:  44% (9049/20565)
2026-10-09T14:04:58.8024998Z Updating files:  45% (9255/20565)
2026-10-09T14:04:58.8428294Z Updating files:  46% (9460/20565)
2026-10-09T14:04:58.9126100Z Updating files:  47% (9666/20565)
2026-10-09T14:04:59.0357381Z Updating files:  48% (9872/20565)
2026-10-09T14:04:59.0767468Z Updating files:  49% (10077/20565)
2026-10-09T14:04:59.2121975Z Updating files:  49% (10136/20565)
2026-10-09T14:04:59.4959005Z Updating files:  50% (10283/20565)
2026-10-09T14:04:59.6984075Z Updating files:  51% (10489/20565)
2026-10-09T14:04:59.9060682Z Updating files:  52% (10694/20565)
2026-10-09T14:05:00.0752604Z Updating files:  53% (10900/20565)
2026-10-09T14:05:00.1093949Z Updating files:  53% (11076/20565)
2026-10-09T14:05:00.4567263Z Updating files:  54% (11106/20565)
2026-10-09T14:05:00.5368144Z Updating files:  55% (11311/20565)
2026-10-09T14:05:00.6182104Z Updating files:  56% (11517/20565)
2026-10-09T14:05:00.6477638Z Updating files:  57% (11723/20565)
2026-10-09T14:05:00.6532690Z Updating files:  58% (11928/20565)
2026-10-09T14:05:00.6589308Z Updating files:  59% (12134/20565)
2026-10-09T14:05:00.6647273Z Updating files:  60% (12339/20565)
2026-10-09T14:05:00.6706079Z Updating files:  61% (12545/20565)
2026-10-09T14:05:00.6775181Z Updating files:  62% (12751/20565)
2026-10-09T14:05:00.6846303Z Updating files:  63% (12956/20565)
2026-10-09T14:05:00.6919205Z Updating files:  64% (13162/20565)
2026-10-09T14:05:00.7000739Z Updating files:  65% (13368/20565)
2026-10-09T14:05:00.7081682Z Updating files:  66% (13573/20565)
2026-10-09T14:05:00.7155408Z Updating files:  67% (13779/20565)
2026-10-09T14:05:00.7226241Z Updating files:  68% (13985/20565)
2026-10-09T14:05:00.7300407Z Updating files:  69% (14190/20565)
2026-10-09T14:05:00.7371420Z Updating files:  70% (14396/20565)
2026-10-09T14:05:00.7446247Z Updating files:  71% (14602/20565)
2026-10-09T14:05:00.7517765Z Updating files:  72% (14807/20565)
2026-10-09T14:05:00.7588166Z Updating files:  73% (15013/20565)
2026-10-09T14:05:00.7683669Z Updating files:  74% (15219/20565)
2026-10-09T14:05:00.7756070Z Updating files:  75% (15424/20565)
2026-10-09T14:05:00.7825274Z Updating files:  76% (15630/20565)
2026-10-09T14:05:00.7895960Z Updating files:  77% (15836/20565)
2026-10-09T14:05:00.7971836Z Updating files:  78% (16041/20565)
2026-10-09T14:05:00.8043233Z Updating files:  79% (16247/20565)
2026-10-09T14:05:00.8141357Z Updating files:  80% (16452/20565)
2026-10-09T14:05:00.8198729Z Updating files:  81% (16658/20565)
2026-10-09T14:05:00.8265706Z Updating files:  82% (16864/20565)
2026-10-09T14:05:00.8328182Z Updating files:  83% (17069/20565)
2026-10-09T14:05:00.8391803Z Updating files:  84% (17275/20565)
2026-10-09T14:05:00.8453963Z Updating files:  85% (17481/20565)
2026-10-09T14:05:00.8515094Z Updating files:  86% (17686/20565)
2026-10-09T14:05:00.8560140Z Updating files:  87% (17892/20565)
2026-10-09T14:05:00.8607192Z Updating files:  88% (18098/20565)
2026-10-09T14:05:00.8665966Z Updating files:  89% (18303/20565)
2026-10-09T14:05:00.8936046Z Updating files:  90% (18509/20565)
2026-10-09T14:05:00.9016769Z Updating files:  91% (18715/20565)
2026-10-09T14:05:00.9083309Z Updating files:  92% (18920/20565)
2026-10-09T14:05:00.9150382Z Updating files:  93% (19126/20565)
2026-10-09T14:05:01.0322755Z Updating files:  94% (19332/20565)
2026-10-09T14:05:01.0753388Z Updating files:  95% (19537/20565)
2026-10-09T14:05:01.1023159Z Updating files:  95% (19701/20565)
2026-10-09T14:05:01.1495032Z Updating files:  96% (19743/20565)
2026-10-09T14:05:01.1735713Z Updating files:  97% (19949/20565)
2026-10-09T14:05:01.2221782Z Updating files:  98% (20154/20565)
2026-10-09T14:05:01.2574988Z Updating files:  99% (20360/20565)
2026-10-09T14:05:01.2575384Z Updating files: 100% (20565/20565)
2026-10-09T14:05:01.2575910Z Updating files: 100% (20565/20565), done.
2026-10-09T14:05:01.3705818Z Switched to a new branch 'psc0/sh1-projection-grammar-v1'
2026-10-09T14:05:01.4605404Z branch 'psc0/sh1-projection-grammar-v1' set up to track 'origin/psc0/sh1-projection-grammar-v1'.
2026-10-09T14:05:01.4706187Z ##[endgroup]
2026-10-09T14:05:01.4748878Z [command]/usr/bin/git log -1 --format=%H
2026-10-09T14:05:01.4774368Z f62c38c890af13b1e8ccb2a4d2650b9c7c6d2d5f
2026-10-09T14:05:01.5291858Z ##[group]Run actions/github-script@v7
2026-10-09T14:05:01.5292112Z with:
2026-10-09T14:05:01.5296466Z   script: const { mkdir, writeFile } = await import('node:fs/promises');
const path = await import('node:path');
const root = process.env.GITHUB_WORKSPACE + '/psc0';
const seeds = await import(root + '/scripts/sh1-successor-seed.mjs');
const selected = await seeds.readSelectedAuthoringSeed();
const legacy = selected.parent ?? (selected.mode === 'qualified' ? selected : null);
let legacyManifestPath = '';
if (legacy) {
  legacyManifestPath = path.join(root, 'dist/sh1-seed-selection/parent-v1.json');
  await mkdir(path.dirname(legacyManifestPath), { recursive: true });
  await writeFile(legacyManifestPath, JSON.stringify(legacy.manifest, null, 2) + '\n');
}
for (const [name, value] of Object.entries({
  mode: selected.mode,
  'full-qualification': process.env.PSC0_SH1_FULL_QUALIFICATION === 'true',
  'node-version': selected.nodeVersion,
  'source-ref': selected.sourceRef,
  'compiler-path': selected.compilerPath,
  'cache-key': selected.cacheKey,
  'cache-directory': selected.cacheDirectory,
  'artifact-run-id': selected.artifactRunId,
  'artifact-name': selected.artifactName,
  'recovery-typescript-version': selected.recoveryTypeScriptVersion,
  'has-parent': Boolean(selected.parent),
  'legacy-source-ref': legacy?.sourceRef ?? '',
  'legacy-compiler-path': legacy?.compilerPath ?? '',
  'legacy-cache-key': legacy?.cacheKey ?? '',
  'legacy-cache-directory': legacy?.cacheDirectory ?? '',
  'legacy-artifact-run-id': legacy?.artifactRunId ?? '',
  'legacy-artifact-name': legacy?.artifactName ?? '',
  'legacy-manifest-path': legacyManifestPath,
})) core.setOutput(name, value);

2026-10-09T14:05:01.5302706Z   github-token: ***
2026-10-09T14:05:01.5302901Z   debug: false
2026-10-09T14:05:01.5303088Z   user-agent: actions/github-script
2026-10-09T14:05:01.5303305Z   result-encoding: json
2026-10-09T14:05:01.5303483Z   retries: 0
2026-10-09T14:05:01.5303685Z   retry-exempt-status-codes: 400,401,403,404,422
2026-10-09T14:05:01.5303926Z env:
2026-10-09T14:05:01.5304094Z   PSC0_SH1_FULL_QUALIFICATION: true
2026-10-09T14:05:01.5304301Z ##[endgroup]
2026-10-09T14:05:01.6271617Z ##[group]Run actions/setup-node@v4
2026-10-09T14:05:01.6271854Z with:
2026-10-09T14:05:01.6272020Z   node-version: 22.23.3
2026-10-09T14:05:01.6272210Z   always-auth: false
2026-10-09T14:05:01.6272397Z   check-latest: false
2026-10-09T14:05:01.6274420Z   token: ***
2026-10-09T14:05:01.6274587Z ##[endgroup]
2026-10-09T14:05:01.7384857Z Found in cache @ /opt/hostedtoolcache/node/22.23.3/x64
2026-10-09T14:05:01.7389192Z (node:2125) [DEP0040] DeprecationWarning: The `punycode` module is deprecated. Please use a userland alternative instead.
2026-10-09T14:05:01.7389922Z (Use `node --trace-deprecation ...` to show where the warning was created)
2026-10-09T14:05:01.7391067Z ##[group]Environment details
2026-10-09T14:05:04.8743261Z node: v22.23.3
2026-10-09T14:05:04.8743573Z npm: 10.9.9
2026-10-09T14:05:04.8743794Z yarn: 1.22.22
2026-10-09T14:05:04.8744548Z ##[endgroup]
2026-10-09T14:05:04.9029780Z ##[group]Run leanprover/lean-action@v1
2026-10-09T14:05:04.9030029Z with:
2026-10-09T14:05:04.9030212Z   lake-package-directory: psc0
2026-10-09T14:05:04.9030417Z   auto-config: false
2026-10-09T14:05:04.9030586Z   build: false
2026-10-09T14:05:04.9030743Z   test: false
2026-10-09T14:05:04.9030908Z   use-github-cache: false
2026-10-09T14:05:04.9031103Z   use-mathlib-cache: false
2026-10-09T14:05:04.9031285Z   lint: default
2026-10-09T14:05:04.9031451Z   mk_all-check: false
2026-10-09T14:05:04.9031644Z   check-reservoir-eligibility: false
2026-10-09T14:05:04.9031860Z   leanchecker: false
2026-10-09T14:05:04.9032036Z   lean4checker: false
2026-10-09T14:05:04.9032203Z   nanoda: false
2026-10-09T14:05:04.9032376Z   nanoda-allow-sorry: true
2026-10-09T14:05:04.9032566Z   axiom-audit: false
2026-10-09T14:05:04.9032797Z   axiom-audit-allow: propext,Classical.choice,Quot.sound
2026-10-09T14:05:04.9033084Z   reinstall-transient-toolchain: false
2026-10-09T14:05:04.9033303Z ##[endgroup]
2026-10-09T14:05:04.9083923Z ##[start-action display=install elan;id=__leanprover_lean-action.__run]
2026-10-09T14:05:04.9113191Z ##[group]Run : Install Elan
2026-10-09T14:05:04.9113478Z [36;1m: Install Elan[0m
2026-10-09T14:05:04.9113726Z [36;1m${GITHUB_ACTION_PATH}/scripts/install_elan.sh[0m
2026-10-09T14:05:04.9373122Z shell: /usr/bin/bash --noprofile --norc -e -o pipefail {0}
2026-10-09T14:05:04.9373421Z ##[endgroup]
2026-10-09T14:05:04.9484197Z ##[group]Elan Installation Output
2026-10-09T14:05:04.9996678Z info: downloading installer
2026-10-09T14:05:06.1662799Z info: downloading https://releases.lean-lang.org/lean4/v4.34.0/lean-4.34.0-linux.tar.zst
2026-10-09T14:05:12.6075116Z info: installing /home/runner/.elan/toolchains/leanprover--lean4---v4.34.0
2026-10-09T14:05:22.4486377Z Lean (version 4.34.0, x86_64-unknown-linux-gnu, commit 293d5d0c0c3f3dded4688b3ccd6a33939ac5102b, Release)
2026-10-09T14:05:22.4847143Z Lake version 5.0.0-src+293d5d0 (Lean version 4.34.0)
2026-10-09T14:05:22.4879716Z ##[endgroup]
2026-10-09T14:05:22.4880386Z 
2026-10-09T14:05:22.5117122Z ##[end-action id=__leanprover_lean-action.__run;outcome=success;conclusion=success;duration_ms=17603]
2026-10-09T14:05:22.5121030Z ##[start-action display=configure `lean-action`;id=__leanprover_lean-action.config]
2026-10-09T14:05:22.5310149Z ##[group]Run : Configure Lean Action
2026-10-09T14:05:22.5310421Z [36;1m: Configure Lean Action[0m
2026-10-09T14:05:22.5310661Z [36;1m${GITHUB_ACTION_PATH}/scripts/config.sh[0m
2026-10-09T14:05:22.5366629Z shell: /usr/bin/bash --noprofile --norc -e -o pipefail {0}
2026-10-09T14:05:22.5366914Z env:
2026-10-09T14:05:22.5367079Z   AUTO_CONFIG: false
2026-10-09T14:05:22.5367258Z   BUILD: false
2026-10-09T14:05:22.5367418Z   TEST: false
2026-10-09T14:05:22.5367574Z   LINT: default
2026-10-09T14:05:22.5367744Z ##[endgroup]
2026-10-09T14:05:22.5460474Z ##[group]Configure lean-action
2026-10-09T14:05:22.5489707Z ##[end-action id=__leanprover_lean-action.config;outcome=success;conclusion=success;duration_ms=36]
2026-10-09T14:05:22.5491574Z ##[start-action display=reinstall transient toolchain;id=__leanprover_lean-action.__run_2]
2026-10-09T14:05:22.5496455Z ##[end-action id=__leanprover_lean-action.__run_2;outcome=skipped;conclusion=skipped;duration_ms=0]
2026-10-09T14:05:22.5498752Z ##[start-action display=ensure all files are imported;id=__leanprover_lean-action.mk_all]
2026-10-09T14:05:22.5501749Z ##[end-action id=__leanprover_lean-action.mk_all;outcome=skipped;conclusion=skipped;duration_ms=0]
2026-10-09T14:05:22.5503908Z ##[start-action display=Run actions/cache/restore@caa296126883cff596d87d8935842f9db880ef25;id=__leanprover_lean-action.__actions_cache]
2026-10-09T14:05:22.5507201Z ##[end-action id=__leanprover_lean-action.__actions_cache;outcome=skipped;conclusion=skipped;duration_ms=0]
2026-10-09T14:05:22.5508713Z ##[start-action display=detect mathlib;id=__leanprover_lean-action.detect-mathlib]
2026-10-09T14:05:22.5511496Z ##[end-action id=__leanprover_lean-action.detect-mathlib;outcome=skipped;conclusion=skipped;duration_ms=0]
2026-10-09T14:05:22.5512874Z ##[start-action display=get mathlib cache;id=__leanprover_lean-action.__run_3]
2026-10-09T14:05:22.5522555Z ##[end-action id=__leanprover_lean-action.__run_3;outcome=skipped;conclusion=skipped;duration_ms=0]
2026-10-09T14:05:22.5543174Z ##[start-action display=build dwijayuda/pskernel;id=__leanprover_lean-action.build]
2026-10-09T14:05:22.5547100Z ##[end-action id=__leanprover_lean-action.build;outcome=skipped;conclusion=skipped;duration_ms=0]
2026-10-09T14:05:22.5548747Z ##[start-action display=Run actions/cache/save@caa296126883cff596d87d8935842f9db880ef25;id=__leanprover_lean-action.__actions_cache_2]
2026-10-09T14:05:22.5551559Z ##[end-action id=__leanprover_lean-action.__actions_cache_2;outcome=skipped;conclusion=skipped;duration_ms=0]
2026-10-09T14:05:22.5553800Z ##[start-action display=test dwijayuda/pskernel;id=__leanprover_lean-action.test]
2026-10-09T14:05:22.5557239Z ##[end-action id=__leanprover_lean-action.test;outcome=skipped;conclusion=skipped;duration_ms=0]
2026-10-09T14:05:22.5559302Z ##[start-action display=lint dwijayuda/pskernel;id=__leanprover_lean-action.lint]
2026-10-09T14:05:22.5562437Z ##[end-action id=__leanprover_lean-action.lint;outcome=skipped;conclusion=skipped;duration_ms=0]
2026-10-09T14:05:22.5563830Z ##[start-action display=check reservoir eligibility;id=__leanprover_lean-action.__run_4]
2026-10-09T14:05:22.5566616Z ##[end-action id=__leanprover_lean-action.__run_4;outcome=skipped;conclusion=skipped;duration_ms=0]
2026-10-09T14:05:22.5568500Z ##[start-action display=check environment with leanchecker;id=__leanprover_lean-action.__run_5]
2026-10-09T14:05:22.5572039Z ##[end-action id=__leanprover_lean-action.__run_5;outcome=skipped;conclusion=skipped;duration_ms=0]
2026-10-09T14:05:22.5573663Z ##[start-action display=check environment with nanoda;id=__leanprover_lean-action.nanoda]
2026-10-09T14:05:22.5576427Z ##[end-action id=__leanprover_lean-action.nanoda;outcome=skipped;conclusion=skipped;duration_ms=0]
2026-10-09T14:05:22.5578268Z ##[start-action display=audit axioms with axiom-audit;id=__leanprover_lean-action.axiom-audit]
2026-10-09T14:05:22.5581045Z ##[end-action id=__leanprover_lean-action.axiom-audit;outcome=skipped;conclusion=skipped;duration_ms=0]
2026-10-09T14:05:22.5710607Z ##[group]Run npm install --prefix "$RUNNER_TEMP/psc0-typescript-7.0.2" --ignore-scripts --save-exact --no-audit --no-fund typescript@7.0.2
2026-10-09T14:05:22.5711641Z [36;1mnpm install --prefix "$RUNNER_TEMP/psc0-typescript-7.0.2" --ignore-scripts --save-exact --no-audit --no-fund typescript@7.0.2[0m
2026-10-09T14:05:22.5712474Z [36;1mnpm install --prefix "$RUNNER_TEMP/psc0-typescript-5.8.3" --ignore-scripts --save-exact --no-audit --no-fund typescript@5.8.3[0m
2026-10-09T14:05:22.5713037Z [36;1mnode --input-type=module <<'NODE'[0m
2026-10-09T14:05:22.5713428Z [36;1mimport assert from 'node:assert/strict';[0m
2026-10-09T14:05:22.5713931Z [36;1mimport { appendFileSync, copyFileSync, mkdirSync, readFileSync, realpathSync } from 'node:fs';[0m
2026-10-09T14:05:22.5714527Z [36;1mimport path from 'node:path';[0m
2026-10-09T14:05:22.5714886Z [36;1mimport { createRequire } from 'node:module';[0m
2026-10-09T14:05:22.5732917Z [36;1mimport { spawnSync } from 'node:child_process';[0m
2026-10-09T14:05:22.5733320Z [36;1mconst require = createRequire(import.meta.url);[0m
2026-10-09T14:05:22.5733711Z [36;1mconst directory = path.resolve('dist/typescript-profile/install');[0m
2026-10-09T14:05:22.5734058Z [36;1mmkdirSync(directory, { recursive: true });[0m
2026-10-09T14:05:22.5734403Z [36;1mfor (const [profile, version] of [['current', '7.0.2'], ['historical', '5.8.3']]) {[0m
2026-10-09T14:05:22.5734846Z [36;1m  const prefix = path.join(process.env.RUNNER_TEMP, 'psc0-typescript-' + version);[0m
2026-10-09T14:05:22.5735333Z [36;1m  const manifestPath = require.resolve('typescript/package.json', { paths: [prefix] });[0m
2026-10-09T14:05:22.5736003Z [36;1m  const manifest = JSON.parse(readFileSync(manifestPath, 'utf8'));[0m
2026-10-09T14:05:22.5736332Z [36;1m  assert.equal(manifest.name, 'typescript');[0m
2026-10-09T14:05:22.5736597Z [36;1m  assert.equal(manifest.version, version);[0m
2026-10-09T14:05:22.5736939Z [36;1m  const bin = typeof manifest.bin === 'string' ? manifest.bin : manifest.bin?.tsc;[0m
2026-10-09T14:05:22.5737333Z [36;1m  assert.equal(typeof bin, 'string', 'PSC0_TYPESCRIPT_BIN_METADATA');[0m
2026-10-09T14:05:22.5737757Z [36;1m  const launcher = realpathSync(path.resolve(path.dirname(manifestPath), bin));[0m
2026-10-09T14:05:22.5738220Z [36;1m  const result = spawnSync(process.execPath, [launcher, '--version'], { encoding: 'utf8' });[0m
2026-10-09T14:05:22.5738600Z [36;1m  assert.equal(result.status, 0, result.stderr);[0m
2026-10-09T14:05:22.5738901Z [36;1m  assert.equal(result.stdout.trim(), 'Version ' + version);[0m
2026-10-09T14:05:22.5739282Z [36;1m  appendFileSync(process.env.GITHUB_OUTPUT, profile + '-cli=' + launcher + '\n');[0m
2026-10-09T14:05:22.5739797Z [36;1m  copyFileSync(path.join(prefix, 'package-lock.json'), path.join(directory, profile + '-package-lock.json'));[0m
2026-10-09T14:05:22.5740306Z [36;1m  copyFileSync(manifestPath, path.join(directory, profile + '-package.json'));[0m
2026-10-09T14:05:22.5740649Z [36;1m  if (profile === 'current') {[0m
2026-10-09T14:05:22.5741057Z [36;1m    appendFileSync(process.env.GITHUB_ENV, 'PSC0_TSC=' + launcher + '\nPSC0_TYPESCRIPT_VERSION=' + version + '\n');[0m
2026-10-09T14:05:22.5743007Z [36;1m  } else {[0m
2026-10-09T14:05:22.5743499Z [36;1m    appendFileSync(process.env.GITHUB_OUTPUT, 'historical-path=' + path.join(prefix, 'node_modules/.bin') + path.delimiter + process.env.PATH + '\n');[0m
2026-10-09T14:05:22.5744017Z [36;1m  }[0m
2026-10-09T14:05:22.5744171Z [36;1m}[0m
2026-10-09T14:05:22.5744321Z [36;1mNODE[0m
2026-10-09T14:05:22.5799827Z shell: /usr/bin/bash --noprofile --norc -e -o pipefail {0}
2026-10-09T14:05:22.5800116Z ##[endgroup]
2026-10-09T14:05:27.3236302Z 
2026-10-09T14:05:27.3238673Z added 2 packages in 5s
2026-10-09T14:05:28.0465103Z 
2026-10-09T14:05:28.0466281Z added 1 package in 645ms
2026-10-09T14:05:28.2561569Z ##[group]Run node scripts/check-typescript-profile.mjs --out dist/typescript-profile/contract
2026-10-09T14:05:28.2562115Z [36;1mnode scripts/check-typescript-profile.mjs --out dist/typescript-profile/contract[0m
2026-10-09T14:05:28.2618183Z shell: /usr/bin/bash -e {0}
2026-10-09T14:05:28.2618394Z env:
2026-10-09T14:05:28.2618689Z   PSC0_TSC: /home/runner/work/_temp/psc0-typescript-7.0.2/node_modules/typescript/bin/tsc
2026-10-09T14:05:28.2619056Z   PSC0_TYPESCRIPT_VERSION: 7.0.2
2026-10-09T14:05:28.2619265Z ##[endgroup]
2026-10-09T14:05:28.7832285Z PSC0_TYPESCRIPT_PROFILE: PASS {"mode":"installed-profile-contract","report":"/home/runner/work/pskernel/pskernel/psc0/dist/typescript-profile/contract/report.json","timings":[{"phase":"positional-source-with-unrelated-config","version":"7.0.2","elapsedMs":65.40339799999998}]}
2026-10-09T14:05:28.8868108Z ##[group]Run node --check scripts/typescript-cli.mjs
2026-10-09T14:05:28.8868984Z [36;1mnode --check scripts/typescript-cli.mjs[0m
2026-10-09T14:05:28.8869429Z [36;1mnode --check scripts/check-typescript-profile.mjs[0m
2026-10-09T14:05:28.8869837Z [36;1mnode --check scripts/native-typescript-cli.test.mjs[0m
2026-10-09T14:05:28.8870328Z [36;1mnode scripts/check-native-replay-host-source.mjs[0m
2026-10-09T14:05:28.8870746Z [36;1mnode --check scripts/sh1-qualify.mjs[0m
2026-10-09T14:05:28.8871143Z [36;1mnode --check scripts/sh1-capabilities.mjs[0m
2026-10-09T14:05:28.8871551Z [36;1mnode --check scripts/sh1-check-admissions.mjs[0m
2026-10-09T14:05:28.8871938Z [36;1mnode --check scripts/generated-preparation-session.mjs[0m
2026-10-09T14:05:28.8872403Z [36;1mnode --check scripts/original-ir-inventory.mjs[0m
2026-10-09T14:05:28.8872777Z [36;1mnode --check scripts/original-ir-carrier.mjs[0m
2026-10-09T14:05:28.8873308Z [36;1mnode --check scripts/sh1-ir-checker-conformance.mjs[0m
2026-10-09T14:05:28.8873726Z [36;1mnode --check scripts/sh1-source-snapshot.mjs[0m
2026-10-09T14:05:28.8874118Z [36;1mnode --check scripts/sh1-seed-manifest.mjs[0m
2026-10-09T14:05:28.8874553Z [36;1mnode --check scripts/sh1-grammar-conformance.mjs[0m
2026-10-09T14:05:28.8874942Z [36;1mnode --check scripts/sh1-fresh-name-conformance.mjs[0m
2026-10-09T14:05:28.8875445Z [36;1mnode --check scripts/sh1-migration-worker-conformance.mjs[0m
2026-10-09T14:05:28.8876048Z [36;1mnode --check scripts/sh1-migration-worker-abi.mjs[0m
2026-10-09T14:05:28.8876473Z [36;1mnode --check scripts/sh1-projection-conformance.mjs[0m
2026-10-09T14:05:28.8876864Z [36;1mnode --check scripts/sh1-successor-seed.mjs[0m
2026-10-09T14:05:28.8877233Z [36;1mnode --check scripts/sh1-successor-seed.test.mjs[0m
2026-10-09T14:05:28.8877726Z [36;1mnode --check scripts/proofscript-source.mjs[0m
2026-10-09T14:05:28.8878110Z [36;1mnode --check scripts/proofscript-source.test.mjs[0m
2026-10-09T14:05:28.8878546Z [36;1mnode --check scripts/checked-source-snapshot.mjs[0m
2026-10-09T14:05:28.8878974Z [36;1mnode --check scripts/checked-source-snapshot.test.mjs[0m
2026-10-09T14:05:28.8879398Z [36;1mnode --check scripts/checked-seed-session.test.mjs[0m
2026-10-09T14:05:28.8879841Z [36;1mnode --check scripts/checked-build.mjs[0m
2026-10-09T14:05:28.8880205Z [36;1mnode --check scripts/checked-build.test.mjs[0m
2026-10-09T14:05:28.8880671Z [36;1mnode --check scripts/checked-algebraic-build.test.mjs[0m
2026-10-09T14:05:28.8881088Z [36;1mnode --check scripts/checked-enum-build.test.mjs[0m
2026-10-09T14:05:28.8881495Z [36;1mnode --check scripts/checked-projection-build.test.mjs[0m
2026-10-09T14:05:28.8881959Z [36;1mnode --check scripts/checked-sum-build.test.mjs[0m
2026-10-09T14:05:28.8882352Z [36;1mnode --check scripts/checked-text-build.test.mjs[0m
2026-10-09T14:05:28.8882761Z [36;1mnode --check scripts/selfhost-source-workspace.mjs[0m
2026-10-09T14:05:28.8883243Z [36;1mnode --check scripts/selfhost-source-isolation-tests.mjs[0m
2026-10-09T14:05:28.8883717Z [36;1mnode --check scripts/native-workspace-isolation.test.mjs[0m
2026-10-09T14:05:28.8884388Z [36;1mnode --check scripts/compile-with-generated.mjs[0m
2026-10-09T14:05:28.8884794Z [36;1mnode --check scripts/emit-project-with-generated.mjs[0m
2026-10-09T14:05:28.8885201Z [36;1mnode --check scripts/reemit-project-with-generated.mjs[0m
2026-10-09T14:05:28.8885794Z [36;1mnode --check scripts/translate-with-generated.mjs[0m
2026-10-09T14:05:28.8886235Z [36;1mnode --check scripts/check-elab-term-selfhost-source-syntax.mjs[0m
2026-10-09T14:05:28.8886761Z [36;1mnode --check scripts/check-proofscript-binder-replay-source.mjs[0m
2026-10-09T14:05:28.8887273Z [36;1mnode scripts/check-elab-term-selfhost-source-syntax.mjs[0m
2026-10-09T14:05:28.8887683Z [36;1mnode scripts/check-proofscript-binder-replay-source.mjs[0m
2026-10-09T14:05:28.8888118Z [36;1mnode --check scripts/sh1-iterate.mjs[0m
2026-10-09T14:05:28.8888671Z [36;1mnode --check scripts/sh1-iteration-conformance.mjs[0m
2026-10-09T14:05:28.8889092Z [36;1mnode --check scripts/sh1-foundation-conformance.mjs[0m
2026-10-09T14:05:28.8889503Z [36;1mnode --check scripts/sh1-helper-conformance.mjs[0m
2026-10-09T14:05:28.8889906Z [36;1mnode --check scripts/sh1-generic-erasure-conformance.mjs[0m
2026-10-09T14:05:28.8890358Z [36;1mnode check-psc1-source.mjs[0m
2026-10-09T14:05:28.8890737Z [36;1mnode scripts/bootstrap-root-minimality-tests.mjs[0m
2026-10-09T14:05:28.8891161Z [36;1mnode scripts/check-modular-preparation-source.mjs[0m
2026-10-09T14:05:28.8949010Z shell: /usr/bin/bash -e {0}
2026-10-09T14:05:28.8949419Z env:
2026-10-09T14:05:28.8949846Z   PSC0_TSC: /home/runner/work/_temp/psc0-typescript-7.0.2/node_modules/typescript/bin/tsc
2026-10-09T14:05:28.8950340Z   PSC0_TYPESCRIPT_VERSION: 7.0.2
2026-10-09T14:05:28.8950664Z ##[endgroup]
2026-10-09T14:05:29.0747992Z PSC2_NATIVE_REPLAY_HOST_SOURCE: PASS (installed TypeScript profiles, exact payload transport and emission integrity)
2026-10-09T14:05:29.8236931Z PSC2_ELAB_TERM_SELFHOST_SOURCE_SYNTAX: PASS (invariant-safe projection, typed-binder accumulation and typed-binder closing recursion, typed projection-reference match, explicit projection-reference expectation, explicit character conversion, explicit typed-binder expectation, local list length, and explicit Option constructors)
2026-10-09T14:05:29.8487885Z PSC2_PROOFSCRIPT_BINDER_REPLAY_SOURCE: PASS (decreasing type parser, nested binders and generated workspace boundary)
2026-10-09T14:05:30.0425935Z PSC1_SOURCE_PROFILE: PASS (bootstrap; 66 portable modules across 12 source roots)
2026-10-09T14:05:30.1056742Z PSC2_BOOTSTRAP_ROOT_MINIMALITY: PASS (1 direct imports; 61 ordered closure modules; compiler-only=61)
2026-10-09T14:05:30.1370242Z PSC2_MODULAR_PREPARATION_SOURCE: PASS (ordered shared environment, combined admission and unchanged kernel gate)
2026-10-09T14:05:30.1530279Z ##[group]Run node --test scripts/sh1-successor-seed.test.mjs
2026-10-09T14:05:30.1530961Z [36;1mnode --test scripts/sh1-successor-seed.test.mjs[0m
2026-10-09T14:05:30.1592178Z shell: /usr/bin/bash -e {0}
2026-10-09T14:05:30.1592422Z env:
2026-10-09T14:05:30.1592722Z   PSC0_TSC: /home/runner/work/_temp/psc0-typescript-7.0.2/node_modules/typescript/bin/tsc
2026-10-09T14:05:30.1593101Z   PSC0_TYPESCRIPT_VERSION: 7.0.2
2026-10-09T14:05:30.1593308Z ##[endgroup]
2026-10-09T14:05:30.3278420Z TAP version 13
2026-10-09T14:05:30.6457228Z # PSC0_SH1_SUCCESSOR_CONTRACT: PASS (14 descriptor refusals, generation ancestry, evidence-stable identity, gated selection, cache authentication, unchanged v1 routing)
2026-10-09T14:05:30.6513705Z # Subtest: scripts/sh1-successor-seed.test.mjs
2026-10-09T14:05:30.6519267Z ok 1 - scripts/sh1-successor-seed.test.mjs
2026-10-09T14:05:30.6519753Z   ---
2026-10-09T14:05:30.6520004Z   duration_ms: 326.429395
2026-10-09T14:05:30.6520297Z   type: 'test'
2026-10-09T14:05:30.6520602Z   ...
2026-10-09T14:05:30.6520830Z 1..1
2026-10-09T14:05:30.6521042Z # tests 1
2026-10-09T14:05:30.6522203Z # suites 0
2026-10-09T14:05:30.6522766Z # pass 1
2026-10-09T14:05:30.6524480Z # fail 0
2026-10-09T14:05:30.6524891Z # cancelled 0
2026-10-09T14:05:30.6525462Z # skipped 0
2026-10-09T14:05:30.6525826Z # todo 0
2026-10-09T14:05:30.6527214Z # duration_ms 344.290322
2026-10-09T14:05:30.7311672Z ##[group]Run actions/cache/restore@v4
2026-10-09T14:05:30.7311907Z with:
2026-10-09T14:05:30.7312257Z   path: psc0/.selfhost-seeds/successors/47d88158e075f766f0d146ba3a13b28744c6e196d9844c71f4e52dc7351e2225
2026-10-09T14:05:30.7312813Z   key: psc0-sh1-successor-v1-47d88158e075f766f0d146ba3a13b28744c6e196d9844c71f4e52dc7351e2225
2026-10-09T14:05:30.7313195Z   enableCrossOsArchive: false
2026-10-09T14:05:30.7313400Z   fail-on-cache-miss: false
2026-10-09T14:05:30.7313592Z   lookup-only: false
2026-10-09T14:05:30.7313768Z env:
2026-10-09T14:05:30.7314060Z   PSC0_TSC: /home/runner/work/_temp/psc0-typescript-7.0.2/node_modules/typescript/bin/tsc
2026-10-09T14:05:30.7314411Z   PSC0_TYPESCRIPT_VERSION: 7.0.2
2026-10-09T14:05:30.7314614Z ##[endgroup]
2026-10-09T14:05:30.8149730Z (node:2757) [DEP0040] DeprecationWarning: The `punycode` module is deprecated. Please use a userland alternative instead.
2026-10-09T14:05:30.8150442Z (Use `node --trace-deprecation ...` to show where the warning was created)
2026-10-09T14:05:31.0274365Z Cache hit for: psc0-sh1-successor-v1-47d88158e075f766f0d146ba3a13b28744c6e196d9844c71f4e52dc7351e2225
2026-10-09T14:05:31.0354304Z (node:2757) [DEP0169] DeprecationWarning: `url.parse()` behavior is not standardized and prone to errors that have security implications. Use the WHATWG URL API instead. CVEs are not issued for `url.parse()` vulnerabilities.
2026-10-09T14:05:31.6316737Z Received 487076 of 487076 (100.0%), 1.2 MBs/sec
2026-10-09T14:05:31.6317162Z Cache Size: ~0 MB (487076 B)
2026-10-09T14:05:31.6337299Z [command]/usr/bin/tar -xf /home/runner/work/_temp/4167e7f1-ac0a-4624-91fb-aee35eff4a72/cache.tzst -P -C /home/runner/work/pskernel/pskernel --use-compress-program unzstd
2026-10-09T14:05:31.6465968Z Cache restored successfully
2026-10-09T14:05:31.6525592Z Cache restored from key: psc0-sh1-successor-v1-47d88158e075f766f0d146ba3a13b28744c6e196d9844c71f4e52dc7351e2225
2026-10-09T14:05:31.6886391Z ##[group]Run actions/github-script@v7
2026-10-09T14:05:31.6886646Z with:
2026-10-09T14:05:31.6887672Z   script: const root = process.env.GITHUB_WORKSPACE + '/psc0';
const seeds = await import(root + '/scripts/sh1-successor-seed.mjs');
const selected = await seeds.readSelectedAuthoringSeed();
const valid = selected.mode === 'qualified' && await seeds.verifyAuthoringSeedCache(
  root + '/' + selected.cacheDirectory, selected.manifest);
core.setOutput('qualified-valid', valid);

2026-10-09T14:05:31.6890647Z   github-token: ***
2026-10-09T14:05:31.6890833Z   debug: false
2026-10-09T14:05:31.6891025Z   user-agent: actions/github-script
2026-10-09T14:05:31.6891257Z   result-encoding: json
2026-10-09T14:05:31.6906894Z   retries: 0
2026-10-09T14:05:31.6907181Z   retry-exempt-status-codes: 400,401,403,404,422
2026-10-09T14:05:31.6907521Z env:
2026-10-09T14:05:31.6907930Z   PSC0_TSC: /home/runner/work/_temp/psc0-typescript-7.0.2/node_modules/typescript/bin/tsc
2026-10-09T14:05:31.6908477Z   PSC0_TYPESCRIPT_VERSION: 7.0.2
2026-10-09T14:05:31.6908689Z ##[endgroup]
2026-10-09T14:05:31.8322533Z ##[group]Run actions/github-script@v7
2026-10-09T14:05:31.8322781Z with:
2026-10-09T14:05:31.8324814Z   script: const root = process.env.GITHUB_WORKSPACE + '/psc0';
const seeds = await import(root + '/scripts/sh1-successor-seed.mjs');
const selected = await seeds.readSelectedAuthoringSeed();
const selectedValid = process.env.PSC0_SELECTED_SEED_VALID === 'true';
const legacy = selected.parent ?? (selected.mode === 'qualified' ? selected : null);
const legacyValid = legacy && await seeds.verifyAuthoringSeedCache(
  root + '/' + legacy.cacheDirectory, legacy.manifest);
core.setOutput('qualified-valid', selectedValid);
core.setOutput('needs-historical', !selectedValid && !legacyValid);
core.setOutput('needs-qualified-recovery', !selectedValid && Boolean(legacy) && !legacyValid);
core.setOutput('needs-successor-recovery', !selectedValid && Boolean(selected.parent));

2026-10-09T14:05:31.8329141Z   github-token: ***
2026-10-09T14:05:31.8329333Z   debug: false
2026-10-09T14:05:31.8329560Z   user-agent: actions/github-script
2026-10-09T14:05:31.8329783Z   result-encoding: json
2026-10-09T14:05:31.8329969Z   retries: 0
2026-10-09T14:05:31.8330165Z   retry-exempt-status-codes: 400,401,403,404,422
2026-10-09T14:05:31.8330404Z env:
2026-10-09T14:05:31.8330704Z   PSC0_TSC: /home/runner/work/_temp/psc0-typescript-7.0.2/node_modules/typescript/bin/tsc
2026-10-09T14:05:31.8331056Z   PSC0_TYPESCRIPT_VERSION: 7.0.2
2026-10-09T14:05:31.8331272Z   PSC0_SELECTED_SEED_VALID: true
2026-10-09T14:05:31.8331469Z ##[endgroup]
2026-10-09T14:05:31.9225384Z ##[group]Run node --input-type=module <<'NODE'
2026-10-09T14:05:31.9226024Z [36;1mnode --input-type=module <<'NODE'[0m
2026-10-09T14:05:31.9226421Z [36;1mimport assert from 'node:assert/strict';[0m
2026-10-09T14:05:31.9226825Z [36;1mimport path from 'node:path';[0m
2026-10-09T14:05:31.9227235Z [36;1mimport { spawnSync } from 'node:child_process';[0m
2026-10-09T14:05:31.9227995Z [36;1mimport { readSelectedAuthoringSeed, verifyAuthoringSeedCache } from './scripts/sh1-successor-seed.mjs';[0m
2026-10-09T14:05:31.9228775Z [36;1mconst selected = await readSelectedAuthoringSeed();[0m
2026-10-09T14:05:31.9229517Z [36;1massert(await verifyAuthoringSeedCache(path.resolve(selected.cacheDirectory), selected.manifest),[0m
2026-10-09T14:05:31.9230416Z [36;1m  'PSC0_SH1_SELECTED_CACHE_REQUIRED');[0m
2026-10-09T14:05:31.9231015Z [36;1mconst capture = args => {[0m
2026-10-09T14:05:31.9231611Z [36;1m  const result = spawnSync('lean', args, { encoding: 'utf8' });[0m
2026-10-09T14:05:31.9232210Z [36;1m  assert.equal(result.status, 0, result.stderr);[0m
2026-10-09T14:05:31.9232552Z [36;1m  return result.stdout.trim();[0m
2026-10-09T14:05:31.9232877Z [36;1m};[0m
2026-10-09T14:05:31.9233228Z [36;1mconst { typescript, ...expectedRuntime } = selected.manifest.toolchain;[0m
2026-10-09T14:05:31.9233742Z [36;1massert.equal(typescript, 'Version ' + selected.recoveryTypeScriptVersion);[0m
2026-10-09T14:05:31.9234183Z [36;1massert.deepEqual({[0m
2026-10-09T14:05:31.9234573Z [36;1m  node: process.version, platform: process.platform, architecture: process.arch,[0m
2026-10-09T14:05:31.9235058Z [36;1m  lean: capture(['--version']), leanGitHash: capture(['--githash']),[0m
2026-10-09T14:05:31.9235700Z [36;1m}, expectedRuntime, 'PSC0_SH1_SELECTED_EXECUTION_RUNTIME');[0m
2026-10-09T14:05:31.9236191Z [36;1mNODE[0m
2026-10-09T14:05:31.9309554Z shell: /usr/bin/bash -e {0}
2026-10-09T14:05:31.9309809Z env:
2026-10-09T14:05:31.9310165Z   PSC0_TSC: /home/runner/work/_temp/psc0-typescript-7.0.2/node_modules/typescript/bin/tsc
2026-10-09T14:05:31.9310534Z   PSC0_TYPESCRIPT_VERSION: 7.0.2
2026-10-09T14:05:31.9310742Z ##[endgroup]
2026-10-09T14:05:32.1913931Z ##[group]Run node --input-type=module <<'NODE'
2026-10-09T14:05:32.1914314Z [36;1mnode --input-type=module <<'NODE'[0m
2026-10-09T14:05:32.1914591Z [36;1mimport { readFile } from 'node:fs/promises';[0m
2026-10-09T14:05:32.1914877Z [36;1mconst paths = [[0m
2026-10-09T14:05:32.1915164Z [36;1m  '../qualified-artifact/dist/sh1/C3/original-ir-inventory.json',[0m
2026-10-09T14:05:32.1915728Z [36;1m  'dist/sh1-seed-recovery/C2/original-ir-inventory.json',[0m
2026-10-09T14:05:32.1916018Z [36;1m];[0m
2026-10-09T14:05:32.1916189Z [36;1mlet reported = false;[0m
2026-10-09T14:05:32.1916409Z [36;1mfor (const path of paths) {[0m
2026-10-09T14:05:32.1916628Z [36;1m  let report;[0m
2026-10-09T14:05:32.1916892Z [36;1m  try { report = JSON.parse(await readFile(path, 'utf8')); }[0m
2026-10-09T14:05:32.1917174Z [36;1m  catch (error) {[0m
2026-10-09T14:05:32.1917695Z [36;1m    if (error.code !== 'ENOENT') console.log('PSC0_SH1_IR_DETAIL_UNAVAILABLE: ' + path + ': ' + error.message);[0m
2026-10-09T14:05:32.1918084Z [36;1m    continue;[0m
2026-10-09T14:05:32.1918270Z [36;1m  }[0m
2026-10-09T14:05:32.1918586Z [36;1m  if (report?.kind !== 'psc0-original-ir-inventory' || !Array.isArray(report.findings)) {[0m
2026-10-09T14:05:32.1919239Z [36;1m    console.log('PSC0_SH1_IR_DETAIL_UNAVAILABLE: ' + path + ': unexpected report shape');[0m
2026-10-09T14:05:32.1919583Z [36;1m    continue;[0m
2026-10-09T14:05:32.1919758Z [36;1m  }[0m
2026-10-09T14:05:32.1920067Z [36;1m  const findings = report.findings.filter(item => item?.code === 'call-type-arity');[0m
2026-10-09T14:05:32.1920497Z [36;1m  console.log('PSC0_SH1_IR_DETAIL_COUNTS: ' + JSON.stringify({[0m
2026-10-09T14:05:32.1920935Z [36;1m    path, traversalComplete: report.traversalComplete, findingCounts: report.findingCounts,[0m
2026-10-09T14:05:32.1921488Z [36;1m    printedTypeArityFindings: findings.length, omittedFindingDetails: report.omittedFindingDetails,[0m
2026-10-09T14:05:32.1921878Z [36;1m  }));[0m
2026-10-09T14:05:32.1922207Z [36;1m  for (const finding of findings) console.log('PSC0_SH1_IR_TYPE_ARITY: ' + JSON.stringify(finding));[0m
2026-10-09T14:05:32.1922591Z [36;1m  reported = true;[0m
2026-10-09T14:05:32.1922791Z [36;1m  break;[0m
2026-10-09T14:05:32.1922961Z [36;1m}[0m
2026-10-09T14:05:32.1923429Z [36;1mif (!reported) console.log('PSC0_SH1_IR_DETAIL_SKIP: no readable retained or recovery original-IR report');[0m
2026-10-09T14:05:32.1923823Z [36;1mNODE[0m
2026-10-09T14:05:32.1980209Z shell: /usr/bin/bash -e {0}
2026-10-09T14:05:32.1980432Z env:
2026-10-09T14:05:32.1980752Z   PSC0_TSC: /home/runner/work/_temp/psc0-typescript-7.0.2/node_modules/typescript/bin/tsc
2026-10-09T14:05:32.1981116Z   PSC0_TYPESCRIPT_VERSION: 7.0.2
2026-10-09T14:05:32.1981329Z ##[endgroup]
2026-10-09T14:05:32.3043348Z PSC0_SH1_IR_DETAIL_SKIP: no readable retained or recovery original-IR report
2026-10-09T14:05:32.4621543Z ##[group]Run actions/cache/restore@v4
2026-10-09T14:05:32.4621780Z with:
2026-10-09T14:05:32.4621956Z   path: psc0/.lake/build
2026-10-09T14:05:32.4622538Z   key: psc0-sh1-current-v1-Linux-X64-487dcf7448759e74a8e7f1acfc1dfb6635a4af2bf887cbdec06f60bd08c8ffb3-ts7.0.2-f62c38c890af13b1e8ccb2a4d2650b9c7c6d2d5f
2026-10-09T14:05:32.4623376Z   restore-keys: psc0-sh1-current-v1-Linux-X64-487dcf7448759e74a8e7f1acfc1dfb6635a4af2bf887cbdec06f60bd08c8ffb3-

2026-10-09T14:05:32.4623843Z   enableCrossOsArchive: false
2026-10-09T14:05:32.4624054Z   fail-on-cache-miss: false
2026-10-09T14:05:32.4624251Z   lookup-only: false
2026-10-09T14:05:32.4624431Z env:
2026-10-09T14:05:32.4624718Z   PSC0_TSC: /home/runner/work/_temp/psc0-typescript-7.0.2/node_modules/typescript/bin/tsc
2026-10-09T14:05:32.4625073Z   PSC0_TYPESCRIPT_VERSION: 7.0.2
2026-10-09T14:05:32.4625278Z ##[endgroup]
2026-10-09T14:05:32.5499318Z (node:2851) [DEP0040] DeprecationWarning: The `punycode` module is deprecated. Please use a userland alternative instead.
2026-10-09T14:05:32.5499975Z (Use `node --trace-deprecation ...` to show where the warning was created)
2026-10-09T14:05:32.7528030Z Cache hit for restore-key: psc0-sh1-current-v1-Linux-X64-487dcf7448759e74a8e7f1acfc1dfb6635a4af2bf887cbdec06f60bd08c8ffb3-ts7.0.2-9ee0b1fd38dd1456a187d4675f9027440a989f2d
2026-10-09T14:05:32.7580400Z (node:2851) [DEP0169] DeprecationWarning: `url.parse()` behavior is not standardized and prone to errors that have security implications. Use the WHATWG URL API instead. CVEs are not issued for `url.parse()` vulnerabilities.
2026-10-09T14:05:33.8249737Z Received 20233226 of 20233226 (100.0%), 22.3 MBs/sec
2026-10-09T14:05:33.8250109Z Cache Size: ~19 MB (20233226 B)
2026-10-09T14:05:33.8272804Z [command]/usr/bin/tar -xf /home/runner/work/_temp/5a5c6a21-5dba-4f63-b901-ef80af2c7a84/cache.tzst -P -C /home/runner/work/pskernel/pskernel --use-compress-program unzstd
2026-10-09T14:05:33.9460415Z Cache restored successfully
2026-10-09T14:05:33.9528265Z Cache restored from key: psc0-sh1-current-v1-Linux-X64-487dcf7448759e74a8e7f1acfc1dfb6635a4af2bf887cbdec06f60bd08c8ffb3-ts7.0.2-9ee0b1fd38dd1456a187d4675f9027440a989f2d
2026-10-09T14:05:33.9653450Z ##[group]Run lake build psc1 psc1_ir_check_tests psc1_tests psc1_translation_tests psc1_erasure_tests
2026-10-09T14:05:33.9654023Z [36;1mlake build psc1 psc1_ir_check_tests psc1_tests psc1_translation_tests psc1_erasure_tests[0m
2026-10-09T14:05:33.9710272Z shell: /usr/bin/bash -e {0}
2026-10-09T14:05:33.9710497Z env:
2026-10-09T14:05:33.9710806Z   PSC0_TSC: /home/runner/work/_temp/psc0-typescript-7.0.2/node_modules/typescript/bin/tsc
2026-10-09T14:05:33.9711178Z   PSC0_TYPESCRIPT_VERSION: 7.0.2
2026-10-09T14:05:33.9711397Z ##[endgroup]
2026-10-09T14:05:35.1459005Z ⚠ [3/144] Replayed Ps.Syntax.Cursor
2026-10-09T14:05:35.1459946Z warning: packages/syntax/src/Ps/Syntax/Cursor.lean:51:14: Variable name `head` is not explicitly referenced.
2026-10-09T14:05:35.1460332Z 
2026-10-09T14:05:35.1460792Z Hint: The binding can be removed (if unused) or named `_` (if used implicitly). Alternatively, prefix the name with `_` to silence this warning:
2026-10-09T14:05:35.1461371Z   [apply] _head
2026-10-09T14:05:35.1461483Z 
2026-10-09T14:05:35.1461733Z Note: This linter can be disabled with `set_option linter.unusedVariables false`
2026-10-09T14:05:35.1462351Z warning: packages/syntax/src/Ps/Syntax/Cursor.lean:51:19: Variable name `tail` is not explicitly referenced.
2026-10-09T14:05:35.1462687Z 
2026-10-09T14:05:35.1463125Z Hint: The binding can be removed (if unused) or named `_` (if used implicitly). Alternatively, prefix the name with `_` to silence this warning:
2026-10-09T14:05:35.1463584Z   [apply] _tail
2026-10-09T14:05:35.1463687Z 
2026-10-09T14:05:35.1463932Z Note: This linter can be disabled with `set_option linter.unusedVariables false`
2026-10-09T14:05:35.1464504Z warning: packages/syntax/src/Ps/Syntax/Cursor.lean:56:19: Variable name `rest` is not explicitly referenced.
2026-10-09T14:05:35.1464810Z 
2026-10-09T14:05:35.1465342Z Hint: The binding can be removed (if unused) or named `_` (if used implicitly). Alternatively, prefix the name with `_` to silence this warning:
2026-10-09T14:05:35.1466166Z   [apply] _rest
2026-10-09T14:05:35.1466319Z 
2026-10-09T14:05:35.1466709Z Note: This linter can be disabled with `set_option linter.unusedVariables false`
2026-10-09T14:05:35.1467311Z warning: packages/syntax/src/Ps/Syntax/Cursor.lean:89:14: Variable name `first` is not explicitly referenced.
2026-10-09T14:05:35.1467641Z 
2026-10-09T14:05:35.1468084Z Hint: The binding can be removed (if unused) or named `_` (if used implicitly). Alternatively, prefix the name with `_` to silence this warning:
2026-10-09T14:05:35.1468549Z   [apply] _first
2026-10-09T14:05:35.1468652Z 
2026-10-09T14:05:35.1468895Z Note: This linter can be disabled with `set_option linter.unusedVariables false`
2026-10-09T14:05:35.1469481Z warning: packages/syntax/src/Ps/Syntax/Cursor.lean:92:25: Variable name `tail` is not explicitly referenced.
2026-10-09T14:05:35.1469787Z 
2026-10-09T14:05:35.1470216Z Hint: The binding can be removed (if unused) or named `_` (if used implicitly). Alternatively, prefix the name with `_` to silence this warning:
2026-10-09T14:05:35.1470671Z   [apply] _tail
2026-10-09T14:05:35.1470774Z 
2026-10-09T14:05:35.1471012Z Note: This linter can be disabled with `set_option linter.unusedVariables false`
2026-10-09T14:05:35.1471445Z ⚠ [5/144] Replayed Ps.Syntax.Lexer
2026-10-09T14:05:35.1471942Z warning: packages/syntax/src/Ps/Syntax/Lexer.lean:89:11: Variable name `depth` is not explicitly referenced.
2026-10-09T14:05:35.1472258Z 
2026-10-09T14:05:35.1472725Z Hint: The binding can be removed (if unused) or named `_` (if used implicitly). Alternatively, prefix the name with `_` to silence this warning:
2026-10-09T14:05:35.1473188Z   [apply] _depth
2026-10-09T14:05:35.1473289Z 
2026-10-09T14:05:35.1473535Z Note: This linter can be disabled with `set_option linter.unusedVariables false`
2026-10-09T14:05:35.1474114Z warning: packages/syntax/src/Ps/Syntax/Lexer.lean:89:25: Variable name `remaining` is not explicitly referenced.
2026-10-09T14:05:35.1474427Z 
2026-10-09T14:05:35.1475241Z Hint: The binding can be removed (if unused) or named `_` (if used implicitly). Alternatively, prefix the name with `_` to silence this warning:
2026-10-09T14:05:35.1475827Z   [apply] _remaining
2026-10-09T14:05:35.1475947Z 
2026-10-09T14:05:35.1476329Z Note: This linter can be disabled with `set_option linter.unusedVariables false`
2026-10-09T14:05:35.1476927Z warning: packages/syntax/src/Ps/Syntax/Lexer.lean:406:11: Variable name `remaining` is not explicitly referenced.
2026-10-09T14:05:35.1477250Z 
2026-10-09T14:05:35.1477671Z Hint: The binding can be removed (if unused) or named `_` (if used implicitly). Alternatively, prefix the name with `_` to silence this warning:
2026-10-09T14:05:35.1478128Z   [apply] _remaining
2026-10-09T14:05:35.1478243Z 
2026-10-09T14:05:35.1478470Z Note: This linter can be disabled with `set_option linter.unusedVariables false`
2026-10-09T14:05:35.1479042Z warning: packages/syntax/src/Ps/Syntax/Lexer.lean:406:82: Variable name `charsRev` is not explicitly referenced.
2026-10-09T14:05:35.1479363Z 
2026-10-09T14:05:35.1479803Z Hint: The binding can be removed (if unused) or named `_` (if used implicitly). Alternatively, prefix the name with `_` to silence this warning:
2026-10-09T14:05:35.1480258Z   [apply] _charsRev
2026-10-09T14:05:35.1480373Z 
2026-10-09T14:05:35.1480594Z Note: This linter can be disabled with `set_option linter.unusedVariables false`
2026-10-09T14:05:35.1480999Z ⚠ [8/144] Replayed Ps.Syntax.ParserState
2026-10-09T14:05:35.1481521Z warning: packages/syntax/src/Ps/Syntax/ParserState.lean:30:20: Variable name `rest` is not explicitly referenced.
2026-10-09T14:05:35.1481852Z 
2026-10-09T14:05:35.1482279Z Hint: The binding can be removed (if unused) or named `_` (if used implicitly). Alternatively, prefix the name with `_` to silence this warning:
2026-10-09T14:05:35.1482728Z   [apply] _rest
2026-10-09T14:05:35.1482832Z 
2026-10-09T14:05:35.1483063Z Note: This linter can be disabled with `set_option linter.unusedVariables false`
2026-10-09T14:05:35.1483441Z ⚠ [20/144] Replayed Ps.Core.Abstract
2026-10-09T14:05:35.1483933Z warning: packages/core/src/Ps/Core/Abstract.lean:8:11: Variable name `depth` is not explicitly referenced.
2026-10-09T14:05:35.1484244Z 
2026-10-09T14:05:35.1484655Z Hint: The binding can be removed (if unused) or named `_` (if used implicitly). Alternatively, prefix the name with `_` to silence this warning:
2026-10-09T14:05:35.1485107Z   [apply] _depth
2026-10-09T14:05:35.1485215Z 
2026-10-09T14:05:35.1485445Z Note: This linter can be disabled with `set_option linter.unusedVariables false`
2026-10-09T14:05:35.1486204Z warning: packages/core/src/Ps/Core/Abstract.lean:16:11: Variable name `depth` is not explicitly referenced.
2026-10-09T14:05:35.1486518Z 
2026-10-09T14:05:35.1486921Z Hint: The binding can be removed (if unused) or named `_` (if used implicitly). Alternatively, prefix the name with `_` to silence this warning:
2026-10-09T14:05:35.1487369Z   [apply] _depth
2026-10-09T14:05:35.1487473Z 
2026-10-09T14:05:35.1487704Z Note: This linter can be disabled with `set_option linter.unusedVariables false`
2026-10-09T14:05:35.1488284Z warning: packages/core/src/Ps/Core/Abstract.lean:18:11: Variable name `depth` is not explicitly referenced.
2026-10-09T14:05:35.1488602Z 
2026-10-09T14:05:35.1489032Z Hint: The binding can be removed (if unused) or named `_` (if used implicitly). Alternatively, prefix the name with `_` to silence this warning:
2026-10-09T14:05:35.1489489Z   [apply] _depth
2026-10-09T14:05:35.1489590Z 
2026-10-09T14:05:35.1489818Z Note: This linter can be disabled with `set_option linter.unusedVariables false`
2026-10-09T14:05:35.1490376Z warning: packages/core/src/Ps/Core/Abstract.lean:20:11: Variable name `depth` is not explicitly referenced.
2026-10-09T14:05:35.1490681Z 
2026-10-09T14:05:35.1491085Z Hint: The binding can be removed (if unused) or named `_` (if used implicitly). Alternatively, prefix the name with `_` to silence this warning:
2026-10-09T14:05:35.1491535Z   [apply] _depth
2026-10-09T14:05:35.1491634Z 
2026-10-09T14:05:35.1491986Z Note: This linter can be disabled with `set_option linter.unusedVariables false`
2026-10-09T14:05:35.1492566Z warning: packages/core/src/Ps/Core/Abstract.lean:66:11: Variable name `depth` is not explicitly referenced.
2026-10-09T14:05:35.1492981Z 
2026-10-09T14:05:35.1493402Z Hint: The binding can be removed (if unused) or named `_` (if used implicitly). Alternatively, prefix the name with `_` to silence this warning:
2026-10-09T14:05:35.1493851Z   [apply] _depth
2026-10-09T14:05:35.1493953Z 
2026-10-09T14:05:35.1494184Z Note: This linter can be disabled with `set_option linter.unusedVariables false`
2026-10-09T14:05:35.1494592Z ⚠ [21/144] Replayed Ps.Core.Subst
2026-10-09T14:05:35.1495103Z warning: packages/core/src/Ps/Core/Subst.lean:14:11: Variable name `cutoff` is not explicitly referenced.
2026-10-09T14:05:35.1495446Z 
2026-10-09T14:05:35.1496055Z Hint: The binding can be removed (if unused) or named `_` (if used implicitly). Alternatively, prefix the name with `_` to silence this warning:
2026-10-09T14:05:35.1496526Z   [apply] _cutoff
2026-10-09T14:05:35.1496632Z 
2026-10-09T14:05:35.1496868Z Note: This linter can be disabled with `set_option linter.unusedVariables false`
2026-10-09T14:05:35.1497413Z warning: packages/core/src/Ps/Core/Subst.lean:16:11: Variable name `cutoff` is not explicitly referenced.
2026-10-09T14:05:35.1497710Z 
2026-10-09T14:05:35.1498128Z Hint: The binding can be removed (if unused) or named `_` (if used implicitly). Alternatively, prefix the name with `_` to silence this warning:
2026-10-09T14:05:35.1498574Z   [apply] _cutoff
2026-10-09T14:05:35.1498675Z 
2026-10-09T14:05:35.1498911Z Note: This linter can be disabled with `set_option linter.unusedVariables false`
2026-10-09T14:05:35.1499451Z warning: packages/core/src/Ps/Core/Subst.lean:18:11: Variable name `cutoff` is not explicitly referenced.
2026-10-09T14:05:35.1499747Z 
2026-10-09T14:05:35.1500149Z Hint: The binding can be removed (if unused) or named `_` (if used implicitly). Alternatively, prefix the name with `_` to silence this warning:
2026-10-09T14:05:35.1500596Z   [apply] _cutoff
2026-10-09T14:05:35.1500698Z 
2026-10-09T14:05:35.1500920Z Note: This linter can be disabled with `set_option linter.unusedVariables false`
2026-10-09T14:05:35.1501455Z warning: packages/core/src/Ps/Core/Subst.lean:20:11: Variable name `cutoff` is not explicitly referenced.
2026-10-09T14:05:35.1501749Z 
2026-10-09T14:05:35.1502149Z Hint: The binding can be removed (if unused) or named `_` (if used implicitly). Alternatively, prefix the name with `_` to silence this warning:
2026-10-09T14:05:35.1502587Z   [apply] _cutoff
2026-10-09T14:05:35.1502755Z 
2026-10-09T14:05:35.1502979Z Note: This linter can be disabled with `set_option linter.unusedVariables false`
2026-10-09T14:05:35.1503514Z warning: packages/core/src/Ps/Core/Subst.lean:66:11: Variable name `cutoff` is not explicitly referenced.
2026-10-09T14:05:35.1503804Z 
2026-10-09T14:05:35.1504205Z Hint: The binding can be removed (if unused) or named `_` (if used implicitly). Alternatively, prefix the name with `_` to silence this warning:
2026-10-09T14:05:35.1504647Z   [apply] _cutoff
2026-10-09T14:05:35.1504747Z 
2026-10-09T14:05:35.1504970Z Note: This linter can be disabled with `set_option linter.unusedVariables false`
2026-10-09T14:05:35.1505659Z warning: packages/core/src/Ps/Core/Subst.lean:94:11: Variable name `depth` is not explicitly referenced.
2026-10-09T14:05:35.1505988Z 
2026-10-09T14:05:35.1506395Z Hint: The binding can be removed (if unused) or named `_` (if used implicitly). Alternatively, prefix the name with `_` to silence this warning:
2026-10-09T14:05:35.1506845Z   [apply] _depth
2026-10-09T14:05:35.1506950Z 
2026-10-09T14:05:35.1507176Z Note: This linter can be disabled with `set_option linter.unusedVariables false`
2026-10-09T14:05:35.1507708Z warning: packages/core/src/Ps/Core/Subst.lean:96:11: Variable name `depth` is not explicitly referenced.
2026-10-09T14:05:35.1507998Z 
2026-10-09T14:05:35.1508548Z Hint: The binding can be removed (if unused) or named `_` (if used implicitly). Alternatively, prefix the name with `_` to silence this warning:
2026-10-09T14:05:35.1509021Z   [apply] _depth
2026-10-09T14:05:35.1509126Z 
2026-10-09T14:05:35.1509362Z Note: This linter can be disabled with `set_option linter.unusedVariables false`
2026-10-09T14:05:35.1510037Z warning: packages/core/src/Ps/Core/Subst.lean:98:11: Variable name `depth` is not explicitly referenced.
2026-10-09T14:05:35.1510340Z 
2026-10-09T14:05:35.1510760Z Hint: The binding can be removed (if unused) or named `_` (if used implicitly). Alternatively, prefix the name with `_` to silence this warning:
2026-10-09T14:05:35.1511212Z   [apply] _depth
2026-10-09T14:05:35.1511322Z 
2026-10-09T14:05:35.1511557Z Note: This linter can be disabled with `set_option linter.unusedVariables false`
2026-10-09T14:05:35.1512109Z warning: packages/core/src/Ps/Core/Subst.lean:100:11: Variable name `depth` is not explicitly referenced.
2026-10-09T14:05:35.1512407Z 
2026-10-09T14:05:35.1512825Z Hint: The binding can be removed (if unused) or named `_` (if used implicitly). Alternatively, prefix the name with `_` to silence this warning:
2026-10-09T14:05:35.1513279Z   [apply] _depth
2026-10-09T14:05:35.1513384Z 
2026-10-09T14:05:35.1513612Z Note: This linter can be disabled with `set_option linter.unusedVariables false`
2026-10-09T14:05:35.1514168Z warning: packages/core/src/Ps/Core/Subst.lean:146:11: Variable name `depth` is not explicitly referenced.
2026-10-09T14:05:35.1514469Z 
2026-10-09T14:05:35.1514880Z Hint: The binding can be removed (if unused) or named `_` (if used implicitly). Alternatively, prefix the name with `_` to silence this warning:
2026-10-09T14:05:35.1515319Z   [apply] _depth
2026-10-09T14:05:35.1515425Z 
2026-10-09T14:05:35.1515754Z Note: This linter can be disabled with `set_option linter.unusedVariables false`
2026-10-09T14:05:35.1516184Z ⚠ [32/144] Replayed Ps.Core.LevelSubst
2026-10-09T14:05:35.1516687Z warning: packages/core/src/Ps/Core/LevelSubst.lean:8:11: Variable name `arguments` is not explicitly referenced.
2026-10-09T14:05:35.1517017Z 
2026-10-09T14:05:35.1517459Z Hint: The binding can be removed (if unused) or named `_` (if used implicitly). Alternatively, prefix the name with `_` to silence this warning:
2026-10-09T14:05:35.1517918Z   [apply] _arguments
2026-10-09T14:05:35.1518035Z 
2026-10-09T14:05:35.1518272Z Note: This linter can be disabled with `set_option linter.unusedVariables false`
2026-10-09T14:05:35.1518839Z warning: packages/core/src/Ps/Core/LevelSubst.lean:9:13: Variable name `target` is not explicitly referenced.
2026-10-09T14:05:35.1519155Z 
2026-10-09T14:05:35.1519571Z Hint: The binding can be removed (if unused) or named `_` (if used implicitly). Alternatively, prefix the name with `_` to silence this warning:
2026-10-09T14:05:35.1520023Z   [apply] _target
2026-10-09T14:05:35.1520125Z 
2026-10-09T14:05:35.1520358Z Note: This linter can be disabled with `set_option linter.unusedVariables false`
2026-10-09T14:05:35.1520755Z ⚠ [33/144] Replayed Ps.Meta.LevelContext
2026-10-09T14:05:35.1521267Z warning: packages/meta/src/Ps/Meta/LevelContext.lean:59:4: Variable name `assignment` is not explicitly referenced.
2026-10-09T14:05:35.1521601Z 
2026-10-09T14:05:35.1522015Z Hint: The binding can be removed (if unused) or named `_` (if used implicitly). Alternatively, prefix the name with `_` to silence this warning:
2026-10-09T14:05:35.1522470Z   [apply] _assignment
2026-10-09T14:05:35.1522585Z 
2026-10-09T14:05:35.1522817Z Note: This linter can be disabled with `set_option linter.unusedVariables false`
2026-10-09T14:05:35.1523195Z ⚠ [38/144] Replayed Ps.Meta.Unify
2026-10-09T14:05:35.1523660Z warning: packages/meta/src/Ps/Meta/Unify.lean:90:11: Variable name `environment` is not explicitly referenced.
2026-10-09T14:05:35.1523973Z 
2026-10-09T14:05:35.1524382Z Hint: The binding can be removed (if unused) or named `_` (if used implicitly). Alternatively, prefix the name with `_` to silence this warning:
2026-10-09T14:05:35.1524830Z   [apply] _environment
2026-10-09T14:05:35.1524944Z 
2026-10-09T14:05:35.1525290Z Note: This linter can be disabled with `set_option linter.unusedVariables false`
2026-10-09T14:05:35.1525958Z warning: packages/meta/src/Ps/Meta/Unify.lean:91:11: Variable name `localContext` is not explicitly referenced.
2026-10-09T14:05:35.1526377Z 
2026-10-09T14:05:35.1526801Z Hint: The binding can be removed (if unused) or named `_` (if used implicitly). Alternatively, prefix the name with `_` to silence this warning:
2026-10-09T14:05:35.1527258Z   [apply] _localContext
2026-10-09T14:05:35.1527375Z 
2026-10-09T14:05:35.1527609Z Note: This linter can be disabled with `set_option linter.unusedVariables false`
2026-10-09T14:05:35.1528151Z warning: packages/meta/src/Ps/Meta/Unify.lean:93:11: Variable name `left` is not explicitly referenced.
2026-10-09T14:05:35.1528442Z 
2026-10-09T14:05:35.1528855Z Hint: The binding can be removed (if unused) or named `_` (if used implicitly). Alternatively, prefix the name with `_` to silence this warning:
2026-10-09T14:05:35.1529304Z   [apply] _left
2026-10-09T14:05:35.1529406Z 
2026-10-09T14:05:35.1529642Z Note: This linter can be disabled with `set_option linter.unusedVariables false`
2026-10-09T14:05:35.1530184Z warning: packages/meta/src/Ps/Meta/Unify.lean:94:11: Variable name `right` is not explicitly referenced.
2026-10-09T14:05:35.1530482Z 
2026-10-09T14:05:35.1530891Z Hint: The binding can be removed (if unused) or named `_` (if used implicitly). Alternatively, prefix the name with `_` to silence this warning:
2026-10-09T14:05:35.1531334Z   [apply] _right
2026-10-09T14:05:35.1531435Z 
2026-10-09T14:05:35.1531665Z Note: This linter can be disabled with `set_option linter.unusedVariables false`
2026-10-09T14:05:35.1532230Z warning: packages/meta/src/Ps/Meta/Unify.lean:178:17: Variable name `leftName` is not explicitly referenced.
2026-10-09T14:05:35.1532530Z 
2026-10-09T14:05:35.1532939Z Hint: The binding can be removed (if unused) or named `_` (if used implicitly). Alternatively, prefix the name with `_` to silence this warning:
2026-10-09T14:05:35.1533421Z   [apply] _leftName
2026-10-09T14:05:35.1533531Z 
2026-10-09T14:05:35.1533768Z Note: This linter can be disabled with `set_option linter.unusedVariables false`
2026-10-09T14:05:35.1534325Z warning: packages/meta/src/Ps/Meta/Unify.lean:207:21: Variable name `leftName` is not explicitly referenced.
2026-10-09T14:05:35.1534629Z 
2026-10-09T14:05:35.1535313Z Hint: The binding can be removed (if unused) or named `_` (if used implicitly). Alternatively, prefix the name with `_` to silence this warning:
2026-10-09T14:05:35.1536427Z   [apply] _leftName
2026-10-09T14:05:35.1536641Z 
2026-10-09T14:05:35.1537092Z Note: This linter can be disabled with `set_option linter.unusedVariables false`
2026-10-09T14:05:35.1537906Z ⚠ [41/144] Replayed Ps.Elab.Literal
2026-10-09T14:05:35.1538757Z warning: packages/elab/src/Ps/Elab/Literal.lean:166:11: Variable name `chars` is not explicitly referenced.
2026-10-09T14:05:35.1539364Z 
2026-10-09T14:05:35.1540212Z Hint: The binding can be removed (if unused) or named `_` (if used implicitly). Alternatively, prefix the name with `_` to silence this warning:
2026-10-09T14:05:35.1540927Z   [apply] _chars
2026-10-09T14:05:35.1541062Z 
2026-10-09T14:05:35.1541297Z Note: This linter can be disabled with `set_option linter.unusedVariables false`
2026-10-09T14:05:35.1541865Z warning: packages/elab/src/Ps/Elab/Literal.lean:167:13: Variable name `charsRev` is not explicitly referenced.
2026-10-09T14:05:35.1542174Z 
2026-10-09T14:05:35.1542582Z Hint: The binding can be removed (if unused) or named `_` (if used implicitly). Alternatively, prefix the name with `_` to silence this warning:
2026-10-09T14:05:35.1543035Z   [apply] _charsRev
2026-10-09T14:05:35.1543141Z 
2026-10-09T14:05:35.1543377Z Note: This linter can be disabled with `set_option linter.unusedVariables false`
2026-10-09T14:05:35.1543767Z ⚠ [42/144] Replayed Ps.Elab.Term
2026-10-09T14:05:35.1544225Z warning: packages/elab/src/Ps/Elab/Term.lean:2781:11: Variable name `context` is not explicitly referenced.
2026-10-09T14:05:35.1544522Z 
2026-10-09T14:05:35.1545064Z Hint: The binding can be removed (if unused) or named `_` (if used implicitly). Alternatively, prefix the name with `_` to silence this warning:
2026-10-09T14:05:35.1545683Z   [apply] _context
2026-10-09T14:05:35.1545803Z 
2026-10-09T14:05:35.1546146Z Note: This linter can be disabled with `set_option linter.unusedVariables false`
2026-10-09T14:05:35.1546713Z warning: packages/elab/src/Ps/Elab/Term.lean:2782:13: Variable name `recursion` is not explicitly referenced.
2026-10-09T14:05:35.1547016Z 
2026-10-09T14:05:35.1547434Z Hint: The binding can be removed (if unused) or named `_` (if used implicitly). Alternatively, prefix the name with `_` to silence this warning:
2026-10-09T14:05:35.1547886Z   [apply] _recursion
2026-10-09T14:05:35.1547995Z 
2026-10-09T14:05:35.1548227Z Note: This linter can be disabled with `set_option linter.unusedVariables false`
2026-10-09T14:05:35.1548776Z warning: packages/elab/src/Ps/Elab/Term.lean:2783:15: Variable name `index` is not explicitly referenced.
2026-10-09T14:05:35.1549075Z 
2026-10-09T14:05:35.1549483Z Hint: The binding can be removed (if unused) or named `_` (if used implicitly). Alternatively, prefix the name with `_` to silence this warning:
2026-10-09T14:05:35.1549926Z   [apply] _index
2026-10-09T14:05:35.1550036Z 
2026-10-09T14:05:35.1550261Z Note: This linter can be disabled with `set_option linter.unusedVariables false`
2026-10-09T14:05:35.1550659Z ⚠ [47/144] Replayed Ps.Erasure.Expr
2026-10-09T14:05:35.1551144Z warning: packages/erasure/src/Ps/Erasure/Expr.lean:726:21: Variable name `name` is not explicitly referenced.
2026-10-09T14:05:35.1551461Z 
2026-10-09T14:05:35.1551886Z Hint: The binding can be removed (if unused) or named `_` (if used implicitly). Alternatively, prefix the name with `_` to silence this warning:
2026-10-09T14:05:35.1552609Z   [apply] _name
2026-10-09T14:05:35.1552750Z 
2026-10-09T14:05:35.1553128Z Note: This linter can be disabled with `set_option linter.unusedVariables false`
2026-10-09T14:05:35.1553672Z ⚠ [54/144] Replayed Ps.BackendTs.Expr
2026-10-09T14:05:35.1554382Z warning: packages/backend-ts/src/Ps/BackendTs/Expr.lean:632:32: Variable name `fieldName` is not explicitly referenced.
2026-10-09T14:05:35.1554840Z 
2026-10-09T14:05:35.1555419Z Hint: The binding can be removed (if unused) or named `_` (if used implicitly). Alternatively, prefix the name with `_` to silence this warning:
2026-10-09T14:05:35.1576394Z   [apply] _fieldName
2026-10-09T14:05:35.1576537Z 
2026-10-09T14:05:35.1576809Z Note: This linter can be disabled with `set_option linter.unusedVariables false`
2026-10-09T14:05:35.1577303Z ⚠ [58/144] Replayed Ps.CompilerIr.Check
2026-10-09T14:05:35.1594247Z warning: packages/compiler-ir/src/Ps/CompilerIr/Check.lean:684:27: Variable name `scope` is not explicitly referenced.
2026-10-09T14:05:35.1594760Z 
2026-10-09T14:05:35.1595391Z Hint: The binding can be removed (if unused) or named `_` (if used implicitly). Alternatively, prefix the name with `_` to silence this warning:
2026-10-09T14:05:35.1596260Z   [apply] _scope
2026-10-09T14:05:35.1596418Z 
2026-10-09T14:05:35.1596765Z Note: This linter can be disabled with `set_option linter.unusedVariables false`
2026-10-09T14:05:35.1597408Z ⚠ [63/144] Replayed Ps.Host.TypeScriptCompiler
2026-10-09T14:05:35.1598270Z warning: host/src/Ps/Host/TypeScriptCompiler.lean:15:10: `String.dropRight` has been deprecated: Use `String.dropEnd` instead
2026-10-09T14:05:35.1598882Z 
2026-10-09T14:05:35.1599115Z Note: The updated constant has a different type:
2026-10-09T14:05:35.1599584Z   String → Nat → String.Slice
2026-10-09T14:05:35.1599900Z instead of
2026-10-09T14:05:35.1600198Z   String → Nat → String
2026-10-09T14:05:35.1600625Z ⚠ [64/144] Replayed Ps.Host.CompilerDriver
2026-10-09T14:05:35.1601525Z warning: host/src/Ps/Host/CompilerDriver.lean:118:23: `String.dropRight` has been deprecated: Use `String.dropEnd` instead
2026-10-09T14:05:35.1602120Z 
2026-10-09T14:05:35.1602360Z Note: The updated constant has a different type:
2026-10-09T14:05:35.1602789Z   String → Nat → String.Slice
2026-10-09T14:05:35.1603326Z instead of
2026-10-09T14:05:35.1603624Z   String → Nat → String
2026-10-09T14:05:35.1604043Z ⚠ [135/144] Replayed BootstrapTests
2026-10-09T14:05:35.1604730Z warning: test/BootstrapTests.lean:335:10: Variable name `id` is not explicitly referenced.
2026-10-09T14:05:35.1605398Z 
2026-10-09T14:05:35.1606264Z Hint: The binding can be removed (if unused) or named `_` (if used implicitly). Alternatively, prefix the name with `_` to silence this warning:
2026-10-09T14:05:35.1607017Z   [apply] _id
2026-10-09T14:05:35.1607170Z 
2026-10-09T14:05:35.1607566Z Note: This linter can be disabled with `set_option linter.unusedVariables false`
2026-10-09T14:05:35.1608191Z Build completed successfully (144 jobs).
2026-10-09T14:05:35.1929111Z ##[group]Run regression_status=0
2026-10-09T14:05:35.1929408Z [36;1mregression_status=0[0m
2026-10-09T14:05:35.1929728Z [36;1mfor target in psc1_tests psc1_translation_tests psc1_erasure_tests; do[0m
2026-10-09T14:05:35.1930109Z [36;1m  if ! lake exe "$target"; then regression_status=1; fi[0m
2026-10-09T14:05:35.1930374Z [36;1mdone[0m
2026-10-09T14:05:35.1930567Z [36;1mexit "$regression_status"[0m
2026-10-09T14:05:35.1986435Z shell: /usr/bin/bash -e {0}
2026-10-09T14:05:35.1986677Z env:
2026-10-09T14:05:35.1987001Z   PSC0_TSC: /home/runner/work/_temp/psc0-typescript-7.0.2/node_modules/typescript/bin/tsc
2026-10-09T14:05:35.1987373Z   PSC0_TYPESCRIPT_VERSION: 7.0.2
2026-10-09T14:05:35.1987599Z ##[endgroup]
2026-10-09T14:05:35.6256150Z ⚠ [4/76] Replayed Ps.Syntax.Cursor
2026-10-09T14:05:35.6256825Z warning: packages/syntax/src/Ps/Syntax/Cursor.lean:51:14: Variable name `head` is not explicitly referenced.
2026-10-09T14:05:35.6257170Z 
2026-10-09T14:05:35.6257686Z Hint: The binding can be removed (if unused) or named `_` (if used implicitly). Alternatively, prefix the name with `_` to silence this warning:
2026-10-09T14:05:35.6258162Z   [apply] _head
2026-10-09T14:05:35.6258275Z 
2026-10-09T14:05:35.6258547Z Note: This linter can be disabled with `set_option linter.unusedVariables false`
2026-10-09T14:05:35.6259152Z warning: packages/syntax/src/Ps/Syntax/Cursor.lean:51:19: Variable name `tail` is not explicitly referenced.
2026-10-09T14:05:35.6259464Z 
2026-10-09T14:05:35.6259894Z Hint: The binding can be removed (if unused) or named `_` (if used implicitly). Alternatively, prefix the name with `_` to silence this warning:
2026-10-09T14:05:35.6260378Z   [apply] _tail
2026-10-09T14:05:35.6260480Z 
2026-10-09T14:05:35.6260723Z Note: This linter can be disabled with `set_option linter.unusedVariables false`
2026-10-09T14:05:35.6261293Z warning: packages/syntax/src/Ps/Syntax/Cursor.lean:56:19: Variable name `rest` is not explicitly referenced.
2026-10-09T14:05:35.6261600Z 
2026-10-09T14:05:35.6262023Z Hint: The binding can be removed (if unused) or named `_` (if used implicitly). Alternatively, prefix the name with `_` to silence this warning:
2026-10-09T14:05:35.6262473Z   [apply] _rest
2026-10-09T14:05:35.6262571Z 
2026-10-09T14:05:35.6262804Z Note: This linter can be disabled with `set_option linter.unusedVariables false`
2026-10-09T14:05:35.6263374Z warning: packages/syntax/src/Ps/Syntax/Cursor.lean:89:14: Variable name `first` is not explicitly referenced.
2026-10-09T14:05:35.6263681Z 
2026-10-09T14:05:35.6264100Z Hint: The binding can be removed (if unused) or named `_` (if used implicitly). Alternatively, prefix the name with `_` to silence this warning:
2026-10-09T14:05:35.6264544Z   [apply] _first
2026-10-09T14:05:35.6264643Z 
2026-10-09T14:05:35.6264880Z Note: This linter can be disabled with `set_option linter.unusedVariables false`
2026-10-09T14:05:35.6265450Z warning: packages/syntax/src/Ps/Syntax/Cursor.lean:92:25: Variable name `tail` is not explicitly referenced.
2026-10-09T14:05:35.6265973Z 
2026-10-09T14:05:35.6266404Z Hint: The binding can be removed (if unused) or named `_` (if used implicitly). Alternatively, prefix the name with `_` to silence this warning:
2026-10-09T14:05:35.6266860Z   [apply] _tail
2026-10-09T14:05:35.6266968Z 
2026-10-09T14:05:35.6267202Z Note: This linter can be disabled with `set_option linter.unusedVariables false`
2026-10-09T14:05:35.6267624Z ⚠ [6/76] Replayed Ps.Syntax.Lexer
2026-10-09T14:05:35.6268114Z warning: packages/syntax/src/Ps/Syntax/Lexer.lean:89:11: Variable name `depth` is not explicitly referenced.
2026-10-09T14:05:35.6268802Z 
2026-10-09T14:05:35.6269232Z Hint: The binding can be removed (if unused) or named `_` (if used implicitly). Alternatively, prefix the name with `_` to silence this warning:
2026-10-09T14:05:35.6269722Z   [apply] _depth
2026-10-09T14:05:35.6269829Z 
2026-10-09T14:05:35.6270071Z Note: This linter can be disabled with `set_option linter.unusedVariables false`
2026-10-09T14:05:35.6270830Z warning: packages/syntax/src/Ps/Syntax/Lexer.lean:89:25: Variable name `remaining` is not explicitly referenced.
2026-10-09T14:05:35.6271154Z 
2026-10-09T14:05:35.6271578Z Hint: The binding can be removed (if unused) or named `_` (if used implicitly). Alternatively, prefix the name with `_` to silence this warning:
2026-10-09T14:05:35.6272030Z   [apply] _remaining
2026-10-09T14:05:35.6272152Z 
2026-10-09T14:05:35.6272392Z Note: This linter can be disabled with `set_option linter.unusedVariables false`
2026-10-09T14:05:35.6272972Z warning: packages/syntax/src/Ps/Syntax/Lexer.lean:406:11: Variable name `remaining` is not explicitly referenced.
2026-10-09T14:05:35.6273307Z 
2026-10-09T14:05:35.6273722Z Hint: The binding can be removed (if unused) or named `_` (if used implicitly). Alternatively, prefix the name with `_` to silence this warning:
2026-10-09T14:05:35.6274167Z   [apply] _remaining
2026-10-09T14:05:35.6274279Z 
2026-10-09T14:05:35.6274509Z Note: This linter can be disabled with `set_option linter.unusedVariables false`
2026-10-09T14:05:35.6275068Z warning: packages/syntax/src/Ps/Syntax/Lexer.lean:406:82: Variable name `charsRev` is not explicitly referenced.
2026-10-09T14:05:35.6275379Z 
2026-10-09T14:05:35.6275878Z Hint: The binding can be removed (if unused) or named `_` (if used implicitly). Alternatively, prefix the name with `_` to silence this warning:
2026-10-09T14:05:35.6276321Z   [apply] _charsRev
2026-10-09T14:05:35.6276434Z 
2026-10-09T14:05:35.6276668Z Note: This linter can be disabled with `set_option linter.unusedVariables false`
2026-10-09T14:05:35.6277078Z ⚠ [8/76] Replayed Ps.Syntax.ParserState
2026-10-09T14:05:35.6277602Z warning: packages/syntax/src/Ps/Syntax/ParserState.lean:30:20: Variable name `rest` is not explicitly referenced.
2026-10-09T14:05:35.6277940Z 
2026-10-09T14:05:35.6278361Z Hint: The binding can be removed (if unused) or named `_` (if used implicitly). Alternatively, prefix the name with `_` to silence this warning:
2026-10-09T14:05:35.6278820Z   [apply] _rest
2026-10-09T14:05:35.6278936Z 
2026-10-09T14:05:35.6279171Z Note: This linter can be disabled with `set_option linter.unusedVariables false`
2026-10-09T14:05:35.6279560Z ⚠ [14/76] Replayed Ps.Core.Abstract
2026-10-09T14:05:35.6280033Z warning: packages/core/src/Ps/Core/Abstract.lean:8:11: Variable name `depth` is not explicitly referenced.
2026-10-09T14:05:35.6280344Z 
2026-10-09T14:05:35.6280765Z Hint: The binding can be removed (if unused) or named `_` (if used implicitly). Alternatively, prefix the name with `_` to silence this warning:
2026-10-09T14:05:35.6281225Z   [apply] _depth
2026-10-09T14:05:35.6281335Z 
2026-10-09T14:05:35.6281573Z Note: This linter can be disabled with `set_option linter.unusedVariables false`
2026-10-09T14:05:35.6282134Z warning: packages/core/src/Ps/Core/Abstract.lean:16:11: Variable name `depth` is not explicitly referenced.
2026-10-09T14:05:35.6282440Z 
2026-10-09T14:05:35.6282858Z Hint: The binding can be removed (if unused) or named `_` (if used implicitly). Alternatively, prefix the name with `_` to silence this warning:
2026-10-09T14:05:35.6283301Z   [apply] _depth
2026-10-09T14:05:35.6283405Z 
2026-10-09T14:05:35.6283635Z Note: This linter can be disabled with `set_option linter.unusedVariables false`
2026-10-09T14:05:35.6284179Z warning: packages/core/src/Ps/Core/Abstract.lean:18:11: Variable name `depth` is not explicitly referenced.
2026-10-09T14:05:35.6284479Z 
2026-10-09T14:05:35.6284886Z Hint: The binding can be removed (if unused) or named `_` (if used implicitly). Alternatively, prefix the name with `_` to silence this warning:
2026-10-09T14:05:35.6285445Z   [apply] _depth
2026-10-09T14:05:35.6285625Z 
2026-10-09T14:05:35.6285858Z Note: This linter can be disabled with `set_option linter.unusedVariables false`
2026-10-09T14:05:35.6286409Z warning: packages/core/src/Ps/Core/Abstract.lean:20:11: Variable name `depth` is not explicitly referenced.
2026-10-09T14:05:35.6286716Z 
2026-10-09T14:05:35.6287243Z Hint: The binding can be removed (if unused) or named `_` (if used implicitly). Alternatively, prefix the name with `_` to silence this warning:
2026-10-09T14:05:35.6287700Z   [apply] _depth
2026-10-09T14:05:35.6287811Z 
2026-10-09T14:05:35.6288055Z Note: This linter can be disabled with `set_option linter.unusedVariables false`
2026-10-09T14:05:35.6288612Z warning: packages/core/src/Ps/Core/Abstract.lean:66:11: Variable name `depth` is not explicitly referenced.
2026-10-09T14:05:35.6288919Z 
2026-10-09T14:05:35.6289333Z Hint: The binding can be removed (if unused) or named `_` (if used implicitly). Alternatively, prefix the name with `_` to silence this warning:
2026-10-09T14:05:35.6289782Z   [apply] _depth
2026-10-09T14:05:35.6289889Z 
2026-10-09T14:05:35.6290123Z Note: This linter can be disabled with `set_option linter.unusedVariables false`
2026-10-09T14:05:35.6290526Z ⚠ [22/76] Replayed Ps.Meta.LevelContext
2026-10-09T14:05:35.6291043Z warning: packages/meta/src/Ps/Meta/LevelContext.lean:59:4: Variable name `assignment` is not explicitly referenced.
2026-10-09T14:05:35.6291381Z 
2026-10-09T14:05:35.6291795Z Hint: The binding can be removed (if unused) or named `_` (if used implicitly). Alternatively, prefix the name with `_` to silence this warning:
2026-10-09T14:05:35.6292252Z   [apply] _assignment
2026-10-09T14:05:35.6292371Z 
2026-10-09T14:05:35.6292595Z Note: This linter can be disabled with `set_option linter.unusedVariables false`
2026-10-09T14:05:35.6292986Z ⚠ [24/76] Replayed Ps.Core.LevelSubst
2026-10-09T14:05:35.6293471Z warning: packages/core/src/Ps/Core/LevelSubst.lean:8:11: Variable name `arguments` is not explicitly referenced.
2026-10-09T14:05:35.6293802Z 
2026-10-09T14:05:35.6294213Z Hint: The binding can be removed (if unused) or named `_` (if used implicitly). Alternatively, prefix the name with `_` to silence this warning:
2026-10-09T14:05:35.6294655Z   [apply] _arguments
2026-10-09T14:05:35.6294772Z 
2026-10-09T14:05:35.6295003Z Note: This linter can be disabled with `set_option linter.unusedVariables false`
2026-10-09T14:05:35.6295738Z warning: packages/core/src/Ps/Core/LevelSubst.lean:9:13: Variable name `target` is not explicitly referenced.
2026-10-09T14:05:35.6296061Z 
2026-10-09T14:05:35.6296477Z Hint: The binding can be removed (if unused) or named `_` (if used implicitly). Alternatively, prefix the name with `_` to silence this warning:
2026-10-09T14:05:35.6296922Z   [apply] _target
2026-10-09T14:05:35.6297030Z 
2026-10-09T14:05:35.6297265Z Note: This linter can be disabled with `set_option linter.unusedVariables false`
2026-10-09T14:05:35.6297649Z ⚠ [25/76] Replayed Ps.Core.Subst
2026-10-09T14:05:35.6298109Z warning: packages/core/src/Ps/Core/Subst.lean:14:11: Variable name `cutoff` is not explicitly referenced.
2026-10-09T14:05:35.6298405Z 
2026-10-09T14:05:35.6298808Z Hint: The binding can be removed (if unused) or named `_` (if used implicitly). Alternatively, prefix the name with `_` to silence this warning:
2026-10-09T14:05:35.6299318Z   [apply] _cutoff
2026-10-09T14:05:35.6299442Z 
2026-10-09T14:05:35.6299743Z Note: This linter can be disabled with `set_option linter.unusedVariables false`
2026-10-09T14:05:35.6300437Z warning: packages/core/src/Ps/Core/Subst.lean:16:11: Variable name `cutoff` is not explicitly referenced.
2026-10-09T14:05:35.6300829Z 
2026-10-09T14:05:35.6301357Z Hint: The binding can be removed (if unused) or named `_` (if used implicitly). Alternatively, prefix the name with `_` to silence this warning:
2026-10-09T14:05:35.6301937Z   [apply] _cutoff
2026-10-09T14:05:35.6302069Z 
2026-10-09T14:05:35.6302372Z Note: This linter can be disabled with `set_option linter.unusedVariables false`
2026-10-09T14:05:35.6303112Z warning: packages/core/src/Ps/Core/Subst.lean:18:11: Variable name `cutoff` is not explicitly referenced.
2026-10-09T14:05:35.6303412Z 
2026-10-09T14:05:35.6303829Z Hint: The binding can be removed (if unused) or named `_` (if used implicitly). Alternatively, prefix the name with `_` to silence this warning:
2026-10-09T14:05:35.6304273Z   [apply] _cutoff
2026-10-09T14:05:35.6304379Z 
2026-10-09T14:05:35.6304705Z Note: This linter can be disabled with `set_option linter.unusedVariables false`
2026-10-09T14:05:35.6305260Z warning: packages/core/src/Ps/Core/Subst.lean:20:11: Variable name `cutoff` is not explicitly referenced.
2026-10-09T14:05:35.6305744Z 
2026-10-09T14:05:35.6306245Z Hint: The binding can be removed (if unused) or named `_` (if used implicitly). Alternatively, prefix the name with `_` to silence this warning:
2026-10-09T14:05:35.6306709Z   [apply] _cutoff
2026-10-09T14:05:35.6306817Z 
2026-10-09T14:05:35.6307051Z Note: This linter can be disabled with `set_option linter.unusedVariables false`
2026-10-09T14:05:35.6307599Z warning: packages/core/src/Ps/Core/Subst.lean:66:11: Variable name `cutoff` is not explicitly referenced.
2026-10-09T14:05:35.6307891Z 
2026-10-09T14:05:35.6308299Z Hint: The binding can be removed (if unused) or named `_` (if used implicitly). Alternatively, prefix the name with `_` to silence this warning:
2026-10-09T14:05:35.6308740Z   [apply] _cutoff
2026-10-09T14:05:35.6308844Z 
2026-10-09T14:05:35.6309083Z Note: This linter can be disabled with `set_option linter.unusedVariables false`
2026-10-09T14:05:35.6309628Z warning: packages/core/src/Ps/Core/Subst.lean:94:11: Variable name `depth` is not explicitly referenced.
2026-10-09T14:05:35.6309922Z 
2026-10-09T14:05:35.6310329Z Hint: The binding can be removed (if unused) or named `_` (if used implicitly). Alternatively, prefix the name with `_` to silence this warning:
2026-10-09T14:05:35.6310770Z   [apply] _depth
2026-10-09T14:05:35.6310876Z 
2026-10-09T14:05:35.6311110Z Note: This linter can be disabled with `set_option linter.unusedVariables false`
2026-10-09T14:05:35.6311655Z warning: packages/core/src/Ps/Core/Subst.lean:96:11: Variable name `depth` is not explicitly referenced.
2026-10-09T14:05:35.6311954Z 
2026-10-09T14:05:35.6312368Z Hint: The binding can be removed (if unused) or named `_` (if used implicitly). Alternatively, prefix the name with `_` to silence this warning:
2026-10-09T14:05:35.6312817Z   [apply] _depth
2026-10-09T14:05:35.6312923Z 
2026-10-09T14:05:35.6313162Z Note: This linter can be disabled with `set_option linter.unusedVariables false`
2026-10-09T14:05:35.6313688Z warning: packages/core/src/Ps/Core/Subst.lean:98:11: Variable name `depth` is not explicitly referenced.
2026-10-09T14:05:35.6313979Z 
2026-10-09T14:05:35.6314382Z Hint: The binding can be removed (if unused) or named `_` (if used implicitly). Alternatively, prefix the name with `_` to silence this warning:
2026-10-09T14:05:35.6314823Z   [apply] _depth
2026-10-09T14:05:35.6314922Z 
2026-10-09T14:05:35.6315154Z Note: This linter can be disabled with `set_option linter.unusedVariables false`
2026-10-09T14:05:35.6315857Z warning: packages/core/src/Ps/Core/Subst.lean:100:11: Variable name `depth` is not explicitly referenced.
2026-10-09T14:05:35.6316160Z 
2026-10-09T14:05:35.6316570Z Hint: The binding can be removed (if unused) or named `_` (if used implicitly). Alternatively, prefix the name with `_` to silence this warning:
2026-10-09T14:05:35.6317008Z   [apply] _depth
2026-10-09T14:05:35.6317120Z 
2026-10-09T14:05:35.6317351Z Note: This linter can be disabled with `set_option linter.unusedVariables false`
2026-10-09T14:05:35.6317880Z warning: packages/core/src/Ps/Core/Subst.lean:146:11: Variable name `depth` is not explicitly referenced.
2026-10-09T14:05:35.6318175Z 
2026-10-09T14:05:35.6318579Z Hint: The binding can be removed (if unused) or named `_` (if used implicitly). Alternatively, prefix the name with `_` to silence this warning:
2026-10-09T14:05:35.6319011Z   [apply] _depth
2026-10-09T14:05:35.6319233Z 
2026-10-09T14:05:35.6319464Z Note: This linter can be disabled with `set_option linter.unusedVariables false`
2026-10-09T14:05:35.6319898Z ⚠ [28/76] Replayed Ps.Meta.Unify
2026-10-09T14:05:35.6320369Z warning: packages/meta/src/Ps/Meta/Unify.lean:90:11: Variable name `environment` is not explicitly referenced.
2026-10-09T14:05:35.6320684Z 
2026-10-09T14:05:35.6321196Z Hint: The binding can be removed (if unused) or named `_` (if used implicitly). Alternatively, prefix the name with `_` to silence this warning:
2026-10-09T14:05:35.6321652Z   [apply] _environment
2026-10-09T14:05:35.6321770Z 
2026-10-09T14:05:35.6322004Z Note: This linter can be disabled with `set_option linter.unusedVariables false`
2026-10-09T14:05:35.6322565Z warning: packages/meta/src/Ps/Meta/Unify.lean:91:11: Variable name `localContext` is not explicitly referenced.
2026-10-09T14:05:35.6322876Z 
2026-10-09T14:05:35.6323285Z Hint: The binding can be removed (if unused) or named `_` (if used implicitly). Alternatively, prefix the name with `_` to silence this warning:
2026-10-09T14:05:35.6323743Z   [apply] _localContext
2026-10-09T14:05:35.6323865Z 
2026-10-09T14:05:35.6324095Z Note: This linter can be disabled with `set_option linter.unusedVariables false`
2026-10-09T14:05:35.6324642Z warning: packages/meta/src/Ps/Meta/Unify.lean:93:11: Variable name `left` is not explicitly referenced.
2026-10-09T14:05:35.6324945Z 
2026-10-09T14:05:35.6325363Z Hint: The binding can be removed (if unused) or named `_` (if used implicitly). Alternatively, prefix the name with `_` to silence this warning:
2026-10-09T14:05:35.6325901Z   [apply] _left
2026-10-09T14:05:35.6326010Z 
2026-10-09T14:05:35.6326245Z Note: This linter can be disabled with `set_option linter.unusedVariables false`
2026-10-09T14:05:35.6326792Z warning: packages/meta/src/Ps/Meta/Unify.lean:94:11: Variable name `right` is not explicitly referenced.
2026-10-09T14:05:35.6327089Z 
2026-10-09T14:05:35.6327505Z Hint: The binding can be removed (if unused) or named `_` (if used implicitly). Alternatively, prefix the name with `_` to silence this warning:
2026-10-09T14:05:35.6327956Z   [apply] _right
2026-10-09T14:05:35.6328066Z 
2026-10-09T14:05:35.6328301Z Note: This linter can be disabled with `set_option linter.unusedVariables false`
2026-10-09T14:05:35.6328860Z warning: packages/meta/src/Ps/Meta/Unify.lean:178:17: Variable name `leftName` is not explicitly referenced.
2026-10-09T14:05:35.6329165Z 
2026-10-09T14:05:35.6329581Z Hint: The binding can be removed (if unused) or named `_` (if used implicitly). Alternatively, prefix the name with `_` to silence this warning:
2026-10-09T14:05:35.6330029Z   [apply] _leftName
2026-10-09T14:05:35.6330143Z 
2026-10-09T14:05:35.6330379Z Note: This linter can be disabled with `set_option linter.unusedVariables false`
2026-10-09T14:05:35.6330932Z warning: packages/meta/src/Ps/Meta/Unify.lean:207:21: Variable name `leftName` is not explicitly referenced.
2026-10-09T14:05:35.6331240Z 
2026-10-09T14:05:35.6331664Z Hint: The binding can be removed (if unused) or named `_` (if used implicitly). Alternatively, prefix the name with `_` to silence this warning:
2026-10-09T14:05:35.6332114Z   [apply] _leftName
2026-10-09T14:05:35.6332223Z 
2026-10-09T14:05:35.6332454Z Note: This linter can be disabled with `set_option linter.unusedVariables false`
2026-10-09T14:05:35.6332847Z ⚠ [33/76] Replayed Ps.Elab.Literal
2026-10-09T14:05:35.6333310Z warning: packages/elab/src/Ps/Elab/Literal.lean:166:11: Variable name `chars` is not explicitly referenced.
2026-10-09T14:05:35.6333625Z 
2026-10-09T14:05:35.6334032Z Hint: The binding can be removed (if unused) or named `_` (if used implicitly). Alternatively, prefix the name with `_` to silence this warning:
2026-10-09T14:05:35.6334485Z   [apply] _chars
2026-10-09T14:05:35.6334591Z 
2026-10-09T14:05:35.6334816Z Note: This linter can be disabled with `set_option linter.unusedVariables false`
2026-10-09T14:05:35.6335378Z warning: packages/elab/src/Ps/Elab/Literal.lean:167:13: Variable name `charsRev` is not explicitly referenced.
2026-10-09T14:05:35.6336040Z 
2026-10-09T14:05:35.6336449Z Hint: The binding can be removed (if unused) or named `_` (if used implicitly). Alternatively, prefix the name with `_` to silence this warning:
2026-10-09T14:05:35.6336900Z   [apply] _charsRev
2026-10-09T14:05:35.6337011Z 
2026-10-09T14:05:35.6337248Z Note: This linter can be disabled with `set_option linter.unusedVariables false`
2026-10-09T14:05:35.6337641Z ⚠ [34/76] Replayed Ps.Elab.Term
2026-10-09T14:05:35.6338208Z warning: packages/elab/src/Ps/Elab/Term.lean:2781:11: Variable name `context` is not explicitly referenced.
2026-10-09T14:05:35.6338522Z 
2026-10-09T14:05:35.6338935Z Hint: The binding can be removed (if unused) or named `_` (if used implicitly). Alternatively, prefix the name with `_` to silence this warning:
2026-10-09T14:05:35.6339379Z   [apply] _context
2026-10-09T14:05:35.6339487Z 
2026-10-09T14:05:35.6339723Z Note: This linter can be disabled with `set_option linter.unusedVariables false`
2026-10-09T14:05:35.6340283Z warning: packages/elab/src/Ps/Elab/Term.lean:2782:13: Variable name `recursion` is not explicitly referenced.
2026-10-09T14:05:35.6340603Z 
2026-10-09T14:05:35.6341020Z Hint: The binding can be removed (if unused) or named `_` (if used implicitly). Alternatively, prefix the name with `_` to silence this warning:
2026-10-09T14:05:35.6341463Z   [apply] _recursion
2026-10-09T14:05:35.6341581Z 
2026-10-09T14:05:35.6341816Z Note: This linter can be disabled with `set_option linter.unusedVariables false`
2026-10-09T14:05:35.6342364Z warning: packages/elab/src/Ps/Elab/Term.lean:2783:15: Variable name `index` is not explicitly referenced.
2026-10-09T14:05:35.6342663Z 
2026-10-09T14:05:35.6343069Z Hint: The binding can be removed (if unused) or named `_` (if used implicitly). Alternatively, prefix the name with `_` to silence this warning:
2026-10-09T14:05:35.6343514Z   [apply] _index
2026-10-09T14:05:35.6343615Z 
2026-10-09T14:05:35.6343844Z Note: This linter can be disabled with `set_option linter.unusedVariables false`
2026-10-09T14:05:35.6344231Z ⚠ [38/76] Replayed BootstrapTests
2026-10-09T14:05:35.6344651Z warning: test/BootstrapTests.lean:335:10: Variable name `id` is not explicitly referenced.
2026-10-09T14:05:35.6344929Z 
2026-10-09T14:05:35.6345332Z Hint: The binding can be removed (if unused) or named `_` (if used implicitly). Alternatively, prefix the name with `_` to silence this warning:
2026-10-09T14:05:35.6346060Z   [apply] _id
2026-10-09T14:05:35.6346172Z 
2026-10-09T14:05:35.6346408Z Note: This linter can be disabled with `set_option linter.unusedVariables false`
2026-10-09T14:05:35.6387497Z PSC1_TEST_PASS: dual-source core elaboration
2026-10-09T14:05:35.6388100Z PSC1_TEST_PASS: dual-source binder kinds elaboration
2026-10-09T14:05:35.6401550Z PSC1_TEST_PASS: dual-source simple parse
2026-10-09T14:05:35.6402111Z PSC1_TEST_PASS: dual-source binder application parse
2026-10-09T14:05:35.6402661Z PSC1_TEST_PASS: dual-source binder kinds parse
2026-10-09T14:05:35.6403159Z PSC1_TEST_PASS: dual-source typed lambda parse
2026-10-09T14:05:35.6403691Z PSC1_TEST_PASS: dual-source typed lambda elaboration
2026-10-09T14:05:35.6404105Z PSC1_TEST_PASS: structure stops before partial def
2026-10-09T14:05:35.6404413Z PSC1_TEST_PASS: Lean list literal sugar
2026-10-09T14:05:35.6404697Z PSC1_TEST_PASS: Lean list pattern sugar
2026-10-09T14:05:35.6404985Z PSC1_TEST_PASS: repeated wildcard match binders
2026-10-09T14:05:35.6405368Z PSC1_TEST_PASS: Lean Nat match sugar
2026-10-09T14:05:35.6407210Z PSC1_TEST_PASS: Lean grouped typed binders
2026-10-09T14:05:35.6407523Z PSC1_TEST_PASS: lambda match uses expected type
2026-10-09T14:05:35.6407832Z PSC1_TEST_PASS: two-argument equation definition
2026-10-09T14:05:35.6408125Z PSC1_TEST_PASS: dual-source Pi parse
2026-10-09T14:05:35.6408420Z PSC1_TEST_PASS: dual-source Pi lambda declaration
2026-10-09T14:05:35.6408719Z PSC1_TEST_PASS: dual-source annotated let
2026-10-09T14:05:35.6408994Z PSC1_TEST_PASS: dual-source inferred let
2026-10-09T14:05:35.6409261Z PSC1_TEST_PASS: dual-source Bool literal
2026-10-09T14:05:35.6409773Z PSC1_TEST_PASS: dual-source if
2026-10-09T14:05:35.6410029Z PSC1_TEST_PASS: inductive metadata lookup
2026-10-09T14:05:35.6410347Z PSC1_TEST_PASS: bootstrap List/Option type constructors
2026-10-09T14:05:35.6410673Z PSC1_TEST_PASS: positive nested recursive field
2026-10-09T14:05:35.6411058Z PSC1_TEST_PASS: reject negative nested recursive field
2026-10-09T14:05:35.6411467Z PSC1_TEST_PASS: Lean product inside application parse
2026-10-09T14:05:35.6411928Z PSC1_TEST_PASS: dual-source basic match parse
2026-10-09T14:05:35.6412232Z PSC1_TEST_PASS: Lean nested match dedent parse
2026-10-09T14:05:35.6412533Z PSC1_TEST_PASS: constructor match pattern parse
2026-10-09T14:05:35.6412853Z PSC1_TEST_PASS: dual-source basic match elaboration
2026-10-09T14:05:35.6413166Z PSC1_TEST_PASS: dual-source field match elaboration
2026-10-09T14:05:35.6413458Z PSC1_TEST_PASS: defeq beta under forall
2026-10-09T14:05:35.6413744Z PSC1_TEST_PASS: dual-source inductive enum parse
2026-10-09T14:05:35.6414070Z PSC1_TEST_PASS: dual-source inductive field parse
2026-10-09T14:05:35.6414399Z PSC1_TEST_PASS: dual-source inductive enum elaboration
2026-10-09T14:05:35.6414739Z PSC1_TEST_PASS: dual-source inductive field elaboration
2026-10-09T14:05:35.6415057Z PSC1_TEST_PASS: dual-source Type Prop elaboration
2026-10-09T14:05:35.6415367Z PSC1_TEST_PASS: dual-source parametric inductive
2026-10-09T14:05:35.6415947Z PSC1_TEST_PASS: Lean implicit constructor elaborates
2026-10-09T14:05:35.6416515Z PSC1_TEST_PASS: ProofScript implicit constructor elaborates
2026-10-09T14:05:35.6416902Z PSC1_TEST_PASS: Lean implicit constructor application
2026-10-09T14:05:35.6417259Z PSC1_TEST_PASS: ProofScript implicit constructor application
2026-10-09T14:05:35.6417627Z PSC1_TEST_PASS: dual-source implicit constructor application
2026-10-09T14:05:35.6417954Z PSC1_TEST_PASS: dual-source structural recursion
2026-10-09T14:05:35.6418295Z PSC1_TEST_PASS: dual-source controlled partial definition
2026-10-09T14:05:35.6418654Z PSC1_TEST_PASS: reject non-decreasing structural recursion
2026-10-09T14:05:35.6419040Z PSC1_TEST_PASS: reject changed invariant structural recursion
2026-10-09T14:05:35.6419359Z PSC1_TEST_PASS: dual-source String literal
2026-10-09T14:05:35.6419651Z PSC1_TEST_PASS: reject invalid String escapes
2026-10-09T14:05:35.6419930Z PSC1_TEST_PASS: dual-source grouping
2026-10-09T14:05:35.6420192Z PSC1_TEST_PASS: dual-source Unit
2026-10-09T14:05:35.6420468Z PSC1_TEST_PASS: Lean parenthesized application
2026-10-09T14:05:35.6420760Z PSC1_TEST_PASS: dual-source Char literal
2026-10-09T14:05:35.6421045Z PSC1_TEST_PASS: reject invalid Char escapes
2026-10-09T14:05:35.6421351Z PSC1_TEST_PASS: ProofScript explicit Unit call
2026-10-09T14:05:35.6421666Z PSC1_TEST_PASS: ProofScript accepts spaced call
2026-10-09T14:05:35.6422014Z PSC1_TEST_PASS: ProofScript empty call preserves no arguments
2026-10-09T14:05:35.6422398Z PSC1_TEST_PASS: ProofScript empty call rejected by elaboration
2026-10-09T14:05:35.6422739Z PSC1_TEST_PASS: Lean interleaved binder kinds parse
2026-10-09T14:05:35.6423087Z PSC1_TEST_PASS: Lean interleaved binder kinds elaboration
2026-10-09T14:05:35.6423468Z PSC1_TEST_PASS: ProofScript rejects interleaved declaration binders
2026-10-09T14:05:35.6423839Z PSC1_TEST_PASS: lexer UTF-8 byte offsets
2026-10-09T14:05:35.6424107Z PSC1_TEST_PASS: lexer nested trivia
2026-10-09T14:05:35.6424346Z PSC1_TEST_PASS: module graph
2026-10-09T14:05:35.6424708Z PSC1_TEST_PASS: global instance synthesis
2026-10-09T14:05:35.6424993Z PSC1_TEST_PASS: generic instance synthesis
2026-10-09T14:05:35.6425295Z PSC1_TEST_PASS: dependent instance synthesis
2026-10-09T14:05:35.6425726Z PSC1_TEST_PASS: local instance synthesis
2026-10-09T14:05:35.6426009Z PSC1_TEST_PASS: transactional unification
2026-10-09T14:05:35.6426289Z PSC1_TEST_PASS: binder-info unification
2026-10-09T14:05:35.6426582Z PSC1_TEST_PASS: level metavariable unification
2026-10-09T14:05:35.6426885Z PSC1_TEST_PASS: scoped metavariable assignment
2026-10-09T14:05:35.6427227Z PSC1_TEST_PASS: reject out-of-scope assignment
2026-10-09T14:05:35.6427676Z PSC1_TEST_PASS: beta WHNF
2026-10-09T14:05:35.6427932Z PSC1_TEST_PASS: infer identity
2026-10-09T14:05:35.6428167Z PSC1_BOOTSTRAP_TESTS: PASS
2026-10-09T14:05:36.0939093Z ⚠ [3/32] Replayed Ps.Syntax.Cursor
2026-10-09T14:05:36.0939988Z warning: packages/syntax/src/Ps/Syntax/Cursor.lean:51:14: Variable name `head` is not explicitly referenced.
2026-10-09T14:05:36.0940490Z 
2026-10-09T14:05:36.0941559Z Hint: The binding can be removed (if unused) or named `_` (if used implicitly). Alternatively, prefix the name with `_` to silence this warning:
2026-10-09T14:05:36.0942268Z   [apply] _head
2026-10-09T14:05:36.0942421Z 
2026-10-09T14:05:36.0942781Z Note: This linter can be disabled with `set_option linter.unusedVariables false`
2026-10-09T14:05:36.0943654Z warning: packages/syntax/src/Ps/Syntax/Cursor.lean:51:19: Variable name `tail` is not explicitly referenced.
2026-10-09T14:05:36.0944144Z 
2026-10-09T14:05:36.0944790Z Hint: The binding can be removed (if unused) or named `_` (if used implicitly). Alternatively, prefix the name with `_` to silence this warning:
2026-10-09T14:05:36.0945692Z   [apply] _tail
2026-10-09T14:05:36.0945845Z 
2026-10-09T14:05:36.0946198Z Note: This linter can be disabled with `set_option linter.unusedVariables false`
2026-10-09T14:05:36.0947065Z warning: packages/syntax/src/Ps/Syntax/Cursor.lean:56:19: Variable name `rest` is not explicitly referenced.
2026-10-09T14:05:36.0947535Z 
2026-10-09T14:05:36.0948182Z Hint: The binding can be removed (if unused) or named `_` (if used implicitly). Alternatively, prefix the name with `_` to silence this warning:
2026-10-09T14:05:36.0948861Z   [apply] _rest
2026-10-09T14:05:36.0949003Z 
2026-10-09T14:05:36.0949351Z Note: This linter can be disabled with `set_option linter.unusedVariables false`
2026-10-09T14:05:36.0950211Z warning: packages/syntax/src/Ps/Syntax/Cursor.lean:89:14: Variable name `first` is not explicitly referenced.
2026-10-09T14:05:36.0950681Z 
2026-10-09T14:05:36.0951313Z Hint: The binding can be removed (if unused) or named `_` (if used implicitly). Alternatively, prefix the name with `_` to silence this warning:
2026-10-09T14:05:36.0951985Z   [apply] _first
2026-10-09T14:05:36.0952133Z 
2026-10-09T14:05:36.0952478Z Note: This linter can be disabled with `set_option linter.unusedVariables false`
2026-10-09T14:05:36.0953337Z warning: packages/syntax/src/Ps/Syntax/Cursor.lean:92:25: Variable name `tail` is not explicitly referenced.
2026-10-09T14:05:36.0953806Z 
2026-10-09T14:05:36.0954439Z Hint: The binding can be removed (if unused) or named `_` (if used implicitly). Alternatively, prefix the name with `_` to silence this warning:
2026-10-09T14:05:36.0955103Z   [apply] _tail
2026-10-09T14:05:36.0955249Z 
2026-10-09T14:05:36.0955712Z Note: This linter can be disabled with `set_option linter.unusedVariables false`
2026-10-09T14:05:36.0956330Z ⚠ [5/32] Replayed Ps.Syntax.Lexer
2026-10-09T14:05:36.0957077Z warning: packages/syntax/src/Ps/Syntax/Lexer.lean:89:11: Variable name `depth` is not explicitly referenced.
2026-10-09T14:05:36.0957563Z 
2026-10-09T14:05:36.0958217Z Hint: The binding can be removed (if unused) or named `_` (if used implicitly). Alternatively, prefix the name with `_` to silence this warning:
2026-10-09T14:05:36.0958877Z   [apply] _depth
2026-10-09T14:05:36.0959025Z 
2026-10-09T14:05:36.0959376Z Note: This linter can be disabled with `set_option linter.unusedVariables false`
2026-10-09T14:05:36.0960250Z warning: packages/syntax/src/Ps/Syntax/Lexer.lean:89:25: Variable name `remaining` is not explicitly referenced.
2026-10-09T14:05:36.0960733Z 
2026-10-09T14:05:36.0961376Z Hint: The binding can be removed (if unused) or named `_` (if used implicitly). Alternatively, prefix the name with `_` to silence this warning:
2026-10-09T14:05:36.0962046Z   [apply] _remaining
2026-10-09T14:05:36.0962207Z 
2026-10-09T14:05:36.0962555Z Note: This linter can be disabled with `set_option linter.unusedVariables false`
2026-10-09T14:05:36.0963424Z warning: packages/syntax/src/Ps/Syntax/Lexer.lean:406:11: Variable name `remaining` is not explicitly referenced.
2026-10-09T14:05:36.0964099Z 
2026-10-09T14:05:36.0964744Z Hint: The binding can be removed (if unused) or named `_` (if used implicitly). Alternatively, prefix the name with `_` to silence this warning:
2026-10-09T14:05:36.0965423Z   [apply] _remaining
2026-10-09T14:05:36.0965683Z 
2026-10-09T14:05:36.0966042Z Note: This linter can be disabled with `set_option linter.unusedVariables false`
2026-10-09T14:05:36.0967036Z warning: packages/syntax/src/Ps/Syntax/Lexer.lean:406:82: Variable name `charsRev` is not explicitly referenced.
2026-10-09T14:05:36.0967518Z 
2026-10-09T14:05:36.0968152Z Hint: The binding can be removed (if unused) or named `_` (if used implicitly). Alternatively, prefix the name with `_` to silence this warning:
2026-10-09T14:05:36.0968824Z   [apply] _charsRev
2026-10-09T14:05:36.0968979Z 
2026-10-09T14:05:36.0969328Z Note: This linter can be disabled with `set_option linter.unusedVariables false`
2026-10-09T14:05:36.0969935Z ⚠ [8/32] Replayed Ps.Syntax.ParserState
2026-10-09T14:05:36.0970697Z warning: packages/syntax/src/Ps/Syntax/ParserState.lean:30:20: Variable name `rest` is not explicitly referenced.
2026-10-09T14:05:36.0971191Z 
2026-10-09T14:05:36.0971848Z Hint: The binding can be removed (if unused) or named `_` (if used implicitly). Alternatively, prefix the name with `_` to silence this warning:
2026-10-09T14:05:36.0972522Z   [apply] _rest
2026-10-09T14:05:36.0972665Z 
2026-10-09T14:05:36.0973031Z Note: This linter can be disabled with `set_option linter.unusedVariables false`
2026-10-09T14:05:36.1062697Z PSC1_TRANSLATION_PASS: unsupported ProofScript do rejected
2026-10-09T14:05:36.1065105Z PSC1_TRANSLATION_PASS: explicit compiler effect calls preserve translation
2026-10-09T14:05:36.1065818Z PSC1_TRANSLATION_PASS: explicit Unit argument survives canonical printing
2026-10-09T14:05:36.1066282Z PSC1_TRANSLATION_PASS: grouped and dependent ProofScript binder types
2026-10-09T14:05:36.1066808Z PSC1_TRANSLATION_PASS: nested function binder canonical round trip
2026-10-09T14:05:36.1067359Z PSC1_TRANSLATION_PASS: complex application .lean <-> .ps
2026-10-09T14:05:36.1067711Z PSC1_TRANSLATION_PASS: partial def .lean <-> .ps
2026-10-09T14:05:36.1068102Z PSC1_TRANSLATION_PASS: structure .lean <-> .ps
2026-10-09T14:05:36.1068414Z PSC1_TRANSLATION_PASS: .lean -> .ps -> .lean
2026-10-09T14:05:36.1068702Z PSC1_TRANSLATION_PASS: .ps -> .lean -> .ps
2026-10-09T14:05:36.5544682Z ⚠ [3/96] Replayed Ps.Syntax.Cursor
2026-10-09T14:05:36.5545759Z warning: packages/syntax/src/Ps/Syntax/Cursor.lean:51:14: Variable name `head` is not explicitly referenced.
2026-10-09T14:05:36.5546225Z 
2026-10-09T14:05:36.5546869Z Hint: The binding can be removed (if unused) or named `_` (if used implicitly). Alternatively, prefix the name with `_` to silence this warning:
2026-10-09T14:05:36.5547563Z   [apply] _head
2026-10-09T14:05:36.5547717Z 
2026-10-09T14:05:36.5548105Z Note: This linter can be disabled with `set_option linter.unusedVariables false`
2026-10-09T14:05:36.5548990Z warning: packages/syntax/src/Ps/Syntax/Cursor.lean:51:19: Variable name `tail` is not explicitly referenced.
2026-10-09T14:05:36.5549463Z 
2026-10-09T14:05:36.5550107Z Hint: The binding can be removed (if unused) or named `_` (if used implicitly). Alternatively, prefix the name with `_` to silence this warning:
2026-10-09T14:05:36.5550766Z   [apply] _tail
2026-10-09T14:05:36.5550917Z 
2026-10-09T14:05:36.5551279Z Note: This linter can be disabled with `set_option linter.unusedVariables false`
2026-10-09T14:05:36.5552157Z warning: packages/syntax/src/Ps/Syntax/Cursor.lean:56:19: Variable name `rest` is not explicitly referenced.
2026-10-09T14:05:36.5552629Z 
2026-10-09T14:05:36.5553270Z Hint: The binding can be removed (if unused) or named `_` (if used implicitly). Alternatively, prefix the name with `_` to silence this warning:
2026-10-09T14:05:36.5553937Z   [apply] _rest
2026-10-09T14:05:36.5554092Z 
2026-10-09T14:05:36.5554447Z Note: This linter can be disabled with `set_option linter.unusedVariables false`
2026-10-09T14:05:36.5555890Z warning: packages/syntax/src/Ps/Syntax/Cursor.lean:89:14: Variable name `first` is not explicitly referenced.
2026-10-09T14:05:36.5556376Z 
2026-10-09T14:05:36.5557043Z Hint: The binding can be removed (if unused) or named `_` (if used implicitly). Alternatively, prefix the name with `_` to silence this warning:
2026-10-09T14:05:36.5557720Z   [apply] _first
2026-10-09T14:05:36.5557875Z 
2026-10-09T14:05:36.5558391Z Note: This linter can be disabled with `set_option linter.unusedVariables false`
2026-10-09T14:05:36.5559252Z warning: packages/syntax/src/Ps/Syntax/Cursor.lean:92:25: Variable name `tail` is not explicitly referenced.
2026-10-09T14:05:36.5559725Z 
2026-10-09T14:05:36.5560367Z Hint: The binding can be removed (if unused) or named `_` (if used implicitly). Alternatively, prefix the name with `_` to silence this warning:
2026-10-09T14:05:36.5561027Z   [apply] _tail
2026-10-09T14:05:36.5561179Z 
2026-10-09T14:05:36.5561534Z Note: This linter can be disabled with `set_option linter.unusedVariables false`
2026-10-09T14:05:36.5562167Z ⚠ [5/96] Replayed Ps.Syntax.Lexer
2026-10-09T14:05:36.5562873Z warning: packages/syntax/src/Ps/Syntax/Lexer.lean:89:11: Variable name `depth` is not explicitly referenced.
2026-10-09T14:05:36.5563340Z 
2026-10-09T14:05:36.5563976Z Hint: The binding can be removed (if unused) or named `_` (if used implicitly). Alternatively, prefix the name with `_` to silence this warning:
2026-10-09T14:05:36.5564664Z   [apply] _depth
2026-10-09T14:05:36.5564811Z 
2026-10-09T14:05:36.5565162Z Note: This linter can be disabled with `set_option linter.unusedVariables false`
2026-10-09T14:05:36.5566333Z warning: packages/syntax/src/Ps/Syntax/Lexer.lean:89:25: Variable name `remaining` is not explicitly referenced.
2026-10-09T14:05:36.5566815Z 
2026-10-09T14:05:36.5567451Z Hint: The binding can be removed (if unused) or named `_` (if used implicitly). Alternatively, prefix the name with `_` to silence this warning:
2026-10-09T14:05:36.5568143Z   [apply] _remaining
2026-10-09T14:05:36.5568300Z 
2026-10-09T14:05:36.5568647Z Note: This linter can be disabled with `set_option linter.unusedVariables false`
2026-10-09T14:05:36.5569523Z warning: packages/syntax/src/Ps/Syntax/Lexer.lean:406:11: Variable name `remaining` is not explicitly referenced.
2026-10-09T14:05:36.5570007Z 
2026-10-09T14:05:36.5570651Z Hint: The binding can be removed (if unused) or named `_` (if used implicitly). Alternatively, prefix the name with `_` to silence this warning:
2026-10-09T14:05:36.5571350Z   [apply] _remaining
2026-10-09T14:05:36.5571505Z 
2026-10-09T14:05:36.5571849Z Note: This linter can be disabled with `set_option linter.unusedVariables false`
2026-10-09T14:05:36.5572768Z warning: packages/syntax/src/Ps/Syntax/Lexer.lean:406:82: Variable name `charsRev` is not explicitly referenced.
2026-10-09T14:05:36.5573256Z 
2026-10-09T14:05:36.5573897Z Hint: The binding can be removed (if unused) or named `_` (if used implicitly). Alternatively, prefix the name with `_` to silence this warning:
2026-10-09T14:05:36.5574582Z   [apply] _charsRev
2026-10-09T14:05:36.5574736Z 
2026-10-09T14:05:36.5575084Z Note: This linter can be disabled with `set_option linter.unusedVariables false`
2026-10-09T14:05:36.5575808Z ⚠ [8/96] Replayed Ps.Syntax.ParserState
2026-10-09T14:05:36.5576563Z warning: packages/syntax/src/Ps/Syntax/ParserState.lean:30:20: Variable name `rest` is not explicitly referenced.
2026-10-09T14:05:36.5577057Z 
2026-10-09T14:05:36.5577718Z Hint: The binding can be removed (if unused) or named `_` (if used implicitly). Alternatively, prefix the name with `_` to silence this warning:
2026-10-09T14:05:36.5578390Z   [apply] _rest
2026-10-09T14:05:36.5578544Z 
2026-10-09T14:05:36.5578904Z Note: This linter can be disabled with `set_option linter.unusedVariables false`
2026-10-09T14:05:36.5579477Z ⚠ [19/96] Replayed Ps.Core.Abstract
2026-10-09T14:05:36.5580190Z warning: packages/core/src/Ps/Core/Abstract.lean:8:11: Variable name `depth` is not explicitly referenced.
2026-10-09T14:05:36.5580840Z 
2026-10-09T14:05:36.5581483Z Hint: The binding can be removed (if unused) or named `_` (if used implicitly). Alternatively, prefix the name with `_` to silence this warning:
2026-10-09T14:05:36.5582163Z   [apply] _depth
2026-10-09T14:05:36.5582318Z 
2026-10-09T14:05:36.5582672Z Note: This linter can be disabled with `set_option linter.unusedVariables false`
2026-10-09T14:05:36.5583661Z warning: packages/core/src/Ps/Core/Abstract.lean:16:11: Variable name `depth` is not explicitly referenced.
2026-10-09T14:05:36.5584128Z 
2026-10-09T14:05:36.5584765Z Hint: The binding can be removed (if unused) or named `_` (if used implicitly). Alternatively, prefix the name with `_` to silence this warning:
2026-10-09T14:05:36.5585445Z   [apply] _depth
2026-10-09T14:05:36.5585692Z 
2026-10-09T14:05:36.5586045Z Note: This linter can be disabled with `set_option linter.unusedVariables false`
2026-10-09T14:05:36.5586906Z warning: packages/core/src/Ps/Core/Abstract.lean:18:11: Variable name `depth` is not explicitly referenced.
2026-10-09T14:05:36.5587385Z 
2026-10-09T14:05:36.5588038Z Hint: The binding can be removed (if unused) or named `_` (if used implicitly). Alternatively, prefix the name with `_` to silence this warning:
2026-10-09T14:05:36.5588720Z   [apply] _depth
2026-10-09T14:05:36.5588873Z 
2026-10-09T14:05:36.5589234Z Note: This linter can be disabled with `set_option linter.unusedVariables false`
2026-10-09T14:05:36.5590078Z warning: packages/core/src/Ps/Core/Abstract.lean:20:11: Variable name `depth` is not explicitly referenced.
2026-10-09T14:05:36.5590543Z 
2026-10-09T14:05:36.5591200Z Hint: The binding can be removed (if unused) or named `_` (if used implicitly). Alternatively, prefix the name with `_` to silence this warning:
2026-10-09T14:05:36.5591873Z   [apply] _depth
2026-10-09T14:05:36.5592014Z 
2026-10-09T14:05:36.5592369Z Note: This linter can be disabled with `set_option linter.unusedVariables false`
2026-10-09T14:05:36.5593219Z warning: packages/core/src/Ps/Core/Abstract.lean:66:11: Variable name `depth` is not explicitly referenced.
2026-10-09T14:05:36.5593693Z 
2026-10-09T14:05:36.5594340Z Hint: The binding can be removed (if unused) or named `_` (if used implicitly). Alternatively, prefix the name with `_` to silence this warning:
2026-10-09T14:05:36.5595012Z   [apply] _depth
2026-10-09T14:05:36.5595158Z 
2026-10-09T14:05:36.5595619Z Note: This linter can be disabled with `set_option linter.unusedVariables false`
2026-10-09T14:05:36.5596216Z ⚠ [20/96] Replayed Ps.Core.Subst
2026-10-09T14:05:36.5596921Z warning: packages/core/src/Ps/Core/Subst.lean:14:11: Variable name `cutoff` is not explicitly referenced.
2026-10-09T14:05:36.5597378Z 
2026-10-09T14:05:36.5598000Z Hint: The binding can be removed (if unused) or named `_` (if used implicitly). Alternatively, prefix the name with `_` to silence this warning:
2026-10-09T14:05:36.5598748Z   [apply] _cutoff
2026-10-09T14:05:36.5598908Z 
2026-10-09T14:05:36.5599381Z Note: This linter can be disabled with `set_option linter.unusedVariables false`
2026-10-09T14:05:36.5600732Z warning: packages/core/src/Ps/Core/Subst.lean:16:11: Variable name `cutoff` is not explicitly referenced.
2026-10-09T14:05:36.5601448Z 
2026-10-09T14:05:36.5602322Z Hint: The binding can be removed (if unused) or named `_` (if used implicitly). Alternatively, prefix the name with `_` to silence this warning:
2026-10-09T14:05:36.5602784Z   [apply] _cutoff
2026-10-09T14:05:36.5602886Z 
2026-10-09T14:05:36.5603130Z Note: This linter can be disabled with `set_option linter.unusedVariables false`
2026-10-09T14:05:36.5603680Z warning: packages/core/src/Ps/Core/Subst.lean:18:11: Variable name `cutoff` is not explicitly referenced.
2026-10-09T14:05:36.5603980Z 
2026-10-09T14:05:36.5604409Z Hint: The binding can be removed (if unused) or named `_` (if used implicitly). Alternatively, prefix the name with `_` to silence this warning:
2026-10-09T14:05:36.5604863Z   [apply] _cutoff
2026-10-09T14:05:36.5604965Z 
2026-10-09T14:05:36.5605199Z Note: This linter can be disabled with `set_option linter.unusedVariables false`
2026-10-09T14:05:36.5606034Z warning: packages/core/src/Ps/Core/Subst.lean:20:11: Variable name `cutoff` is not explicitly referenced.
2026-10-09T14:05:36.5606330Z 
2026-10-09T14:05:36.5606761Z Hint: The binding can be removed (if unused) or named `_` (if used implicitly). Alternatively, prefix the name with `_` to silence this warning:
2026-10-09T14:05:36.5607236Z   [apply] _cutoff
2026-10-09T14:05:36.5607341Z 
2026-10-09T14:05:36.5607686Z Note: This linter can be disabled with `set_option linter.unusedVariables false`
2026-10-09T14:05:36.5608268Z warning: packages/core/src/Ps/Core/Subst.lean:66:11: Variable name `cutoff` is not explicitly referenced.
2026-10-09T14:05:36.5608585Z 
2026-10-09T14:05:36.5609029Z Hint: The binding can be removed (if unused) or named `_` (if used implicitly). Alternatively, prefix the name with `_` to silence this warning:
2026-10-09T14:05:36.5609496Z   [apply] _cutoff
2026-10-09T14:05:36.5609601Z 
2026-10-09T14:05:36.5609847Z Note: This linter can be disabled with `set_option linter.unusedVariables false`
2026-10-09T14:05:36.5610427Z warning: packages/core/src/Ps/Core/Subst.lean:94:11: Variable name `depth` is not explicitly referenced.
2026-10-09T14:05:36.5610729Z 
2026-10-09T14:05:36.5611156Z Hint: The binding can be removed (if unused) or named `_` (if used implicitly). Alternatively, prefix the name with `_` to silence this warning:
2026-10-09T14:05:36.5611611Z   [apply] _depth
2026-10-09T14:05:36.5611715Z 
2026-10-09T14:05:36.5611960Z Note: This linter can be disabled with `set_option linter.unusedVariables false`
2026-10-09T14:05:36.5612506Z warning: packages/core/src/Ps/Core/Subst.lean:96:11: Variable name `depth` is not explicitly referenced.
2026-10-09T14:05:36.5612797Z 
2026-10-09T14:05:36.5613209Z Hint: The binding can be removed (if unused) or named `_` (if used implicitly). Alternatively, prefix the name with `_` to silence this warning:
2026-10-09T14:05:36.5613657Z   [apply] _depth
2026-10-09T14:05:36.5613763Z 
2026-10-09T14:05:36.5614005Z Note: This linter can be disabled with `set_option linter.unusedVariables false`
2026-10-09T14:05:36.5614556Z warning: packages/core/src/Ps/Core/Subst.lean:98:11: Variable name `depth` is not explicitly referenced.
2026-10-09T14:05:36.5614850Z 
2026-10-09T14:05:36.5615256Z Hint: The binding can be removed (if unused) or named `_` (if used implicitly). Alternatively, prefix the name with `_` to silence this warning:
2026-10-09T14:05:36.5615807Z   [apply] _depth
2026-10-09T14:05:36.5615924Z 
2026-10-09T14:05:36.5616158Z Note: This linter can be disabled with `set_option linter.unusedVariables false`
2026-10-09T14:05:36.5616709Z warning: packages/core/src/Ps/Core/Subst.lean:100:11: Variable name `depth` is not explicitly referenced.
2026-10-09T14:05:36.5617004Z 
2026-10-09T14:05:36.5617407Z Hint: The binding can be removed (if unused) or named `_` (if used implicitly). Alternatively, prefix the name with `_` to silence this warning:
2026-10-09T14:05:36.5617850Z   [apply] _depth
2026-10-09T14:05:36.5617957Z 
2026-10-09T14:05:36.5618179Z Note: This linter can be disabled with `set_option linter.unusedVariables false`
2026-10-09T14:05:36.5618711Z warning: packages/core/src/Ps/Core/Subst.lean:146:11: Variable name `depth` is not explicitly referenced.
2026-10-09T14:05:36.5619004Z 
2026-10-09T14:05:36.5619402Z Hint: The binding can be removed (if unused) or named `_` (if used implicitly). Alternatively, prefix the name with `_` to silence this warning:
2026-10-09T14:05:36.5619847Z   [apply] _depth
2026-10-09T14:05:36.5619951Z 
2026-10-09T14:05:36.5620170Z Note: This linter can be disabled with `set_option linter.unusedVariables false`
2026-10-09T14:05:36.5620628Z ⚠ [23/96] Replayed Ps.Core.LevelSubst
2026-10-09T14:05:36.5621131Z warning: packages/core/src/Ps/Core/LevelSubst.lean:8:11: Variable name `arguments` is not explicitly referenced.
2026-10-09T14:05:36.5621450Z 
2026-10-09T14:05:36.5621867Z Hint: The binding can be removed (if unused) or named `_` (if used implicitly). Alternatively, prefix the name with `_` to silence this warning:
2026-10-09T14:05:36.5622450Z   [apply] _arguments
2026-10-09T14:05:36.5622569Z 
2026-10-09T14:05:36.5622808Z Note: This linter can be disabled with `set_option linter.unusedVariables false`
2026-10-09T14:05:36.5623373Z warning: packages/core/src/Ps/Core/LevelSubst.lean:9:13: Variable name `target` is not explicitly referenced.
2026-10-09T14:05:36.5623687Z 
2026-10-09T14:05:36.5624203Z Hint: The binding can be removed (if unused) or named `_` (if used implicitly). Alternatively, prefix the name with `_` to silence this warning:
2026-10-09T14:05:36.5624653Z   [apply] _target
2026-10-09T14:05:36.5624760Z 
2026-10-09T14:05:36.5624992Z Note: This linter can be disabled with `set_option linter.unusedVariables false`
2026-10-09T14:05:36.5625384Z ⚠ [24/96] Replayed Ps.Meta.LevelContext
2026-10-09T14:05:36.5625992Z warning: packages/meta/src/Ps/Meta/LevelContext.lean:59:4: Variable name `assignment` is not explicitly referenced.
2026-10-09T14:05:36.5626326Z 
2026-10-09T14:05:36.5626732Z Hint: The binding can be removed (if unused) or named `_` (if used implicitly). Alternatively, prefix the name with `_` to silence this warning:
2026-10-09T14:05:36.5627193Z   [apply] _assignment
2026-10-09T14:05:36.5627309Z 
2026-10-09T14:05:36.5627539Z Note: This linter can be disabled with `set_option linter.unusedVariables false`
2026-10-09T14:05:36.5627947Z ⚠ [29/96] Replayed Ps.Meta.Unify
2026-10-09T14:05:36.5628424Z warning: packages/meta/src/Ps/Meta/Unify.lean:90:11: Variable name `environment` is not explicitly referenced.
2026-10-09T14:05:36.5628740Z 
2026-10-09T14:05:36.5629146Z Hint: The binding can be removed (if unused) or named `_` (if used implicitly). Alternatively, prefix the name with `_` to silence this warning:
2026-10-09T14:05:36.5629596Z   [apply] _environment
2026-10-09T14:05:36.5629713Z 
2026-10-09T14:05:36.5629946Z Note: This linter can be disabled with `set_option linter.unusedVariables false`
2026-10-09T14:05:36.5630507Z warning: packages/meta/src/Ps/Meta/Unify.lean:91:11: Variable name `localContext` is not explicitly referenced.
2026-10-09T14:05:36.5630825Z 
2026-10-09T14:05:36.5631229Z Hint: The binding can be removed (if unused) or named `_` (if used implicitly). Alternatively, prefix the name with `_` to silence this warning:
2026-10-09T14:05:36.5631677Z   [apply] _localContext
2026-10-09T14:05:36.5631805Z 
2026-10-09T14:05:36.5632033Z Note: This linter can be disabled with `set_option linter.unusedVariables false`
2026-10-09T14:05:36.5632573Z warning: packages/meta/src/Ps/Meta/Unify.lean:93:11: Variable name `left` is not explicitly referenced.
2026-10-09T14:05:36.5632868Z 
2026-10-09T14:05:36.5633283Z Hint: The binding can be removed (if unused) or named `_` (if used implicitly). Alternatively, prefix the name with `_` to silence this warning:
2026-10-09T14:05:36.5633732Z   [apply] _left
2026-10-09T14:05:36.5633839Z 
2026-10-09T14:05:36.5634073Z Note: This linter can be disabled with `set_option linter.unusedVariables false`
2026-10-09T14:05:36.5634614Z warning: packages/meta/src/Ps/Meta/Unify.lean:94:11: Variable name `right` is not explicitly referenced.
2026-10-09T14:05:36.5634973Z 
2026-10-09T14:05:36.5635736Z Hint: The binding can be removed (if unused) or named `_` (if used implicitly). Alternatively, prefix the name with `_` to silence this warning:
2026-10-09T14:05:36.5636442Z   [apply] _right
2026-10-09T14:05:36.5636602Z 
2026-10-09T14:05:36.5636947Z Note: This linter can be disabled with `set_option linter.unusedVariables false`
2026-10-09T14:05:36.5637774Z warning: packages/meta/src/Ps/Meta/Unify.lean:178:17: Variable name `leftName` is not explicitly referenced.
2026-10-09T14:05:36.5638263Z 
2026-10-09T14:05:36.5638991Z Hint: The binding can be removed (if unused) or named `_` (if used implicitly). Alternatively, prefix the name with `_` to silence this warning:
2026-10-09T14:05:36.5639743Z   [apply] _leftName
2026-10-09T14:05:36.5639931Z 
2026-10-09T14:05:36.5640324Z Note: This linter can be disabled with `set_option linter.unusedVariables false`
2026-10-09T14:05:36.5641426Z warning: packages/meta/src/Ps/Meta/Unify.lean:207:21: Variable name `leftName` is not explicitly referenced.
2026-10-09T14:05:36.5641735Z 
2026-10-09T14:05:36.5642158Z Hint: The binding can be removed (if unused) or named `_` (if used implicitly). Alternatively, prefix the name with `_` to silence this warning:
2026-10-09T14:05:36.5642620Z   [apply] _leftName
2026-10-09T14:05:36.5642728Z 
2026-10-09T14:05:36.5663449Z Note: This linter can be disabled with `set_option linter.unusedVariables false`
2026-10-09T14:05:36.5664289Z ⚠ [32/96] Replayed Ps.Elab.Literal
2026-10-09T14:05:36.5665071Z warning: packages/elab/src/Ps/Elab/Literal.lean:166:11: Variable name `chars` is not explicitly referenced.
2026-10-09T14:05:36.5665701Z 
2026-10-09T14:05:36.5666446Z Hint: The binding can be removed (if unused) or named `_` (if used implicitly). Alternatively, prefix the name with `_` to silence this warning:
2026-10-09T14:05:36.5667208Z   [apply] _chars
2026-10-09T14:05:36.5667373Z 
2026-10-09T14:05:36.5667748Z Note: This linter can be disabled with `set_option linter.unusedVariables false`
2026-10-09T14:05:36.5668478Z warning: packages/elab/src/Ps/Elab/Literal.lean:167:13: Variable name `charsRev` is not explicitly referenced.
2026-10-09T14:05:36.5668880Z 
2026-10-09T14:05:36.5669392Z Hint: The binding can be removed (if unused) or named `_` (if used implicitly). Alternatively, prefix the name with `_` to silence this warning:
2026-10-09T14:05:36.5670037Z   [apply] _charsRev
2026-10-09T14:05:36.5670153Z 
2026-10-09T14:05:36.5670446Z Note: This linter can be disabled with `set_option linter.unusedVariables false`
2026-10-09T14:05:36.5671099Z ⚠ [33/96] Replayed Ps.Elab.Term
2026-10-09T14:05:36.5671862Z warning: packages/elab/src/Ps/Elab/Term.lean:2781:11: Variable name `context` is not explicitly referenced.
2026-10-09T14:05:36.5672339Z 
2026-10-09T14:05:36.5673051Z Hint: The binding can be removed (if unused) or named `_` (if used implicitly). Alternatively, prefix the name with `_` to silence this warning:
2026-10-09T14:05:36.5673778Z   [apply] _context
2026-10-09T14:05:36.5673925Z 
2026-10-09T14:05:36.5674353Z Note: This linter can be disabled with `set_option linter.unusedVariables false`
2026-10-09T14:05:36.5675393Z warning: packages/elab/src/Ps/Elab/Term.lean:2782:13: Variable name `recursion` is not explicitly referenced.
2026-10-09T14:05:36.5675941Z 
2026-10-09T14:05:36.5676450Z Hint: The binding can be removed (if unused) or named `_` (if used implicitly). Alternatively, prefix the name with `_` to silence this warning:
2026-10-09T14:05:36.5676962Z   [apply] _recursion
2026-10-09T14:05:36.5677076Z 
2026-10-09T14:05:36.5677327Z Note: This linter can be disabled with `set_option linter.unusedVariables false`
2026-10-09T14:05:36.5677902Z warning: packages/elab/src/Ps/Elab/Term.lean:2783:15: Variable name `index` is not explicitly referenced.
2026-10-09T14:05:36.5678209Z 
2026-10-09T14:05:36.5678629Z Hint: The binding can be removed (if unused) or named `_` (if used implicitly). Alternatively, prefix the name with `_` to silence this warning:
2026-10-09T14:05:36.5679098Z   [apply] _index
2026-10-09T14:05:36.5679212Z 
2026-10-09T14:05:36.5679447Z Note: This linter can be disabled with `set_option linter.unusedVariables false`
2026-10-09T14:05:36.5679890Z ⚠ [39/96] Replayed Ps.Erasure.Expr
2026-10-09T14:05:36.5680394Z warning: packages/erasure/src/Ps/Erasure/Expr.lean:726:21: Variable name `name` is not explicitly referenced.
2026-10-09T14:05:36.5680729Z 
2026-10-09T14:05:36.5681179Z Hint: The binding can be removed (if unused) or named `_` (if used implicitly). Alternatively, prefix the name with `_` to silence this warning:
2026-10-09T14:05:36.5681649Z   [apply] _name
2026-10-09T14:05:36.5681760Z 
2026-10-09T14:05:36.5682007Z Note: This linter can be disabled with `set_option linter.unusedVariables false`
2026-10-09T14:05:36.5682408Z ⚠ [46/96] Replayed Ps.BackendTs.Expr
2026-10-09T14:05:36.5682945Z warning: packages/backend-ts/src/Ps/BackendTs/Expr.lean:632:32: Variable name `fieldName` is not explicitly referenced.
2026-10-09T14:05:36.5683466Z 
2026-10-09T14:05:36.5683898Z Hint: The binding can be removed (if unused) or named `_` (if used implicitly). Alternatively, prefix the name with `_` to silence this warning:
2026-10-09T14:05:36.5684359Z   [apply] _fieldName
2026-10-09T14:05:36.5684478Z 
2026-10-09T14:05:36.5684712Z Note: This linter can be disabled with `set_option linter.unusedVariables false`
2026-10-09T14:05:36.5733041Z PSC1_ERASURE_PASS: dual-source Lean-native identity
2026-10-09T14:05:36.5733647Z PSC1_ERASURE_PASS: dual-source Lean-native generic identity
2026-10-09T14:05:36.5734011Z PSC1_ERASURE_PASS: dual-source Lean-native let
2026-10-09T14:05:36.5734316Z PSC1_ERASURE_PASS: dual-source Lean-native if
2026-10-09T14:05:36.5734646Z PSC1_ERASURE_PASS: dual-source Lean-native Maybe match
2026-10-09T14:05:36.5735027Z PSC1_ERASURE_PASS: dual-source Lean-native structure projection
2026-10-09T14:05:36.5735424Z PSC1_ERASURE_PASS: dual-source Lean-native structural recursion
2026-10-09T14:05:36.5736264Z PSC1_ERASURE_PASS: dual-source Lean-native Int
2026-10-09T14:05:36.5736794Z PSC1_ERASURE_PASS: dual-source Lean-native Array basics
2026-10-09T14:05:36.5737149Z PSC1_ERASURE_PASS: dual-source Lean-native Array map
2026-10-09T14:05:36.5737482Z PSC1_ERASURE_PASS: dual-source Lean-native Array foldl
2026-10-09T14:05:36.5737880Z PSC1_ERASURE_PASS: dual-source Lean-native Array higher-order
2026-10-09T14:05:36.5738302Z PSC1_ERASURE_PASS: dual-source Lean-native partial application
2026-10-09T14:05:36.5738723Z PSC1_ERASURE_PASS: dual-source Lean-native text primitives
2026-10-09T14:05:36.5739183Z PSC1_ERASURE_PASS: dual-source Lean-native String raw-position bridge
2026-10-09T14:05:36.5739672Z PSC1_ERASURE_PASS: dual-source Lean-native controlled partial def
2026-10-09T14:05:36.5739989Z PSC1_ERASURE_TESTS: PASS
2026-10-09T14:05:36.6108768Z ##[group]Run lake build psc2_lean_checked_seed
2026-10-09T14:05:36.6109251Z [36;1mlake build psc2_lean_checked_seed[0m
2026-10-09T14:05:36.6171044Z shell: /usr/bin/bash -e {0}
2026-10-09T14:05:36.6171301Z env:
2026-10-09T14:05:36.6171634Z   PSC0_TSC: /home/runner/work/_temp/psc0-typescript-7.0.2/node_modules/typescript/bin/tsc
2026-10-09T14:05:36.6172021Z   PSC0_TYPESCRIPT_VERSION: 7.0.2
2026-10-09T14:05:36.6172243Z ##[endgroup]
2026-10-09T14:05:37.0800214Z info: psc2LeanChecked: no previous manifest, creating one from scratch
2026-10-09T14:05:37.0800893Z info: updating toolchain to 'leanprover/lean4:v4.34.0'
2026-10-09T14:05:37.0801346Z info: restarting Lake via Elan
2026-10-09T14:05:37.3940327Z info: psc2LeanChecked: no previous manifest, creating one from scratch
2026-10-09T14:05:37.3940987Z info: toolchain not updated; already up-to-date
2026-10-09T14:05:38.1922817Z ⚠ [4/139] Replayed Ps.Syntax.Cursor
2026-10-09T14:05:38.1923916Z warning: packages/syntax/src/Ps/Syntax/Cursor.lean:51:14: Variable name `head` is not explicitly referenced.
2026-10-09T14:05:38.1924450Z 
2026-10-09T14:05:38.1925186Z Hint: The binding can be removed (if unused) or named `_` (if used implicitly). Alternatively, prefix the name with `_` to silence this warning:
2026-10-09T14:05:38.1926194Z   [apply] _head
2026-10-09T14:05:38.1926359Z 
2026-10-09T14:05:38.1926756Z Note: This linter can be disabled with `set_option linter.unusedVariables false`
2026-10-09T14:05:38.1927716Z warning: packages/syntax/src/Ps/Syntax/Cursor.lean:51:19: Variable name `tail` is not explicitly referenced.
2026-10-09T14:05:38.1928233Z 
2026-10-09T14:05:38.1928930Z Hint: The binding can be removed (if unused) or named `_` (if used implicitly). Alternatively, prefix the name with `_` to silence this warning:
2026-10-09T14:05:38.1929650Z   [apply] _tail
2026-10-09T14:05:38.1929809Z 
2026-10-09T14:05:38.1930188Z Note: This linter can be disabled with `set_option linter.unusedVariables false`
2026-10-09T14:05:38.1931139Z warning: packages/syntax/src/Ps/Syntax/Cursor.lean:56:19: Variable name `rest` is not explicitly referenced.
2026-10-09T14:05:38.1931643Z 
2026-10-09T14:05:38.1932295Z Hint: The binding can be removed (if unused) or named `_` (if used implicitly). Alternatively, prefix the name with `_` to silence this warning:
2026-10-09T14:05:38.1933417Z   [apply] _rest
2026-10-09T14:05:38.1933577Z 
2026-10-09T14:05:38.1933961Z Note: This linter can be disabled with `set_option linter.unusedVariables false`
2026-10-09T14:05:38.1934918Z warning: packages/syntax/src/Ps/Syntax/Cursor.lean:89:14: Variable name `first` is not explicitly referenced.
2026-10-09T14:05:38.1935439Z 
2026-10-09T14:05:38.1936269Z Hint: The binding can be removed (if unused) or named `_` (if used implicitly). Alternatively, prefix the name with `_` to silence this warning:
2026-10-09T14:05:38.1937008Z   [apply] _first
2026-10-09T14:05:38.1937175Z 
2026-10-09T14:05:38.1937554Z Note: This linter can be disabled with `set_option linter.unusedVariables false`
2026-10-09T14:05:38.1938503Z warning: packages/syntax/src/Ps/Syntax/Cursor.lean:92:25: Variable name `tail` is not explicitly referenced.
2026-10-09T14:05:38.1939020Z 
2026-10-09T14:05:38.1939716Z Hint: The binding can be removed (if unused) or named `_` (if used implicitly). Alternatively, prefix the name with `_` to silence this warning:
2026-10-09T14:05:38.1940449Z   [apply] _tail
2026-10-09T14:05:38.1940608Z 
2026-10-09T14:05:38.1940980Z Note: This linter can be disabled with `set_option linter.unusedVariables false`
2026-10-09T14:05:38.1941645Z ⚠ [6/139] Replayed Ps.Syntax.Lexer
2026-10-09T14:05:38.1942425Z warning: packages/syntax/src/Ps/Syntax/Lexer.lean:89:11: Variable name `depth` is not explicitly referenced.
2026-10-09T14:05:38.1942940Z 
2026-10-09T14:05:38.1943647Z Hint: The binding can be removed (if unused) or named `_` (if used implicitly). Alternatively, prefix the name with `_` to silence this warning:
2026-10-09T14:05:38.1944369Z   [apply] _depth
2026-10-09T14:05:38.1944534Z 
2026-10-09T14:05:38.1945182Z Note: This linter can be disabled with `set_option linter.unusedVariables false`
2026-10-09T14:05:38.1946290Z warning: packages/syntax/src/Ps/Syntax/Lexer.lean:89:25: Variable name `remaining` is not explicitly referenced.
2026-10-09T14:05:38.1946832Z 
2026-10-09T14:05:38.1947537Z Hint: The binding can be removed (if unused) or named `_` (if used implicitly). Alternatively, prefix the name with `_` to silence this warning:
2026-10-09T14:05:38.1948269Z   [apply] _remaining
2026-10-09T14:05:38.1948448Z 
2026-10-09T14:05:38.1948847Z Note: This linter can be disabled with `set_option linter.unusedVariables false`
2026-10-09T14:05:38.1949793Z warning: packages/syntax/src/Ps/Syntax/Lexer.lean:406:11: Variable name `remaining` is not explicitly referenced.
2026-10-09T14:05:38.1950323Z 
2026-10-09T14:05:38.1951019Z Hint: The binding can be removed (if unused) or named `_` (if used implicitly). Alternatively, prefix the name with `_` to silence this warning:
2026-10-09T14:05:38.1951749Z   [apply] _remaining
2026-10-09T14:05:38.1951921Z 
2026-10-09T14:05:38.1952312Z Note: This linter can be disabled with `set_option linter.unusedVariables false`
2026-10-09T14:05:38.1953272Z warning: packages/syntax/src/Ps/Syntax/Lexer.lean:406:82: Variable name `charsRev` is not explicitly referenced.
2026-10-09T14:05:38.1953795Z 
2026-10-09T14:05:38.1954494Z Hint: The binding can be removed (if unused) or named `_` (if used implicitly). Alternatively, prefix the name with `_` to silence this warning:
2026-10-09T14:05:38.1955229Z   [apply] _charsRev
2026-10-09T14:05:38.1955388Z 
2026-10-09T14:05:38.1955902Z Note: This linter can be disabled with `set_option linter.unusedVariables false`
2026-10-09T14:05:38.1956602Z ⚠ [9/139] Replayed Ps.Syntax.ParserState
2026-10-09T14:05:38.1957431Z warning: packages/syntax/src/Ps/Syntax/ParserState.lean:30:20: Variable name `rest` is not explicitly referenced.
2026-10-09T14:05:38.1957984Z 
2026-10-09T14:05:38.1958695Z Hint: The binding can be removed (if unused) or named `_` (if used implicitly). Alternatively, prefix the name with `_` to silence this warning:
2026-10-09T14:05:38.1959437Z   [apply] _rest
2026-10-09T14:05:38.1959595Z 
2026-10-09T14:05:38.1960019Z Note: This linter can be disabled with `set_option linter.unusedVariables false`
2026-10-09T14:05:38.1960831Z ⚠ [21/139] Replayed Ps.Core.Abstract
2026-10-09T14:05:38.1961595Z warning: packages/core/src/Ps/Core/Abstract.lean:8:11: Variable name `depth` is not explicitly referenced.
2026-10-09T14:05:38.1962106Z 
2026-10-09T14:05:38.1962813Z Hint: The binding can be removed (if unused) or named `_` (if used implicitly). Alternatively, prefix the name with `_` to silence this warning:
2026-10-09T14:05:38.1963551Z   [apply] _depth
2026-10-09T14:05:38.1963706Z 
2026-10-09T14:05:38.1964095Z Note: This linter can be disabled with `set_option linter.unusedVariables false`
2026-10-09T14:05:38.1965024Z warning: packages/core/src/Ps/Core/Abstract.lean:16:11: Variable name `depth` is not explicitly referenced.
2026-10-09T14:05:38.1965654Z 
2026-10-09T14:05:38.1966379Z Hint: The binding can be removed (if unused) or named `_` (if used implicitly). Alternatively, prefix the name with `_` to silence this warning:
2026-10-09T14:05:38.1967113Z   [apply] _depth
2026-10-09T14:05:38.1967270Z 
2026-10-09T14:05:38.1967673Z Note: This linter can be disabled with `set_option linter.unusedVariables false`
2026-10-09T14:05:38.1968595Z warning: packages/core/src/Ps/Core/Abstract.lean:18:11: Variable name `depth` is not explicitly referenced.
2026-10-09T14:05:38.1969093Z 
2026-10-09T14:05:38.1969786Z Hint: The binding can be removed (if unused) or named `_` (if used implicitly). Alternatively, prefix the name with `_` to silence this warning:
2026-10-09T14:05:38.1970521Z   [apply] _depth
2026-10-09T14:05:38.1970670Z 
2026-10-09T14:05:38.1971052Z Note: This linter can be disabled with `set_option linter.unusedVariables false`
2026-10-09T14:05:38.1971961Z warning: packages/core/src/Ps/Core/Abstract.lean:20:11: Variable name `depth` is not explicitly referenced.
2026-10-09T14:05:38.1972634Z 
2026-10-09T14:05:38.1973333Z Hint: The binding can be removed (if unused) or named `_` (if used implicitly). Alternatively, prefix the name with `_` to silence this warning:
2026-10-09T14:05:38.1974063Z   [apply] _depth
2026-10-09T14:05:38.1974217Z 
2026-10-09T14:05:38.1974614Z Note: This linter can be disabled with `set_option linter.unusedVariables false`
2026-10-09T14:05:38.1975649Z warning: packages/core/src/Ps/Core/Abstract.lean:66:11: Variable name `depth` is not explicitly referenced.
2026-10-09T14:05:38.1976139Z 
2026-10-09T14:05:38.1976856Z Hint: The binding can be removed (if unused) or named `_` (if used implicitly). Alternatively, prefix the name with `_` to silence this warning:
2026-10-09T14:05:38.1977573Z   [apply] _depth
2026-10-09T14:05:38.1977727Z 
2026-10-09T14:05:38.1978106Z Note: This linter can be disabled with `set_option linter.unusedVariables false`
2026-10-09T14:05:38.1978739Z ⚠ [22/139] Replayed Ps.Core.Subst
2026-10-09T14:05:38.1979487Z warning: packages/core/src/Ps/Core/Subst.lean:14:11: Variable name `cutoff` is not explicitly referenced.
2026-10-09T14:05:38.1979981Z 
2026-10-09T14:05:38.1980672Z Hint: The binding can be removed (if unused) or named `_` (if used implicitly). Alternatively, prefix the name with `_` to silence this warning:
2026-10-09T14:05:38.1981400Z   [apply] _cutoff
2026-10-09T14:05:38.1981551Z 
2026-10-09T14:05:38.1981932Z Note: This linter can be disabled with `set_option linter.unusedVariables false`
2026-10-09T14:05:38.1982836Z warning: packages/core/src/Ps/Core/Subst.lean:16:11: Variable name `cutoff` is not explicitly referenced.
2026-10-09T14:05:38.1983318Z 
2026-10-09T14:05:38.1984005Z Hint: The binding can be removed (if unused) or named `_` (if used implicitly). Alternatively, prefix the name with `_` to silence this warning:
2026-10-09T14:05:38.1984725Z   [apply] _cutoff
2026-10-09T14:05:38.1984874Z 
2026-10-09T14:05:38.1985249Z Note: This linter can be disabled with `set_option linter.unusedVariables false`
2026-10-09T14:05:38.1986286Z warning: packages/core/src/Ps/Core/Subst.lean:18:11: Variable name `cutoff` is not explicitly referenced.
2026-10-09T14:05:38.1986762Z 
2026-10-09T14:05:38.1987467Z Hint: The binding can be removed (if unused) or named `_` (if used implicitly). Alternatively, prefix the name with `_` to silence this warning:
2026-10-09T14:05:38.1988350Z   [apply] _cutoff
2026-10-09T14:05:38.1988499Z 
2026-10-09T14:05:38.1988880Z Note: This linter can be disabled with `set_option linter.unusedVariables false`
2026-10-09T14:05:38.1989785Z warning: packages/core/src/Ps/Core/Subst.lean:20:11: Variable name `cutoff` is not explicitly referenced.
2026-10-09T14:05:38.1990280Z 
2026-10-09T14:05:38.1990972Z Hint: The binding can be removed (if unused) or named `_` (if used implicitly). Alternatively, prefix the name with `_` to silence this warning:
2026-10-09T14:05:38.1991700Z   [apply] _cutoff
2026-10-09T14:05:38.1991848Z 
2026-10-09T14:05:38.1992228Z Note: This linter can be disabled with `set_option linter.unusedVariables false`
2026-10-09T14:05:38.1993141Z warning: packages/core/src/Ps/Core/Subst.lean:66:11: Variable name `cutoff` is not explicitly referenced.
2026-10-09T14:05:38.1993631Z 
2026-10-09T14:05:38.1994377Z Hint: The binding can be removed (if unused) or named `_` (if used implicitly). Alternatively, prefix the name with `_` to silence this warning:
2026-10-09T14:05:38.1995111Z   [apply] _cutoff
2026-10-09T14:05:38.1995272Z 
2026-10-09T14:05:38.1995762Z Note: This linter can be disabled with `set_option linter.unusedVariables false`
2026-10-09T14:05:38.1996666Z warning: packages/core/src/Ps/Core/Subst.lean:94:11: Variable name `depth` is not explicitly referenced.
2026-10-09T14:05:38.1997158Z 
2026-10-09T14:05:38.1997831Z Hint: The binding can be removed (if unused) or named `_` (if used implicitly). Alternatively, prefix the name with `_` to silence this warning:
2026-10-09T14:05:38.1998559Z   [apply] _depth
2026-10-09T14:05:38.1998714Z 
2026-10-09T14:05:38.1999231Z Note: This linter can be disabled with `set_option linter.unusedVariables false`
2026-10-09T14:05:38.2000136Z warning: packages/core/src/Ps/Core/Subst.lean:96:11: Variable name `depth` is not explicitly referenced.
2026-10-09T14:05:38.2000618Z 
2026-10-09T14:05:38.2001299Z Hint: The binding can be removed (if unused) or named `_` (if used implicitly). Alternatively, prefix the name with `_` to silence this warning:
2026-10-09T14:05:38.2002023Z   [apply] _depth
2026-10-09T14:05:38.2002180Z 
2026-10-09T14:05:38.2002551Z Note: This linter can be disabled with `set_option linter.unusedVariables false`
2026-10-09T14:05:38.2003428Z warning: packages/core/src/Ps/Core/Subst.lean:98:11: Variable name `depth` is not explicitly referenced.
2026-10-09T14:05:38.2003910Z 
2026-10-09T14:05:38.2004589Z Hint: The binding can be removed (if unused) or named `_` (if used implicitly). Alternatively, prefix the name with `_` to silence this warning:
2026-10-09T14:05:38.2005315Z   [apply] _depth
2026-10-09T14:05:38.2005468Z 
2026-10-09T14:05:38.2005977Z Note: This linter can be disabled with `set_option linter.unusedVariables false`
2026-10-09T14:05:38.2006884Z warning: packages/core/src/Ps/Core/Subst.lean:100:11: Variable name `depth` is not explicitly referenced.
2026-10-09T14:05:38.2007380Z 
2026-10-09T14:05:38.2008061Z Hint: The binding can be removed (if unused) or named `_` (if used implicitly). Alternatively, prefix the name with `_` to silence this warning:
2026-10-09T14:05:38.2008779Z   [apply] _depth
2026-10-09T14:05:38.2008938Z 
2026-10-09T14:05:38.2009319Z Note: This linter can be disabled with `set_option linter.unusedVariables false`
2026-10-09T14:05:38.2010224Z warning: packages/core/src/Ps/Core/Subst.lean:146:11: Variable name `depth` is not explicitly referenced.
2026-10-09T14:05:38.2010716Z 
2026-10-09T14:05:38.2011396Z Hint: The binding can be removed (if unused) or named `_` (if used implicitly). Alternatively, prefix the name with `_` to silence this warning:
2026-10-09T14:05:38.2012135Z   [apply] _depth
2026-10-09T14:05:38.2012294Z 
2026-10-09T14:05:38.2012672Z Note: This linter can be disabled with `set_option linter.unusedVariables false`
2026-10-09T14:05:38.2013339Z ⚠ [33/139] Replayed Ps.Core.LevelSubst
2026-10-09T14:05:38.2014133Z warning: packages/core/src/Ps/Core/LevelSubst.lean:8:11: Variable name `arguments` is not explicitly referenced.
2026-10-09T14:05:38.2014821Z 
2026-10-09T14:05:38.2015648Z Hint: The binding can be removed (if unused) or named `_` (if used implicitly). Alternatively, prefix the name with `_` to silence this warning:
2026-10-09T14:05:38.2016387Z   [apply] _arguments
2026-10-09T14:05:38.2016558Z 
2026-10-09T14:05:38.2016941Z Note: This linter can be disabled with `set_option linter.unusedVariables false`
2026-10-09T14:05:38.2017882Z warning: packages/core/src/Ps/Core/LevelSubst.lean:9:13: Variable name `target` is not explicitly referenced.
2026-10-09T14:05:38.2018405Z 
2026-10-09T14:05:38.2019097Z Hint: The binding can be removed (if unused) or named `_` (if used implicitly). Alternatively, prefix the name with `_` to silence this warning:
2026-10-09T14:05:38.2019831Z   [apply] _target
2026-10-09T14:05:38.2020002Z 
2026-10-09T14:05:38.2020388Z Note: This linter can be disabled with `set_option linter.unusedVariables false`
2026-10-09T14:05:38.2021063Z ⚠ [34/139] Replayed Ps.Meta.LevelContext
2026-10-09T14:05:38.2021922Z warning: packages/meta/src/Ps/Meta/LevelContext.lean:59:4: Variable name `assignment` is not explicitly referenced.
2026-10-09T14:05:38.2022468Z 
2026-10-09T14:05:38.2023202Z Hint: The binding can be removed (if unused) or named `_` (if used implicitly). Alternatively, prefix the name with `_` to silence this warning:
2026-10-09T14:05:38.2023937Z   [apply] _assignment
2026-10-09T14:05:38.2024113Z 
2026-10-09T14:05:38.2024506Z Note: This linter can be disabled with `set_option linter.unusedVariables false`
2026-10-09T14:05:38.2025121Z ⚠ [39/139] Replayed Ps.Meta.Unify
2026-10-09T14:05:38.2026046Z warning: packages/meta/src/Ps/Meta/Unify.lean:90:11: Variable name `environment` is not explicitly referenced.
2026-10-09T14:05:38.2026572Z 
2026-10-09T14:05:38.2027425Z Hint: The binding can be removed (if unused) or named `_` (if used implicitly). Alternatively, prefix the name with `_` to silence this warning:
2026-10-09T14:05:38.2028170Z   [apply] _environment
2026-10-09T14:05:38.2028346Z 
2026-10-09T14:05:38.2028732Z Note: This linter can be disabled with `set_option linter.unusedVariables false`
2026-10-09T14:05:38.2029687Z warning: packages/meta/src/Ps/Meta/Unify.lean:91:11: Variable name `localContext` is not explicitly referenced.
2026-10-09T14:05:38.2030203Z 
2026-10-09T14:05:38.2030915Z Hint: The binding can be removed (if unused) or named `_` (if used implicitly). Alternatively, prefix the name with `_` to silence this warning:
2026-10-09T14:05:38.2031652Z   [apply] _localContext
2026-10-09T14:05:38.2031828Z 
2026-10-09T14:05:38.2032216Z Note: This linter can be disabled with `set_option linter.unusedVariables false`
2026-10-09T14:05:38.2033134Z warning: packages/meta/src/Ps/Meta/Unify.lean:93:11: Variable name `left` is not explicitly referenced.
2026-10-09T14:05:38.2033610Z 
2026-10-09T14:05:38.2034304Z Hint: The binding can be removed (if unused) or named `_` (if used implicitly). Alternatively, prefix the name with `_` to silence this warning:
2026-10-09T14:05:38.2035033Z   [apply] _left
2026-10-09T14:05:38.2035186Z 
2026-10-09T14:05:38.2035687Z Note: This linter can be disabled with `set_option linter.unusedVariables false`
2026-10-09T14:05:38.2036604Z warning: packages/meta/src/Ps/Meta/Unify.lean:94:11: Variable name `right` is not explicitly referenced.
2026-10-09T14:05:38.2037093Z 
2026-10-09T14:05:38.2037786Z Hint: The binding can be removed (if unused) or named `_` (if used implicitly). Alternatively, prefix the name with `_` to silence this warning:
2026-10-09T14:05:38.2038518Z   [apply] _right
2026-10-09T14:05:38.2038662Z 
2026-10-09T14:05:38.2039041Z Note: This linter can be disabled with `set_option linter.unusedVariables false`
2026-10-09T14:05:38.2039977Z warning: packages/meta/src/Ps/Meta/Unify.lean:178:17: Variable name `leftName` is not explicitly referenced.
2026-10-09T14:05:38.2040478Z 
2026-10-09T14:05:38.2041172Z Hint: The binding can be removed (if unused) or named `_` (if used implicitly). Alternatively, prefix the name with `_` to silence this warning:
2026-10-09T14:05:38.2042054Z   [apply] _leftName
2026-10-09T14:05:38.2042211Z 
2026-10-09T14:05:38.2042586Z Note: This linter can be disabled with `set_option linter.unusedVariables false`
2026-10-09T14:05:38.2043503Z warning: packages/meta/src/Ps/Meta/Unify.lean:207:21: Variable name `leftName` is not explicitly referenced.
2026-10-09T14:05:38.2043998Z 
2026-10-09T14:05:38.2044692Z Hint: The binding can be removed (if unused) or named `_` (if used implicitly). Alternatively, prefix the name with `_` to silence this warning:
2026-10-09T14:05:38.2045415Z   [apply] _leftName
2026-10-09T14:05:38.2045701Z 
2026-10-09T14:05:38.2046089Z Note: This linter can be disabled with `set_option linter.unusedVariables false`
2026-10-09T14:05:38.2046762Z ⚠ [42/139] Replayed Ps.Elab.Literal
2026-10-09T14:05:38.2047516Z warning: packages/elab/src/Ps/Elab/Literal.lean:166:11: Variable name `chars` is not explicitly referenced.
2026-10-09T14:05:38.2048014Z 
2026-10-09T14:05:38.2048702Z Hint: The binding can be removed (if unused) or named `_` (if used implicitly). Alternatively, prefix the name with `_` to silence this warning:
2026-10-09T14:05:38.2049437Z   [apply] _chars
2026-10-09T14:05:38.2049597Z 
2026-10-09T14:05:38.2049983Z Note: This linter can be disabled with `set_option linter.unusedVariables false`
2026-10-09T14:05:38.2050916Z warning: packages/elab/src/Ps/Elab/Literal.lean:167:13: Variable name `charsRev` is not explicitly referenced.
2026-10-09T14:05:38.2051415Z 
2026-10-09T14:05:38.2052113Z Hint: The binding can be removed (if unused) or named `_` (if used implicitly). Alternatively, prefix the name with `_` to silence this warning:
2026-10-09T14:05:38.2052831Z   [apply] _charsRev
2026-10-09T14:05:38.2052997Z 
2026-10-09T14:05:38.2053525Z Note: This linter can be disabled with `set_option linter.unusedVariables false`
2026-10-09T14:05:38.2054142Z ⚠ [43/139] Replayed Ps.Elab.Term
2026-10-09T14:05:38.2054888Z warning: packages/elab/src/Ps/Elab/Term.lean:2781:11: Variable name `context` is not explicitly referenced.
2026-10-09T14:05:38.2055390Z 
2026-10-09T14:05:38.2056239Z Hint: The binding can be removed (if unused) or named `_` (if used implicitly). Alternatively, prefix the name with `_` to silence this warning:
2026-10-09T14:05:38.2057000Z   [apply] _context
2026-10-09T14:05:38.2057159Z 
2026-10-09T14:05:38.2057556Z Note: This linter can be disabled with `set_option linter.unusedVariables false`
2026-10-09T14:05:38.2058495Z warning: packages/elab/src/Ps/Elab/Term.lean:2782:13: Variable name `recursion` is not explicitly referenced.
2026-10-09T14:05:38.2059006Z 
2026-10-09T14:05:38.2059699Z Hint: The binding can be removed (if unused) or named `_` (if used implicitly). Alternatively, prefix the name with `_` to silence this warning:
2026-10-09T14:05:38.2060425Z   [apply] _recursion
2026-10-09T14:05:38.2060608Z 
2026-10-09T14:05:38.2060991Z Note: This linter can be disabled with `set_option linter.unusedVariables false`
2026-10-09T14:05:38.2061884Z warning: packages/elab/src/Ps/Elab/Term.lean:2783:15: Variable name `index` is not explicitly referenced.
2026-10-09T14:05:38.2062376Z 
2026-10-09T14:05:38.2063059Z Hint: The binding can be removed (if unused) or named `_` (if used implicitly). Alternatively, prefix the name with `_` to silence this warning:
2026-10-09T14:05:38.2063779Z   [apply] _index
2026-10-09T14:05:38.2063936Z 
2026-10-09T14:05:38.2064310Z Note: This linter can be disabled with `set_option linter.unusedVariables false`
2026-10-09T14:05:38.2064943Z ⚠ [48/139] Replayed Ps.Erasure.Expr
2026-10-09T14:05:38.2065837Z warning: packages/erasure/src/Ps/Erasure/Expr.lean:726:21: Variable name `name` is not explicitly referenced.
2026-10-09T14:05:38.2066356Z 
2026-10-09T14:05:38.2067072Z Hint: The binding can be removed (if unused) or named `_` (if used implicitly). Alternatively, prefix the name with `_` to silence this warning:
2026-10-09T14:05:38.2067791Z   [apply] _name
2026-10-09T14:05:38.2067950Z 
2026-10-09T14:05:38.2068290Z Note: This linter can be disabled with `set_option linter.unusedVariables false`
2026-10-09T14:05:38.2069023Z ⚠ [55/139] Replayed Ps.BackendTs.Expr
2026-10-09T14:05:38.2069784Z warning: packages/backend-ts/src/Ps/BackendTs/Expr.lean:632:32: Variable name `fieldName` is not explicitly referenced.
2026-10-09T14:05:38.2070279Z 
2026-10-09T14:05:38.2070898Z Hint: The binding can be removed (if unused) or named `_` (if used implicitly). Alternatively, prefix the name with `_` to silence this warning:
2026-10-09T14:05:38.2071570Z   [apply] _fieldName
2026-10-09T14:05:38.2071733Z 
2026-10-09T14:05:38.2072083Z Note: This linter can be disabled with `set_option linter.unusedVariables false`
2026-10-09T14:05:38.2072723Z ⚠ [59/139] Replayed Ps.CompilerIr.Check
2026-10-09T14:05:38.2073576Z warning: packages/compiler-ir/src/Ps/CompilerIr/Check.lean:684:27: Variable name `scope` is not explicitly referenced.
2026-10-09T14:05:38.2074145Z 
2026-10-09T14:05:38.2074844Z Hint: The binding can be removed (if unused) or named `_` (if used implicitly). Alternatively, prefix the name with `_` to silence this warning:
2026-10-09T14:05:38.2075725Z   [apply] _scope
2026-10-09T14:05:38.2075890Z 
2026-10-09T14:05:38.2076274Z Note: This linter can be disabled with `set_option linter.unusedVariables false`
2026-10-09T14:05:38.3950822Z ✔ [125/139] Built PsKernelLean.Error (271ms)
2026-10-09T14:05:38.5929723Z ✔ [126/139] Built PsKernelLean.Error:c.o (149ms)
2026-10-09T14:05:39.1949961Z ✔ [127/139] Built PsKernelLean.Convert (806ms)
2026-10-09T14:05:39.4944061Z ✔ [128/139] Built PsKernelLean.Convert:c.o (233ms)
2026-10-09T14:05:40.1967412Z ✔ [129/139] Built PsKernelLean.Protocol (941ms)
2026-10-09T14:05:40.1976324Z ✔ [130/139] Built PsKernelLean.Prelude (952ms)
2026-10-09T14:05:40.5957970Z ✔ [131/139] Built PsKernelLean.Prelude:c.o (448ms)
2026-10-09T14:05:40.7954022Z ✔ [132/139] Built PsKernelLean.Protocol:c.o (574ms)
2026-10-09T14:05:40.9956016Z ✔ [133/139] Built PsKernelLean.Admission (767ms)
2026-10-09T14:05:41.0957341Z ✔ [134/139] Built PsKernelLean.Admission:c.o (97ms)
2026-10-09T14:05:41.6963419Z ✔ [135/139] Built Ps.Host.LeanChecked (741ms)
2026-10-09T14:05:41.7965063Z ✔ [136/139] Built Ps.Host.LeanChecked:c.o (91ms)
2026-10-09T14:05:42.5973607Z ⚠ [137/139] Built LeanCheckedSeed (920ms)
2026-10-09T14:05:42.5974236Z warning: ../scripts/LeanCheckedSeed.lean:108:13: `String.trim` has been deprecated: Use `String.trimAscii` instead
2026-10-09T14:05:42.5974581Z 
2026-10-09T14:05:42.5974744Z Note: The updated constant has a different type:
2026-10-09T14:05:42.5975061Z   String → String.Slice
2026-10-09T14:05:42.5975273Z instead of
2026-10-09T14:05:42.5975476Z   String → String
2026-10-09T14:05:42.5976088Z warning: ../scripts/LeanCheckedSeed.lean:111:18: `String.trim` has been deprecated: Use `String.trimAscii` instead
2026-10-09T14:05:42.5976426Z 
2026-10-09T14:05:42.5976613Z Note: The updated constant has a different type:
2026-10-09T14:05:42.5976895Z   String → String.Slice
2026-10-09T14:05:42.5977091Z instead of
2026-10-09T14:05:42.5977283Z   String → String
2026-10-09T14:05:42.9978118Z ✔ [138/139] Built LeanCheckedSeed:c.o (387ms)
2026-10-09T14:05:43.5979744Z ✔ [139/139] Built psc2_lean_checked_seed:exe (640ms)
2026-10-09T14:05:43.6155675Z Build completed successfully (139 jobs).
2026-10-09T14:05:43.6723039Z ##[group]Run test -x lean-checked/.lake/build/bin/psc2_lean_checked_seed
2026-10-09T14:05:43.6723464Z [36;1mtest -x lean-checked/.lake/build/bin/psc2_lean_checked_seed[0m
2026-10-09T14:05:43.6723864Z [36;1mnpm run --workspace @proofscript/pskernel-lean-wasm verify:prebuilt[0m
2026-10-09T14:05:43.6724455Z [36;1mnode --test scripts/proofscript-source.test.mjs scripts/checked-source-snapshot.test.mjs scripts/checked-seed-session.test.mjs[0m
2026-10-09T14:05:43.6725130Z [36;1mnode --test --test-name-pattern='^actual PS build (rejects|resolves|prepares)' scripts/checked-build.test.mjs[0m
2026-10-09T14:05:43.6725782Z [36;1mnode scripts/selfhost-source-isolation-tests.mjs[0m
2026-10-09T14:05:43.6726103Z [36;1mnode scripts/native-workspace-isolation.test.mjs[0m
2026-10-09T14:05:43.6784872Z shell: /usr/bin/bash -e {0}
2026-10-09T14:05:43.6785252Z env:
2026-10-09T14:05:43.6785721Z   PSC0_TSC: /home/runner/work/_temp/psc0-typescript-7.0.2/node_modules/typescript/bin/tsc
2026-10-09T14:05:43.6786130Z   PSC0_TYPESCRIPT_VERSION: 7.0.2
2026-10-09T14:05:43.6786345Z ##[endgroup]
2026-10-09T14:05:43.7875460Z 
2026-10-09T14:05:43.7876321Z > @proofscript/pskernel-lean-wasm@4.34.0 verify:prebuilt
2026-10-09T14:05:43.7876710Z > node host/verify-prebuilt.mjs
2026-10-09T14:05:43.7876863Z 
2026-10-09T14:05:43.8225944Z PSC2_LEAN_KERNEL_WASM_PREBUILT_VERIFY: PASS 2177471 bytes 1b21b2483df7e8de7542873c24eaff2501539b1b
2026-10-09T14:05:43.8692332Z TAP version 13
2026-10-09T14:05:44.4949419Z # Subtest: real lean module session emits only after the explicit Wasm check
2026-10-09T14:05:44.4956767Z ok 1 - real lean module session emits only after the explicit Wasm check
2026-10-09T14:05:44.4957235Z   ---
2026-10-09T14:05:44.4957653Z   duration_ms: 588.251091
2026-10-09T14:05:44.4958121Z   type: 'test'
2026-10-09T14:05:44.4958407Z   ...
2026-10-09T14:05:44.5244000Z # Subtest: real lean module session blocks emission on rejection
2026-10-09T14:05:44.5244775Z ok 2 - real lean module session blocks emission on rejection
2026-10-09T14:05:44.5245227Z   ---
2026-10-09T14:05:44.5245687Z   duration_ms: 29.483163
2026-10-09T14:05:44.5246004Z   type: 'test'
2026-10-09T14:05:44.5246221Z   ...
2026-10-09T14:05:44.6871230Z # Subtest: real ps module session emits only after the explicit Wasm check
2026-10-09T14:05:44.6872080Z ok 3 - real ps module session emits only after the explicit Wasm check
2026-10-09T14:05:44.6872700Z   ---
2026-10-09T14:05:44.6872985Z   duration_ms: 162.69384
2026-10-09T14:05:44.6873292Z   type: 'test'
2026-10-09T14:05:44.6873546Z   ...
2026-10-09T14:05:44.7169499Z # Subtest: real ps module session blocks emission on rejection
2026-10-09T14:05:44.7184192Z ok 4 - real ps module session blocks emission on rejection
2026-10-09T14:05:44.7184829Z   ---
2026-10-09T14:05:44.7185092Z   duration_ms: 29.187089
2026-10-09T14:05:44.7185396Z   type: 'test'
2026-10-09T14:05:44.7185785Z   ...
2026-10-09T14:05:44.7186290Z # Subtest: module partition must exactly reproduce the immutable source
2026-10-09T14:05:44.7187001Z ok 5 - module partition must exactly reproduce the immutable source
2026-10-09T14:05:44.7187442Z   ---
2026-10-09T14:05:44.7187701Z   duration_ms: 0.447091
2026-10-09T14:05:44.7187981Z   type: 'test'
2026-10-09T14:05:44.7188236Z   ...
2026-10-09T14:05:44.7248273Z # Subtest: standalone source snapshot does not reread changed files
2026-10-09T14:05:44.7248987Z ok 6 - standalone source snapshot does not reread changed files
2026-10-09T14:05:44.7249449Z   ---
2026-10-09T14:05:44.7249723Z   duration_ms: 11.212088
2026-10-09T14:05:44.7250042Z   type: 'test'
2026-10-09T14:05:44.7250299Z   ...
2026-10-09T14:05:44.7250752Z # Subtest: PS dependency cannot be shadowed by Lean sibling
2026-10-09T14:05:44.7251344Z ok 7 - PS dependency cannot be shadowed by Lean sibling
2026-10-09T14:05:44.7251752Z   ---
2026-10-09T14:05:44.7252016Z   duration_ms: 14.767248
2026-10-09T14:05:44.7252323Z   type: 'test'
2026-10-09T14:05:44.7252588Z   ...
2026-10-09T14:05:44.7253386Z # Subtest: missing PS dependency cannot fall back to Lean
2026-10-09T14:05:44.7254025Z ok 8 - missing PS dependency cannot fall back to Lean
2026-10-09T14:05:44.7254434Z   ---
2026-10-09T14:05:44.7254704Z   duration_ms: 3.463702
2026-10-09T14:05:44.7255010Z   type: 'test'
2026-10-09T14:05:44.7255281Z   ...
2026-10-09T14:05:44.7255764Z # Subtest: cycles rejected
2026-10-09T14:05:44.7256130Z ok 9 - cycles rejected
2026-10-09T14:05:44.7256412Z   ---
2026-10-09T14:05:44.7256659Z   duration_ms: 3.347007
2026-10-09T14:05:44.7256965Z   type: 'test'
2026-10-09T14:05:44.7257220Z   ...
2026-10-09T14:05:44.7257597Z # Subtest: symlink dependency escape rejected
2026-10-09T14:05:44.7258080Z ok 10 - symlink dependency escape rejected
2026-10-09T14:05:44.7258461Z   ---
2026-10-09T14:05:44.7258718Z   duration_ms: 3.293586
2026-10-09T14:05:44.7259016Z   type: 'test'
2026-10-09T14:05:44.7259281Z   ...
2026-10-09T14:05:44.7260041Z # Subtest: generated manifest is verified by the same production resolver
2026-10-09T14:05:44.7260810Z ok 11 - generated manifest is verified by the same production resolver
2026-10-09T14:05:44.7261282Z   ---
2026-10-09T14:05:44.7261556Z   duration_ms: 5.48673
2026-10-09T14:05:44.7261852Z   type: 'test'
2026-10-09T14:05:44.7262114Z   ...
2026-10-09T14:05:44.7262525Z # Subtest: PS snapshot requires an actual parser adapter
2026-10-09T14:05:44.7263089Z ok 12 - PS snapshot requires an actual parser adapter
2026-10-09T14:05:44.7263482Z   ---
2026-10-09T14:05:44.7263740Z   duration_ms: 4.463884
2026-10-09T14:05:44.7264044Z   type: 'test'
2026-10-09T14:05:44.7264302Z   ...
2026-10-09T14:05:44.7264829Z # Subtest: PS snapshot validates raw import bytes before dependency access
2026-10-09T14:05:44.7265942Z ok 13 - PS snapshot validates raw import bytes before dependency access
2026-10-09T14:05:44.7266438Z   ---
2026-10-09T14:05:44.7266708Z   duration_ms: 2.764732
2026-10-09T14:05:44.7267017Z   type: 'test'
2026-10-09T14:05:44.7267287Z   ...
2026-10-09T14:05:44.7267700Z # Subtest: PS import cycles retain their dependency error
2026-10-09T14:05:44.7268298Z ok 14 - PS import cycles retain their dependency error
2026-10-09T14:05:44.7268697Z   ---
2026-10-09T14:05:44.7268962Z   duration_ms: 6.903839
2026-10-09T14:05:44.7269250Z   type: 'test'
2026-10-09T14:05:44.7269517Z   ...
2026-10-09T14:05:44.7270089Z # Subtest: generated source adapter delegates complete raw source and AST import names
2026-10-09T14:05:44.7270966Z ok 15 - generated source adapter delegates complete raw source and AST import names
2026-10-09T14:05:44.7271495Z   ---
2026-10-09T14:05:44.7271756Z   duration_ms: 2.856801
2026-10-09T14:05:44.7272054Z   type: 'test'
2026-10-09T14:05:44.7272309Z   ...
2026-10-09T14:05:44.7272873Z # Subtest: generated parser errors and missing parser API cannot become empty imports
2026-10-09T14:05:44.7273714Z ok 16 - generated parser errors and missing parser API cannot become empty imports
2026-10-09T14:05:44.7274272Z   ---
2026-10-09T14:05:44.7274528Z   duration_ms: 0.516987
2026-10-09T14:05:44.7274832Z   type: 'test'
2026-10-09T14:05:44.7275090Z   ...
2026-10-09T14:05:44.7275776Z # Subtest: generated import-list shape failure cannot silently hide a dependency
2026-10-09T14:05:44.7276573Z ok 17 - generated import-list shape failure cannot silently hide a dependency
2026-10-09T14:05:44.7277111Z   ---
2026-10-09T14:05:44.7277366Z   duration_ms: 0.162103
2026-10-09T14:05:44.7277667Z   type: 'test'
2026-10-09T14:05:44.7277926Z   ...
2026-10-09T14:05:44.7278600Z # Subtest: current PS host refuses historical and mismatched compiler grammar identities before parsing
2026-10-09T14:05:44.7279657Z ok 18 - current PS host refuses historical and mismatched compiler grammar identities before parsing
2026-10-09T14:05:44.7280258Z   ---
2026-10-09T14:05:44.7280531Z   duration_ms: 0.237647
2026-10-09T14:05:44.7280828Z   type: 'test'
2026-10-09T14:05:44.7281098Z   ...
2026-10-09T14:05:44.7281741Z # Subtest: reusable PS preparation rejects old and mismatched grammars before compiler operations
2026-10-09T14:05:44.7282963Z ok 19 - reusable PS preparation rejects old and mismatched grammars before compiler operations
2026-10-09T14:05:44.7283569Z   ---
2026-10-09T14:05:44.7283841Z   duration_ms: 0.874093
2026-10-09T14:05:44.7284145Z   type: 'test'
2026-10-09T14:05:44.7284401Z   ...
2026-10-09T14:05:44.7284956Z # Subtest: reusable current PS preparation binds grammar in cold and warm receipts
2026-10-09T14:05:44.7285992Z ok 20 - reusable current PS preparation binds grammar in cold and warm receipts
2026-10-09T14:05:44.7286507Z   ---
2026-10-09T14:05:44.7286778Z   duration_ms: 1.796057
2026-10-09T14:05:44.7287095Z   type: 'test'
2026-10-09T14:05:44.7287360Z   ...
2026-10-09T14:05:44.7288032Z # Subtest: reusable historical Lean preparation retains its receipt and warm state after PS refusal
2026-10-09T14:05:44.7289015Z ok 21 - reusable historical Lean preparation retains its receipt and warm state after PS refusal
2026-10-09T14:05:44.7289596Z   ---
2026-10-09T14:05:44.7290095Z   duration_ms: 0.556806
2026-10-09T14:05:44.7290396Z   type: 'test'
2026-10-09T14:05:44.7290669Z   ...
2026-10-09T14:05:44.7291342Z # Subtest: actual native parser discovers commented imports and preserves legal literal/comment bytes
2026-10-09T14:05:44.7292378Z ok 22 - actual native parser discovers commented imports and preserves legal literal/comment bytes
2026-10-09T14:05:44.7313008Z   ---
2026-10-09T14:05:44.7313299Z   duration_ms: 37.14536
2026-10-09T14:05:44.7313645Z   type: 'test'
2026-10-09T14:05:44.7313901Z   ...
2026-10-09T14:05:44.7314205Z # Subtest: actual native parser rejects semicolon import
2026-10-09T14:05:44.7314585Z ok 23 - actual native parser rejects semicolon import
2026-10-09T14:05:44.7314847Z   ---
2026-10-09T14:05:44.7315028Z   duration_ms: 36.119165
2026-10-09T14:05:44.7315226Z   type: 'test'
2026-10-09T14:05:44.7315392Z   ...
2026-10-09T14:05:44.7315834Z # Subtest: actual native parser rejects tab in import
2026-10-09T14:05:44.7316168Z ok 24 - actual native parser rejects tab in import
2026-10-09T14:05:44.7316420Z   ---
2026-10-09T14:05:44.7316594Z   duration_ms: 28.775195
2026-10-09T14:05:44.7316786Z   type: 'test'
2026-10-09T14:05:44.7316951Z   ...
2026-10-09T14:05:44.7317206Z # Subtest: actual native parser rejects lone CR in import
2026-10-09T14:05:44.7317540Z ok 25 - actual native parser rejects lone CR in import
2026-10-09T14:05:44.7317798Z   ---
2026-10-09T14:05:44.7317961Z   duration_ms: 29.947736
2026-10-09T14:05:44.7318158Z   type: 'test'
2026-10-09T14:05:44.7318328Z   ...
2026-10-09T14:05:44.7318619Z # Subtest: actual native parser rejects old declaration separator
2026-10-09T14:05:44.7319014Z ok 26 - actual native parser rejects old declaration separator
2026-10-09T14:05:44.7319280Z   ---
2026-10-09T14:05:44.7319449Z   duration_ms: 27.388527
2026-10-09T14:05:44.7319633Z   type: 'test'
2026-10-09T14:05:44.7319796Z   ...
2026-10-09T14:05:44.7320148Z # Subtest: PS file reads reject malformed UTF-8 and retain a leading BOM for the lexer
2026-10-09T14:05:44.7320645Z ok 27 - PS file reads reject malformed UTF-8 and retain a leading BOM for the lexer
2026-10-09T14:05:44.7320952Z   ---
2026-10-09T14:05:44.7321121Z   duration_ms: 8.241808
2026-10-09T14:05:44.7321313Z   type: 'test'
2026-10-09T14:05:44.7321475Z   ...
2026-10-09T14:05:44.7321623Z 1..27
2026-10-09T14:05:44.7321784Z # tests 27
2026-10-09T14:05:44.7321942Z # suites 0
2026-10-09T14:05:44.7322103Z # pass 27
2026-10-09T14:05:44.7322266Z # fail 0
2026-10-09T14:05:44.7322429Z # cancelled 0
2026-10-09T14:05:44.7322600Z # skipped 0
2026-10-09T14:05:44.7322760Z # todo 0
2026-10-09T14:05:44.7322945Z # duration_ms 870.072723
2026-10-09T14:05:44.7664139Z TAP version 13
2026-10-09T14:05:44.9319836Z # Subtest: actual PS build rejects semicolon import before dependency lookup
2026-10-09T14:05:44.9325082Z ok 1 - actual PS build rejects semicolon import before dependency lookup
2026-10-09T14:05:44.9325694Z   ---
2026-10-09T14:05:44.9326063Z   duration_ms: 128.84817
2026-10-09T14:05:44.9326368Z   type: 'test'
2026-10-09T14:05:44.9326648Z   ...
2026-10-09T14:05:45.0567255Z # Subtest: actual PS build rejects tab in import before dependency lookup
2026-10-09T14:05:45.0568426Z ok 2 - actual PS build rejects tab in import before dependency lookup
2026-10-09T14:05:45.0569157Z   ---
2026-10-09T14:05:45.0569425Z   duration_ms: 125.02641
2026-10-09T14:05:45.0569720Z   type: 'test'
2026-10-09T14:05:45.0569973Z   ...
2026-10-09T14:05:45.1819151Z # Subtest: actual PS build resolves a commented unused import and cannot ignore a missing file
2026-10-09T14:05:45.1820347Z ok 3 - actual PS build resolves a commented unused import and cannot ignore a missing file
2026-10-09T14:05:45.1821033Z   ---
2026-10-09T14:05:45.1821399Z   duration_ms: 125.028925
2026-10-09T14:05:45.1821778Z   type: 'test'
2026-10-09T14:05:45.1822110Z   ...
2026-10-09T14:05:45.4927567Z # Subtest: actual PS build prepares complete imported modules in dependency order
2026-10-09T14:05:45.4928657Z ok 4 - actual PS build prepares complete imported modules in dependency order
2026-10-09T14:05:45.4929635Z   ---
2026-10-09T14:05:45.4929960Z   duration_ms: 311.067173
2026-10-09T14:05:45.4930281Z   type: 'test'
2026-10-09T14:05:45.4930658Z   ...
2026-10-09T14:05:45.5006641Z 1..4
2026-10-09T14:05:45.5016213Z # tests 4
2026-10-09T14:05:45.5026106Z # suites 0
2026-10-09T14:05:45.5026380Z # pass 4
2026-10-09T14:05:45.5026637Z # fail 0
2026-10-09T14:05:45.5026907Z # cancelled 0
2026-10-09T14:05:45.5027133Z # skipped 0
2026-10-09T14:05:45.5027323Z # todo 0
2026-10-09T14:05:45.5027544Z # duration_ms 743.002513
2026-10-09T14:05:45.6683572Z PSC2_SELFHOST_SOURCE_ISOLATION_CASE: PASS nested generated workspace without stdlib
2026-10-09T14:05:45.8047663Z PSC2_SELFHOST_SOURCE_ISOLATION_CASE: PASS isolated generated workspace without stdlib
2026-10-09T14:05:45.9400912Z PSC2_SELFHOST_SOURCE_ISOLATION_CASE: PASS stale Lean sibling cannot shadow canonical PS
2026-10-09T14:05:45.9816087Z PSC2_SELFHOST_SOURCE_ISOLATION_CASE: PASS tampered source bytes
2026-10-09T14:05:46.0230899Z PSC2_SELFHOST_SOURCE_ISOLATION_CASE: PASS missing PS cannot fall back to Lean
2026-10-09T14:05:46.0632286Z PSC2_SELFHOST_SOURCE_ISOLATION_CASE: PASS unlisted imported source
2026-10-09T14:05:46.1049109Z PSC2_SELFHOST_SOURCE_ISOLATION_CASE: PASS manifest includes unreachable source
2026-10-09T14:05:46.1538061Z PSC2_SELFHOST_SOURCE_ISOLATION_CASE: PASS manifest entry mismatch
2026-10-09T14:05:46.1951739Z PSC2_SELFHOST_SOURCE_ISOLATION_CASE: PASS malformed manifest cannot fall back to parent
2026-10-09T14:05:46.2343300Z PSC2_SELFHOST_SOURCE_ISOLATION_CASE: PASS generation tag mismatch
2026-10-09T14:05:46.2742679Z PSC2_SELFHOST_SOURCE_ISOLATION_CASE: PASS ambiguous generation manifests
2026-10-09T14:05:46.3142361Z PSC2_SELFHOST_SOURCE_ISOLATION_CASE: PASS symlink cannot escape generated root
2026-10-09T14:05:46.3552278Z PSC2_SELFHOST_SOURCE_ISOLATION_CASE: PASS cyclic source imports
2026-10-09T14:05:46.4924239Z PSC2_SELFHOST_SOURCE_ISOLATION_CASE: PASS selfhost generation manifest accepted
2026-10-09T14:05:46.4944311Z PSC2_SELFHOST_SOURCE_ISOLATION: PASS (14 passed; 0 platform skips; compiler double and pinned TypeScript)
2026-10-09T14:05:46.5577266Z PSC2_NATIVE_WORKSPACE_ISOLATION: PASS (bootstrap, selfhost and project roots without stdlib; original sources rejected)
2026-10-09T14:05:46.5666787Z ##[group]Run node scripts/selfhost-replay-runtime.test.mjs
2026-10-09T14:05:46.5667166Z [36;1mnode scripts/selfhost-replay-runtime.test.mjs[0m
2026-10-09T14:05:46.5667488Z [36;1mnode scripts/checked-erasure-name-index.test.mjs[0m
2026-10-09T14:05:46.5723518Z shell: /usr/bin/bash -e {0}
2026-10-09T14:05:46.5723754Z env:
2026-10-09T14:05:46.5724069Z   PSC0_TSC: /home/runner/work/_temp/psc0-typescript-7.0.2/node_modules/typescript/bin/tsc
2026-10-09T14:05:46.5724437Z   PSC0_TYPESCRIPT_VERSION: 7.0.2
2026-10-09T14:05:46.5724652Z ##[endgroup]
2026-10-09T14:05:46.8702600Z PSC2_NATIVE_TYPESCRIPT_CLI: PASS (exact profile, unrelated config, installed override and PATH discovery, precompile rejection and no fallback)
2026-10-09T14:05:46.9196857Z PSC2_NATIVE_WORKSPACE_ISOLATION: PASS (bootstrap, selfhost and project roots without stdlib; original sources rejected)
2026-10-09T14:05:48.8676801Z PSC2_SELFHOST_REPLAY_RUNTIME: PASS (strict TypeScript; 20000-step recursion, function results, name collisions, generic lists and exact UTF-8 positions)
2026-10-09T14:05:48.9210794Z TAP version 13
2026-10-09T14:05:49.5285995Z # Subtest: generated erasure indexes preserve collisions, structured names, precedence and output reservations
2026-10-09T14:05:49.5289563Z ok 1 - generated erasure indexes preserve collisions, structured names, precedence and output reservations
2026-10-09T14:05:49.5290232Z   ---
2026-10-09T14:05:49.5290612Z   duration_ms: 608.969412
2026-10-09T14:05:49.5290979Z   type: 'test'
2026-10-09T14:05:49.5291306Z   ...
2026-10-09T14:05:49.5326843Z 1..1
2026-10-09T14:05:49.5327681Z # tests 1
2026-10-09T14:05:49.5328662Z # suites 0
2026-10-09T14:05:49.5329614Z # pass 1
2026-10-09T14:05:49.5330164Z # fail 0
2026-10-09T14:05:49.5332076Z # cancelled 0
2026-10-09T14:05:49.5332670Z # skipped 0
2026-10-09T14:05:49.5332968Z # todo 0
2026-10-09T14:05:49.5333403Z # duration_ms 615.914462
2026-10-09T14:05:49.5483127Z ##[group]Run node --input-type=module <<'NODE'
2026-10-09T14:05:49.5483539Z [36;1mnode --input-type=module <<'NODE'[0m
2026-10-09T14:05:49.5483802Z [36;1mimport assert from 'node:assert/strict';[0m
2026-10-09T14:05:49.5484106Z [36;1mimport { mkdir, writeFile } from 'node:fs/promises';[0m
2026-10-09T14:05:49.5484399Z [36;1mimport path from 'node:path';[0m
2026-10-09T14:05:49.5484747Z [36;1mimport { readSelectedAuthoringSeed } from './scripts/sh1-successor-seed.mjs';[0m
2026-10-09T14:05:49.5485194Z [36;1mimport { loadGeneratedCompiler } from './scripts/sh1-source-snapshot.mjs';[0m
2026-10-09T14:05:49.5485777Z [36;1mimport { valueTag } from './scripts/sh1-capabilities.mjs';[0m
2026-10-09T14:05:49.5486231Z [36;1mimport { runMigrationWorkerConformance } from './scripts/sh1-migration-worker-conformance.mjs';[0m
2026-10-09T14:05:49.5486698Z [36;1mconst selected = await readSelectedAuthoringSeed();[0m
2026-10-09T14:05:49.5487062Z [36;1massert.equal(selected.mode, 'qualified');[0m
2026-10-09T14:05:49.5487421Z [36;1massert.equal(selected.manifest.kind, 'psc0-qualified-successor-seed');[0m
2026-10-09T14:05:49.5487885Z [36;1mconst loaded = await loadGeneratedCompiler(path.resolve(selected.compilerPath), {[0m
2026-10-09T14:05:49.5488352Z [36;1m  expectedSha256: selected.manifest.expectedArtifacts.javascriptSha256,[0m
2026-10-09T14:05:49.5488679Z [36;1m});[0m
2026-10-09T14:05:49.5488886Z [36;1mconst started = performance.now();[0m
2026-10-09T14:05:49.5489226Z [36;1mconst report = runMigrationWorkerConformance(loaded.compiler, valueTag);[0m
2026-10-09T14:05:49.5489574Z [36;1massert.equal(report.cases, 87);[0m
2026-10-09T14:05:49.5489802Z [36;1mconst receipt = {[0m
2026-10-09T14:05:49.5490156Z [36;1m  schemaVersion: 1, evidence: 'migration-fixture-authenticated-reference-preflight',[0m
2026-10-09T14:05:49.5490655Z [36;1m  recipeSourceRef: process.env.GITHUB_SHA, referenceSourceRef: selected.sourceRef,[0m
2026-10-09T14:05:49.5491055Z [36;1m  referenceCompilerSha256: loaded.compilerSha256,[0m
2026-10-09T14:05:49.5491385Z [36;1m  selectedSeedIdentitySha256: selected.identitySha256,[0m
2026-10-09T14:05:49.5491746Z [36;1m  elapsedMs: performance.now() - started, report, passed: true,[0m
2026-10-09T14:05:49.5492146Z [36;1m  compilerBuilt: false, currentSourceQualifiedByThisCheck: false,[0m
2026-10-09T14:05:49.5492445Z [36;1m};[0m
2026-10-09T14:05:49.5492652Z [36;1mawait mkdir('dist/sh1', { recursive: true });[0m
2026-10-09T14:05:49.5492975Z [36;1mawait writeFile('dist/sh1/worker-harness-reference.json',[0m
2026-10-09T14:05:49.5493302Z [36;1m  JSON.stringify(receipt, null, 2) + '\n', 'utf8');[0m
2026-10-09T14:05:49.5493675Z [36;1mconsole.log('PSC0_SH1_WORKER_HARNESS_REFERENCE: ' + JSON.stringify(receipt));[0m
2026-10-09T14:05:49.5493997Z [36;1mNODE[0m
2026-10-09T14:05:49.5549277Z shell: /usr/bin/bash -e {0}
2026-10-09T14:05:49.5549503Z env:
2026-10-09T14:05:49.5549809Z   PSC0_TSC: /home/runner/work/_temp/psc0-typescript-7.0.2/node_modules/typescript/bin/tsc
2026-10-09T14:05:49.5550179Z   PSC0_TYPESCRIPT_VERSION: 7.0.2
2026-10-09T14:05:49.5550393Z ##[endgroup]
2026-10-09T14:05:50.2147111Z PSC0_SH1_WORKER_HARNESS_REFERENCE: {"schemaVersion":1,"evidence":"migration-fixture-authenticated-reference-preflight","recipeSourceRef":"f62c38c890af13b1e8ccb2a4d2650b9c7c6d2d5f","referenceSourceRef":"fe2560aba0f347b1caf8d000d371464642d44f23","referenceCompilerSha256":"70db0131fa3af62f7193576407ad529be10df2f4296c712f53f7c31f42209061","selectedSeedIdentitySha256":"47d88158e075f766f0d146ba3a13b28744c6e196d9844c71f4e52dc7351e2225","elapsedMs":457.16560799999996,"report":{"schemaVersion":1,"evidence":"finite-migration-worker-generated-export-conformance","cases":87,"families":[{"family":"F1","workerCases":44,"wrapperCases":7,"observations":[{"name":"local-zero-fresh","result":"x$0"},{"name":"local-zero-colliding","result":"x$7"},{"name":"local-first-free","result":"x$7"},{"name":"local-exhaustion-can-collide","result":"x$8"},{"name":"local-global-collision-chain","result":"x$9"},{"name":"local-global-only-collision","result":"x$5"},{"name":"local-duplicates-consume-one-candidate","result":"x$6"},{"name":"local-future-collision-does-not-skip-free","result":"x$7"},{"name":"local-arbitrary-base","result":"é_$3"},{"name":"local-large-nat-index","result":"x$9007199254740993"},{"name":"eta-zero","result":["error","fuelExhausted"]},{"name":"eta-first-free","result":["ok","__ps_eta_4"]},{"name":"eta-used-exhausts","result":["error","fuelExhausted"]},{"name":"eta-used-collision","result":["ok","__ps_eta_5"]},{"name":"eta-body-collision","result":["ok","__ps_eta_5"]},{"name":"eta-used-and-body-chain","result":["ok","__ps_eta_6"]},{"name":"eta-lambda-binder-counts","result":["ok","__ps_eta_5"]},{"name":"eta-let-binder-counts","result":["ok","__ps_eta_5"]},{"name":"eta-record-label-does-not-count","result":["ok","__ps_eta_4"]},{"name":"eta-last-inspected-depth","result":["ok","__ps_eta_4"]},{"name":"eta-conservative-depth-exhaustion","result":["error","fuelExhausted"]},{"name":"eta-zero-with-deep-body","result":["error","fuelExhausted"]},{"name":"eta-large-nat-index","result":["ok","__ps_eta_9007199254740993"]},{"name":"match-zero","result":"__ps$match$overflow"},{"name":"match-zero-colliding-overflow","result":"__ps$match$overflow"},{"name":"match-first-free","result":"__ps$match$7"},{"name":"match-collision-exhausts","result":"__ps$match$overflow"},{"name":"match-collision-chain","result":"__ps$match$9"},{"name":"match-lambda-binder-counts","result":"__ps$match$8"},{"name":"match-record-label-does-not-count","result":"__ps$match$7"},{"name":"match-last-inspected-depth","result":"__ps$match$7"},{"name":"match-conservative-depth-exhaustion","result":"__ps$match$overflow"},{"name":"match-large-nat-index","result":"__ps$match$9007199254740993"},{"name":"internal-zero","result":["poverflow","8"]},{"name":"internal-zero-colliding-overflow","result":["poverflow","8"]},{"name":"internal-first-free","result":["p7","8"]},{"name":"internal-one-collision-exhausts","result":["poverflow","9"]},{"name":"internal-all-collisions-exhaust","result":["poverflow","11"]},{"name":"internal-first-free-after-chain","result":["p9","10"]},{"name":"internal-duplicate-used-names","result":["p8","9"]},{"name":"internal-future-collision-does-not-skip-free","result":["p7","8"]},{"name":"internal-empty-prefix","result":["2","3"]},{"name":"internal-arbitrary-prefix","result":["é_$8","9"]},{"name":"internal-large-nat-index","result":["p9007199254740993","9007199254740994"]},{"name":"wrapper-reserved-arguments","result":"_arguments"},{"name":"wrapper-reserved-eval-collision","result":"_eval$3"},{"name":"wrapper-underscore-fallback","result":"tmp$12"},{"name":"wrapper-sanitized-global-collision","result":"x_y$3"},{"name":"wrapper-match-argument-order","result":"__ps$match$8"},{"name":"wrapper-internal-argument-order","result":["p9","10"]},{"name":"wrapper-eta-parameter-order","result":["__ps_eta_1","__ps_eta_2"]}],"observationSha256":"637829f32a117a029b9f95bb7e19313239ca3ea42977f62961102534c785aa2b"},{"family":"F2","cases":36,"observations":[{"name":"preparation-empty-state","result":{"sourceKind":"lean","declarationsRev":[{"tag":"definitionDecl","levelParams":[],"name":{"tag":"str","parent":{"tag":"anonymous"},"value":"f2Prefix"},"type":{"tag":"constE","levels":[],"name":{"tag":"str","parent":{"tag":"anonymous"},"value":"Nat"}},"value":{"tag":"lit","value":{"tag":"natural","value":"11"}}}],"environment":{"declarationCount":82,"addedNewestFirst":["f2Prefix"],"declarations":[{"tag":"definitionDecl","levelParams":[],"name":{"tag":"str","parent":{"tag":"anonymous"},"value":"f2Prefix"},"type":{"tag":"constE","levels":[],"name":{"tag":"str","parent":{"tag":"anonymous"},"value":"Nat"}},"value":{"tag":"lit","value":{"tag":"natural","value":"11"}}}]}}},{"name":"preparation-ordered-dependencies","result":{"sourceKind":"lean","declarationsRev":[{"tag":"definitionDecl","levelParams":[],"name":{"tag":"str","parent":{"tag":"anonymous"},"value":"f2Last"},"type":{"tag":"constE","levels":[],"name":{"tag":"str","parent":{"tag":"anonymous"},"value":"Nat"}},"value":{"tag":"constE","levels":[],"name":{"tag":"str","parent":{"tag":"anonymous"},"value":"f2Next"}}},{"tag":"definitionDecl","levelParams":[],"name":{"tag":"str","parent":{"tag":"anonymous"},"value":"f2Next"},"type":{"tag":"constE","levels":[],"name":{"tag":"str","parent":{"tag":"anonymous"},"value":"Nat"}},"value":{"tag":"constE","levels":[],"name":{"tag":"str","parent":{"tag":"anonymous"},"value":"f2Base"}}},{"tag":"definitionDecl","levelParams":[],"name":{"tag":"str","parent":{"tag":"anonymous"},"value":"f2Base"},"type":{"tag":"constE","levels":[],"name":{"tag":"str","parent":{"tag":"anonymous"},"value":"Nat"}},"value":{"tag":"lit","value":{"tag":"natural","value":"17"}}},{"tag":"definitionDecl","levelParams":[],"name":{"tag":"str","parent":{"tag":"anonymous"},"value":"f2Prefix"},"type":{"tag":"constE","levels":[],"name":{"tag":"str","parent":{"tag":"anonymous"},"value":"Nat"}},"value":{"tag":"lit","value":{"tag":"natural","value":"11"}}}],"environment":{"declarationCount":85,"addedNewestFirst":["f2Last","f2Next","f2Base","f2Prefix"],"declarations":[{"tag":"definitionDecl","levelParams":[],"name":{"tag":"str","parent":{"tag":"anonymous"},"value":"f2Last"},"type":{"tag":"constE","levels":[],"name":{"tag":"str","parent":{"tag":"anonymous"},"value":"Nat"}},"value":{"tag":"constE","levels":[],"name":{"tag":"str","parent":{"tag":"anonymous"},"value":"f2Next"}}},{"tag":"definitionDecl","levelParams":[],"name":{"tag":"str","parent":{"tag":"anonymous"},"value":"f2Next"},"type":{"tag":"constE","levels":[],"name":{"tag":"str","parent":{"tag":"anonymous"},"value":"Nat"}},"value":{"tag":"constE","levels":[],"name":{"tag":"str","parent":{"tag":"anonymous"},"value":"f2Base"}}},{"tag":"definitionDecl","levelParams":[],"name":{"tag":"str","parent":{"tag":"anonymous"},"value":"f2Base"},"type":{"tag":"constE","levels":[],"name":{"tag":"str","parent":{"tag":"anonymous"},"value":"Nat"}},"value":{"tag":"lit","value":{"tag":"natural","value":"17"}}},{"tag":"definitionDecl","levelParams":[],"name":{"tag":"str","parent":{"tag":"anonymous"},"value":"f2Prefix"},"type":{"tag":"constE","levels":[],"name":{"tag":"str","parent":{"tag":"anonymous"},"value":"Nat"}},"value":{"tag":"lit","value":{"tag":"natural","value":"11"}}}]}}},{"name":"preparation-first-parse-error","result":{"tag":"leanFrontend","error":{"tag":"parse","error":{"tag":"expectedText","actual":"","expected":"term","span":{"start":{"byteOffset":"22","column":"1","line":"2"},"stop":{"byteOffset":"22","column":"1","line":"2"}}}}}},{"name":"preparation-middle-elaboration-error","result":{"tag":"elaboration","error":{"tag":"unknownName","name":{"tag":"str","parent":{"tag":"anonymous"},"value":"f2MissingSecond"}}}},{"name":"preparation-parsed-step-correspondence","result":{"sourceKind":"lean","declarationsRev":[{"tag":"definitionDecl","levelParams":[],"name":{"tag":"str","parent":{"tag":"anonymous"},"value":"f2Last"},"type":{"tag":"constE","levels":[],"name":{"tag":"str","parent":{"tag":"anonymous"},"value":"Nat"}},"value":{"tag":"constE","levels":[],"name":{"tag":"str","parent":{"tag":"anonymous"},"value":"f2Next"}}},{"tag":"definitionDecl","levelParams":[],"name":{"tag":"str","parent":{"tag":"anonymous"},"value":"f2Next"},"type":{"tag":"constE","levels":[],"name":{"tag":"str","parent":{"tag":"anonymous"},"value":"Nat"}},"value":{"tag":"constE","levels":[],"name":{"tag":"str","parent":{"tag":"anonymous"},"value":"f2Base"}}},{"tag":"definitionDecl","levelParams":[],"name":{"tag":"str","parent":{"tag":"anonymous"},"value":"f2Base"},"type":{"tag":"constE","levels":[],"name":{"tag":"str","parent":{"tag":"anonymous"},"value":"Nat"}},"value":{"tag":"lit","value":{"tag":"natural","value":"17"}}},{"tag":"definitionDecl","levelParams":[],"name":{"tag":"str","parent":{"tag":"anonymous"},"value":"f2Prefix"},"type":{"tag":"constE","levels":[],"name":{"tag":"str","parent":{"tag":"anonymous"},"value":"Nat"}},"value":{"tag":"lit","value":{"tag":"natural","value":"11"}}}],"environment":{"declarationCount":85,"addedNewestFirst":["f2Last","f2Next","f2Base","f2Prefix"],"declarations":[{"tag":"definitionDecl","levelParams":[],"name":{"tag":"str","parent":{"tag":"anonymous"},"value":"f2Last"},"type":{"tag":"constE","levels":[],"name":{"tag":"str","parent":{"tag":"anonymous"},"value":"Nat"}},"value":{"tag":"constE","levels":[],"name":{"tag":"str","parent":{"tag":"anonymous"},"value":"f2Next"}}},{"tag":"definitionDecl","levelParams":[],"name":{"tag":"str","parent":{"tag":"anonymous"},"value":"f2Next"},"type":{"tag":"constE","levels":[],"name":{"tag":"str","parent":{"tag":"anonymous"},"value":"Nat"}},"value":{"tag":"constE","levels":[],"name":{"tag":"str","parent":{"tag":"anonymous"},"value":"f2Base"}}},{"tag":"definitionDecl","levelParams":[],"name":{"tag":"str","parent":{"tag":"anonymous"},"value":"f2Base"},"type":{"tag":"constE","levels":[],"name":{"tag":"str","parent":{"tag":"anonymous"},"value":"Nat"}},"value":{"tag":"lit","value":{"tag":"natural","value":"17"}}},{"tag":"definitionDecl","levelParams":[],"name":{"tag":"str","parent":{"tag":"anonymous"},"value":"f2Prefix"},"type":{"tag":"constE","levels":[],"name":{"tag":"str","parent":{"tag":"anonymous"},"value":"Nat"}},"value":{"tag":"lit","value":{"tag":"natural","value":"11"}}}]}}},{"name":"add-empty-environment","result":{"declarationCount":82,"addedNewestFirst":["f2Prefix"],"declarations":[{"tag":"definitionDecl","levelParams":[],"name":{"tag":"str","parent":{"tag":"anonymous"},"value":"f2Prefix"},"type":{"tag":"constE","levels":[],"name":{"tag":"str","parent":{"tag":"anonymous"},"value":"Nat"}},"value":{"tag":"lit","value":{"tag":"natural","value":"11"}}}]}},{"name":"add-ordered-declarations","result":{"declarationCount":84,"addedNewestFirst":["f2Second","f2First","f2Prefix"],"declarations":[{"tag":"definitionDecl","levelParams":[],"name":{"tag":"str","parent":{"tag":"anonymous"},"value":"f2Second"},"type":{"tag":"constE","levels":[],"name":{"tag":"str","parent":{"tag":"anonymous"},"value":"Nat"}},"value":{"tag":"lit","value":{"tag":"natural","value":"23"}}},{"tag":"definitionDecl","levelParams":[],"name":{"tag":"str","parent":{"tag":"anonymous"},"value":"f2First"},"type":{"tag":"constE","levels":[],"name":{"tag":"str","parent":{"tag":"anonymous"},"value":"Nat"}},"value":{"tag":"lit","value":{"tag":"natural","value":"17"}}},{"tag":"definitionDecl","levelParams":[],"name":{"tag":"str","parent":{"tag":"anonymous"},"value":"f2Prefix"},"type":{"tag":"constE","levels":[],"name":{"tag":"str","parent":{"tag":"anonymous"},"value":"Nat"}},"value":{"tag":"lit","value":{"tag":"natural","value":"11"}}}]}},{"name":"add-duplicate-initial","result":{"tag":"duplicateDeclaration","name":{"tag":"str","parent":{"tag":"anonymous"},"value":"f2Prefix"}}},{"name":"add-duplicate-earlier-input","result":{"tag":"duplicateDeclaration","name":{"tag":"str","parent":{"tag":"anonymous"},"value":"f2First"}}},{"name":"add-owned-bootstrap-replacement","result":[{"name":"Prod","environment":{"declarationCount":1,"addedNewestFirst":["Prod"],"declarations":[{"tag":"definitionDecl","levelParams":[],"name":{"tag":"str","parent":{"tag":"anonymous"},"value":"Prod"},"type":{"tag":"constE","levels":[],"name":{"tag":"str","parent":{"tag":"anonymous"},"value":"Nat"}},"value":{"tag":"lit","value":{"tag":"natural","value":"7"}}}]},"rejection":{"tag":"duplicateDeclaration","name":{"tag":"str","parent":{"tag":"anonymous"},"value":"Prod"}}},{"name":"List","environment":{"declarationCount":1,"addedNewestFirst":["List"],"declarations":[{"tag":"definitionDecl","levelParams":[],"name":{"tag":"str","parent":{"tag":"anonymous"},"value":"List"},"type":{"tag":"constE","levels":[],"name":{"tag":"str","parent":{"tag":"anonymous"},"value":"Nat"}},"value":{"tag":"lit","value":{"tag":"natural","value":"7"}}}]},"rejection":{"tag":"duplicateDeclaration","name":{"tag":"str","parent":{"tag":"anonymous"},"value":"List"}}},{"name":"Option","environment":{"declarationCount":1,"addedNewestFirst":["Option"],"declarations":[{"tag":"definitionDecl","levelParams":[],"name":{"tag":"str","parent":{"tag":"anonymous"},"value":"Option"},"type":{"tag":"constE","levels":[],"name":{"tag":"str","parent":{"tag":"anonymous"},"value":"Nat"}},"value":{"tag":"lit","value":{"tag":"natural","value":"7"}}}]},"rejection":{"tag":"duplicateDeclaration","name":{"tag":"str","parent":{"tag":"anonymous"},"value":"Option"}}}]},{"name":"elab-empty-reverse-accumulator","result":{"declarations":[{"tag":"definitionDecl","levelParams":[],"name":{"tag":"str","parent":{"tag":"anonymous"},"value":"f2Prefix"},"type":{"tag":"constE","levels":[],"name":{"tag":"str","parent":{"tag":"anonymous"},"value":"Nat"}},"value":{"tag":"lit","value":{"tag":"natural","value":"11"}}},{"tag":"definitionDecl","levelParams":[],"name":{"tag":"str","parent":{"tag":"anonymous"},"value":"f2First"},"type":{"tag":"constE","levels":[],"name":{"tag":"str","parent":{"tag":"anonymous"},"value":"Nat"}},"value":{"tag":"lit","value":{"tag":"natural","value":"17"}}},{"tag":"definitionDecl","levelParams":[],"name":{"tag":"str","parent":{"tag":"anonymous"},"value":"f2Second"},"type":{"tag":"constE","levels":[],"name":{"tag":"str","parent":{"tag":"anonymous"},"value":"Nat"}},"value":{"tag":"lit","value":{"tag":"natural","value":"23"}}}],"environment":{"declarationCount":84,"addedNewestFirst":["f2Second","f2First","f2Prefix"],"declarations":[{"tag":"definitionDecl","levelParams":[],"name":{"tag":"str","parent":{"tag":"anonymous"},"value":"f2Second"},"type":{"tag":"constE","levels":[],"name":{"tag":"str","parent":{"tag":"anonymous"},"value":"Nat"}},"value":{"tag":"lit","value":{"tag":"natural","value":"23"}}},{"tag":"definitionDecl","levelParams":[],"name":{"tag":"str","parent":{"tag":"anonymous"},"value":"f2First"},"type":{"tag":"constE","levels":[],"name":{"tag":"str","parent":{"tag":"anonymous"},"value":"Nat"}},"value":{"tag":"lit","value":{"tag":"natural","value":"17"}}},{"tag":"definitionDecl","levelParams":[],"name":{"tag":"str","parent":{"tag":"anonymous"},"value":"f2Prefix"},"type":{"tag":"constE","levels":[],"name":{"tag":"str","parent":{"tag":"anonymous"},"value":"Nat"}},"value":{"tag":"lit","value":{"tag":"natural","value":"11"}}}]}}},{"name":"elab-ordered-batches","result":{"declarations":[{"tag":"definitionDecl","levelParams":[],"name":{"tag":"str","parent":{"tag":"anonymous"},"value":"f2Prefix"},"type":{"tag":"constE","levels":[],"name":{"tag":"str","parent":{"tag":"anonymous"},"value":"Nat"}},"value":{"tag":"lit","value":{"tag":"natural","value":"11"}}},{"tag":"inductiveDecl","info":{"constructors":[{"tag":"str","parent":{"tag":"str","parent":{"tag":"anonymous"},"value":"F2Cell"},"value":"mk"}],"isStructure":true,"levelParams":[],"name":{"tag":"str","parent":{"tag":"anonymous"},"value":"F2Cell"},"numIndices":"0","numParams":"0","type":{"tag":"sortE","level":{"tag":"succ","of":{"tag":"zero"}}}}},{"tag":"constructorDecl","info":{"constructorIndex":"0","inductiveName":{"tag":"str","parent":{"tag":"anonymous"},"value":"F2Cell"},"levelParams":[],"name":{"tag":"str","parent":{"tag":"str","parent":{"tag":"anonymous"},"value":"F2Cell"},"value":"mk"},"numFields":"1","numParams":"0","recursiveFields":[],"type":{"tag":"forallE","binder":{"tag":"explicit"},"body":{"tag":"constE","levels":[],"name":{"tag":"str","parent":{"tag":"anonymous"},"value":"F2Cell"}},"name":{"tag":"str","parent":{"tag":"anonymous"},"value":"value"},"type":{"tag":"constE","levels":[],"name":{"tag":"str","parent":{"tag":"anonymous"},"value":"Nat"}}}}},{"tag":"recursorDecl","info":{"inductiveNames":[{"tag":"str","parent":{"tag":"anonymous"},"value":"F2Cell"}],"levelParams":[{"tag":"str","parent":{"tag":"anonymous"},"value":"u"}],"name":{"tag":"str","parent":{"tag":"str","parent":{"tag":"anonymous"},"value":"F2Cell"},"value":"rec"},"numIndices":"0","numMinors":"1","numMotives":"1","numParams":"0","type":{"tag":"forallE","binder":{"tag":"explicit"},"body":{"tag":"forallE","binder":{"tag":"explicit"},"body":{"tag":"forallE","binder":{"tag":"explicit"},"body":{"tag":"app","arg":{"tag":"bvar","index":"0"},"fn":{"tag":"bvar","index":"2"}},"name":{"tag":"str","parent":{"tag":"anonymous"},"value":"_major"},"type":{"tag":"constE","levels":[],"name":{"tag":"str","parent":{"tag":"anonymous"},"value":"F2Cell"}}},"name":{"tag":"num","parent":{"tag":"str","parent":{"tag":"anonymous"},"value":"_minor"},"value":"0"},"type":{"tag":"forallE","binder":{"tag":"explicit"},"body":{"tag":"app","arg":{"tag":"app","arg":{"tag":"bvar","index":"0"},"fn":{"tag":"constE","levels":[],"name":{"tag":"str","parent":{"tag":"str","parent":{"tag":"anonymous"},"value":"F2Cell"},"value":"mk"}}},"fn":{"tag":"bvar","index":"1"}},"name":{"tag":"str","parent":{"tag":"anonymous"},"value":"value"},"type":{"tag":"constE","levels":[],"name":{"tag":"str","parent":{"tag":"anonymous"},"value":"Nat"}}}},"name":{"tag":"str","parent":{"tag":"anonymous"},"value":"_motive"},"type":{"tag":"forallE","binder":{"tag":"explicit"},"body":{"tag":"sortE","level":{"tag":"param","name":{"tag":"str","parent":{"tag":"anonymous"},"value":"u"}}},"name":{"tag":"str","parent":{"tag":"anonymous"},"value":"_major"},"type":{"tag":"constE","levels":[],"name":{"tag":"str","parent":{"tag":"anonymous"},"value":"F2Cell"}}}}}},{"tag":"definitionDecl","levelParams":[],"name":{"tag":"str","parent":{"tag":"anonymous"},"value":"f2Cell"},"type":{"tag":"constE","levels":[],"name":{"tag":"str","parent":{"tag":"anonymous"},"value":"F2Cell"}},"value":{"tag":"app","arg":{"tag":"lit","value":{"tag":"natural","value":"31"}},"fn":{"tag":"constE","levels":[],"name":{"tag":"str","parent":{"tag":"str","parent":{"tag":"anonymous"},"value":"F2Cell"},"value":"mk"}}}},{"tag":"definitionDecl","levelParams":[],"name":{"tag":"str","parent":{"tag":"anonymous"},"value":"f2Read"},"type":{"tag":"constE","levels":[],"name":{"tag":"str","parent":{"tag":"anonymous"},"value":"Nat"}},"value":{"tag":"proj","index":"0","typeName":{"tag":"str","parent":{"tag":"anonymous"},"value":"F2Cell"},"value":{"tag":"constE","levels":[],"name":{"tag":"str","parent":{"tag":"anonymous"},"value":"f2Cell"}}}}],"environment":{"declarationCount":87,"addedNewestFirst":["f2Read","f2Cell","F2Cell.rec","F2Cell.mk","F2Cell","f2Prefix"],"declarations":[{"tag":"definitionDecl","levelParams":[],"name":{"tag":"str","parent":{"tag":"anonymous"},"value":"f2Read"},"type":{"tag":"constE","levels":[],"name":{"tag":"str","parent":{"tag":"anonymous"},"value":"Nat"}},"value":{"tag":"proj","index":"0","typeName":{"tag":"str","parent":{"tag":"anonymous"},"value":"F2Cell"},"value":{"tag":"constE","levels":[],"name":{"tag":"str","parent":{"tag":"anonymous"},"value":"f2Cell"}}}},{"tag":"definitionDecl","levelParams":[],"name":{"tag":"str","parent":{"tag":"anonymous"},"value":"f2Cell"},"type":{"tag":"constE","levels":[],"name":{"tag":"str","parent":{"tag":"anonymous"},"value":"F2Cell"}},"value":{"tag":"app","arg":{"tag":"lit","value":{"tag":"natural","value":"31"}},"fn":{"tag":"constE","levels":[],"name":{"tag":"str","parent":{"tag":"str","parent":{"tag":"anonymous"},"value":"F2Cell"},"value":"mk"}}}},{"tag":"recursorDecl","info":{"inductiveNames":[{"tag":"str","parent":{"tag":"anonymous"},"value":"F2Cell"}],"levelParams":[{"tag":"str","parent":{"tag":"anonymous"},"value":"u"}],"name":{"tag":"str","parent":{"tag":"str","parent":{"tag":"anonymous"},"value":"F2Cell"},"value":"rec"},"numIndices":"0","numMinors":"1","numMotives":"1","numParams":"0","type":{"tag":"forallE","binder":{"tag":"explicit"},"body":{"tag":"forallE","binder":{"tag":"explicit"},"body":{"tag":"forallE","binder":{"tag":"explicit"},"body":{"tag":"app","arg":{"tag":"bvar","index":"0"},"fn":{"tag":"bvar","index":"2"}},"name":{"tag":"str","parent":{"tag":"anonymous"},"value":"_major"},"type":{"tag":"constE","levels":[],"name":{"tag":"str","parent":{"tag":"anonymous"},"value":"F2Cell"}}},"name":{"tag":"num","parent":{"tag":"str","parent":{"tag":"anonymous"},"value":"_minor"},"value":"0"},"type":{"tag":"forallE","binder":{"tag":"explicit"},"body":{"tag":"app","arg":{"tag":"app","arg":{"tag":"bvar","index":"0"},"fn":{"tag":"constE","levels":[],"name":{"tag":"str","parent":{"tag":"str","parent":{"tag":"anonymous"},"value":"F2Cell"},"value":"mk"}}},"fn":{"tag":"bvar","index":"1"}},"name":{"tag":"str","parent":{"tag":"anonymous"},"value":"value"},"type":{"tag":"constE","levels":[],"name":{"tag":"str","parent":{"tag":"anonymous"},"value":"Nat"}}}},"name":{"tag":"str","parent":{"tag":"anonymous"},"value":"_motive"},"type":{"tag":"forallE","binder":{"tag":"explicit"},"body":{"tag":"sortE","level":{"tag":"param","name":{"tag":"str","parent":{"tag":"anonymous"},"value":"u"}}},"name":{"tag":"str","parent":{"tag":"anonymous"},"value":"_major"},"type":{"tag":"constE","levels":[],"name":{"tag":"str","parent":{"tag":"anonymous"},"value":"F2Cell"}}}}}},{"tag":"constructorDecl","info":{"constructorIndex":"0","inductiveName":{"tag":"str","parent":{"tag":"anonymous"},"value":"F2Cell"},"levelParams":[],"name":{"tag":"str","parent":{"tag":"str","parent":{"tag":"anonymous"},"value":"F2Cell"},"value":"mk"},"numFields":"1","numParams":"0","recursiveFields":[],"type":{"tag":"forallE","binder":{"tag":"explicit"},"body":{"tag":"constE","levels":[],"name":{"tag":"str","parent":{"tag":"anonymous"},"value":"F2Cell"}},"name":{"tag":"str","parent":{"tag":"anonymous"},"value":"value"},"type":{"tag":"constE","levels":[],"name":{"tag":"str","parent":{"tag":"anonymous"},"value":"Nat"}}}}},{"tag":"inductiveDecl","info":{"constructors":[{"tag":"str","parent":{"tag":"str","parent":{"tag":"anonymous"},"value":"F2Cell"},"value":"mk"}],"isStructure":true,"levelParams":[],"name":{"tag":"str","parent":{"tag":"anonymous"},"value":"F2Cell"},"numIndices":"0","numParams":"0","type":{"tag":"sortE","level":{"tag":"succ","of":{"tag":"zero"}}}}},{"tag":"definitionDecl","levelParams":[],"name":{"tag":"str","parent":{"tag":"anonymous"},"value":"f2Prefix"},"type":{"tag":"constE","levels":[],"name":{"tag":"str","parent":{"tag":"anonymous"},"value":"Nat"}},"value":{"tag":"lit","value":{"tag":"natural","value":"11"}}}]}}},{"name":"elab-first-failure","result":{"tag":"unknownName","name":{"tag":"str","parent":{"tag":"anonymous"},"value":"f2MissingFirst"}}},{"name":"elab-duplicate-before-tail-failure","result":{"tag":"duplicateDeclaration","name":{"tag":"str","parent":{"tag":"anonymous"},"value":"f2Prefix"}}},{"name":"names-empty-state","result":{"used":["usedBefore"],"entriesRev":[["before","before_output"]]}},{"name":"names-kind-whitelist","result":{"used":["F2ChoiceA","f2Theorem","f2Partial","f2First","usedBefore"],"entriesRev":[["F2ChoiceA","F2ChoiceA"],["f2Theorem","f2Theorem"],["f2Partial","f2Partial"],["f2First","f2First"],["before","before_output"]]}},{"name":"names-sanitizing-collisions","result":{"used":["a_b____","a_b___","a_b__","a_b","a_b_"],"entriesRev":[["a.b","a_b____"],["a_b","a_b___"],["a.b","a_b__"],["before","before_output"]]}},{"name":"names-prefix-and-fallback","result":{"used":["decl","_1name"],"entriesRev":[["","decl"],["1name","_1name"]]}},{"name":"erase-empty-reverse-accumulator","result":[{"body":{"tag":"literal","value":{"tag":"natural","value":"5"}},"name":"keptA","parameters":[],"resultType":{"tag":"primitive","name":{"tag":"nat"}},"typeParameters":[]},{"body":{"tag":"literal","value":{"tag":"natural","value":"6"}},"name":"keptB","parameters":[],"resultType":{"tag":"primitive","name":{"tag":"nat"}},"typeParameters":[]}]},{"name":"erase-definition-and-partial","result":[{"body":{"tag":"literal","value":{"tag":"natural","value":"5"}},"name":"keptA","parameters":[],"resultType":{"tag":"primitive","name":{"tag":"nat"}},"typeParameters":[]},{"body":{"tag":"literal","value":{"tag":"natural","value":"17"}},"name":"runtime_first","parameters":[],"resultType":{"tag":"primitive","name":{"tag":"nat"}},"typeParameters":[]},{"body":{"tag":"literal","value":{"tag":"natural","value":"29"}},"name":"runtime_partial","parameters":[],"resultType":{"tag":"primitive","name":{"tag":"nat"}},"typeParameters":[]}]},{"name":"erase-proof-omission","result":[{"body":{"tag":"literal","value":{"tag":"natural","value":"17"}},"name":"runtime_first","parameters":[],"resultType":{"tag":"primitive","name":{"tag":"nat"}},"typeParameters":[]},{"body":{"tag":"literal","value":{"tag":"natural","value":"23"}},"name":"f2Second","parameters":[],"resultType":{"tag":"primitive","name":{"tag":"nat"}},"typeParameters":[]}]},{"name":"erase-skipped-variants","result":[{"body":{"tag":"literal","value":{"tag":"natural","value":"17"}},"name":"runtime_first","parameters":[],"resultType":{"tag":"primitive","name":{"tag":"nat"}},"typeParameters":[]}]},{"name":"erase-first-refusal","result":{"tag":"unknownLocal","id":"701"}},{"name":"structures-empty-reverse-accumulator","result":{"ir":[{"fields":[],"name":"keptRecordA","typeParameters":[]},{"fields":[],"name":"keptRecordB","typeParameters":[]}],"scope":{"currentDefinition":{"tag":"some","value":{"name":"keptDefinition","runtimeParameters":["keptRuntime"],"typeArgumentsRev":[]}},"declarationNames":{"byCore":{"tag":"branch","left":{"tag":"branch","left":{"tag":"branch","left":{"tag":"branch","left":{"tag":"empty"},"right":{"tag":"branch","left":{"tag":"branch","left":{"tag":"empty"},"right":{"tag":"branch","left":{"tag":"branch","left":{"tag":"empty"},"right":{"tag":"branch","left":{"tag":"branch","left":{"tag":"branch","left":{"tag":"empty"},"right":{"tag":"branch","left":{"tag":"empty"},"right":{"tag":"branch","left":{"tag":"branch","left":{"tag":"empty"},"right":{"tag":"branch","left":{"tag":"branch","left":{"tag":"empty"},"right":{"tag":"bucket","entries":[{"fst":{"tag":"str","parent":{"tag":"anonymous"},"value":"F2RecordB"},"snd":"record_B"}]}},"right":{"tag":"empty"}}},"right":{"tag":"empty"}}}},"right":{"tag":"empty"}},"right":{"tag":"empty"}}},"right":{"tag":"empty"}}},"right":{"tag":"empty"}}},"right":{"tag":"empty"}},"right":{"tag":"branch","left":{"tag":"empty"},"right":{"tag":"branch","left":{"tag":"empty"},"right":{"tag":"branch","left":{"tag":"branch","left":{"tag":"branch","left":{"tag":"empty"},"right":{"tag":"branch","left":{"tag":"empty"},"right":{"tag":"branch","left":{"tag":"branch","left":{"tag":"empty"},"right":{"tag":"branch","left":{"tag":"branch","left":{"tag":"empty"},"right":{"tag":"branch","left":{"tag":"empty"},"right":{"tag":"branch","left":{"tag":"empty"},"right":{"tag":"branch","left":{"tag":"branch","left":{"tag":"empty"},"right":{"tag":"bucket","entries":[{"fst":{"tag":"str","parent":{"tag":"anonymous"},"value":"F2ChoiceA"},"snd":"choice_A"}]}},"right":{"tag":"empty"}}}}},"right":{"tag":"empty"}}},"right":{"tag":"empty"}}}},"right":{"tag":"empty"}},"right":{"tag":"empty"}}}}},"right":{"tag":"branch","left":{"tag":"empty"},"right":{"tag":"branch","left":{"tag":"empty"},"right":{"tag":"branch","left":{"tag":"branch","left":{"tag":"branch","left":{"tag":"empty"},"right":{"tag":"branch","left":{"tag":"branch","left":{"tag":"empty"},"right":{"tag":"branch","left":{"tag":"branch","left":{"tag":"branch","left":{"tag":"empty"},"right":{"tag":"branch","left":{"tag":"empty"},"right":{"tag":"branch","left":{"tag":"branch","left":{"tag":"empty"},"right":{"tag":"branch","left":{"tag":"branch","left":{"tag":"empty"},"right":{"tag":"bucket","entries":[{"fst":{"tag":"str","parent":{"tag":"anonymous"},"value":"F2RecordA"},"snd":"record_A"}]}},"right":{"tag":"empty"}}},"right":{"tag":"empty"}}}},"right":{"tag":"empty"}},"right":{"tag":"empty"}}},"right":{"tag":"empty"}}},"right":{"tag":"empty"}},"right":{"tag":"branch","left":{"tag":"branch","left":{"tag":"branch","left":{"tag":"empty"},"right":{"tag":"branch","left":{"tag":"empty"},"right":{"tag":"branch","left":{"tag":"branch","left":{"tag":"empty"},"right":{"tag":"branch","left":{"tag":"branch","left":{"tag":"empty"},"right":{"tag":"branch","left":{"tag":"empty"},"right":{"tag":"branch","left":{"tag":"empty"},"right":{"tag":"branch","left":{"tag":"branch","left":{"tag":"empty"},"right":{"tag":"bucket","entries":[{"fst":{"tag":"str","parent":{"tag":"anonymous"},"value":"F2ChoiceB"},"snd":"choice_B"}]}},"right":{"tag":"empty"}}}}},"right":{"tag":"empty"}}},"right":{"tag":"empty"}}}},"right":{"tag":"empty"}},"right":{"tag":"empty"}}}}}},"byOutput":{"tag":"branch","left":{"tag":"branch","left":{"tag":"branch","left":{"tag":"branch","left":{"tag":"branch","left":{"tag":"branch","left":{"tag":"branch","left":{"tag":"empty"},"right":{"tag":"branch","left":{"tag":"empty"},"right":{"tag":"branch","left":{"tag":"empty"},"right":{"tag":"branch","left":{"tag":"empty"},"right":{"tag":"branch","left":{"tag":"empty"},"right":{"tag":"branch","left":{"tag":"empty"},"right":{"tag":"branch","left":{"tag":"empty"},"right":{"tag":"branch","left":{"tag":"empty"},"right":{"tag":"branch","left":{"tag":"branch","left":{"tag":"bucket","entries":[{"fst":{"tag":"str","parent":{"tag":"anonymous"},"value":"record_A"},"snd":true}]},"right":{"tag":"empty"}},"right":{"tag":"empty"}}}}}}}}}},"right":{"tag":"empty"}},"right":{"tag":"empty"}},"right":{"tag":"branch","left":{"tag":"branch","left":{"tag":"branch","left":{"tag":"branch","left":{"tag":"empty"},"right":{"tag":"branch","left":{"tag":"branch","left":{"tag":"empty"},"right":{"tag":"branch","left":{"tag":"empty"},"right":{"tag":"branch","left":{"tag":"branch","left":{"tag":"empty"},"right":{"tag":"branch","left":{"tag":"empty"},"right":{"tag":"branch","left":{"tag":"empty"},"right":{"tag":"branch","left":{"tag":"empty"},"right":{"tag":"bucket","entries":[{"fst":{"tag":"str","parent":{"tag":"anonymous"},"value":"choice_A"},"snd":true}]}}}}},"right":{"tag":"empty"}}}},"right":{"tag":"empty"}}},"right":{"tag":"empty"}},"right":{"tag":"empty"}},"right":{"tag":"empty"}}},"right":{"tag":"empty"}},"right":{"tag":"empty"}},"right":{"tag":"branch","left":{"tag":"branch","left":{"tag":"branch","left":{"tag":"branch","left":{"tag":"branch","left":{"tag":"branch","left":{"tag":"empty"},"right":{"tag":"branch","left":{"tag":"empty"},"right":{"tag":"branch","left":{"tag":"empty"},"right":{"tag":"branch","left":{"tag":"empty"},"right":{"tag":"branch","left":{"tag":"empty"},"right":{"tag":"branch","left":{"tag":"empty"},"right":{"tag":"branch","left":{"tag":"empty"},"right":{"tag":"branch","left":{"tag":"empty"},"right":{"tag":"branch","left":{"tag":"branch","left":{"tag":"bucket","entries":[{"fst":{"tag":"str","parent":{"tag":"anonymous"},"value":"record_B"},"snd":true}]},"right":{"tag":"empty"}},"right":{"tag":"empty"}}}}}}}}}},"right":{"tag":"empty"}},"right":{"tag":"empty"}},"right":{"tag":"branch","left":{"tag":"branch","left":{"tag":"branch","left":{"tag":"branch","left":{"tag":"empty"},"right":{"tag":"branch","left":{"tag":"branch","left":{"tag":"empty"},"right":{"tag":"branch","left":{"tag":"empty"},"right":{"tag":"branch","left":{"tag":"branch","left":{"tag":"empty"},"right":{"tag":"branch","left":{"tag":"empty"},"right":{"tag":"branch","left":{"tag":"empty"},"right":{"tag":"branch","left":{"tag":"empty"},"right":{"tag":"bucket","entries":[{"fst":{"tag":"str","parent":{"tag":"anonymous"},"value":"choice_B"},"snd":true}]}}}}},"right":{"tag":"empty"}}}},"right":{"tag":"empty"}}},"right":{"tag":"empty"}},"right":{"tag":"empty"}},"right":{"tag":"empty"}}},"right":{"tag":"empty"}},"right":{"tag":"empty"}}},"count":"4"},"erasedLocals":[],"localContext":{"declarations":[{"tag":"binding","binder":{"tag":"explicit"},"id":"0","type":{"tag":"constE","levels":[],"name":{"tag":"str","parent":{"tag":"anonymous"},"value":"Nat"}},"userName":{"tag":"str","parent":{"tag":"anonymous"},"value":"keptLocal"}}],"nextId":"1"},"runtimeConstructors":{"tag":"empty"},"runtimeExpressions":[{"fst":"0","snd":{"tag":"var","name":"keptRuntime"}}],"runtimeLocals":[{"fst":"0","snd":"keptRuntime"}],"runtimeRecursors":{"tag":"branch","left":{"tag":"empty"},"right":{"tag":"branch","left":{"tag":"branch","left":{"tag":"branch","left":{"tag":"branch","left":{"tag":"branch","left":{"tag":"empty"},"right":{"tag":"branch","left":{"tag":"empty"},"right":{"tag":"branch","left":{"tag":"empty"},"right":{"tag":"branch","left":{"tag":"empty"},"right":{"tag":"branch","left":{"tag":"empty"},"right":{"tag":"branch","left":{"tag":"branch","left":{"tag":"branch","left":{"tag":"branch","left":{"tag":"empty"},"right":{"tag":"branch","left":{"tag":"branch","left":{"tag":"bucket","entries":[{"fst":{"tag":"str","parent":{"tag":"str","parent":{"tag":"anonymous"},"value":"Nat"},"value":"rec"},"snd":{"constructors":[{"coreName":{"tag":"str","parent":{"tag":"str","parent":{"tag":"anonymous"},"value":"Nat"},"value":"zero"},"fields":[],"inductiveName":"Nat","name":"zero","numParams":"0"},{"coreName":{"tag":"str","parent":{"tag":"str","parent":{"tag":"anonymous"},"value":"Nat"},"value":"succ"},"fields":[{"name":"predecessor","recursive":true,"sourceIndex":"0","type":{"tag":"primitive","name":{"tag":"nat"}}}],"inductiveName":"Nat","name":"succ","numParams":"0"}],"coreName":{"tag":"str","parent":{"tag":"anonymous"},"value":"Nat"},"name":"Nat","numParams":"0","recursorName":{"tag":"str","parent":{"tag":"str","parent":{"tag":"anonymous"},"value":"Nat"},"value":"rec"},"typeParameters":[]}}]},"right":{"tag":"empty"}},"right":{"tag":"empty"}}},"right":{"tag":"empty"}},"right":{"tag":"empty"}},"right":{"tag":"empty"}}}}}}},"right":{"tag":"empty"}},"right":{"tag":"empty"}},"right":{"tag":"empty"}},"right":{"tag":"empty"}}},"runtimeStructureConstructors":{"tag":"empty"},"runtimeStructures":{"tag":"empty"},"typeLocals":[]}}},{"name":"structures-mixed-stream","result":{"ir":[{"fields":[],"name":"keptRecordA","typeParameters":[]},{"fields":[{"name":"value","type":{"tag":"primitive","name":{"tag":"nat"}}}],"name":"record_A","typeParameters":[]},{"fields":[{"name":"prior","type":{"tag":"named","arguments":[],"name":"record_A"}}],"name":"record_B","typeParameters":[]}],"runtimeStructures":[{"constructorName":{"tag":"str","parent":{"tag":"str","parent":{"tag":"anonymous"},"value":"F2RecordA"},"value":"mk"},"coreName":{"tag":"str","parent":{"tag":"anonymous"},"value":"F2RecordA"},"fields":[{"name":"value","projectionIndex":"0","sourceIndex":"0","type":{"tag":"primitive","name":{"tag":"nat"}}}],"name":"record_A","numParams":"0","typeParameters":[]},{"constructorName":{"tag":"str","parent":{"tag":"str","parent":{"tag":"anonymous"},"value":"F2RecordB"},"value":"mk"},"coreName":{"tag":"str","parent":{"tag":"anonymous"},"value":"F2RecordB"},"fields":[{"name":"prior","projectionIndex":"0","sourceIndex":"0","type":{"tag":"named","arguments":[],"name":"record_A"}}],"name":"record_B","numParams":"0","typeParameters":[]}]}},{"name":"structures-threaded-scope","result":{"ir":[{"fields":[],"name":"keptRecordA","typeParameters":[]},{"fields":[],"name":"keptRecordB","typeParameters":[]},{"fields":[{"name":"prior","type":{"tag":"named","arguments":[],"name":"record_A"}}],"name":"record_B","typeParameters":[]}],"runtimeStructures":[{"constructorName":{"tag":"str","parent":{"tag":"str","parent":{"tag":"anonymous"},"value":"F2RecordA"},"value":"mk"},"coreName":{"tag":"str","parent":{"tag":"anonymous"},"value":"F2RecordA"},"fields":[{"name":"value","projectionIndex":"0","sourceIndex":"0","type":{"tag":"primitive","name":{"tag":"nat"}}}],"name":"record_A","numParams":"0","typeParameters":[]},{"constructorName":{"tag":"str","parent":{"tag":"str","parent":{"tag":"anonymous"},"value":"F2RecordB"},"value":"mk"},"coreName":{"tag":"str","parent":{"tag":"anonymous"},"value":"F2RecordB"},"fields":[{"name":"prior","projectionIndex":"0","sourceIndex":"0","type":{"tag":"named","arguments":[],"name":"record_A"}}],"name":"record_B","numParams":"0","typeParameters":[]}]}},{"name":"structures-first-refusal","result":{"tag":"unknownConstant","name":{"tag":"str","parent":{"tag":"str","parent":{"tag":"anonymous"},"value":"F2RecordA"},"value":"missingFirst"}}},{"name":"inductives-empty-reverse-accumulator","result":{"ir":[{"constructors":[],"name":"keptChoiceA","typeParameters":[]},{"constructors":[],"name":"keptChoiceB","typeParameters":[]}],"scope":{"currentDefinition":{"tag":"some","value":{"name":"keptDefinition","runtimeParameters":["keptRuntime"],"typeArgumentsRev":[]}},"declarationNames":{"byCore":{"tag":"branch","left":{"tag":"branch","left":{"tag":"branch","left":{"tag":"branch","left":{"tag":"empty"},"right":{"tag":"branch","left":{"tag":"branch","left":{"tag":"empty"},"right":{"tag":"branch","left":{"tag":"branch","left":{"tag":"empty"},"right":{"tag":"branch","left":{"tag":"branch","left":{"tag":"branch","left":{"tag":"empty"},"right":{"tag":"branch","left":{"tag":"empty"},"right":{"tag":"branch","left":{"tag":"branch","left":{"tag":"empty"},"right":{"tag":"branch","left":{"tag":"branch","left":{"tag":"empty"},"right":{"tag":"bucket","entries":[{"fst":{"tag":"str","parent":{"tag":"anonymous"},"value":"F2RecordB"},"snd":"record_B"}]}},"right":{"tag":"empty"}}},"right":{"tag":"empty"}}}},"right":{"tag":"empty"}},"right":{"tag":"empty"}}},"right":{"tag":"empty"}}},"right":{"tag":"empty"}}},"right":{"tag":"empty"}},"right":{"tag":"branch","left":{"tag":"empty"},"right":{"tag":"branch","left":{"tag":"empty"},"right":{"tag":"branch","left":{"tag":"branch","left":{"tag":"branch","left":{"tag":"empty"},"right":{"tag":"branch","left":{"tag":"empty"},"right":{"tag":"branch","left":{"tag":"branch","left":{"tag":"empty"},"right":{"tag":"branch","left":{"tag":"branch","left":{"tag":"empty"},"right":{"tag":"branch","left":{"tag":"empty"},"right":{"tag":"branch","left":{"tag":"empty"},"right":{"tag":"branch","left":{"tag":"branch","left":{"tag":"empty"},"right":{"tag":"bucket","entries":[{"fst":{"tag":"str","parent":{"tag":"anonymous"},"value":"F2ChoiceA"},"snd":"choice_A"}]}},"right":{"tag":"empty"}}}}},"right":{"tag":"empty"}}},"right":{"tag":"empty"}}}},"right":{"tag":"empty"}},"right":{"tag":"empty"}}}}},"right":{"tag":"branch","left":{"tag":"empty"},"right":{"tag":"branch","left":{"tag":"empty"},"right":{"tag":"branch","left":{"tag":"branch","left":{"tag":"branch","left":{"tag":"empty"},"right":{"tag":"branch","left":{"tag":"branch","left":{"tag":"empty"},"right":{"tag":"branch","left":{"tag":"branch","left":{"tag":"branch","left":{"tag":"empty"},"right":{"tag":"branch","left":{"tag":"empty"},"right":{"tag":"branch","left":{"tag":"branch","left":{"tag":"empty"},"right":{"tag":"branch","left":{"tag":"branch","left":{"tag":"empty"},"right":{"tag":"bucket","entries":[{"fst":{"tag":"str","parent":{"tag":"anonymous"},"value":"F2RecordA"},"snd":"record_A"}]}},"right":{"tag":"empty"}}},"right":{"tag":"empty"}}}},"right":{"tag":"empty"}},"right":{"tag":"empty"}}},"right":{"tag":"empty"}}},"right":{"tag":"empty"}},"right":{"tag":"branch","left":{"tag":"branch","left":{"tag":"branch","left":{"tag":"empty"},"right":{"tag":"branch","left":{"tag":"empty"},"right":{"tag":"branch","left":{"tag":"branch","left":{"tag":"empty"},"right":{"tag":"branch","left":{"tag":"branch","left":{"tag":"empty"},"right":{"tag":"branch","left":{"tag":"empty"},"right":{"tag":"branch","left":{"tag":"empty"},"right":{"tag":"branch","left":{"tag":"branch","left":{"tag":"empty"},"right":{"tag":"bucket","entries":[{"fst":{"tag":"str","parent":{"tag":"anonymous"},"value":"F2ChoiceB"},"snd":"choice_B"}]}},"right":{"tag":"empty"}}}}},"right":{"tag":"empty"}}},"right":{"tag":"empty"}}}},"right":{"tag":"empty"}},"right":{"tag":"empty"}}}}}},"byOutput":{"tag":"branch","left":{"tag":"branch","left":{"tag":"branch","left":{"tag":"branch","left":{"tag":"branch","left":{"tag":"branch","left":{"tag":"branch","left":{"tag":"empty"},"right":{"tag":"branch","left":{"tag":"empty"},"right":{"tag":"branch","left":{"tag":"empty"},"right":{"tag":"branch","left":{"tag":"empty"},"right":{"tag":"branch","left":{"tag":"empty"},"right":{"tag":"branch","left":{"tag":"empty"},"right":{"tag":"branch","left":{"tag":"empty"},"right":{"tag":"branch","left":{"tag":"empty"},"right":{"tag":"branch","left":{"tag":"branch","left":{"tag":"bucket","entries":[{"fst":{"tag":"str","parent":{"tag":"anonymous"},"value":"record_A"},"snd":true}]},"right":{"tag":"empty"}},"right":{"tag":"empty"}}}}}}}}}},"right":{"tag":"empty"}},"right":{"tag":"empty"}},"right":{"tag":"branch","left":{"tag":"branch","left":{"tag":"branch","left":{"tag":"branch","left":{"tag":"empty"},"right":{"tag":"branch","left":{"tag":"branch","left":{"tag":"empty"},"right":{"tag":"branch","left":{"tag":"empty"},"right":{"tag":"branch","left":{"tag":"branch","left":{"tag":"empty"},"right":{"tag":"branch","left":{"tag":"empty"},"right":{"tag":"branch","left":{"tag":"empty"},"right":{"tag":"branch","left":{"tag":"empty"},"right":{"tag":"bucket","entries":[{"fst":{"tag":"str","parent":{"tag":"anonymous"},"value":"choice_A"},"snd":true}]}}}}},"right":{"tag":"empty"}}}},"right":{"tag":"empty"}}},"right":{"tag":"empty"}},"right":{"tag":"empty"}},"right":{"tag":"empty"}}},"right":{"tag":"empty"}},"right":{"tag":"empty"}},"right":{"tag":"branch","left":{"tag":"branch","left":{"tag":"branch","left":{"tag":"branch","left":{"tag":"branch","left":{"tag":"branch","left":{"tag":"empty"},"right":{"tag":"branch","left":{"tag":"empty"},"right":{"tag":"branch","left":{"tag":"empty"},"right":{"tag":"branch","left":{"tag":"empty"},"right":{"tag":"branch","left":{"tag":"empty"},"right":{"tag":"branch","left":{"tag":"empty"},"right":{"tag":"branch","left":{"tag":"empty"},"right":{"tag":"branch","left":{"tag":"empty"},"right":{"tag":"branch","left":{"tag":"branch","left":{"tag":"bucket","entries":[{"fst":{"tag":"str","parent":{"tag":"anonymous"},"value":"record_B"},"snd":true}]},"right":{"tag":"empty"}},"right":{"tag":"empty"}}}}}}}}}},"right":{"tag":"empty"}},"right":{"tag":"empty"}},"right":{"tag":"branch","left":{"tag":"branch","left":{"tag":"branch","left":{"tag":"branch","left":{"tag":"empty"},"right":{"tag":"branch","left":{"tag":"branch","left":{"tag":"empty"},"right":{"tag":"branch","left":{"tag":"empty"},"right":{"tag":"branch","left":{"tag":"branch","left":{"tag":"empty"},"right":{"tag":"branch","left":{"tag":"empty"},"right":{"tag":"branch","left":{"tag":"empty"},"right":{"tag":"branch","left":{"tag":"empty"},"right":{"tag":"bucket","entries":[{"fst":{"tag":"str","parent":{"tag":"anonymous"},"value":"choice_B"},"snd":true}]}}}}},"right":{"tag":"empty"}}}},"right":{"tag":"empty"}}},"right":{"tag":"empty"}},"right":{"tag":"empty"}},"right":{"tag":"empty"}}},"right":{"tag":"empty"}},"right":{"tag":"empty"}}},"count":"4"},"erasedLocals":[],"localContext":{"declarations":[{"tag":"binding","binder":{"tag":"explicit"},"id":"0","type":{"tag":"constE","levels":[],"name":{"tag":"str","parent":{"tag":"anonymous"},"value":"Nat"}},"userName":{"tag":"str","parent":{"tag":"anonymous"},"value":"keptLocal"}}],"nextId":"1"},"runtimeConstructors":{"tag":"empty"},"runtimeExpressions":[{"fst":"0","snd":{"tag":"var","name":"keptRuntime"}}],"runtimeLocals":[{"fst":"0","snd":"keptRuntime"}],"runtimeRecursors":{"tag":"branch","left":{"tag":"empty"},"right":{"tag":"branch","left":{"tag":"branch","left":{"tag":"branch","left":{"tag":"branch","left":{"tag":"branch","left":{"tag":"empty"},"right":{"tag":"branch","left":{"tag":"empty"},"right":{"tag":"branch","left":{"tag":"empty"},"right":{"tag":"branch","left":{"tag":"empty"},"right":{"tag":"branch","left":{"tag":"empty"},"right":{"tag":"branch","left":{"tag":"branch","left":{"tag":"branch","left":{"tag":"branch","left":{"tag":"empty"},"right":{"tag":"branch","left":{"tag":"branch","left":{"tag":"bucket","entries":[{"fst":{"tag":"str","parent":{"tag":"str","parent":{"tag":"anonymous"},"value":"Nat"},"value":"rec"},"snd":{"constructors":[{"coreName":{"tag":"str","parent":{"tag":"str","parent":{"tag":"anonymous"},"value":"Nat"},"value":"zero"},"fields":[],"inductiveName":"Nat","name":"zero","numParams":"0"},{"coreName":{"tag":"str","parent":{"tag":"str","parent":{"tag":"anonymous"},"value":"Nat"},"value":"succ"},"fields":[{"name":"predecessor","recursive":true,"sourceIndex":"0","type":{"tag":"primitive","name":{"tag":"nat"}}}],"inductiveName":"Nat","name":"succ","numParams":"0"}],"coreName":{"tag":"str","parent":{"tag":"anonymous"},"value":"Nat"},"name":"Nat","numParams":"0","recursorName":{"tag":"str","parent":{"tag":"str","parent":{"tag":"anonymous"},"value":"Nat"},"value":"rec"},"typeParameters":[]}}]},"right":{"tag":"empty"}},"right":{"tag":"empty"}}},"right":{"tag":"empty"}},"right":{"tag":"empty"}},"right":{"tag":"empty"}}}}}}},"right":{"tag":"empty"}},"right":{"tag":"empty"}},"right":{"tag":"empty"}},"right":{"tag":"empty"}}},"runtimeStructureConstructors":{"tag":"empty"},"runtimeStructures":{"tag":"empty"},"typeLocals":[]}}},{"name":"inductives-mixed-stream","result":{"ir":[{"constructors":[],"name":"keptChoiceA","typeParameters":[]},{"constructors":[{"fields":[],"name":"first"},{"fields":[],"name":"second"}],"name":"choice_A","typeParameters":[]},{"constructors":[{"fields":[{"name":"prior","type":{"tag":"named","arguments":[],"name":"choice_A"}}],"name":"wrap"}],"name":"choice_B","typeParameters":[]}],"runtime":{"recursors":[{"constructors":[{"coreName":{"tag":"str","parent":{"tag":"str","parent":{"tag":"anonymous"},"value":"F2ChoiceA"},"value":"first"},"fields":[],"inductiveName":"choice_A","name":"first","numParams":"0"},{"coreName":{"tag":"str","parent":{"tag":"str","parent":{"tag":"anonymous"},"value":"F2ChoiceA"},"value":"second"},"fields":[],"inductiveName":"choice_A","name":"second","numParams":"0"}],"coreName":{"tag":"str","parent":{"tag":"anonymous"},"value":"F2ChoiceA"},"name":"choice_A","numParams":"0","recursorName":{"tag":"str","parent":{"tag":"str","parent":{"tag":"anonymous"},"value":"F2ChoiceA"},"value":"rec"},"typeParameters":[]},{"constructors":[{"coreName":{"tag":"str","parent":{"tag":"str","parent":{"tag":"anonymous"},"value":"F2ChoiceB"},"value":"wrap"},"fields":[{"name":"prior","recursive":false,"sourceIndex":"0","type":{"tag":"named","arguments":[],"name":"choice_A"}}],"inductiveName":"choice_B","name":"wrap","numParams":"0"}],"coreName":{"tag":"str","parent":{"tag":"anonymous"},"value":"F2ChoiceB"},"name":"choice_B","numParams":"0","recursorName":{"tag":"str","parent":{"tag":"str","parent":{"tag":"anonymous"},"value":"F2ChoiceB"},"value":"rec"},"typeParameters":[]}],"constructors":[{"coreName":{"tag":"str","parent":{"tag":"str","parent":{"tag":"anonymous"},"value":"F2ChoiceA"},"value":"first"},"fields":[],"inductiveName":"choice_A","name":"first","numParams":"0"},{"coreName":{"tag":"str","parent":{"tag":"str","parent":{"tag":"anonymous"},"value":"F2ChoiceA"},"value":"second"},"fields":[],"inductiveName":"choice_A","name":"second","numParams":"0"},{"coreName":{"tag":"str","parent":{"tag":"str","parent":{"tag":"anonymous"},"value":"F2ChoiceB"},"value":"wrap"},"fields":[{"name":"prior","recursive":false,"sourceIndex":"0","type":{"tag":"named","arguments":[],"name":"choice_A"}}],"inductiveName":"choice_B","name":"wrap","numParams":"0"}]}}},{"name":"inductives-threaded-scope","result":{"ir":[{"constructors":[],"name":"keptChoiceA","typeParameters":[]},{"constructors":[],"name":"keptChoiceB","typeParameters":[]},{"constructors":[{"fields":[{"name":"prior","type":{"tag":"named","arguments":[],"name":"choice_A"}}],"name":"wrap"}],"name":"choice_B","typeParameters":[]}],"runtime":{"recursors":[{"constructors":[{"coreName":{"tag":"str","parent":{"tag":"str","parent":{"tag":"anonymous"},"value":"F2ChoiceA"},"value":"first"},"fields":[],"inductiveName":"choice_A","name":"first","numParams":"0"},{"coreName":{"tag":"str","parent":{"tag":"str","parent":{"tag":"anonymous"},"value":"F2ChoiceA"},"value":"second"},"fields":[],"inductiveName":"choice_A","name":"second","numParams":"0"}],"coreName":{"tag":"str","parent":{"tag":"anonymous"},"value":"F2ChoiceA"},"name":"choice_A","numParams":"0","recursorName":{"tag":"str","parent":{"tag":"str","parent":{"tag":"anonymous"},"value":"F2ChoiceA"},"value":"rec"},"typeParameters":[]},{"constructors":[{"coreName":{"tag":"str","parent":{"tag":"str","parent":{"tag":"anonymous"},"value":"F2ChoiceB"},"value":"wrap"},"fields":[{"name":"prior","recursive":false,"sourceIndex":"0","type":{"tag":"named","arguments":[],"name":"choice_A"}}],"inductiveName":"choice_B","name":"wrap","numParams":"0"}],"coreName":{"tag":"str","parent":{"tag":"anonymous"},"value":"F2ChoiceB"},"name":"choice_B","numParams":"0","recursorName":{"tag":"str","parent":{"tag":"str","parent":{"tag":"anonymous"},"value":"F2ChoiceB"},"value":"rec"},"typeParameters":[]}],"constructors":[{"coreName":{"tag":"str","parent":{"tag":"str","parent":{"tag":"anonymous"},"value":"F2ChoiceA"},"value":"first"},"fields":[],"inductiveName":"choice_A","name":"first","numParams":"0"},{"coreName":{"tag":"str","parent":{"tag":"str","parent":{"tag":"anonymous"},"value":"F2ChoiceA"},"value":"second"},"fields":[],"inductiveName":"choice_A","name":"second","numParams":"0"},{"coreName":{"tag":"str","parent":{"tag":"str","parent":{"tag":"anonymous"},"value":"F2ChoiceB"},"value":"wrap"},"fields":[{"name":"prior","recursive":false,"sourceIndex":"0","type":{"tag":"named","arguments":[],"name":"choice_A"}}],"inductiveName":"choice_B","name":"wrap","numParams":"0"}]}}},{"name":"inductives-first-refusal","result":{"tag":"unknownConstant","name":{"tag":"str","parent":{"tag":"str","parent":{"tag":"anonymous"},"value":"F2ChoiceA"},"value":"missingFirst"}}},{"name":"symbols-empty-state","result":{"used":["usedBefore"],"nextIndex":"3","entriesRev":[["before","usedBefore"]]}},{"name":"symbols-collision-and-index","result":{"used":["p6","p4","p3","p5"],"nextIndex":"7","entriesRev":[["beta","p6"],["alpha","p4"],["prior","p3"]]}},{"name":"symbols-duplicate-source-names","result":{"used":["p1","p0"],"nextIndex":"2","entriesRev":[["duplicate","p1"],["duplicate","p0"]]}},{"name":"symbols-brand-wrapper","result":[["keptRecordA","__ps$brand$1"],["keptRecordB","__ps$brand$2"]]},{"name":"symbols-tag-wrapper","result":[["keptChoiceA","__ps$tag$1"],["keptChoiceB","__ps$tag$2"]]}],"observationSha256":"8ff7547b87a96a8d2f7cc964e08b2b050fc3344b4b2309f66fac0566e8247d59"}],"observationSha256":"697616ab48daf77a44b90ce20085432593ddce9a06fdad124a5a898ece3621be","scope":{"eachCompilerOwnsAllTaggedInputs":true,"irRecordsUseExistingCompilerFactories":true,"copiedRecordsRetainOwningCompilerBrands":true,"hostStructuralFixtureRecords":["PsErasureNameState","PsTsSymbolMapState","PsErasureCurrentDefinition"],"hostStructuralFixtureBoundary":"Explicit unbranded non-IR host records with owning-compiler tagged children; their exercised paths project fields or reset the marker, and do not inspect brands. They are not compiler-created branded records and never enter original-IR carrier checking.","independentExplicitExpectations":true,"saturatedPublicArgumentOrderChecked":true,"completePublicTypes":"separate migration ABI gate","pscPartialApplications":"separate typed migration ABI probes","performanceImprovementClaimed":false,"exhaustiveForAllInputs":false,"kernelChecked":false}},"passed":true,"compilerBuilt":false,"currentSourceQualifiedByThisCheck":false}
2026-10-09T14:05:50.2281569Z ##[group]Run node scripts/sh1-qualify.mjs native-candidate --native .lake/build/bin/psc1 --out dist/sh1/development
2026-10-09T14:05:50.2282221Z [36;1mnode scripts/sh1-qualify.mjs native-candidate --native .lake/build/bin/psc1 --out dist/sh1/development[0m
2026-10-09T14:05:50.2338122Z shell: /usr/bin/bash -e {0}
2026-10-09T14:05:50.2338352Z env:
2026-10-09T14:05:50.2338663Z   PSC0_TSC: /home/runner/work/_temp/psc0-typescript-7.0.2/node_modules/typescript/bin/tsc
2026-10-09T14:05:50.2339019Z   PSC0_TYPESCRIPT_VERSION: 7.0.2
2026-10-09T14:05:50.2339244Z ##[endgroup]
2026-10-09T14:05:58.5378215Z PSC2_COMPILE: /home/runner/work/pskernel/pskernel/psc0/dist/sh1/development/N1/index.ts -> /home/runner/work/pskernel/pskernel/psc0/dist/sh1/development/N1/index.js
2026-10-09T14:05:58.5379063Z PSC2_DECLARATION: /home/runner/work/pskernel/pskernel/psc0/dist/sh1/development/N1/index.d.ts
2026-10-09T14:05:58.5379738Z PSC2_SOURCE_MAP: /home/runner/work/pskernel/pskernel/psc0/dist/sh1/development/N1/index.js.map
2026-10-09T14:05:58.5380124Z PSC2_TYPESCRIPT: 7.0.2
2026-10-09T14:07:43.5778072Z PSC0_SH1_IR_NATIVE_PASS: function-valued let has compositional type
2026-10-09T14:07:43.5778717Z PSC0_SH1_IR_NATIVE_PASS: checked emitter accepts the same valid IR
2026-10-09T14:07:43.5779369Z PSC0_SH1_IR_NATIVE_PASS: false let annotation is rejected
2026-10-09T14:07:43.5780021Z PSC0_SH1_IR_NATIVE_PASS: checked emitter refuses invalid IR
2026-10-09T14:07:43.5780474Z PSC0_SH1_IR_NATIVE_PASS: function parameter grouping is preserved
2026-10-09T14:07:43.5780876Z PSC0_SH1_IR_NATIVE_PASS: expression fuel exhaustion is explicit
2026-10-09T14:07:43.5781541Z PSC0_SH1_IR_NATIVE_PASS: type fuel exhaustion is explicit
2026-10-09T14:07:43.5782206Z PSC0_SH1_IR_NATIVE_PASS: diagnostic cap preserves finding count
2026-10-09T14:07:43.5783145Z PSC0_SH1_IR_NATIVE: {"schemaVersion":1,"status":"pass","cases":8,"checkedEmitterRejectsInvalidIr":true,"strictSh1Qualified":false}
2026-10-09T14:07:43.5786278Z PSC0_SH1_IR_NATIVE_FULL: {"schemaVersion":1,"kind":"psc0-native-original-ir-check","accepted":true,"traversalComplete":true,"visitedSteps":728064,"expressionCount":56602,"findingCount":0,"retainedFindingCount":0,"omittedFindingDetails":0,"strictSh1Qualified":false,"reportPath":"/home/runner/work/pskernel/pskernel/psc0/dist/sh1/development/N1/ir-checker-native/checked-current-source.ts.ir-report.json"}
2026-10-09T14:07:43.6014661Z PSC0_SH1_IR_NATIVE_EVIDENCE: {"schemaVersion":1,"evidence":"native-portable-checker-current-source","nativeCheckerSha256":"f33252d737183feb86c696d37be0a23fa078f66c23fa1fdf94b375ad6bc51ff0","sourceClosureSha256":"6306cdac131f849a9a96de3dc4d628a48b953072b45fc6cc829075bd90b67ac7","sourceAggregateSha256":"3b0ee3315e47f691d7df170eb980ce9194f3ba1c213661f948b449e3bb80f142","moduleCount":61,"recipe":"Ordered raw closure with imports stripped, aggregate native preparation, original IR check, same-IR emission.","fixtures":{"schemaVersion":1,"status":"pass","cases":8,"checkedEmitterRejectsInvalidIr":true,"strictSh1Qualified":false},"fullCompilerIr":{"schemaVersion":1,"kind":"psc0-native-original-ir-check","accepted":true,"traversalComplete":true,"visitedSteps":728064,"expressionCount":56602,"findingCount":0,"retainedFindingCount":0,"omittedFindingDetails":0,"strictSh1Qualified":false,"reportPath":"/home/runner/work/pskernel/pskernel/psc0/dist/sh1/development/N1/ir-checker-native/checked-current-source.ts.ir-report.json"},"typescriptSha256":"0d90517192bba53dbc6190c774158559b64871b7222ba37b0df5a65a325db99a","parity":"Checked native emission equals the native-generated N1 compiler TypeScript byte for byte.","strictSh1Qualified":false,"provider":{"status":"not-attempted","kernelChecked":false}}
2026-10-09T14:09:58.6984109Z PSC0_SH1_GRAMMAR_CLOSURE: {"compilerSha256":"5eeecb1bfa00f11f1691f5ee4b437ecebe5c9a45b4e4256ab1bde23b0771df15","closureSha256":"6306cdac131f849a9a96de3dc4d628a48b953072b45fc6cc829075bd90b67ac7","moduleCount":61,"proofScriptBytes":902538,"comparison":"Lean canonical text equals Lean -> new ProofScript -> Lean; new ProofScript is idempotent"}
2026-10-09T14:09:59.9327817Z PSC0_SH1_IR_CHECKER: {"schemaVersion":1,"evidence":"portable-original-ir-checker-conformance","compilerSha256":"5eeecb1bfa00f11f1691f5ee4b437ecebe5c9a45b4e4256ab1bde23b0771df15","acceptedFixture":{"schemaVersion":2,"kind":"psc0-original-ir-inventory","compilerSha256":"5eeecb1bfa00f11f1691f5ee4b437ecebe5c9a45b4e4256ab1bde23b0771df15","status":"runtime-ir-types-accepted","strictSh1Qualified":false,"runtimeIrTypingAccepted":true,"traversalComplete":true,"visitedNodes":1898,"carrier":{"accepted":true,"traversalComplete":true,"visitedNodes":910},"counts":{"expressions":163},"findingCount":0,"findingCounts":{},"findingCountsCoverage":"all-findings","findings":[],"omittedFindingDetails":0,"portableChecker":{"status":"accepted","implementation":"Ps.CompilerIr.Check.psCheckVerifiedIrModule","options":{"maxSteps":5000000,"maxTypeSteps":65536,"maxFindings":1000}},"coverage":["Canonical own-namespace JS carriers before portable code","Portable module signatures, scoped type substitution and compositional expression typing","The host report serializes portable diagnostics without a second semantic checker"],"unqualifiedObligations":["Enabled primitive laws, text positions and bounds semantics beyond runtime typing","Erasure preservation, evaluation order and backend semantic correspondence","Import ABI qualification for unsupported external imports","Strict SH/1 profile activation and provider decisions remain separate"],"notes":["A capped diagnostics list does not cap the portable finding count.","Findings count failed checking obligations; a type operation reports its first failure, not every malformed descendant.","visitedNodes combines portable input preflight and dispatcher steps, each with its own maxSteps allowance.","Structural IR paths identify owners and expressions; they are not original source line numbers.","Runtime IR typing acceptance does not establish Core provider acceptance or strict SH/1."]},"artifacts":{"typescriptSha256":"15e78fc7c00dbabab8affd291cf541233c4a374c1fec319e92fa3360835e33b1","javascriptSha256":"894b55a8d96db8ca4013b6668c936f9663b250469458021fccffbc540dbbc0ba"},"behavior":{"status":"pass","observations":59,"exhaustiveForAllInputs":false,"letScopeCases":[{"name":"shadowOldScope","observations":8},{"name":"shadowWrappedCall","observations":8},{"name":"shadowClosure","observations":8},{"name":"shadowNestedTail","observations":5}]},"rejected":[{"name":"false-let-annotation","expectedCode":"type-mismatch","findingCount":1,"findingCounts":{"type-mismatch":1},"traversalComplete":true,"checkedEmitter":"rejected-before-emission"},{"name":"false-lambda-result","expectedCode":"type-mismatch","findingCount":1,"findingCounts":{"type-mismatch":1},"traversalComplete":true,"checkedEmitter":"rejected-before-emission"},{"name":"false-declaration-result","expectedCode":"type-mismatch","findingCount":1,"findingCounts":{"type-mismatch":1},"traversalComplete":true,"checkedEmitter":"rejected-before-emission"},{"name":"incompatible-if-branches","expectedCode":"type-mismatch","findingCount":1,"findingCounts":{"type-mismatch":1},"traversalComplete":true,"checkedEmitter":"rejected-before-emission"},{"name":"non-boolean-condition","expectedCode":"type-mismatch","findingCount":1,"findingCounts":{"type-mismatch":1},"traversalComplete":true,"checkedEmitter":"rejected-before-emission"},{"name":"flattened-function-grouping","expectedCode":"call-runtime-arity","findingCount":2,"findingCounts":{"call-runtime-arity":1,"type-mismatch":1},"traversalComplete":true,"checkedEmitter":"rejected-before-emission"},{"name":"false-function-group-annotation","expectedCode":"type-mismatch","findingCount":1,"findingCounts":{"type-mismatch":1},"traversalComplete":true,"checkedEmitter":"rejected-before-emission"},{"name":"global-literal-is-not-zero-argument-function","expectedCode":"non-function-callee","findingCount":1,"findingCounts":{"non-function-callee":1},"traversalComplete":true,"checkedEmitter":"rejected-before-emission"},{"name":"generic-arguments-missing","expectedCode":"call-type-arity","findingCount":1,"findingCounts":{"call-type-arity":1},"traversalComplete":true,"checkedEmitter":"rejected-before-emission"},{"name":"monomorphic-value-with-type-arguments","expectedCode":"call-type-arity","findingCount":1,"findingCounts":{"call-type-arity":1},"traversalComplete":true,"checkedEmitter":"rejected-before-emission"},{"name":"generic-scheme-escape","expectedCode":"generic-value-reference","findingCount":1,"findingCounts":{"generic-value-reference":1},"traversalComplete":true,"checkedEmitter":"rejected-before-emission"},{"name":"zero-runtime-generic-value","expectedCode":"generic-value-unsupported","findingCount":1,"findingCounts":{"generic-value-unsupported":1},"traversalComplete":true,"checkedEmitter":"rejected-before-emission"},{"name":"unknown-runtime-type","expectedCode":"unknown-type","findingCount":2,"findingCounts":{"unknown-type":2},"traversalComplete":true,"checkedEmitter":"rejected-before-emission"},{"name":"unscoped-type-parameter","expectedCode":"unbound-type-parameter","findingCount":2,"findingCounts":{"unbound-type-parameter":1,"type-mismatch":1},"traversalComplete":true,"checkedEmitter":"rejected-before-emission"},{"name":"named-type-arity","expectedCode":"named-type-arity","findingCount":1,"findingCounts":{"named-type-arity":1},"traversalComplete":true,"checkedEmitter":"rejected-before-emission"},{"name":"unresolved-variable","expectedCode":"unresolved-value-name","findingCount":1,"findingCounts":{"unresolved-value-name":1},"traversalComplete":true,"checkedEmitter":"rejected-before-emission"},{"name":"duplicate-runtime-binder","expectedCode":"duplicate-binder","findingCount":1,"findingCounts":{"duplicate-binder":1},"traversalComplete":true,"checkedEmitter":"rejected-before-emission"},{"name":"duplicate-type-binder","expectedCode":"duplicate-type-parameter","findingCount":1,"findingCounts":{"duplicate-type-parameter":1},"traversalComplete":true,"checkedEmitter":"rejected-before-emission"},{"name":"duplicate-global-name","expectedCode":"duplicate-value-name","findingCount":1,"findingCounts":{"duplicate-value-name":1},"traversalComplete":true,"checkedEmitter":"rejected-before-emission"},{"name":"Nat-and-Int-are-distinct","expectedCode":"type-mismatch","findingCount":1,"findingCounts":{"type-mismatch":1},"traversalComplete":true,"checkedEmitter":"rejected-before-emission"},{"name":"Char-and-String-are-distinct","expectedCode":"type-mismatch","findingCount":1,"findingCounts":{"type-mismatch":1},"traversalComplete":true,"checkedEmitter":"rejected-before-emission"},{"name":"intrinsic-type-arity","expectedCode":"intrinsic-type-arity","findingCount":1,"findingCounts":{"intrinsic-type-arity":1},"traversalComplete":true,"checkedEmitter":"rejected-before-emission"},{"name":"constructor-positional-field-order","expectedCode":"constructor-field-order","findingCount":1,"findingCounts":{"constructor-field-order":1},"traversalComplete":true,"checkedEmitter":"rejected-before-emission"},{"name":"record-missing-field","expectedCode":"missing-field","findingCount":1,"findingCounts":{"missing-field":1},"traversalComplete":true,"checkedEmitter":"rejected-before-emission"},{"name":"record-duplicate-field","expectedCode":"duplicate-field","findingCount":1,"findingCounts":{"duplicate-field":1},"traversalComplete":true,"checkedEmitter":"rejected-before-emission"},{"name":"record-extra-field","expectedCode":"unexpected-field","findingCount":1,"findingCounts":{"unexpected-field":1},"traversalComplete":true,"checkedEmitter":"rejected-before-emission"},{"name":"projection-owner-mismatch","expectedCode":"type-mismatch","findingCount":1,"findingCounts":{"type-mismatch":1},"traversalComplete":true,"checkedEmitter":"rejected-before-emission"},{"name":"projection-instantiation-mismatch","expectedCode":"type-mismatch","findingCount":1,"findingCounts":{"type-mismatch":1},"traversalComplete":true,"checkedEmitter":"rejected-before-emission"},{"name":"match-binding-type-mismatch","expectedCode":"type-mismatch","findingCount":3,"findingCounts":{"type-mismatch":2,"non-function-callee":1},"traversalComplete":true,"checkedEmitter":"rejected-before-emission"},{"name":"match-missing-alternative","expectedCode":"match-coverage","findingCount":1,"findingCounts":{"match-coverage":1},"traversalComplete":true,"checkedEmitter":"rejected-before-emission"},{"name":"match-duplicate-alternative","expectedCode":"duplicate-match-alternative","findingCount":1,"findingCounts":{"duplicate-match-alternative":1},"traversalComplete":true,"checkedEmitter":"rejected-before-emission"},{"name":"optional-scalar-capability","expectedCode":"scalar-capability-unqualified","findingCount":3,"findingCounts":{"scalar-capability-unqualified":3},"traversalComplete":true,"checkedEmitter":"rejected-before-emission"},{"name":"external-import-ABI","expectedCode":"external-import-abi-unqualified","findingCount":1,"findingCounts":{"external-import-abi-unqualified":1},"traversalComplete":true,"checkedEmitter":"rejected-before-emission"},{"name":"empty-layout","expectedCode":"empty-layout-unsupported","findingCount":1,"findingCounts":{"empty-layout-unsupported":1},"traversalComplete":true,"checkedEmitter":"rejected-before-emission"},{"name":"empty-match","expectedCode":"empty-match-unsupported","findingCount":2,"findingCounts":{"empty-layout-unsupported":1,"empty-match-unsupported":1},"traversalComplete":true,"checkedEmitter":"rejected-before-emission"},{"name":"runtime-layout-name-collision","expectedCode":"duplicate-layout-name","findingCount":1,"findingCounts":{"duplicate-layout-name":1},"traversalComplete":true,"checkedEmitter":"rejected-before-emission"}],"exhausted":[{"name":"input-preflight-budget","findingCounts":{"checker-input-resource-limit":1},"traversalComplete":false},{"name":"type-work-budget","findingCounts":{"type-resource-limit":224},"traversalComplete":false}],"directTypeOperations":[{"name":"simultaneous-nested-generic-swap","status":"pass"},{"name":"substitution-budget","code":"type-resource-limit","detail":"substitution"},{"name":"equality-budget","code":"type-resource-limit","detail":"equality"}],"carrierRejections":[{"name":"negative-natural-carrier","findingCounts":{"invalid-ir-scalar-carrier":1},"portableChecker":"not-run-invalid-carrier"},{"name":"number-natural-carrier","findingCounts":{"invalid-ir-scalar-carrier":1},"portableChecker":"not-run-invalid-carrier"},{"name":"string-boolean-carrier","findingCounts":{"invalid-ir-scalar-carrier":1},"portableChecker":"not-run-invalid-carrier"},{"name":"cyclic-list-carrier","findingCounts":{"cyclic-ir-carrier":1},"portableChecker":"not-run-invalid-carrier"},{"name":"foreign-compiler-brand","findingCounts":{"malformed-or-foreign-constructor":1},"portableChecker":"not-run-invalid-carrier"}],"diagnosticsCap":{"limit":0,"findingCount":1,"omittedFindingDetails":1},"checkedPreparedEntry":{"sourceSha256":"b05ec9c46f150c05b7249ee48bc3b1bdfcb2f60d851b4af81ff7298df49b5626","typescriptSha256":"027735f4d196d1c92d0868320d9313d4cabe9841a90566f433e2ff71d4350a36","status":"pass"},"instanceOwnership":"All IR constructors and neutral record factories belong to the checked compiler namespace.","strictSh1Qualified":false,"provider":{"status":"not-attempted","kernelChecked":false}}
2026-10-09T14:09:59.9951676Z PSC0_SH1_HELPER_RUNTIME: {"schemaVersion":1,"evidence":"generated-compiler-exported-helper-behavior","compilerSha256":"5eeecb1bfa00f11f1691f5ee4b437ecebe5c9a45b4e4256ab1bde23b0771df15","coverage":{"nonApplicationHeads":11,"argumentLists":7,"prefixes":2,"suffixes":2,"nameBases":3,"usedNameListsPerBase":7,"attempts":[0,7],"typedPartialApplications":false,"expressionObservations":1232,"stringObservations":336,"observations":1568},"behavior":"independent application-spine and finite unique-name expectations","kernelChecked":false,"exhaustiveForAllInputs":false}
2026-10-09T14:10:00.5341393Z PSC0_SH1_GENERIC_ERASURE: {"schemaVersion":1,"evidence":"scoped-recursive-generic-erasure","compilerSha256":"5eeecb1bfa00f11f1691f5ee4b437ecebe5c9a45b4e4256ab1bde23b0771df15","sourceKind":"raw-authoritative-lean","sourceSha256":"574fc4874e0cd5561fcdd873c7942aa90cd77abaa66441c76b5e4f7c3755e4de","originalIr":{"checks":["one, two, and three declaration generics in exact declaration order","interleaved type, erased proposition/proof, and runtime binders","recursive calls retain the complete runtime argument count","monomorphic recursive calls retain zero type arguments"],"observations":[{"declaration":"sh1GenericCopy","declarationTypeParameters":["T0"],"runtimeParameters":["values"],"calls":[{"at":"declaration:sh1GenericCopy/body/alternatives/tail/head/snd/snd/fields/tail/head/snd","typeArguments":["T0"],"runtimeArity":1}]},{"declaration":"sh1GenericMap","declarationTypeParameters":["T0","T1"],"runtimeParameters":["convert","values"],"calls":[{"at":"declaration:sh1GenericMap/body/alternatives/tail/head/snd/snd/fields/tail/head/snd","typeArguments":["T0","T1"],"runtimeArity":2}]},{"declaration":"sh1GenericTriple","declarationTypeParameters":["T0","T1","T2"],"runtimeParameters":["first","second","third","fuel"],"calls":[{"at":"declaration:sh1GenericTriple/body/elseBranch/body","typeArguments":["T0","T1","T2"],"runtimeArity":4}]},{"declaration":"sh1GenericMono","declarationTypeParameters":[],"runtimeParameters":["fuel","value"],"calls":[{"at":"declaration:sh1GenericMono/body/elseBranch/body","typeArguments":[],"runtimeArity":2}]}],"emittedIr":"The exact original IR inspected above is passed to psTsEmitModule.","strictSh1Qualified":false},"artifacts":{"admissionsSha256":"11b515897f24e6c194b8c1daf239b4941940d8204a4846e601b462e92b703af8","typescriptSha256":"86ce3c3aaa0b48a8f8b618a117ea347ee36339d7dd122aee7a48056cbc8f5d8e","javascriptSha256":"ec1784595f07802909464d3f21980a471e166f2d82b49fece1e22dd14ea9b118"},"behavior":{"observations":19,"status":"pass","exhaustiveForAllInputs":false},"provider":{"status":"not-attempted","kernelChecked":false},"native":{"typescriptSha256":"86ce3c3aaa0b48a8f8b618a117ea347ee36339d7dd122aee7a48056cbc8f5d8e","behavior":{"observations":19,"status":"pass","exhaustiveForAllInputs":false}}}
2026-10-09T14:10:01.1914209Z PSC0_SH1_SESSION_CONFORMANCE: PASS (recorded aggregate oracle; warm, prefix, body edit, failure recovery, frozen parse errors, source kind, fresh instance)
2026-10-09T14:10:13.6514504Z PSC0_SH1_CAPABILITIES: {"schemaVersion":1,"compilerSha256":"5eeecb1bfa00f11f1691f5ee4b437ecebe5c9a45b4e4256ab1bde23b0771df15","evidence":"raw-source-generated-execution","sourceKinds":[{"sourceKind":"lean","sourceSha256":"45d7948c21431670d89762f97a6679a371b37defbfcc9d15138639c5f926d9e6","admissionsSha256":"372371596fba560eca5ba52d29e20d91780d5c3321e4353a7a4c1a009167e10f","typescriptSha256":"8d7e8a5e548f4a10748ddcf70786caf542ea54693f411b4e3617f237ad7bbd4f","javascriptSha256":"225150e522b5af5c8cc46347714cd6b58e25c2e8b2a3543f11baa312513f372c","generatedCompilerConsumedRawSource":true,"behavior":"pass","projectionBehavior":{"observations":39,"behavior":"pass","maximumFuel":"20000"},"grammarBehavior":{"observations":34,"behavior":"pass","edition":"ps-0.9-r3","mode":"new-only"},"nativeProjectionBehavior":{"observations":39,"behavior":"pass","maximumFuel":"20000"},"nativeGrammarBehavior":{"observations":34,"behavior":"pass","edition":"ps-0.9-r3","mode":"new-only"},"nativePscBehavior":"pass","nativeTypeScriptSha256":"8d7e8a5e548f4a10748ddcf70786caf542ea54693f411b4e3617f237ad7bbd4f"},{"sourceKind":"ps","sourceSha256":"e0619554ac2384922ebe1739fa208114b08229118c6a995b7ee7ab2da9a28e65","admissionsSha256":"bb84332515024d4145b7cedb636fb6095d3cbe20a4fc3043dc37905f7574a900","typescriptSha256":"0465c3dc1a58bb914c01e3cd3f53f78dfd7315768cfc0dd5971b57f60329d035","javascriptSha256":"5093d317347e940664fca20453271dd4fc898f75e22918e6d36813beaf18758c","generatedCompilerConsumedRawSource":true,"behavior":"pass","projectionBehavior":{"observations":39,"behavior":"pass","maximumFuel":"20000"},"grammarBehavior":{"observations":34,"behavior":"pass","edition":"ps-0.9-r3","mode":"new-only"},"nativeProjectionBehavior":{"observations":39,"behavior":"pass","maximumFuel":"20000"},"nativeGrammarBehavior":{"observations":34,"behavior":"pass","edition":"ps-0.9-r3","mode":"new-only"},"nativePscBehavior":"pass","nativeTypeScriptSha256":"0465c3dc1a58bb914c01e3cd3f53f78dfd7315768cfc0dd5971b57f60329d035"}],"negativeCases":[{"name":"narrowed-nested-induction-hypothesis","sourceSha256":"1c6fc4543d2650c3b18506c39107ec8cc1f3df1302da61fd1c8f73bb6ba907c3","diagnosticTags":["elaboration","structuralRecursionNotDecreasing"]},{"name":"unsaturated-recursive-call","sourceSha256":"879565204119b005493e52868d63b0e0ba8c69624dfd8fbdb329af30d909364a","diagnosticTags":["elaboration","structuralRecursionArity"]},{"name":"nondecreasing-major","sourceSha256":"fd8b66b959543f6e2f1be3958efff1db883c33dd04dbf6051df2290ceaa2b811","diagnosticTags":["elaboration","structuralRecursionNotDecreasing"]},{"name":"unrelated-constructor-child","sourceSha256":"85eaeb42ac5a652b4dd6f49b2ef9a11d453ea7432f99fd5559c4bd964fa5131a","diagnosticTags":["elaboration","structuralRecursionNotDecreasing"]},{"name":"escaping-self-reference","sourceSha256":"0675b11dbfc09380ff6449950e29b12f1563bccf0f8bafc5d003b44258860d82","diagnosticTags":["elaboration","structuralRecursionEscapingReference"]},{"name":"major-dependent-parameter","sourceSha256":"aa9a3193d7db8334c703927ae0a19b060eed52acdfb0f6a6dc0d913819060542","diagnosticTags":["elaboration","structuralRecursionDependentParameter"]},{"name":"explicit-historical-stable-mode","sourceSha256":"bee98d86b07b527f2bdbaca89f42d8286a1c64c41f7f4ffb541c437de83a8555","diagnosticTags":["structuralRecursionInvariantArgument"]}],"projectionResolution":{"schemaVersion":1,"evidence":"owned-compiler-api-resolution-and-source-identity","caseCount":21,"resolutionCases":12,"exactIdentityCases":8,"normalizationSpanCases":1,"allPassed":true,"instanceOwnership":"All syntax and compiler data were constructed by this compiler instance.","cases":[{"name":"exact-local-before-global-and-prefixes","family":"resolution","expected":{"kind":"local","id":"2","fields":[]}},{"name":"exact-global-before-local-prefix","family":"resolution","expected":{"kind":"global","name":"alpha.beta.gamma","fields":[]}},{"name":"first-local-before-first-global-and-longer-local","family":"resolution","expected":{"kind":"local","id":"0","fields":["beta","gamma"]}},{"name":"first-global-before-longer-local","family":"resolution","expected":{"kind":"global","name":"alpha","fields":["beta","gamma"]}},{"name":"longest-proper-local-prefix-with-absent-first","family":"resolution","expected":{"kind":"local","id":"0","fields":["delta"]}},{"name":"shorter-proper-local-prefix-with-absent-first","family":"resolution","expected":{"kind":"local","id":"0","fields":["gamma","delta"]}},{"name":"multi-segment-global-is-not-a-fallback","family":"resolution","expected":{"kind":"none"}},{"name":"longer-global-does-not-displace-local-fallback","family":"resolution","expected":{"kind":"local","id":"0","fields":["gamma","delta"]}},{"name":"nearest-first-segment-local-shadow","family":"resolution","expected":{"kind":"local","id":"1","fields":["beta","gamma"]}},{"name":"nearest-exact-local-shadow","family":"resolution","expected":{"kind":"local","id":"3","fields":[]}},{"name":"unresolved-name","family":"resolution","expected":{"kind":"none"}},{"name":"unrelated-multi-segment-local","family":"resolution","expected":{"kind":"none"}},{"name":"recursion-exact-local-reference","family":"exact-local-identity","expectedId":"0"},{"name":"term-exact-local-reference","family":"exact-local-identity","expectedId":"0"},{"name":"recursion-projection-is-not-unchanged-state","family":"exact-local-identity","expectedId":null},{"name":"term-projection-is-not-a-structural-child","family":"exact-local-identity","expectedId":null},{"name":"recursion-global-is-not-local","family":"exact-local-identity","expectedId":null},{"name":"term-global-is-not-local","family":"exact-local-identity","expectedId":null},{"name":"recursion-exact-qualified-local-still-has-identity","family":"exact-local-identity","expectedId":"0"},{"name":"term-exact-qualified-local-still-has-identity","family":"exact-local-identity","expectedId":"0"},{"name":"normalized-parameter-projection-preserves-binder-field-and-span","family":"normalization-source-span","expectedBinderSegments":["$psc0SH","1"],"expectedFields":["count"],"expectedSpan":{"start":{"byteOffset":"186","line":"5","column":"25"},"stop":{"byteOffset":"199","line":"5","column":"38"}}}]},"grammar":{"schemaVersion":1,"evidence":"generated-compiler-source-grammar-api","compilerSha256":"5eeecb1bfa00f11f1691f5ee4b437ecebe5c9a45b4e4256ab1bde23b0771df15","sourceGrammar":{"edition":"ps-0.9-r3","mode":"new-only","support":"bounded-selfhost-subset","referenceSha256":"4c02626fd0b991e8526c64b65f4ffb66b9ce7b688298e82fb0309802a263db71","fullStandardConformance":false,"fullPscvConformance":false},"corpusSha256":"4303a9503bc2ade83b248b80f8f6a1ccd460b2f5aff773d34fef3755a3e0b43f","counts":{"applicationBoundaries":18,"supportedSyntax":22,"canonicalRoundTrips":40,"parseRefusals":35,"lexicalPositionCases":2,"lexicalRefusals":5,"emptyCallRefusals":3,"printerRefusals":1},"applications":[{"name":"explicit-empty-call","sourceSha256":"a1809059a87695be7ab63b86114cbf025ce6842c4565fb2edcf3ad43d648ce5a","canonicalSha256":"a1809059a87695be7ab63b86114cbf025ce6842c4565fb2edcf3ad43d648ce5a","astSha256":"6a2ed0d413644501db6b4d376eda1d5c9ce7597bc74c7a325b13dc0939c7663b"},{"name":"explicit-unit-argument","sourceSha256":"6af26347513a9acfe9a12381b691d359effb3dfb732149c9d1b6a460d59e2bea","canonicalSha256":"6af26347513a9acfe9a12381b691d359effb3dfb732149c9d1b6a460d59e2bea","astSha256":"2df0f1baef1af20c721f86bd4f96d3579199d1107bb6ebae391d39f6bdb024cd"},{"name":"native-unit-argument","sourceSha256":"b091f10a140fa4185525d07c639cbe593049a30cf012444139fa24ebb159d7d5","canonicalSha256":"6af26347513a9acfe9a12381b691d359effb3dfb732149c9d1b6a460d59e2bea","astSha256":"2df0f1baef1af20c721f86bd4f96d3579199d1107bb6ebae391d39f6bdb024cd"},{"name":"comment-gap-unit-argument","sourceSha256":"cb65fb6c5e8cf364eae704e9d48c5c9d13709c96e7a0298ff8ecc71e635d33ec","canonicalSha256":"6af26347513a9acfe9a12381b691d359effb3dfb732149c9d1b6a460d59e2bea","astSha256":"2df0f1baef1af20c721f86bd4f96d3579199d1107bb6ebae391d39f6bdb024cd"},{"name":"empty-call-then-native","sourceSha256":"146766ff0ef495404378f897d5784b75411ccda1b490ceb51c60c73ef92796cf","canonicalSha256":"9a436633672423065dde0e190546ec0f8bb69ad9875789d454d0ec5fb9784221","astSha256":"6deb13204c2281a81d1fb7164bc8cf8ec5de4d847179ad5247688ac33a9b5a4f"},{"name":"grouped-empty-call-then-native","sourceSha256":"b4143b282b7de28ccfbc30ac9230083ede011bf57f3eabc5955ff5b06672bfc0","canonicalSha256":"9a436633672423065dde0e190546ec0f8bb69ad9875789d454d0ec5fb9784221","astSha256":"6deb13204c2281a81d1fb7164bc8cf8ec5de4d847179ad5247688ac33a9b5a4f"},{"name":"repeated-empty-call","sourceSha256":"cb6d2c43b11b24bb8f1f8170e8fcc9fb5b1726889e838f17ec81824f79cc1c94","canonicalSha256":"75996e1ea79f099a29954ae4869a0c388e13a2124d7037c0c0875057fc60b636","astSha256":"183fc2c97cf57de80caf97c8ead916de82baba063f2706fb86fea4c379ddf982"},{"name":"native-argument-chain","sourceSha256":"aa2832b00487bfada58263fa8f5a737fa9a2662c978f039325e912e991c3dc1c","canonicalSha256":"af61f2831c84be4319ba3fdc764f470df961b69a7af9a2a6bd8680a10db781b2","astSha256":"229e3f1937ff4396091c1fd92c84573ff83050857883d620c1e17905fd63bc51"},{"name":"adjacent-argument-group","sourceSha256":"af61f2831c84be4319ba3fdc764f470df961b69a7af9a2a6bd8680a10db781b2","canonicalSha256":"af61f2831c84be4319ba3fdc764f470df961b69a7af9a2a6bd8680a10db781b2","astSha256":"229e3f1937ff4396091c1fd92c84573ff83050857883d620c1e17905fd63bc51"},{"name":"trailing-call-comma","sourceSha256":"bc9762713f945500c2e7d5b8cdb93fa8bc4c26c5fbac44ae432ced5722d56000","canonicalSha256":"af61f2831c84be4319ba3fdc764f470df961b69a7af9a2a6bd8680a10db781b2","astSha256":"229e3f1937ff4396091c1fd92c84573ff83050857883d620c1e17905fd63bc51"},{"name":"postfix-then-native","sourceSha256":"bb1e3f14d05047a2d546be83fba383c4845579cf6fe50d04e83bdc32e243211b","canonicalSha256":"9ec3d00b336f4810c37bee7a52d310c8b8ff7daad3f17f8132a0dd247e60687c","astSha256":"1ce00e2f7580d7841448b7103636756afcaffe8adbf0cdfddcde3bae70c7d55a"},{"name":"grouped-native-callee","sourceSha256":"83dc9e7a88b343d74f42e31cfc10070dfd44b5644e7136a92bc2d9e61993f675","canonicalSha256":"9ec3d00b336f4810c37bee7a52d310c8b8ff7daad3f17f8132a0dd247e60687c","astSha256":"1ce00e2f7580d7841448b7103636756afcaffe8adbf0cdfddcde3bae70c7d55a"},{"name":"repeated-postfix-call","sourceSha256":"a46c258b7d211d34b8945a8c8f8d3e1ce52156415b5679fbb5a9e826bbce05e2","canonicalSha256":"9ec3d00b336f4810c37bee7a52d310c8b8ff7daad3f17f8132a0dd247e60687c","astSha256":"1ce00e2f7580d7841448b7103636756afcaffe8adbf0cdfddcde3bae70c7d55a"},{"name":"grouped-reference-callee","sourceSha256":"9e0a28a3eb2629b1c9ee01cf170a3620d2d95d877ce76bbb04e485d54343869b","canonicalSha256":"965b5ee86cc5b69ddc85c3612a725deb245dbae4993030d27e698887f63e91a8","astSha256":"5fbbee2f1df5f98d3f13ac950c27709cca8e23287d5e2bdf15b3a0960f5ad9a7"},{"name":"grouped-postfix-callee","sourceSha256":"9ec3d00b336f4810c37bee7a52d310c8b8ff7daad3f17f8132a0dd247e60687c","canonicalSha256":"9ec3d00b336f4810c37bee7a52d310c8b8ff7daad3f17f8132a0dd247e60687c","astSha256":"1ce00e2f7580d7841448b7103636756afcaffe8adbf0cdfddcde3bae70c7d55a"},{"name":"grouped-native-argument","sourceSha256":"70c260023120173e4463a66556966990b229b11e7f66d18f1dd67be617da1332","canonicalSha256":"975f707494415ae8810e8938ad06965ccbe29363b8113b55080ca9f0ac693788","astSha256":"b0a69ca981894178350be11e93a04478cbb717ca55c568e654adb93f066d9899"},{"name":"nested-postfix-argument","sourceSha256":"e489a6619089416a07dafbe5458d1a80b091ae9a463c19ce6f5d7f06222396e3","canonicalSha256":"e489a6619089416a07dafbe5458d1a80b091ae9a463c19ce6f5d7f06222396e3","astSha256":"399fdbc946f2b65bccf829f2044bffe0f294315152f3fa006420db39ed77709e"},{"name":"qualified-reference","sourceSha256":"4625ce5e3b5d27210cfb937ae5b8bd8e9e951c7ebe1db337fff17c86ab903014","canonicalSha256":"4625ce5e3b5d27210cfb937ae5b8bd8e9e951c7ebe1db337fff17c86ab903014","astSha256":"abee3c03565d5cd5f6753863cfce56ac43d3d08180bd573493ac853858205fec"}],"supported":[{"name":"newline-commands-and-imports","sourceSha256":"fd60bb2a6b7ec98bbc3c688ed596457bf4dfd3d50decc2bb7cfd434eae68a594","canonicalSha256":"f77423e10c51de85dc3a462d18291c95fff21307dc50968a741cf0fa8f341730","astSha256":"c943bcbfd010fee88113e04c8cc5642b6556f33e4ccdbaa87d23ec7404d5c8cf"},{"name":"one-typed-comma-parameter-group","sourceSha256":"3ecd3a8e2a16f6c6e30ba46aa166160343c26780aad4b1af5032fe47d7dd5b02","canonicalSha256":"1332ca9ef9118e449d01d37a30cda69fe86f95524170d4f2cab9e2a7ca2b5f69","astSha256":"2412e8c6a3268010d3634a91ef8700e919e13eeaac8c9a7f2a9899a98bce7f92"},{"name":"nonexplicit-prefix-before-typed-group","sourceSha256":"638bed291adc4c9d514663eeadcce60c55c1be2b56c18ba8920074d38a5f5ca9","canonicalSha256":"55730ef2f7d52e12dbbba588beb5c8009cf95967fa5ff4e9f54dff6300bc435c","astSha256":"9946744349590f7cb0941f602e7299727d3f7683e8e5bb728d1a3ffc917a3435"},{"name":"dependent-typed-parameter","sourceSha256":"b592f74c83d232d37b78c26c6b0359be32db959c506c28e415dd8804eddb82c9","canonicalSha256":"749624ef8ddef8f2ace55a6d53ab755c7c9436f0c7047060d4832dcaab8f684d","astSha256":"7a5bcc95f5f54dcf6c1d179f27f521c9511a756b0edc02a0a4a8b8451fbf34a5"},{"name":"grouped-callee-in-binder-type","sourceSha256":"0cba60cbdac94811bb31c7f41234c5c2f31fa56f6e2bf548a4758f4ff5e94c34","canonicalSha256":"3cc4ba4260120a67108b5ccd818bd06441198778b861a61ee60c5a162ed48ee7","astSha256":"ccc036d13b6fc574594a7faec074e88e0c96205c45fb87bf4708b9f92eb5cf1a"},{"name":"typed-parenthesized-lambda-callback","sourceSha256":"da74024eeb13aa39fa97e7bb8db1572cc671a54623172b18a31a7d45a23e234e","canonicalSha256":"da74024eeb13aa39fa97e7bb8db1572cc671a54623172b18a31a7d45a23e234e","astSha256":"74cee3ffa1a3e2b193ece540e47e878d4a51a5a97b8bf5f9460e03f991499e28"},{"name":"typed-lambda-native-callback","sourceSha256":"06be49c496dda24c14e7de3595eb60cde66b69f6e1845e17ce6eb9225ee6a79a","canonicalSha256":"27f6d7f3023e0b5189409ad7c12d8157520f213eed43b098843c8bfb8213cef1","astSha256":"be4a3ff5986dcbe6b24dfe7d991f7410ea6cd3100895e36342d33d4cbf456101"},{"name":"grouped-lambda-callee","sourceSha256":"754e5a9878262d8cd78b3722113d7196941a041632e86e14a16892a7d685d1dc","canonicalSha256":"754e5a9878262d8cd78b3722113d7196941a041632e86e14a16892a7d685d1dc","astSha256":"2d8951b6620de5291203389305c266701c12d1b6948a037706456ad027ca1982"},{"name":"braced-single-term-definition","sourceSha256":"015b0e61aa85bc804fb3332977b4dd27a77fb530858c321a0cfc197fef3b1d31","canonicalSha256":"0fb72935a1a20452c4d6d5dd08472c2350076e4582def83e610da089a5d830d7","astSha256":"10e7b1afc27cfb75c54d3d48d36d646fa046213afe64fc02a9dee71c79e004fb"},{"name":"let-newline-sequence","sourceSha256":"5c229b52e2e02b7c1184cd55344f074f2d833df5420e8c7278b122b72867a015","canonicalSha256":"2c3342f329c69134569bf12f50de47efad4a0bed45f4b44e52a3a2f2aad5b078","astSha256":"ad0c8bc536cc46460758925bcb80107334d0cc8f14e164558a8e6f89977919e6"},{"name":"typed-let-within-match","sourceSha256":"77e9695e6b8f768dcf6617f028b5f038ae086d26ec5f73873cb19cb3e4f0389b","canonicalSha256":"929d28bb5d09235f30b177b991290926dbffa5a886a8a414594dd3613329a4d2","astSha256":"813fb0bc473ae45fe44d510994f59bfbaad775ab49b1bad917656cc2d4770b83"},{"name":"if-braced-branches","sourceSha256":"9432486c92ff5d92417535772eef099c8f79831ec95969b191e37e3f38edefb9","canonicalSha256":"9432486c92ff5d92417535772eef099c8f79831ec95969b191e37e3f38edefb9","astSha256":"eb1f41454b02d559ca1893f3c10eab4fd4cdfd0c7c2a197843eb8d80f0e229ea"},{"name":"constructor-unified-parameter-groups","sourceSha256":"6c0de53e9ed2e54e2cdb92a9fc2af24c9b8d12c0a2ad1d90749613047d1cbe94","canonicalSha256":"6c0de53e9ed2e54e2cdb92a9fc2af24c9b8d12c0a2ad1d90749613047d1cbe94","astSha256":"023b7640c06be7905f5c05dd3777be7a3688b45c566803b5da65d6cc8184964a"},{"name":"newline-structure-fields-and-comma-record","sourceSha256":"f365e37a53feda5013d8847795a6ac3cef6c50d7b51ada8776f56ab3fc617255","canonicalSha256":"84b2ea2ebc483d8a7ce9b42de07c912f7e69fe6e26e6bb73544107279173a409","astSha256":"2ec44c33001d10dc6771b1196b1efe135eeecce2e696006a9b16b88e4dcd0288"},{"name":"record-in-definition-wrapper","sourceSha256":"1e31354e511c474d5b13484d61c5b35b8c5988b9e4d9ab3bf556d57b639730cb","canonicalSha256":"1db3cfe2be2e1e59dcc002cb8676f21117abeedd8cf87a0a5a2c23b4e9ee853b","astSha256":"cc485dc4c9ba9331a5e522189e2ff664eced895381510e0a8fd121c9397628e6"},{"name":"empty-record-body","sourceSha256":"2d915f3e6496742778689beb1a7936db0dc3caa0b32fe19f149ca9bd785a460c","canonicalSha256":"674eed3f751282a56b6f408fa52b179669e15697998264cc1dcc4c03cee13088","astSha256":"704be5b86c5f52d50c525d77e057f62ae5c32d03524bd9c2187c280cf4e3f196"},{"name":"annotated-parameterless-const-alias","sourceSha256":"68c008144edf4b656a25f349c4f17c932f17b81c5dec37d9d40c1e687ecc19a3","canonicalSha256":"9356ae7071b023e7431e7c25a3767214ff91f505feb99ca247bf3a713214c46b","astSha256":"8aaf056dfa425cc36847543b64b09c7c1556889819202dd2302d9b7a4a8f8e2c"},{"name":"annotated-positive-arity-function-alias","sourceSha256":"4814b1da35d15c961851696d68b9c034568b7e65b1e451e820ad41f195aee31d","canonicalSha256":"1332ca9ef9118e449d01d37a30cda69fe86f95524170d4f2cab9e2a7ca2b5f69","astSha256":"2412e8c6a3268010d3634a91ef8700e919e13eeaac8c9a7f2a9899a98bce7f92"},{"name":"base-partial-and-typed-theorem","sourceSha256":"7b34f3d6e0c5fff27b8dc18f912c53471c0c29a76209ac12e9893ce07a1523da","canonicalSha256":"eb014365691755c2406f1f359f038851edaa77f350e12e1a29675731a5fb24a4","astSha256":"ad0e881aee7ee166a80b7f51d8654c220c64ad0beefc99f3fc31e90bce68e7ce"},{"name":"literal-round-trips","sourceSha256":"7856e6a689cf2e539601ec8923e079b46a85b1665b64575455cf054cae4f0e86","canonicalSha256":"d9bc634d1cb8d1aedfeb525974b3917191f09d72b7d6a06190f105c188918bbe","astSha256":"e642ee866f44f931764c473f4a34798f251286b0c24114f12fc05aee6daef8c4"},{"name":"nested-comment-native-gap","sourceSha256":"8a9bf86c4ee94b9914cd3fa70cff7e404d68706a0273c8390727bd9c5340380a","canonicalSha256":"bc8c78b1a1e515d22331cb55282b03c66352ec930f37b1d275c514566f9706bb","astSha256":"213bdc2688ad69b8c2eaab483b5124c4c06a782c173cfa24ae86575dd67292d2"},{"name":"indented-native-continuation","sourceSha256":"c779f14ee662874d38dee39ceda60943ec4c9eef2a234ee3fcdbc235c6f054ea","canonicalSha256":"bc8c78b1a1e515d22331cb55282b03c66352ec930f37b1d275c514566f9706bb","astSha256":"213bdc2688ad69b8c2eaab483b5124c4c06a782c173cfa24ae86575dd67292d2"}],"refusals":[{"name":"semicolon-after-import","diagnosticTags":["proofScriptFrontend","parse","expectedText"],"diagnosticSha256":"1c6b0620fde8bd6b51e3cd4bb24960815855ea14bc5944d270808abf03b34df1","sourceSha256":"10ccffe67e5211cacf3eaeb7244774cf92129e7108a373ab9f25fdc1638200ae"},{"name":"semicolon-after-definition","diagnosticTags":["proofScriptFrontend","parse","expectedText"],"diagnosticSha256":"1c6b0620fde8bd6b51e3cd4bb24960815855ea14bc5944d270808abf03b34df1","sourceSha256":"3aa05132f8464f41259554e4ebd9c56ec1dd757cfdbd6fda484461a7ae215312"},{"name":"semicolon-let-sequence","diagnosticTags":["proofScriptFrontend","parse","expectedText"],"diagnosticSha256":"fdbf20c4a33f89b35cb4a21abbbc4c81e7ab23179910bc7637200087c806818a","sourceSha256":"80a402672d2bc6c73c9b80bcb3824526c92351df40220436f8ee614b40446c3e"},{"name":"semicolon-structure-field","diagnosticTags":["proofScriptFrontend","parse","expectedText"],"diagnosticSha256":"2351efeafb5381633cf5dd6be967d7ab779b40bab69ba6ca84f5d1de6fd73c27","sourceSha256":"7a488ae8ffc4700920b71c1030284457d4a67a2e66fe4b6955974f6b9759ffb8"},{"name":"semicolon-constructor","diagnosticTags":["proofScriptFrontend","parse","expectedText"],"diagnosticSha256":"e970ae8658a8bc2cc1c8fe75cdf3a69641961659bc02e45f84918262ee9fb0c2","sourceSha256":"cf62f4a663de528f6f448d009bc73410de3555056e4f2585fdfb79dcfad5ae41"},{"name":"semicolon-match-alternative","diagnosticTags":["proofScriptFrontend","parse","expectedText"],"diagnosticSha256":"332ee9d339732ef88a821fef00b63e657f87ec9022248bbfccbfec4916dba695","sourceSha256":"9a3e437af527f3756b4996575ea2cdb2b4d3a7380bb754d2fb05a341fdb83037"},{"name":"same-line-commands","diagnosticTags":["proofScriptFrontend","parse","expectedText"],"diagnosticSha256":"ea8c2bd84c06e5f1ad98e625103bca83eab29e2c7eb5661676282cd1857c4587","sourceSha256":"8aafcab756f2a79b788d25ed15e15f63e99fae8cc76613111fe46b3532105d13"},{"name":"same-line-structure-fields","diagnosticTags":["proofScriptFrontend","parse","expectedText"],"diagnosticSha256":"b6052c12cd1a39feab85556b560f6a7646446ebb69db5d5ba0314eda6cc0e8ab","sourceSha256":"af2371f648c386ef783dbf8d53bc0de1b2a7d2b2bbd9e49f387569c3a3875967"},{"name":"comma-structure-fields","diagnosticTags":["proofScriptFrontend","parse","expectedText"],"diagnosticSha256":"fae6df4203d078506cc0d25b175ed7c8bd94067260f6e7bb6d9db2ce254ac8c2","sourceSha256":"d895dd725f421d0d31a23f3b2c6007e889c66cc924de01fae1f0d11b6c002534"},{"name":"newline-only-record-fields","diagnosticTags":["proofScriptFrontend","parse","expectedText"],"diagnosticSha256":"ce777226c53346ddd41b4afb297e582f24d8b80ee7583ca136c29ca79ea20e42","sourceSha256":"0b2ab9f7a4333c1a1156cfbc1fd4956afef43825a959f2e2231a882f7d803efb"},{"name":"repeated-declaration-groups","diagnosticTags":["proofScriptFrontend","parse","expectedText"],"diagnosticSha256":"0d10536991c67482e39c3dbe6bc5eac1cf41f091134bfa62dd3371e2f6143df9","sourceSha256":"0071cd2735b8eb03b3e944c78bf9dfbdfae1f320ff7e0c123709b8bac9feed7d"},{"name":"repeated-constructor-groups","diagnosticTags":["proofScriptFrontend","parse","expectedText"],"diagnosticSha256":"b30b61e78a4ed6b5fd299a753de6ed176bccf36c5d21c3f4b229466083e8e0aa","sourceSha256":"8d8e31f431b057ff8e6cc360da955dcf2483671f699ea839f00352027ad9687c"},{"name":"nonexplicit-binder-after-explicit-group","diagnosticTags":["proofScriptFrontend","parse","expectedText"],"diagnosticSha256":"9de1fab3ab76e859a444def976f0fb07683e63ace0c2852abfe38a580e921c2f","sourceSha256":"ed1aa9b93e732e108f095b0772b9a0fccb6886ab4b85dd19aa766c1349b432da"},{"name":"empty-def-parameter-group","diagnosticTags":["proofScriptFrontend","parse","expectedText"],"diagnosticSha256":"c00789155c4347812c966a8c167b4d3bf5f10da534de7d33619219e51d965938","sourceSha256":"94b4084a8ded9ff3bd7b4668593fe91ddeca361631387a1c72ec2e6bf7481553"},{"name":"empty-function-parameter-group","diagnosticTags":["proofScriptFrontend","parse","expectedText"],"diagnosticSha256":"1484f8b40e4f26700148d3da6019e00eca9bd4dc71641acaf3793bc2aaeb8af7","sourceSha256":"e52b4c9810059d9fac4b7e234f6d3488302006860ec2cdd1a6bda3f2b2048403"},{"name":"function-without-explicit-parameters","diagnosticTags":["proofScriptFrontend","parse","expectedText"],"diagnosticSha256":"8c768ad8cd50d630823716ae81d4e7f4319645363d8936379fac5b89b4e49f0a","sourceSha256":"46085c8854f12b0ce475d1d256aad2de4a4be4a8d91437a0daee958ff67b598f"},{"name":"const-with-parameters","diagnosticTags":["proofScriptFrontend","parse","expectedText"],"diagnosticSha256":"576cfe3bf660a418365ceb1414d729a054806028155217872eb86c187c2d3c84","sourceSha256":"f9ef6f78078e5840e46445d270f1679374a5a5b7564610d06bd180c5d4b07833"},{"name":"omitted-result-annotation","diagnosticTags":["proofScriptFrontend","parse","expectedText"],"diagnosticSha256":"e528c290360965627b024479dd9ace22402e992378ec445307b93654d383f221","sourceSha256":"eda43a39d1c19022d1df6622b4f0d912c1f729c7d95e680b8a04471509217c18"},{"name":"omitted-parameter-annotation","diagnosticTags":["proofScriptFrontend","parse","expectedText"],"diagnosticSha256":"6410e029ab8afa51569acdce6234747e915e0bff3651949dd4b7c600f8cdced0","sourceSha256":"145149e34d2c0aca6c4ff4922bc8cbf1aed5033a3da4f7a0fd56b275c1e727b9"},{"name":"default-parameter","diagnosticTags":["proofScriptFrontend","parse","expectedText"],"diagnosticSha256":"d75030b75f6da4e508bbf62e1e28407be553ad66134bc31e1fe9f976daa07eee","sourceSha256":"b7a4faa699c08ad19dbcd1598de27f3ed189110a316e65d2c75ef8e999561549"},{"name":"named-call-argument","diagnosticTags":["proofScriptFrontend","parse","expectedText"],"diagnosticSha256":"800375638a5ea65271501e1edc34118fcfe75619201c2c4ddc2bbde4d6971feb","sourceSha256":"1bd04fef17d16c91bf2c4455b785972f61dde6e48c947978827ad78e075635e8"},{"name":"untyped-lambda","diagnosticTags":["proofScriptFrontend","parse","expectedText"],"diagnosticSha256":"3c7c1369c8a8a395c95a6c4571433e7aff418ef78252c935d16958a5ec91955f","sourceSha256":"9693d88b01005aee0c31f86866cde6e4a65a5bda2cf72f217c406c2faff1d8cf"},{"name":"do-block-not-enabled","diagnosticTags":["proofScriptFrontend","parse","expectedText"],"diagnosticSha256":"a1ecbc38912ac243657212ab405448af3ca648177813dbdfda995fe0359cb815","sourceSha256":"a4f7f95151abe6a6b320cfcf4559e2ade72a637ea376d51e52287070dc6c6c06"},{"name":"tuple-not-enabled","diagnosticTags":["proofScriptFrontend","parse","expectedText"],"diagnosticSha256":"03270fd882238714bacec132e403c2dec2fc59595827e13fc22ee86a0e0e9eea","sourceSha256":"067951c834a0172babaa972d6c0f3ae098416876a29e4f5f4c02c6689031c106"},{"name":"spaced-parentheses-are-not-argument-group","diagnosticTags":["proofScriptFrontend","parse","expectedText"],"diagnosticSha256":"8901797fcebef5998760ef42a716c9cfe48ea1a2ea6f0b7b4708817dc27eb1b0","sourceSha256":"784a03237f62008899c2a2cad93e9005a990d0da18b6843204ebd884f8986a2f"},{"name":"comment-gap-is-not-call-adjacency","diagnosticTags":["proofScriptFrontend","parse","expectedText"],"diagnosticSha256":"3d61641e73ea8fc9515c134d37d1c22a01789a9822b6fb23e072984b55c94137","sourceSha256":"a919ff9af43dea67b5c0c827ba0851c8653af1eb00be6b25e1565f432b49ac1d"},{"name":"unindented-native-continuation","diagnosticTags":["proofScriptFrontend","parse","expectedText"],"diagnosticSha256":"4dfd7a6aa5455aba0d9202d089d24a4c0697f8c556b2f816c70056155308868e","sourceSha256":"2fcbf6da0fddcf9d97efc626977cc883496ec039711011fabb5a2c9e00d270b5"},{"name":"newline-in-comment-changes-layout","diagnosticTags":["proofScriptFrontend","parse","expectedText"],"diagnosticSha256":"1c4c2dc40edfecfdbcea12eb63fb7c8869ef9def54afcb90616e834679201d74","sourceSha256":"bd675dcf1b2be608efeb15b9039eb5aa6582ed72f7e8ce6774f17d804c12b2f0"},{"name":"qualified-declaration-name","diagnosticTags":["proofScriptFrontend","parse","expectedText"],"diagnosticSha256":"9b44addc28f5111b350aaef059b3f408ca65a942b7941ddd52b0ad371fe80991","sourceSha256":"9e5da97925d7ff59cecdab3311c2775b3ed81fd2e858b76cb0c3410a4e30846a"},{"name":"arbitrary-result-projection-not-enabled","diagnosticTags":["proofScriptFrontend","parse","expectedText"],"diagnosticSha256":"571719b179cf2551bdfda9714a7c0f1c089c2f1d846a9e78c0117db2bbfde4ed","sourceSha256":"7b6ef22f3b62d506eecc98544f25875dc59436c0662064de80105551aa21c688"},{"name":"where-block-not-enabled","diagnosticTags":["proofScriptFrontend","parse","expectedText"],"diagnosticSha256":"c2e765d35da0c90e9f7c62dcfb67ee2926a2a1da90a35ecc37e6aa8256c1c59a","sourceSha256":"ace0222fde83e958d0b66fddc28b59bc0bbed902f3def2f298b6fcf55a04777f"},{"name":"contract-not-enabled","diagnosticTags":["proofScriptFrontend","parse","expectedText"],"diagnosticSha256":"b591d0488ecf25f12fa93e53af283702d518933298659bb9a362b363d923dd74","sourceSha256":"ceb8872e7a9a834ad682c3f8ad5e9b98679ea8a7b3850b8721a32f5434f3fe61"},{"name":"axiom-not-enabled","diagnosticTags":["proofScriptFrontend","parse","expectedText"],"diagnosticSha256":"2f33a9964f7409a0de4c3e12e455b41bb3b096bbf241f61aa048a37efceb9d41","sourceSha256":"0cb3e60c59632cf1d360c07cc102c958163129b653989e9b13847ead184ca531"},{"name":"namespace-not-enabled","diagnosticTags":["proofScriptFrontend","parse","expectedText"],"diagnosticSha256":"a2c09f9e5e489c61675b26b19dff9d3eec2729dc68e1dd14618c22dc27f00efd","sourceSha256":"8a9e96b795dd49f3ec635ab6e2a0ef51ad22cadbf77a0c4f82250e50f1ef53b3"},{"name":"unconsumed-final-token","diagnosticTags":["proofScriptFrontend","parse","expectedText"],"diagnosticSha256":"cd2d31fae61904448b4b3ce1a93780089e2821e461db961e528d4ee50b4479e5","sourceSha256":"e4be9b177db8a1897b81015e837f8ea7b3ef30bba633fe810071cfbc42425733"}],"lexical":{"positions":[{"name":"ascii-lf","sourceSha256":"048bdb120482d9f665f5a6b805518c709dcce14c88123ef2e1d5d902315a3b71","first":{"byteOffset":"0","column":"1","line":"1"},"second":{"byteOffset":"23","column":"3","line":"2"},"end":{"byteOffset":"45","column":"1","line":"3"}},{"name":"leading-bom-crlf-utf8","sourceSha256":"e525f1731310e93188b5283afa0c194b90e971ad154f8148d186d76d7b210c40","first":{"byteOffset":"3","column":"1","line":"1"},"second":{"byteOffset":"33","column":"3","line":"2"},"end":{"byteOffset":"56","column":"1","line":"3"}}],"commentAndLiteralWhitespace":{"sourceSha256":"2eaea3da81513febd16ee8cc59fc90d129b4dccdf7d440f293c17d883c7eae07","result":"accepted"},"refusals":[{"name":"tab-outside-comment-or-literal","diagnosticTags":["invalidSource"],"diagnosticSha256":"e007f756f0a0b258b72804bd411b5899ea40cb27908d01a08a09dc05ce6d645a","sourceSha256":"403125a12162531b462f3d598dc67b8bf3594cf50129e078c7a1cd8473e93976","start":{"byteOffset":"3","column":"4","line":"1"}},{"name":"lone-cr-outside-comment-or-literal","diagnosticTags":["invalidSource"],"diagnosticSha256":"91deac8839328d327f727357f1f17707875ee0439c7b34bf8405a396f10f47fa","sourceSha256":"4ab7d0d986cd2f3f78d017fdf0e9ce14dc43bc24b29685ddbb41f53ed55cc828","start":{"byteOffset":"20","column":"21","line":"1"}},{"name":"lone-cr-at-end","diagnosticTags":["invalidSource"],"diagnosticSha256":"91deac8839328d327f727357f1f17707875ee0439c7b34bf8405a396f10f47fa","sourceSha256":"b2f0dde623cb52d31d8e9fbd57e94993aa3350dc361cb84a514c31b2b537e469","start":{"byteOffset":"20","column":"21","line":"1"}},{"name":"repeated-bom","diagnosticTags":["invalidSource"],"diagnosticSha256":"108f5f284aad112b993786ba58877e21e3f58c9706832d0b220033d79429bfc7","sourceSha256":"c45cf6ed17dc22367a525aa7b9dfb64123dfffed057a0dd929e643e3c66f4097","start":{"byteOffset":"3","column":"1","line":"1"}},{"name":"nonleading-bom","diagnosticTags":["invalidSource"],"diagnosticSha256":"c77e868075cbd6aa2ba0df53e7ac4b9f30d3b758610203ad55029998fe91e3dd","sourceSha256":"9c044b305024b33973eac12fa958d0bd7f2b714f045c7a9d1a7b45d950713ab1","start":{"byteOffset":"1","column":"2","line":"1"}}],"rawUtf8ByteValidation":"host input boundary; not exercised by the String API"},"emptyCallMeaning":{"explicitUnit":{"sourceSha256":"3deb421ef5bf5ee74f5567b076ccf735725ef2540dc5b66ff2e721cd9b99ccef","preparation":"accepted"},"automaticOrDefaultCompletion":"explicitly refused","refusals":[{"name":"empty-call-completion-not-enabled","diagnosticTags":["elaboration","emptyCallUnsupported"],"diagnosticSha256":"a2c5d8b2ab5c27f595f7cc88981a0562dc01c45b6b830ae04b1698f3d39bdada","sourceSha256":"7c35bf45cb80a30ba544bfb76cbcc5ca20628fc49d8698159fb66e6d6a087894"},{"name":"empty-call-preserved-under-native-application","diagnosticTags":["elaboration","emptyCallUnsupported"],"diagnosticSha256":"a2c5d8b2ab5c27f595f7cc88981a0562dc01c45b6b830ae04b1698f3d39bdada","sourceSha256":"13c6e1a44ede9f097246b5390b62f9235142166dbfe681ea94fdf651ef734dd8"},{"name":"grouped-empty-call-preserved-under-native-application","diagnosticTags":["elaboration","emptyCallUnsupported"],"diagnosticSha256":"a2c5d8b2ab5c27f595f7cc88981a0562dc01c45b6b830ae04b1698f3d39bdada","sourceSha256":"7bcc7476f908e6c70423ec8faf0dc789a5ed591dbfa7eeb0f88000635d87bed2"}]},"printerRefusal":{"name":"printer-refuses-binder-reordering","diagnosticTags":["translation","print","unsupportedSourceForm"],"diagnosticSha256":"245a77bdc941221718501cdc1507cc89eefc331f152e3fddcd275112bc932b32","sourceSha256":"18a152688b0077f322860309153dda8762b738423e3a6e5db0a480e64141428a"},"scope":{"finiteCorpus":true,"smallGrammarCasesUseProofScriptRoundTrips":true,"fullClosureRoundTrip":"separate optional N1 gate","fullStandardConformance":false,"fullPscvConformance":false,"kernelChecked":false}},"workerMigration":{"schemaVersion":1,"evidence":"finite-migration-worker-generated-export-conformance","cases":87,"families":[{"family":"F1","workerCases":44,"wrapperCases":7,"observations":[{"name":"local-zero-fresh","result":"x$0"},{"name":"local-zero-colliding","result":"x$7"},{"name":"local-first-free","result":"x$7"},{"name":"local-exhaustion-can-collide","result":"x$8"},{"name":"local-global-collision-chain","result":"x$9"},{"name":"local-global-only-collision","result":"x$5"},{"name":"local-duplicates-consume-one-candidate","result":"x$6"},{"name":"local-future-collision-does-not-skip-free","result":"x$7"},{"name":"local-arbitrary-base","result":"é_$3"},{"name":"local-large-nat-index","result":"x$9007199254740993"},{"name":"eta-zero","result":["error","fuelExhausted"]},{"name":"eta-first-free","result":["ok","__ps_eta_4"]},{"name":"eta-used-exhausts","result":["error","fuelExhausted"]},{"name":"eta-used-collision","result":["ok","__ps_eta_5"]},{"name":"eta-body-collision","result":["ok","__ps_eta_5"]},{"name":"eta-used-and-body-chain","result":["ok","__ps_eta_6"]},{"name":"eta-lambda-binder-counts","result":["ok","__ps_eta_5"]},{"name":"eta-let-binder-counts","result":["ok","__ps_eta_5"]},{"name":"eta-record-label-does-not-count","result":["ok","__ps_eta_4"]},{"name":"eta-last-inspected-depth","result":["ok","__ps_eta_4"]},{"name":"eta-conservative-depth-exhaustion","result":["error","fuelExhausted"]},{"name":"eta-zero-with-deep-body","result":["error","fuelExhausted"]},{"name":"eta-large-nat-index","result":["ok","__ps_eta_9007199254740993"]},{"name":"match-zero","result":"__ps$match$overflow"},{"name":"match-zero-colliding-overflow","result":"__ps$match$overflow"},{"name":"match-first-free","result":"__ps$match$7"},{"name":"match-collision-exhausts","result":"__ps$match$overflow"},{"name":"match-collision-chain","result":"__ps$match$9"},{"name":"match-lambda-binder-counts","result":"__ps$match$8"},{"name":"match-record-label-does-not-count","result":"__ps$match$7"},{"name":"match-last-inspected-depth","result":"__ps$match$7"},{"name":"match-conservative-depth-exhaustion","result":"__ps$match$overflow"},{"name":"match-large-nat-index","result":"__ps$match$9007199254740993"},{"name":"internal-zero","result":["poverflow","8"]},{"name":"internal-zero-colliding-overflow","result":["poverflow","8"]},{"name":"internal-first-free","result":["p7","8"]},{"name":"internal-one-collision-exhausts","result":["poverflow","9"]},{"name":"internal-all-collisions-exhaust","result":["poverflow","11"]},{"name":"internal-first-free-after-chain","result":["p9","10"]},{"name":"internal-duplicate-used-names","result":["p8","9"]},{"name":"internal-future-collision-does-not-skip-free","result":["p7","8"]},{"name":"internal-empty-prefix","result":["2","3"]},{"name":"internal-arbitrary-prefix","result":["é_$8","9"]},{"name":"internal-large-nat-index","result":["p9007199254740993","9007199254740994"]},{"name":"wrapper-reserved-arguments","result":"_arguments"},{"name":"wrapper-reserved-eval-collision","result":"_eval$3"},{"name":"wrapper-underscore-fallback","result":"tmp$12"},{"name":"wrapper-sanitized-global-collision","result":"x_y$3"},{"name":"wrapper-match-argument-order","result":"__ps$match$8"},{"name":"wrapper-internal-argument-order","result":["p9","10"]},{"name":"wrapper-eta-parameter-order","result":["__ps_eta_1","__ps_eta_2"]}],"observationSha256":"637829f32a117a029b9f95bb7e19313239ca3ea42977f62961102534c785aa2b"},{"family":"F2","cases":36,"observations":[{"name":"preparation-empty-state","result":{"sourceKind":"lean","declarationsRev":[{"tag":"definitionDecl","levelParams":[],"name":{"tag":"str","parent":{"tag":"anonymous"},"value":"f2Prefix"},"type":{"tag":"constE","levels":[],"name":{"tag":"str","parent":{"tag":"anonymous"},"value":"Nat"}},"value":{"tag":"lit","value":{"tag":"natural","value":"11"}}}],"environment":{"declarationCount":82,"addedNewestFirst":["f2Prefix"],"declarations":[{"tag":"definitionDecl","levelParams":[],"name":{"tag":"str","parent":{"tag":"anonymous"},"value":"f2Prefix"},"type":{"tag":"constE","levels":[],"name":{"tag":"str","parent":{"tag":"anonymous"},"value":"Nat"}},"value":{"tag":"lit","value":{"tag":"natural","value":"11"}}}]}}},{"name":"preparation-ordered-dependencies","result":{"sourceKind":"lean","declarationsRev":[{"tag":"definitionDecl","levelParams":[],"name":{"tag":"str","parent":{"tag":"anonymous"},"value":"f2Last"},"type":{"tag":"constE","levels":[],"name":{"tag":"str","parent":{"tag":"anonymous"},"value":"Nat"}},"value":{"tag":"constE","levels":[],"name":{"tag":"str","parent":{"tag":"anonymous"},"value":"f2Next"}}},{"tag":"definitionDecl","levelParams":[],"name":{"tag":"str","parent":{"tag":"anonymous"},"value":"f2Next"},"type":{"tag":"constE","levels":[],"name":{"tag":"str","parent":{"tag":"anonymous"},"value":"Nat"}},"value":{"tag":"constE","levels":[],"name":{"tag":"str","parent":{"tag":"anonymous"},"value":"f2Base"}}},{"tag":"definitionDecl","levelParams":[],"name":{"tag":"str","parent":{"tag":"anonymous"},"value":"f2Base"},"type":{"tag":"constE","levels":[],"name":{"tag":"str","parent":{"tag":"anonymous"},"value":"Nat"}},"value":{"tag":"lit","value":{"tag":"natural","value":"17"}}},{"tag":"definitionDecl","levelParams":[],"name":{"tag":"str","parent":{"tag":"anonymous"},"value":"f2Prefix"},"type":{"tag":"constE","levels":[],"name":{"tag":"str","parent":{"tag":"anonymous"},"value":"Nat"}},"value":{"tag":"lit","value":{"tag":"natural","value":"11"}}}],"environment":{"declarationCount":85,"addedNewestFirst":["f2Last","f2Next","f2Base","f2Prefix"],"declarations":[{"tag":"definitionDecl","levelParams":[],"name":{"tag":"str","parent":{"tag":"anonymous"},"value":"f2Last"},"type":{"tag":"constE","levels":[],"name":{"tag":"str","parent":{"tag":"anonymous"},"value":"Nat"}},"value":{"tag":"constE","levels":[],"name":{"tag":"str","parent":{"tag":"anonymous"},"value":"f2Next"}}},{"tag":"definitionDecl","levelParams":[],"name":{"tag":"str","parent":{"tag":"anonymous"},"value":"f2Next"},"type":{"tag":"constE","levels":[],"name":{"tag":"str","parent":{"tag":"anonymous"},"value":"Nat"}},"value":{"tag":"constE","levels":[],"name":{"tag":"str","parent":{"tag":"anonymous"},"value":"f2Base"}}},{"tag":"definitionDecl","levelParams":[],"name":{"tag":"str","parent":{"tag":"anonymous"},"value":"f2Base"},"type":{"tag":"constE","levels":[],"name":{"tag":"str","parent":{"tag":"anonymous"},"value":"Nat"}},"value":{"tag":"lit","value":{"tag":"natural","value":"17"}}},{"tag":"definitionDecl","levelParams":[],"name":{"tag":"str","parent":{"tag":"anonymous"},"value":"f2Prefix"},"type":{"tag":"constE","levels":[],"name":{"tag":"str","parent":{"tag":"anonymous"},"value":"Nat"}},"value":{"tag":"lit","value":{"tag":"natural","value":"11"}}}]}}},{"name":"preparation-first-parse-error","result":{"tag":"leanFrontend","error":{"tag":"parse","error":{"tag":"expectedText","actual":"","expected":"term","span":{"start":{"byteOffset":"22","column":"1","line":"2"},"stop":{"byteOffset":"22","column":"1","line":"2"}}}}}},{"name":"preparation-middle-elaboration-error","result":{"tag":"elaboration","error":{"tag":"unknownName","name":{"tag":"str","parent":{"tag":"anonymous"},"value":"f2MissingSecond"}}}},{"name":"preparation-parsed-step-correspondence","result":{"sourceKind":"lean","declarationsRev":[{"tag":"definitionDecl","levelParams":[],"name":{"tag":"str","parent":{"tag":"anonymous"},"value":"f2Last"},"type":{"tag":"constE","levels":[],"name":{"tag":"str","parent":{"tag":"anonymous"},"value":"Nat"}},"value":{"tag":"constE","levels":[],"name":{"tag":"str","parent":{"tag":"anonymous"},"value":"f2Next"}}},{"tag":"definitionDecl","levelParams":[],"name":{"tag":"str","parent":{"tag":"anonymous"},"value":"f2Next"},"type":{"tag":"constE","levels":[],"name":{"tag":"str","parent":{"tag":"anonymous"},"value":"Nat"}},"value":{"tag":"constE","levels":[],"name":{"tag":"str","parent":{"tag":"anonymous"},"value":"f2Base"}}},{"tag":"definitionDecl","levelParams":[],"name":{"tag":"str","parent":{"tag":"anonymous"},"value":"f2Base"},"type":{"tag":"constE","levels":[],"name":{"tag":"str","parent":{"tag":"anonymous"},"value":"Nat"}},"value":{"tag":"lit","value":{"tag":"natural","value":"17"}}},{"tag":"definitionDecl","levelParams":[],"name":{"tag":"str","parent":{"tag":"anonymous"},"value":"f2Prefix"},"type":{"tag":"constE","levels":[],"name":{"tag":"str","parent":{"tag":"anonymous"},"value":"Nat"}},"value":{"tag":"lit","value":{"tag":"natural","value":"11"}}}],"environment":{"declarationCount":85,"addedNewestFirst":["f2Last","f2Next","f2Base","f2Prefix"],"declarations":[{"tag":"definitionDecl","levelParams":[],"name":{"tag":"str","parent":{"tag":"anonymous"},"value":"f2Last"},"type":{"tag":"constE","levels":[],"name":{"tag":"str","parent":{"tag":"anonymous"},"value":"Nat"}},"value":{"tag":"constE","levels":[],"name":{"tag":"str","parent":{"tag":"anonymous"},"value":"f2Next"}}},{"tag":"definitionDecl","levelParams":[],"name":{"tag":"str","parent":{"tag":"anonymous"},"value":"f2Next"},"type":{"tag":"constE","levels":[],"name":{"tag":"str","parent":{"tag":"anonymous"},"value":"Nat"}},"value":{"tag":"constE","levels":[],"name":{"tag":"str","parent":{"tag":"anonymous"},"value":"f2Base"}}},{"tag":"definitionDecl","levelParams":[],"name":{"tag":"str","parent":{"tag":"anonymous"},"value":"f2Base"},"type":{"tag":"constE","levels":[],"name":{"tag":"str","parent":{"tag":"anonymous"},"value":"Nat"}},"value":{"tag":"lit","value":{"tag":"natural","value":"17"}}},{"tag":"definitionDecl","levelParams":[],"name":{"tag":"str","parent":{"tag":"anonymous"},"value":"f2Prefix"},"type":{"tag":"constE","levels":[],"name":{"tag":"str","parent":{"tag":"anonymous"},"value":"Nat"}},"value":{"tag":"lit","value":{"tag":"natural","value":"11"}}}]}}},{"name":"add-empty-environment","result":{"declarationCount":82,"addedNewestFirst":["f2Prefix"],"declarations":[{"tag":"definitionDecl","levelParams":[],"name":{"tag":"str","parent":{"tag":"anonymous"},"value":"f2Prefix"},"type":{"tag":"constE","levels":[],"name":{"tag":"str","parent":{"tag":"anonymous"},"value":"Nat"}},"value":{"tag":"lit","value":{"tag":"natural","value":"11"}}}]}},{"name":"add-ordered-declarations","result":{"declarationCount":84,"addedNewestFirst":["f2Second","f2First","f2Prefix"],"declarations":[{"tag":"definitionDecl","levelParams":[],"name":{"tag":"str","parent":{"tag":"anonymous"},"value":"f2Second"},"type":{"tag":"constE","levels":[],"name":{"tag":"str","parent":{"tag":"anonymous"},"value":"Nat"}},"value":{"tag":"lit","value":{"tag":"natural","value":"23"}}},{"tag":"definitionDecl","levelParams":[],"name":{"tag":"str","parent":{"tag":"anonymous"},"value":"f2First"},"type":{"tag":"constE","levels":[],"name":{"tag":"str","parent":{"tag":"anonymous"},"value":"Nat"}},"value":{"tag":"lit","value":{"tag":"natural","value":"17"}}},{"tag":"definitionDecl","levelParams":[],"name":{"tag":"str","parent":{"tag":"anonymous"},"value":"f2Prefix"},"type":{"tag":"constE","levels":[],"name":{"tag":"str","parent":{"tag":"anonymous"},"value":"Nat"}},"value":{"tag":"lit","value":{"tag":"natural","value":"11"}}}]}},{"name":"add-duplicate-initial","result":{"tag":"duplicateDeclaration","name":{"tag":"str","parent":{"tag":"anonymous"},"value":"f2Prefix"}}},{"name":"add-duplicate-earlier-input","result":{"tag":"duplicateDeclaration","name":{"tag":"str","parent":{"tag":"anonymous"},"value":"f2First"}}},{"name":"add-owned-bootstrap-replacement","result":[{"name":"Prod","environment":{"declarationCount":1,"addedNewestFirst":["Prod"],"declarations":[{"tag":"definitionDecl","levelParams":[],"name":{"tag":"str","parent":{"tag":"anonymous"},"value":"Prod"},"type":{"tag":"constE","levels":[],"name":{"tag":"str","parent":{"tag":"anonymous"},"value":"Nat"}},"value":{"tag":"lit","value":{"tag":"natural","value":"7"}}}]},"rejection":{"tag":"duplicateDeclaration","name":{"tag":"str","parent":{"tag":"anonymous"},"value":"Prod"}}},{"name":"List","environment":{"declarationCount":1,"addedNewestFirst":["List"],"declarations":[{"tag":"definitionDecl","levelParams":[],"name":{"tag":"str","parent":{"tag":"anonymous"},"value":"List"},"type":{"tag":"constE","levels":[],"name":{"tag":"str","parent":{"tag":"anonymous"},"value":"Nat"}},"value":{"tag":"lit","value":{"tag":"natural","value":"7"}}}]},"rejection":{"tag":"duplicateDeclaration","name":{"tag":"str","parent":{"tag":"anonymous"},"value":"List"}}},{"name":"Option","environment":{"declarationCount":1,"addedNewestFirst":["Option"],"declarations":[{"tag":"definitionDecl","levelParams":[],"name":{"tag":"str","parent":{"tag":"anonymous"},"value":"Option"},"type":{"tag":"constE","levels":[],"name":{"tag":"str","parent":{"tag":"anonymous"},"value":"Nat"}},"value":{"tag":"lit","value":{"tag":"natural","value":"7"}}}]},"rejection":{"tag":"duplicateDeclaration","name":{"tag":"str","parent":{"tag":"anonymous"},"value":"Option"}}}]},{"name":"elab-empty-reverse-accumulator","result":{"declarations":[{"tag":"definitionDecl","levelParams":[],"name":{"tag":"str","parent":{"tag":"anonymous"},"value":"f2Prefix"},"type":{"tag":"constE","levels":[],"name":{"tag":"str","parent":{"tag":"anonymous"},"value":"Nat"}},"value":{"tag":"lit","value":{"tag":"natural","value":"11"}}},{"tag":"definitionDecl","levelParams":[],"name":{"tag":"str","parent":{"tag":"anonymous"},"value":"f2First"},"type":{"tag":"constE","levels":[],"name":{"tag":"str","parent":{"tag":"anonymous"},"value":"Nat"}},"value":{"tag":"lit","value":{"tag":"natural","value":"17"}}},{"tag":"definitionDecl","levelParams":[],"name":{"tag":"str","parent":{"tag":"anonymous"},"value":"f2Second"},"type":{"tag":"constE","levels":[],"name":{"tag":"str","parent":{"tag":"anonymous"},"value":"Nat"}},"value":{"tag":"lit","value":{"tag":"natural","value":"23"}}}],"environment":{"declarationCount":84,"addedNewestFirst":["f2Second","f2First","f2Prefix"],"declarations":[{"tag":"definitionDecl","levelParams":[],"name":{"tag":"str","parent":{"tag":"anonymous"},"value":"f2Second"},"type":{"tag":"constE","levels":[],"name":{"tag":"str","parent":{"tag":"anonymous"},"value":"Nat"}},"value":{"tag":"lit","value":{"tag":"natural","value":"23"}}},{"tag":"definitionDecl","levelParams":[],"name":{"tag":"str","parent":{"tag":"anonymous"},"value":"f2First"},"type":{"tag":"constE","levels":[],"name":{"tag":"str","parent":{"tag":"anonymous"},"value":"Nat"}},"value":{"tag":"lit","value":{"tag":"natural","value":"17"}}},{"tag":"definitionDecl","levelParams":[],"name":{"tag":"str","parent":{"tag":"anonymous"},"value":"f2Prefix"},"type":{"tag":"constE","levels":[],"name":{"tag":"str","parent":{"tag":"anonymous"},"value":"Nat"}},"value":{"tag":"lit","value":{"tag":"natural","value":"11"}}}]}}},{"name":"elab-ordered-batches","result":{"declarations":[{"tag":"definitionDecl","levelParams":[],"name":{"tag":"str","parent":{"tag":"anonymous"},"value":"f2Prefix"},"type":{"tag":"constE","levels":[],"name":{"tag":"str","parent":{"tag":"anonymous"},"value":"Nat"}},"value":{"tag":"lit","value":{"tag":"natural","value":"11"}}},{"tag":"inductiveDecl","info":{"constructors":[{"tag":"str","parent":{"tag":"str","parent":{"tag":"anonymous"},"value":"F2Cell"},"value":"mk"}],"isStructure":true,"levelParams":[],"name":{"tag":"str","parent":{"tag":"anonymous"},"value":"F2Cell"},"numIndices":"0","numParams":"0","type":{"tag":"sortE","level":{"tag":"succ","of":{"tag":"zero"}}}}},{"tag":"constructorDecl","info":{"constructorIndex":"0","inductiveName":{"tag":"str","parent":{"tag":"anonymous"},"value":"F2Cell"},"levelParams":[],"name":{"tag":"str","parent":{"tag":"str","parent":{"tag":"anonymous"},"value":"F2Cell"},"value":"mk"},"numFields":"1","numParams":"0","recursiveFields":[],"type":{"tag":"forallE","binder":{"tag":"explicit"},"body":{"tag":"constE","levels":[],"name":{"tag":"str","parent":{"tag":"anonymous"},"value":"F2Cell"}},"name":{"tag":"str","parent":{"tag":"anonymous"},"value":"value"},"type":{"tag":"constE","levels":[],"name":{"tag":"str","parent":{"tag":"anonymous"},"value":"Nat"}}}}},{"tag":"recursorDecl","info":{"inductiveNames":[{"tag":"str","parent":{"tag":"anonymous"},"value":"F2Cell"}],"levelParams":[{"tag":"str","parent":{"tag":"anonymous"},"value":"u"}],"name":{"tag":"str","parent":{"tag":"str","parent":{"tag":"anonymous"},"value":"F2Cell"},"value":"rec"},"numIndices":"0","numMinors":"1","numMotives":"1","numParams":"0","type":{"tag":"forallE","binder":{"tag":"explicit"},"body":{"tag":"forallE","binder":{"tag":"explicit"},"body":{"tag":"forallE","binder":{"tag":"explicit"},"body":{"tag":"app","arg":{"tag":"bvar","index":"0"},"fn":{"tag":"bvar","index":"2"}},"name":{"tag":"str","parent":{"tag":"anonymous"},"value":"_major"},"type":{"tag":"constE","levels":[],"name":{"tag":"str","parent":{"tag":"anonymous"},"value":"F2Cell"}}},"name":{"tag":"num","parent":{"tag":"str","parent":{"tag":"anonymous"},"value":"_minor"},"value":"0"},"type":{"tag":"forallE","binder":{"tag":"explicit"},"body":{"tag":"app","arg":{"tag":"app","arg":{"tag":"bvar","index":"0"},"fn":{"tag":"constE","levels":[],"name":{"tag":"str","parent":{"tag":"str","parent":{"tag":"anonymous"},"value":"F2Cell"},"value":"mk"}}},"fn":{"tag":"bvar","index":"1"}},"name":{"tag":"str","parent":{"tag":"anonymous"},"value":"value"},"type":{"tag":"constE","levels":[],"name":{"tag":"str","parent":{"tag":"anonymous"},"value":"Nat"}}}},"name":{"tag":"str","parent":{"tag":"anonymous"},"value":"_motive"},"type":{"tag":"forallE","binder":{"tag":"explicit"},"body":{"tag":"sortE","level":{"tag":"param","name":{"tag":"str","parent":{"tag":"anonymous"},"value":"u"}}},"name":{"tag":"str","parent":{"tag":"anonymous"},"value":"_major"},"type":{"tag":"constE","levels":[],"name":{"tag":"str","parent":{"tag":"anonymous"},"value":"F2Cell"}}}}}},{"tag":"definitionDecl","levelParams":[],"name":{"tag":"str","parent":{"tag":"anonymous"},"value":"f2Cell"},"type":{"tag":"constE","levels":[],"name":{"tag":"str","parent":{"tag":"anonymous"},"value":"F2Cell"}},"value":{"tag":"app","arg":{"tag":"lit","value":{"tag":"natural","value":"31"}},"fn":{"tag":"constE","levels":[],"name":{"tag":"str","parent":{"tag":"str","parent":{"tag":"anonymous"},"value":"F2Cell"},"value":"mk"}}}},{"tag":"definitionDecl","levelParams":[],"name":{"tag":"str","parent":{"tag":"anonymous"},"value":"f2Read"},"type":{"tag":"constE","levels":[],"name":{"tag":"str","parent":{"tag":"anonymous"},"value":"Nat"}},"value":{"tag":"proj","index":"0","typeName":{"tag":"str","parent":{"tag":"anonymous"},"value":"F2Cell"},"value":{"tag":"constE","levels":[],"name":{"tag":"str","parent":{"tag":"anonymous"},"value":"f2Cell"}}}}],"environment":{"declarationCount":87,"addedNewestFirst":["f2Read","f2Cell","F2Cell.rec","F2Cell.mk","F2Cell","f2Prefix"],"declarations":[{"tag":"definitionDecl","levelParams":[],"name":{"tag":"str","parent":{"tag":"anonymous"},"value":"f2Read"},"type":{"tag":"constE","levels":[],"name":{"tag":"str","parent":{"tag":"anonymous"},"value":"Nat"}},"value":{"tag":"proj","index":"0","typeName":{"tag":"str","parent":{"tag":"anonymous"},"value":"F2Cell"},"value":{"tag":"constE","levels":[],"name":{"tag":"str","parent":{"tag":"anonymous"},"value":"f2Cell"}}}},{"tag":"definitionDecl","levelParams":[],"name":{"tag":"str","parent":{"tag":"anonymous"},"value":"f2Cell"},"type":{"tag":"constE","levels":[],"name":{"tag":"str","parent":{"tag":"anonymous"},"value":"F2Cell"}},"value":{"tag":"app","arg":{"tag":"lit","value":{"tag":"natural","value":"31"}},"fn":{"tag":"constE","levels":[],"name":{"tag":"str","parent":{"tag":"str","parent":{"tag":"anonymous"},"value":"F2Cell"},"value":"mk"}}}},{"tag":"recursorDecl","info":{"inductiveNames":[{"tag":"str","parent":{"tag":"anonymous"},"value":"F2Cell"}],"levelParams":[{"tag":"str","parent":{"tag":"anonymous"},"value":"u"}],"name":{"tag":"str","parent":{"tag":"str","parent":{"tag":"anonymous"},"value":"F2Cell"},"value":"rec"},"numIndices":"0","numMinors":"1","numMotives":"1","numParams":"0","type":{"tag":"forallE","binder":{"tag":"explicit"},"body":{"tag":"forallE","binder":{"tag":"explicit"},"body":{"tag":"forallE","binder":{"tag":"explicit"},"body":{"tag":"app","arg":{"tag":"bvar","index":"0"},"fn":{"tag":"bvar","index":"2"}},"name":{"tag":"str","parent":{"tag":"anonymous"},"value":"_major"},"type":{"tag":"constE","levels":[],"name":{"tag":"str","parent":{"tag":"anonymous"},"value":"F2Cell"}}},"name":{"tag":"num","parent":{"tag":"str","parent":{"tag":"anonymous"},"value":"_minor"},"value":"0"},"type":{"tag":"forallE","binder":{"tag":"explicit"},"body":{"tag":"app","arg":{"tag":"app","arg":{"tag":"bvar","index":"0"},"fn":{"tag":"constE","levels":[],"name":{"tag":"str","parent":{"tag":"str","parent":{"tag":"anonymous"},"value":"F2Cell"},"value":"mk"}}},"fn":{"tag":"bvar","index":"1"}},"name":{"tag":"str","parent":{"tag":"anonymous"},"value":"value"},"type":{"tag":"constE","levels":[],"name":{"tag":"str","parent":{"tag":"anonymous"},"value":"Nat"}}}},"name":{"tag":"str","parent":{"tag":"anonymous"},"value":"_motive"},"type":{"tag":"forallE","binder":{"tag":"explicit"},"body":{"tag":"sortE","level":{"tag":"param","name":{"tag":"str","parent":{"tag":"anonymous"},"value":"u"}}},"name":{"tag":"str","parent":{"tag":"anonymous"},"value":"_major"},"type":{"tag":"constE","levels":[],"name":{"tag":"str","parent":{"tag":"anonymous"},"value":"F2Cell"}}}}}},{"tag":"constructorDecl","info":{"constructorIndex":"0","inductiveName":{"tag":"str","parent":{"tag":"anonymous"},"value":"F2Cell"},"levelParams":[],"name":{"tag":"str","parent":{"tag":"str","parent":{"tag":"anonymous"},"value":"F2Cell"},"value":"mk"},"numFields":"1","numParams":"0","recursiveFields":[],"type":{"tag":"forallE","binder":{"tag":"explicit"},"body":{"tag":"constE","levels":[],"name":{"tag":"str","parent":{"tag":"anonymous"},"value":"F2Cell"}},"name":{"tag":"str","parent":{"tag":"anonymous"},"value":"value"},"type":{"tag":"constE","levels":[],"name":{"tag":"str","parent":{"tag":"anonymous"},"value":"Nat"}}}}},{"tag":"inductiveDecl","info":{"constructors":[{"tag":"str","parent":{"tag":"str","parent":{"tag":"anonymous"},"value":"F2Cell"},"value":"mk"}],"isStructure":true,"levelParams":[],"name":{"tag":"str","parent":{"tag":"anonymous"},"value":"F2Cell"},"numIndices":"0","numParams":"0","type":{"tag":"sortE","level":{"tag":"succ","of":{"tag":"zero"}}}}},{"tag":"definitionDecl","levelParams":[],"name":{"tag":"str","parent":{"tag":"anonymous"},"value":"f2Prefix"},"type":{"tag":"constE","levels":[],"name":{"tag":"str","parent":{"tag":"anonymous"},"value":"Nat"}},"value":{"tag":"lit","value":{"tag":"natural","value":"11"}}}]}}},{"name":"elab-first-failure","result":{"tag":"unknownName","name":{"tag":"str","parent":{"tag":"anonymous"},"value":"f2MissingFirst"}}},{"name":"elab-duplicate-before-tail-failure","result":{"tag":"duplicateDeclaration","name":{"tag":"str","parent":{"tag":"anonymous"},"value":"f2Prefix"}}},{"name":"names-empty-state","result":{"used":["usedBefore"],"entriesRev":[["before","before_output"]]}},{"name":"names-kind-whitelist","result":{"used":["F2ChoiceA","f2Theorem","f2Partial","f2First","usedBefore"],"entriesRev":[["F2ChoiceA","F2ChoiceA"],["f2Theorem","f2Theorem"],["f2Partial","f2Partial"],["f2First","f2First"],["before","before_output"]]}},{"name":"names-sanitizing-collisions","result":{"used":["a_b____","a_b___","a_b__","a_b","a_b_"],"entriesRev":[["a.b","a_b____"],["a_b","a_b___"],["a.b","a_b__"],["before","before_output"]]}},{"name":"names-prefix-and-fallback","result":{"used":["decl","_1name"],"entriesRev":[["","decl"],["1name","_1name"]]}},{"name":"erase-empty-reverse-accumulator","result":[{"body":{"tag":"literal","value":{"tag":"natural","value":"5"}},"name":"keptA","parameters":[],"resultType":{"tag":"primitive","name":{"tag":"nat"}},"typeParameters":[]},{"body":{"tag":"literal","value":{"tag":"natural","value":"6"}},"name":"keptB","parameters":[],"resultType":{"tag":"primitive","name":{"tag":"nat"}},"typeParameters":[]}]},{"name":"erase-definition-and-partial","result":[{"body":{"tag":"literal","value":{"tag":"natural","value":"5"}},"name":"keptA","parameters":[],"resultType":{"tag":"primitive","name":{"tag":"nat"}},"typeParameters":[]},{"body":{"tag":"literal","value":{"tag":"natural","value":"17"}},"name":"runtime_first","parameters":[],"resultType":{"tag":"primitive","name":{"tag":"nat"}},"typeParameters":[]},{"body":{"tag":"literal","value":{"tag":"natural","value":"29"}},"name":"runtime_partial","parameters":[],"resultType":{"tag":"primitive","name":{"tag":"nat"}},"typeParameters":[]}]},{"name":"erase-proof-omission","result":[{"body":{"tag":"literal","value":{"tag":"natural","value":"17"}},"name":"runtime_first","parameters":[],"resultType":{"tag":"primitive","name":{"tag":"nat"}},"typeParameters":[]},{"body":{"tag":"literal","value":{"tag":"natural","value":"23"}},"name":"f2Second","parameters":[],"resultType":{"tag":"primitive","name":{"tag":"nat"}},"typeParameters":[]}]},{"name":"erase-skipped-variants","result":[{"body":{"tag":"literal","value":{"tag":"natural","value":"17"}},"name":"runtime_first","parameters":[],"resultType":{"tag":"primitive","name":{"tag":"nat"}},"typeParameters":[]}]},{"name":"erase-first-refusal","result":{"tag":"unknownLocal","id":"701"}},{"name":"structures-empty-reverse-accumulator","result":{"ir":[{"fields":[],"name":"keptRecordA","typeParameters":[]},{"fields":[],"name":"keptRecordB","typeParameters":[]}],"scope":{"currentDefinition":{"tag":"some","value":{"name":"keptDefinition","runtimeParameters":["keptRuntime"],"typeArgumentsRev":[]}},"declarationNames":{"byCore":{"tag":"branch","left":{"tag":"branch","left":{"tag":"branch","left":{"tag":"branch","left":{"tag":"empty"},"right":{"tag":"branch","left":{"tag":"branch","left":{"tag":"empty"},"right":{"tag":"branch","left":{"tag":"branch","left":{"tag":"empty"},"right":{"tag":"branch","left":{"tag":"branch","left":{"tag":"branch","left":{"tag":"empty"},"right":{"tag":"branch","left":{"tag":"empty"},"right":{"tag":"branch","left":{"tag":"branch","left":{"tag":"empty"},"right":{"tag":"branch","left":{"tag":"branch","left":{"tag":"empty"},"right":{"tag":"bucket","entries":[{"fst":{"tag":"str","parent":{"tag":"anonymous"},"value":"F2RecordB"},"snd":"record_B"}]}},"right":{"tag":"empty"}}},"right":{"tag":"empty"}}}},"right":{"tag":"empty"}},"right":{"tag":"empty"}}},"right":{"tag":"empty"}}},"right":{"tag":"empty"}}},"right":{"tag":"empty"}},"right":{"tag":"branch","left":{"tag":"empty"},"right":{"tag":"branch","left":{"tag":"empty"},"right":{"tag":"branch","left":{"tag":"branch","left":{"tag":"branch","left":{"tag":"empty"},"right":{"tag":"branch","left":{"tag":"empty"},"right":{"tag":"branch","left":{"tag":"branch","left":{"tag":"empty"},"right":{"tag":"branch","left":{"tag":"branch","left":{"tag":"empty"},"right":{"tag":"branch","left":{"tag":"empty"},"right":{"tag":"branch","left":{"tag":"empty"},"right":{"tag":"branch","left":{"tag":"branch","left":{"tag":"empty"},"right":{"tag":"bucket","entries":[{"fst":{"tag":"str","parent":{"tag":"anonymous"},"value":"F2ChoiceA"},"snd":"choice_A"}]}},"right":{"tag":"empty"}}}}},"right":{"tag":"empty"}}},"right":{"tag":"empty"}}}},"right":{"tag":"empty"}},"right":{"tag":"empty"}}}}},"right":{"tag":"branch","left":{"tag":"empty"},"right":{"tag":"branch","left":{"tag":"empty"},"right":{"tag":"branch","left":{"tag":"branch","left":{"tag":"branch","left":{"tag":"empty"},"right":{"tag":"branch","left":{"tag":"branch","left":{"tag":"empty"},"right":{"tag":"branch","left":{"tag":"branch","left":{"tag":"branch","left":{"tag":"empty"},"right":{"tag":"branch","left":{"tag":"empty"},"right":{"tag":"branch","left":{"tag":"branch","left":{"tag":"empty"},"right":{"tag":"branch","left":{"tag":"branch","left":{"tag":"empty"},"right":{"tag":"bucket","entries":[{"fst":{"tag":"str","parent":{"tag":"anonymous"},"value":"F2RecordA"},"snd":"record_A"}]}},"right":{"tag":"empty"}}},"right":{"tag":"empty"}}}},"right":{"tag":"empty"}},"right":{"tag":"empty"}}},"right":{"tag":"empty"}}},"right":{"tag":"empty"}},"right":{"tag":"branch","left":{"tag":"branch","left":{"tag":"branch","left":{"tag":"empty"},"right":{"tag":"branch","left":{"tag":"empty"},"right":{"tag":"branch","left":{"tag":"branch","left":{"tag":"empty"},"right":{"tag":"branch","left":{"tag":"branch","left":{"tag":"empty"},"right":{"tag":"branch","left":{"tag":"empty"},"right":{"tag":"branch","left":{"tag":"empty"},"right":{"tag":"branch","left":{"tag":"branch","left":{"tag":"empty"},"right":{"tag":"bucket","entries":[{"fst":{"tag":"str","parent":{"tag":"anonymous"},"value":"F2ChoiceB"},"snd":"choice_B"}]}},"right":{"tag":"empty"}}}}},"right":{"tag":"empty"}}},"right":{"tag":"empty"}}}},"right":{"tag":"empty"}},"right":{"tag":"empty"}}}}}},"byOutput":{"tag":"branch","left":{"tag":"branch","left":{"tag":"branch","left":{"tag":"branch","left":{"tag":"branch","left":{"tag":"branch","left":{"tag":"branch","left":{"tag":"empty"},"right":{"tag":"branch","left":{"tag":"empty"},"right":{"tag":"branch","left":{"tag":"empty"},"right":{"tag":"branch","left":{"tag":"empty"},"right":{"tag":"branch","left":{"tag":"empty"},"right":{"tag":"branch","left":{"tag":"empty"},"right":{"tag":"branch","left":{"tag":"empty"},"right":{"tag":"branch","left":{"tag":"empty"},"right":{"tag":"branch","left":{"tag":"branch","left":{"tag":"bucket","entries":[{"fst":{"tag":"str","parent":{"tag":"anonymous"},"value":"record_A"},"snd":true}]},"right":{"tag":"empty"}},"right":{"tag":"empty"}}}}}}}}}},"right":{"tag":"empty"}},"right":{"tag":"empty"}},"right":{"tag":"branch","left":{"tag":"branch","left":{"tag":"branch","left":{"tag":"branch","left":{"tag":"empty"},"right":{"tag":"branch","left":{"tag":"branch","left":{"tag":"empty"},"right":{"tag":"branch","left":{"tag":"empty"},"right":{"tag":"branch","left":{"tag":"branch","left":{"tag":"empty"},"right":{"tag":"branch","left":{"tag":"empty"},"right":{"tag":"branch","left":{"tag":"empty"},"right":{"tag":"branch","left":{"tag":"empty"},"right":{"tag":"bucket","entries":[{"fst":{"tag":"str","parent":{"tag":"anonymous"},"value":"choice_A"},"snd":true}]}}}}},"right":{"tag":"empty"}}}},"right":{"tag":"empty"}}},"right":{"tag":"empty"}},"right":{"tag":"empty"}},"right":{"tag":"empty"}}},"right":{"tag":"empty"}},"right":{"tag":"empty"}},"right":{"tag":"branch","left":{"tag":"branch","left":{"tag":"branch","left":{"tag":"branch","left":{"tag":"branch","left":{"tag":"branch","left":{"tag":"empty"},"right":{"tag":"branch","left":{"tag":"empty"},"right":{"tag":"branch","left":{"tag":"empty"},"right":{"tag":"branch","left":{"tag":"empty"},"right":{"tag":"branch","left":{"tag":"empty"},"right":{"tag":"branch","left":{"tag":"empty"},"right":{"tag":"branch","left":{"tag":"empty"},"right":{"tag":"branch","left":{"tag":"empty"},"right":{"tag":"branch","left":{"tag":"branch","left":{"tag":"bucket","entries":[{"fst":{"tag":"str","parent":{"tag":"anonymous"},"value":"record_B"},"snd":true}]},"right":{"tag":"empty"}},"right":{"tag":"empty"}}}}}}}}}},"right":{"tag":"empty"}},"right":{"tag":"empty"}},"right":{"tag":"branch","left":{"tag":"branch","left":{"tag":"branch","left":{"tag":"branch","left":{"tag":"empty"},"right":{"tag":"branch","left":{"tag":"branch","left":{"tag":"empty"},"right":{"tag":"branch","left":{"tag":"empty"},"right":{"tag":"branch","left":{"tag":"branch","left":{"tag":"empty"},"right":{"tag":"branch","left":{"tag":"empty"},"right":{"tag":"branch","left":{"tag":"empty"},"right":{"tag":"branch","left":{"tag":"empty"},"right":{"tag":"bucket","entries":[{"fst":{"tag":"str","parent":{"tag":"anonymous"},"value":"choice_B"},"snd":true}]}}}}},"right":{"tag":"empty"}}}},"right":{"tag":"empty"}}},"right":{"tag":"empty"}},"right":{"tag":"empty"}},"right":{"tag":"empty"}}},"right":{"tag":"empty"}},"right":{"tag":"empty"}}},"count":"4"},"erasedLocals":[],"localContext":{"declarations":[{"tag":"binding","binder":{"tag":"explicit"},"id":"0","type":{"tag":"constE","levels":[],"name":{"tag":"str","parent":{"tag":"anonymous"},"value":"Nat"}},"userName":{"tag":"str","parent":{"tag":"anonymous"},"value":"keptLocal"}}],"nextId":"1"},"runtimeConstructors":{"tag":"empty"},"runtimeExpressions":[{"fst":"0","snd":{"tag":"var","name":"keptRuntime"}}],"runtimeLocals":[{"fst":"0","snd":"keptRuntime"}],"runtimeRecursors":{"tag":"branch","left":{"tag":"empty"},"right":{"tag":"branch","left":{"tag":"branch","left":{"tag":"branch","left":{"tag":"branch","left":{"tag":"branch","left":{"tag":"empty"},"right":{"tag":"branch","left":{"tag":"empty"},"right":{"tag":"branch","left":{"tag":"empty"},"right":{"tag":"branch","left":{"tag":"empty"},"right":{"tag":"branch","left":{"tag":"empty"},"right":{"tag":"branch","left":{"tag":"branch","left":{"tag":"branch","left":{"tag":"branch","left":{"tag":"empty"},"right":{"tag":"branch","left":{"tag":"branch","left":{"tag":"bucket","entries":[{"fst":{"tag":"str","parent":{"tag":"str","parent":{"tag":"anonymous"},"value":"Nat"},"value":"rec"},"snd":{"constructors":[{"coreName":{"tag":"str","parent":{"tag":"str","parent":{"tag":"anonymous"},"value":"Nat"},"value":"zero"},"fields":[],"inductiveName":"Nat","name":"zero","numParams":"0"},{"coreName":{"tag":"str","parent":{"tag":"str","parent":{"tag":"anonymous"},"value":"Nat"},"value":"succ"},"fields":[{"name":"predecessor","recursive":true,"sourceIndex":"0","type":{"tag":"primitive","name":{"tag":"nat"}}}],"inductiveName":"Nat","name":"succ","numParams":"0"}],"coreName":{"tag":"str","parent":{"tag":"anonymous"},"value":"Nat"},"name":"Nat","numParams":"0","recursorName":{"tag":"str","parent":{"tag":"str","parent":{"tag":"anonymous"},"value":"Nat"},"value":"rec"},"typeParameters":[]}}]},"right":{"tag":"empty"}},"right":{"tag":"empty"}}},"right":{"tag":"empty"}},"right":{"tag":"empty"}},"right":{"tag":"empty"}}}}}}},"right":{"tag":"empty"}},"right":{"tag":"empty"}},"right":{"tag":"empty"}},"right":{"tag":"empty"}}},"runtimeStructureConstructors":{"tag":"empty"},"runtimeStructures":{"tag":"empty"},"typeLocals":[]}}},{"name":"structures-mixed-stream","result":{"ir":[{"fields":[],"name":"keptRecordA","typeParameters":[]},{"fields":[{"name":"value","type":{"tag":"primitive","name":{"tag":"nat"}}}],"name":"record_A","typeParameters":[]},{"fields":[{"name":"prior","type":{"tag":"named","arguments":[],"name":"record_A"}}],"name":"record_B","typeParameters":[]}],"runtimeStructures":[{"constructorName":{"tag":"str","parent":{"tag":"str","parent":{"tag":"anonymous"},"value":"F2RecordA"},"value":"mk"},"coreName":{"tag":"str","parent":{"tag":"anonymous"},"value":"F2RecordA"},"fields":[{"name":"value","projectionIndex":"0","sourceIndex":"0","type":{"tag":"primitive","name":{"tag":"nat"}}}],"name":"record_A","numParams":"0","typeParameters":[]},{"constructorName":{"tag":"str","parent":{"tag":"str","parent":{"tag":"anonymous"},"value":"F2RecordB"},"value":"mk"},"coreName":{"tag":"str","parent":{"tag":"anonymous"},"value":"F2RecordB"},"fields":[{"name":"prior","projectionIndex":"0","sourceIndex":"0","type":{"tag":"named","arguments":[],"name":"record_A"}}],"name":"record_B","numParams":"0","typeParameters":[]}]}},{"name":"structures-threaded-scope","result":{"ir":[{"fields":[],"name":"keptRecordA","typeParameters":[]},{"fields":[],"name":"keptRecordB","typeParameters":[]},{"fields":[{"name":"prior","type":{"tag":"named","arguments":[],"name":"record_A"}}],"name":"record_B","typeParameters":[]}],"runtimeStructures":[{"constructorName":{"tag":"str","parent":{"tag":"str","parent":{"tag":"anonymous"},"value":"F2RecordA"},"value":"mk"},"coreName":{"tag":"str","parent":{"tag":"anonymous"},"value":"F2RecordA"},"fields":[{"name":"value","projectionIndex":"0","sourceIndex":"0","type":{"tag":"primitive","name":{"tag":"nat"}}}],"name":"record_A","numParams":"0","typeParameters":[]},{"constructorName":{"tag":"str","parent":{"tag":"str","parent":{"tag":"anonymous"},"value":"F2RecordB"},"value":"mk"},"coreName":{"tag":"str","parent":{"tag":"anonymous"},"value":"F2RecordB"},"fields":[{"name":"prior","projectionIndex":"0","sourceIndex":"0","type":{"tag":"named","arguments":[],"name":"record_A"}}],"name":"record_B","numParams":"0","typeParameters":[]}]}},{"name":"structures-first-refusal","result":{"tag":"unknownConstant","name":{"tag":"str","parent":{"tag":"str","parent":{"tag":"anonymous"},"value":"F2RecordA"},"value":"missingFirst"}}},{"name":"inductives-empty-reverse-accumulator","result":{"ir":[{"constructors":[],"name":"keptChoiceA","typeParameters":[]},{"constructors":[],"name":"keptChoiceB","typeParameters":[]}],"scope":{"currentDefinition":{"tag":"some","value":{"name":"keptDefinition","runtimeParameters":["keptRuntime"],"typeArgumentsRev":[]}},"declarationNames":{"byCore":{"tag":"branch","left":{"tag":"branch","left":{"tag":"branch","left":{"tag":"branch","left":{"tag":"empty"},"right":{"tag":"branch","left":{"tag":"branch","left":{"tag":"empty"},"right":{"tag":"branch","left":{"tag":"branch","left":{"tag":"empty"},"right":{"tag":"branch","left":{"tag":"branch","left":{"tag":"branch","left":{"tag":"empty"},"right":{"tag":"branch","left":{"tag":"empty"},"right":{"tag":"branch","left":{"tag":"branch","left":{"tag":"empty"},"right":{"tag":"branch","left":{"tag":"branch","left":{"tag":"empty"},"right":{"tag":"bucket","entries":[{"fst":{"tag":"str","parent":{"tag":"anonymous"},"value":"F2RecordB"},"snd":"record_B"}]}},"right":{"tag":"empty"}}},"right":{"tag":"empty"}}}},"right":{"tag":"empty"}},"right":{"tag":"empty"}}},"right":{"tag":"empty"}}},"right":{"tag":"empty"}}},"right":{"tag":"empty"}},"right":{"tag":"branch","left":{"tag":"empty"},"right":{"tag":"branch","left":{"tag":"empty"},"right":{"tag":"branch","left":{"tag":"branch","left":{"tag":"branch","left":{"tag":"empty"},"right":{"tag":"branch","left":{"tag":"empty"},"right":{"tag":"branch","left":{"tag":"branch","left":{"tag":"empty"},"right":{"tag":"branch","left":{"tag":"branch","left":{"tag":"empty"},"right":{"tag":"branch","left":{"tag":"empty"},"right":{"tag":"branch","left":{"tag":"empty"},"right":{"tag":"branch","left":{"tag":"branch","left":{"tag":"empty"},"right":{"tag":"bucket","entries":[{"fst":{"tag":"str","parent":{"tag":"anonymous"},"value":"F2ChoiceA"},"snd":"choice_A"}]}},"right":{"tag":"empty"}}}}},"right":{"tag":"empty"}}},"right":{"tag":"empty"}}}},"right":{"tag":"empty"}},"right":{"tag":"empty"}}}}},"right":{"tag":"branch","left":{"tag":"empty"},"right":{"tag":"branch","left":{"tag":"empty"},"right":{"tag":"branch","left":{"tag":"branch","left":{"tag":"branch","left":{"tag":"empty"},"right":{"tag":"branch","left":{"tag":"branch","left":{"tag":"empty"},"right":{"tag":"branch","left":{"tag":"branch","left":{"tag":"branch","left":{"tag":"empty"},"right":{"tag":"branch","left":{"tag":"empty"},"right":{"tag":"branch","left":{"tag":"branch","left":{"tag":"empty"},"right":{"tag":"branch","left":{"tag":"branch","left":{"tag":"empty"},"right":{"tag":"bucket","entries":[{"fst":{"tag":"str","parent":{"tag":"anonymous"},"value":"F2RecordA"},"snd":"record_A"}]}},"right":{"tag":"empty"}}},"right":{"tag":"empty"}}}},"right":{"tag":"empty"}},"right":{"tag":"empty"}}},"right":{"tag":"empty"}}},"right":{"tag":"empty"}},"right":{"tag":"branch","left":{"tag":"branch","left":{"tag":"branch","left":{"tag":"empty"},"right":{"tag":"branch","left":{"tag":"empty"},"right":{"tag":"branch","left":{"tag":"branch","left":{"tag":"empty"},"right":{"tag":"branch","left":{"tag":"branch","left":{"tag":"empty"},"right":{"tag":"branch","left":{"tag":"empty"},"right":{"tag":"branch","left":{"tag":"empty"},"right":{"tag":"branch","left":{"tag":"branch","left":{"tag":"empty"},"right":{"tag":"bucket","entries":[{"fst":{"tag":"str","parent":{"tag":"anonymous"},"value":"F2ChoiceB"},"snd":"choice_B"}]}},"right":{"tag":"empty"}}}}},"right":{"tag":"empty"}}},"right":{"tag":"empty"}}}},"right":{"tag":"empty"}},"right":{"tag":"empty"}}}}}},"byOutput":{"tag":"branch","left":{"tag":"branch","left":{"tag":"branch","left":{"tag":"branch","left":{"tag":"branch","left":{"tag":"branch","left":{"tag":"branch","left":{"tag":"empty"},"right":{"tag":"branch","left":{"tag":"empty"},"right":{"tag":"branch","left":{"tag":"empty"},"right":{"tag":"branch","left":{"tag":"empty"},"right":{"tag":"branch","left":{"tag":"empty"},"right":{"tag":"branch","left":{"tag":"empty"},"right":{"tag":"branch","left":{"tag":"empty"},"right":{"tag":"branch","left":{"tag":"empty"},"right":{"tag":"branch","left":{"tag":"branch","left":{"tag":"bucket","entries":[{"fst":{"tag":"str","parent":{"tag":"anonymous"},"value":"record_A"},"snd":true}]},"right":{"tag":"empty"}},"right":{"tag":"empty"}}}}}}}}}},"right":{"tag":"empty"}},"right":{"tag":"empty"}},"right":{"tag":"branch","left":{"tag":"branch","left":{"tag":"branch","left":{"tag":"branch","left":{"tag":"empty"},"right":{"tag":"branch","left":{"tag":"branch","left":{"tag":"empty"},"right":{"tag":"branch","left":{"tag":"empty"},"right":{"tag":"branch","left":{"tag":"branch","left":{"tag":"empty"},"right":{"tag":"branch","left":{"tag":"empty"},"right":{"tag":"branch","left":{"tag":"empty"},"right":{"tag":"branch","left":{"tag":"empty"},"right":{"tag":"bucket","entries":[{"fst":{"tag":"str","parent":{"tag":"anonymous"},"value":"choice_A"},"snd":true}]}}}}},"right":{"tag":"empty"}}}},"right":{"tag":"empty"}}},"right":{"tag":"empty"}},"right":{"tag":"empty"}},"right":{"tag":"empty"}}},"right":{"tag":"empty"}},"right":{"tag":"empty"}},"right":{"tag":"branch","left":{"tag":"branch","left":{"tag":"branch","left":{"tag":"branch","left":{"tag":"branch","left":{"tag":"branch","left":{"tag":"empty"},"right":{"tag":"branch","left":{"tag":"empty"},"right":{"tag":"branch","left":{"tag":"empty"},"right":{"tag":"branch","left":{"tag":"empty"},"right":{"tag":"branch","left":{"tag":"empty"},"right":{"tag":"branch","left":{"tag":"empty"},"right":{"tag":"branch","left":{"tag":"empty"},"right":{"tag":"branch","left":{"tag":"empty"},"right":{"tag":"branch","left":{"tag":"branch","left":{"tag":"bucket","entries":[{"fst":{"tag":"str","parent":{"tag":"anonymous"},"value":"record_B"},"snd":true}]},"right":{"tag":"empty"}},"right":{"tag":"empty"}}}}}}}}}},"right":{"tag":"empty"}},"right":{"tag":"empty"}},"right":{"tag":"branch","left":{"tag":"branch","left":{"tag":"branch","left":{"tag":"branch","left":{"tag":"empty"},"right":{"tag":"branch","left":{"tag":"branch","left":{"tag":"empty"},"right":{"tag":"branch","left":{"tag":"empty"},"right":{"tag":"branch","left":{"tag":"branch","left":{"tag":"empty"},"right":{"tag":"branch","left":{"tag":"empty"},"right":{"tag":"branch","left":{"tag":"empty"},"right":{"tag":"branch","left":{"tag":"empty"},"right":{"tag":"bucket","entries":[{"fst":{"tag":"str","parent":{"tag":"anonymous"},"value":"choice_B"},"snd":true}]}}}}},"right":{"tag":"empty"}}}},"right":{"tag":"empty"}}},"right":{"tag":"empty"}},"right":{"tag":"empty"}},"right":{"tag":"empty"}}},"right":{"tag":"empty"}},"right":{"tag":"empty"}}},"count":"4"},"erasedLocals":[],"localContext":{"declarations":[{"tag":"binding","binder":{"tag":"explicit"},"id":"0","type":{"tag":"constE","levels":[],"name":{"tag":"str","parent":{"tag":"anonymous"},"value":"Nat"}},"userName":{"tag":"str","parent":{"tag":"anonymous"},"value":"keptLocal"}}],"nextId":"1"},"runtimeConstructors":{"tag":"empty"},"runtimeExpressions":[{"fst":"0","snd":{"tag":"var","name":"keptRuntime"}}],"runtimeLocals":[{"fst":"0","snd":"keptRuntime"}],"runtimeRecursors":{"tag":"branch","left":{"tag":"empty"},"right":{"tag":"branch","left":{"tag":"branch","left":{"tag":"branch","left":{"tag":"branch","left":{"tag":"branch","left":{"tag":"empty"},"right":{"tag":"branch","left":{"tag":"empty"},"right":{"tag":"branch","left":{"tag":"empty"},"right":{"tag":"branch","left":{"tag":"empty"},"right":{"tag":"branch","left":{"tag":"empty"},"right":{"tag":"branch","left":{"tag":"branch","left":{"tag":"branch","left":{"tag":"branch","left":{"tag":"empty"},"right":{"tag":"branch","left":{"tag":"branch","left":{"tag":"bucket","entries":[{"fst":{"tag":"str","parent":{"tag":"str","parent":{"tag":"anonymous"},"value":"Nat"},"value":"rec"},"snd":{"constructors":[{"coreName":{"tag":"str","parent":{"tag":"str","parent":{"tag":"anonymous"},"value":"Nat"},"value":"zero"},"fields":[],"inductiveName":"Nat","name":"zero","numParams":"0"},{"coreName":{"tag":"str","parent":{"tag":"str","parent":{"tag":"anonymous"},"value":"Nat"},"value":"succ"},"fields":[{"name":"predecessor","recursive":true,"sourceIndex":"0","type":{"tag":"primitive","name":{"tag":"nat"}}}],"inductiveName":"Nat","name":"succ","numParams":"0"}],"coreName":{"tag":"str","parent":{"tag":"anonymous"},"value":"Nat"},"name":"Nat","numParams":"0","recursorName":{"tag":"str","parent":{"tag":"str","parent":{"tag":"anonymous"},"value":"Nat"},"value":"rec"},"typeParameters":[]}}]},"right":{"tag":"empty"}},"right":{"tag":"empty"}}},"right":{"tag":"empty"}},"right":{"tag":"empty"}},"right":{"tag":"empty"}}}}}}},"right":{"tag":"empty"}},"right":{"tag":"empty"}},"right":{"tag":"empty"}},"right":{"tag":"empty"}}},"runtimeStructureConstructors":{"tag":"empty"},"runtimeStructures":{"tag":"empty"},"typeLocals":[]}}},{"name":"inductives-mixed-stream","result":{"ir":[{"constructors":[],"name":"keptChoiceA","typeParameters":[]},{"constructors":[{"fields":[],"name":"first"},{"fields":[],"name":"second"}],"name":"choice_A","typeParameters":[]},{"constructors":[{"fields":[{"name":"prior","type":{"tag":"named","arguments":[],"name":"choice_A"}}],"name":"wrap"}],"name":"choice_B","typeParameters":[]}],"runtime":{"recursors":[{"constructors":[{"coreName":{"tag":"str","parent":{"tag":"str","parent":{"tag":"anonymous"},"value":"F2ChoiceA"},"value":"first"},"fields":[],"inductiveName":"choice_A","name":"first","numParams":"0"},{"coreName":{"tag":"str","parent":{"tag":"str","parent":{"tag":"anonymous"},"value":"F2ChoiceA"},"value":"second"},"fields":[],"inductiveName":"choice_A","name":"second","numParams":"0"}],"coreName":{"tag":"str","parent":{"tag":"anonymous"},"value":"F2ChoiceA"},"name":"choice_A","numParams":"0","recursorName":{"tag":"str","parent":{"tag":"str","parent":{"tag":"anonymous"},"value":"F2ChoiceA"},"value":"rec"},"typeParameters":[]},{"constructors":[{"coreName":{"tag":"str","parent":{"tag":"str","parent":{"tag":"anonymous"},"value":"F2ChoiceB"},"value":"wrap"},"fields":[{"name":"prior","recursive":false,"sourceIndex":"0","type":{"tag":"named","arguments":[],"name":"choice_A"}}],"inductiveName":"choice_B","name":"wrap","numParams":"0"}],"coreName":{"tag":"str","parent":{"tag":"anonymous"},"value":"F2ChoiceB"},"name":"choice_B","numParams":"0","recursorName":{"tag":"str","parent":{"tag":"str","parent":{"tag":"anonymous"},"value":"F2ChoiceB"},"value":"rec"},"typeParameters":[]}],"constructors":[{"coreName":{"tag":"str","parent":{"tag":"str","parent":{"tag":"anonymous"},"value":"F2ChoiceA"},"value":"first"},"fields":[],"inductiveName":"choice_A","name":"first","numParams":"0"},{"coreName":{"tag":"str","parent":{"tag":"str","parent":{"tag":"anonymous"},"value":"F2ChoiceA"},"value":"second"},"fields":[],"inductiveName":"choice_A","name":"second","numParams":"0"},{"coreName":{"tag":"str","parent":{"tag":"str","parent":{"tag":"anonymous"},"value":"F2ChoiceB"},"value":"wrap"},"fields":[{"name":"prior","recursive":false,"sourceIndex":"0","type":{"tag":"named","arguments":[],"name":"choice_A"}}],"inductiveName":"choice_B","name":"wrap","numParams":"0"}]}}},{"name":"inductives-threaded-scope","result":{"ir":[{"constructors":[],"name":"keptChoiceA","typeParameters":[]},{"constructors":[],"name":"keptChoiceB","typeParameters":[]},{"constructors":[{"fields":[{"name":"prior","type":{"tag":"named","arguments":[],"name":"choice_A"}}],"name":"wrap"}],"name":"choice_B","typeParameters":[]}],"runtime":{"recursors":[{"constructors":[{"coreName":{"tag":"str","parent":{"tag":"str","parent":{"tag":"anonymous"},"value":"F2ChoiceA"},"value":"first"},"fields":[],"inductiveName":"choice_A","name":"first","numParams":"0"},{"coreName":{"tag":"str","parent":{"tag":"str","parent":{"tag":"anonymous"},"value":"F2ChoiceA"},"value":"second"},"fields":[],"inductiveName":"choice_A","name":"second","numParams":"0"}],"coreName":{"tag":"str","parent":{"tag":"anonymous"},"value":"F2ChoiceA"},"name":"choice_A","numParams":"0","recursorName":{"tag":"str","parent":{"tag":"str","parent":{"tag":"anonymous"},"value":"F2ChoiceA"},"value":"rec"},"typeParameters":[]},{"constructors":[{"coreName":{"tag":"str","parent":{"tag":"str","parent":{"tag":"anonymous"},"value":"F2ChoiceB"},"value":"wrap"},"fields":[{"name":"prior","recursive":false,"sourceIndex":"0","type":{"tag":"named","arguments":[],"name":"choice_A"}}],"inductiveName":"choice_B","name":"wrap","numParams":"0"}],"coreName":{"tag":"str","parent":{"tag":"anonymous"},"value":"F2ChoiceB"},"name":"choice_B","numParams":"0","recursorName":{"tag":"str","parent":{"tag":"str","parent":{"tag":"anonymous"},"value":"F2ChoiceB"},"value":"rec"},"typeParameters":[]}],"constructors":[{"coreName":{"tag":"str","parent":{"tag":"str","parent":{"tag":"anonymous"},"value":"F2ChoiceA"},"value":"first"},"fields":[],"inductiveName":"choice_A","name":"first","numParams":"0"},{"coreName":{"tag":"str","parent":{"tag":"str","parent":{"tag":"anonymous"},"value":"F2ChoiceA"},"value":"second"},"fields":[],"inductiveName":"choice_A","name":"second","numParams":"0"},{"coreName":{"tag":"str","parent":{"tag":"str","parent":{"tag":"anonymous"},"value":"F2ChoiceB"},"value":"wrap"},"fields":[{"name":"prior","recursive":false,"sourceIndex":"0","type":{"tag":"named","arguments":[],"name":"choice_A"}}],"inductiveName":"choice_B","name":"wrap","numParams":"0"}]}}},{"name":"inductives-first-refusal","result":{"tag":"unknownConstant","name":{"tag":"str","parent":{"tag":"str","parent":{"tag":"anonymous"},"value":"F2ChoiceA"},"value":"missingFirst"}}},{"name":"symbols-empty-state","result":{"used":["usedBefore"],"nextIndex":"3","entriesRev":[["before","usedBefore"]]}},{"name":"symbols-collision-and-index","result":{"used":["p6","p4","p3","p5"],"nextIndex":"7","entriesRev":[["beta","p6"],["alpha","p4"],["prior","p3"]]}},{"name":"symbols-duplicate-source-names","result":{"used":["p1","p0"],"nextIndex":"2","entriesRev":[["duplicate","p1"],["duplicate","p0"]]}},{"name":"symbols-brand-wrapper","result":[["keptRecordA","__ps$brand$1"],["keptRecordB","__ps$brand$2"]]},{"name":"symbols-tag-wrapper","result":[["keptChoiceA","__ps$tag$1"],["keptChoiceB","__ps$tag$2"]]}],"observationSha256":"8ff7547b87a96a8d2f7cc964e08b2b050fc3344b4b2309f66fac0566e8247d59"}],"observationSha256":"697616ab48daf77a44b90ce20085432593ddce9a06fdad124a5a898ece3621be","scope":{"eachCompilerOwnsAllTaggedInputs":true,"irRecordsUseExistingCompilerFactories":true,"copiedRecordsRetainOwningCompilerBrands":true,"hostStructuralFixtureRecords":["PsErasureNameState","PsTsSymbolMapState","PsErasureCurrentDefinition"],"hostStructuralFixtureBoundary":"Explicit unbranded non-IR host records with owning-compiler tagged children; their exercised paths project fields or reset the marker, and do not inspect brands. They are not compiler-created branded records and never enter original-IR carrier checking.","independentExplicitExpectations":true,"saturatedPublicArgumentOrderChecked":true,"completePublicTypes":"separate migration ABI gate","pscPartialApplications":"separate typed migration ABI probes","performanceImprovementClaimed":false,"exhaustiveForAllInputs":false,"kernelChecked":false}},"independentExpectedBehavior":["Nat accumulation","simultaneous state swapping","state before structural major","function results","erased stable proof binder","generic List at Nat and String","public partial application","existing worker correspondence","record projections through changing, fixed, shadowed, and nested local bases","new-only grammar aliases, typed callbacks, grouped callees, layout, records, and explicit Unit"],"provider":{"status":"not-attempted","kernelChecked":false}}
2026-10-09T14:10:13.9976753Z PSC0_SH1_ITERATION_CONFORMANCE: PASS (cold, warm, atomic products, compiler pin)
2026-10-09T14:10:17.1965004Z PSC0_SH1_FOUNDATION_CONFORMANCE: {"schemaVersion":1,"evidence":"bounded-foundation-source-correspondence","compilerSha256":"5eeecb1bfa00f11f1691f5ee4b437ecebe5c9a45b4e4256ab1bde23b0771df15","executingCompiler":"Current native-generated compiler consumes both raw library sources.","referenceSourceRef":"37f63c39d4a07189938046c64152bba25d789450","referenceGitBlob":"faf906bd6e2f872887c87eb43c4ad90957da91fc","authoredProbeSha256":"633a4b0a85cc42533067e0f9b51e5b60d320c44709e5b3f65247b622d0faa819","publicTypes":{"comparison":"psExprAlphaEq including binder kinds and parameter order","names":["psListLength","psListIsEmpty","psListAny","psListReverseAcc","psListReverse","psListAppend","psListMap","psListMapExcept","psListTake","psListZip"],"result":"pass"},"behavior":"independent JS sequence expectations plus typed PSC partial-application probes","outputs":[{"source":"reference","sourceSha256":"e5293a49180f7f1354284b26a9bf10df27749a8e22e6646bdee62ad29a5a19a9","admissionsSha256":"ff0209355636e1a8e2e8014eb015820cb6fe298790ffc603c3051d53d4736975","typescriptSha256":"feb758050bf872101b86215bccc69796fb1be561f699c292a9c4e78cc517b24d","javascriptSha256":"8319709cfb0cd94184d012434e0aa731972ed5d597b2f1d23e38abc4e58aa3da","coverage":{"lists":15,"maxLength":3,"elementValues":["0","1"],"counts":[0,8],"observations":1666}},{"source":"current","sourceSha256":"0a73eb4dded33cd9fecf000996653746800ea5fb05956e46670a7d3579426680","admissionsSha256":"93e87b6a4e9437851cba82742215f9030ad178f2d7bbd006c7dc56589738e213","typescriptSha256":"74adb1283ad760b8241248ea0f5cf1a2d8253b48173518e1cbad2e9a3f60232f","javascriptSha256":"52c028c3c3f1529ecf9745e2201718e67099f4df3cd7e14bdcb3c322d5ea223e","coverage":{"lists":15,"maxLength":3,"elementValues":["0","1"],"counts":[0,8],"observations":1666}}],"kernelChecked":false,"exhaustiveForAllInputs":false}
2026-10-09T14:10:23.0799226Z PSC0_SH1_HELPER_CONFORMANCE: {"schemaVersion":1,"evidence":"bounded-compiler-helper-source-correspondence","compilerSha256":"5eeecb1bfa00f11f1691f5ee4b437ecebe5c9a45b4e4256ab1bde23b0771df15","executingCompiler":"Current native-generated compiler consumes both raw helper source slices.","referenceSourceRef":"5e3338bf0f389d3704b49958debe496625593197","referenceGitBlob":"8b00617b9798b65696f03b3613b90888c97a07ba","currentSourceFiles":[{"path":"packages/elab/src/Ps/Elab/Term.lean","sha256":"deffd2b9b7e96c157679158189800aac7c727bf45b05d4cf6797b477d796b13b","referenceGitBlob":"6a2282248cbb01301e8eb1dad1476f1773b4e63a"},{"path":"packages/erasure/src/Ps/Erasure/Definition.lean","sha256":"37f0a0a50fbba662ea4da69af848e0f9e116ecfadf8ba75705435b5c2244412a","referenceGitBlob":"77f63f76daf5fd0c569545df8835fb94b6d554c9"}],"dependencies":[{"path":"packages/foundation/src/Ps/Foundation/Name.lean","sha256":"8d483f35ad8370305a76724e714a123d560a5e7670f20346336fe5ef5eca06e8"},{"path":"packages/core/src/Ps/Core/Level.lean","sha256":"453fcd9dd535f97e27daedb6d319ac0337eee12679aa0dc9ec2ac0ec1dd35af4"},{"path":"packages/core/src/Ps/Core/Expr.lean","sha256":"51bdffd893ab4148432c62e2af918a0798999fcab20cf2b3c633dddbb0d880a6"}],"authoredProbeSha256":"072e8ed62cf7ac65f60c9c7667eca536359fc478b8caf983187ae3ac4a826cf9","publicTypes":{"comparison":"psExprAlphaEq including binder kinds and parameter order","names":["psExprApplyManyWorker","psExprApplyMany","psExprAppViewAccWorker","psExprAppViewAcc","psExprAppView","psErasureAddUniqueStringWorker","psErasureAddUniqueString"],"result":"pass"},"behavior":"independent JS application-spine and finite name-candidate expectations; typed PSC partial application","sourceScope":"Exact helper declarations and real shared Name/Level/Expr modules; full compiler integration is qualified separately.","outputs":[{"source":"reference","sourceSha256":"1db8d3fa490d53d7cfc1d1dc03b052f291b7e5a44ecbed8bddcc8ae6101a5909","coverage":{"nonApplicationHeads":11,"argumentLists":7,"prefixes":2,"suffixes":2,"nameBases":3,"usedNameListsPerBase":7,"attempts":[0,7],"typedPartialApplications":true,"expressionObservations":1694,"stringObservations":504,"observations":2198},"admissionsSha256":"df755d172dd2030e6a15b65bed21c6fcd75dc6ed9399f2ce69702ae47d23ae5f","typescriptSha256":"77f0527c13090242a35b5f2958deedfc781bab9c0be55df7aabce33b01cafdf9","javascriptSha256":"44bb5546e928bfdc01113a12d62a1421cd82d8b3bf454d764993cabd50f35177"},{"source":"current","sourceSha256":"ee87db3455e2f1f8d439926cdb1802878c91d555dbf967921b795396701ce50b","coverage":{"nonApplicationHeads":11,"argumentLists":7,"prefixes":2,"suffixes":2,"nameBases":3,"usedNameListsPerBase":7,"attempts":[0,7],"typedPartialApplications":true,"expressionObservations":1694,"stringObservations":504,"observations":2198},"admissionsSha256":"fa98a6ac1bc4c7baccc5ce5b84ffe81a5eca75497d651290f3f3277af27b0576","typescriptSha256":"01fd21a4e9565ae78718169f5be7a5ff3eb6d5002fba598c7078bc3593ce240d","javascriptSha256":"b80ac0f3256ecefa075a9774ee8080142d79c76d6f2d1104a32b803cf358e258"}],"kernelChecked":false,"exhaustiveForAllInputs":false}
2026-10-09T14:10:23.2209312Z PSC0_SH1_NATIVE_CANDIDATE: {"schemaVersion":1,"evidence":"native-seeded-generated-compiler-candidate","sourceRef":"f62c38c890af13b1e8ccb2a4d2650b9c7c6d2d5f","sourceClosureSha256":"6306cdac131f849a9a96de3dc4d628a48b953072b45fc6cc829075bd90b67ac7","sourceKind":"raw-authoritative-lean","moduleCount":61,"nativeCompiler":{"binarySha256":"0a22791ce7d6e7de66c7e7bf70733b4f15af16d77309f43b06dea3034382d974","path":".lake/build/bin/psc1","command":["build","packages/bootstrap/src/Ps/Bootstrap/SelfHost.lean","--out","/home/runner/work/pskernel/pskernel/psc0/dist/sh1/development/N1/index.js"],"buildContext":"CI builds the current native target with lake build psc1; binary and workspace identities are recorded separately."},"artifacts":{"javascriptSha256":"5eeecb1bfa00f11f1691f5ee4b437ecebe5c9a45b4e4256ab1bde23b0771df15","typescriptSha256":"0d90517192bba53dbc6190c774158559b64871b7222ba37b0df5a65a325db99a"},"recipe":{"files":[{"path":"scripts/sh1-qualify.mjs","sha256":"25004573ab24429672c728684ee228e10238984c1271035e47e1a1dc47c03803"},{"path":"scripts/sh1-capabilities.mjs","sha256":"c8c393a3838a5d218a8cb7fc35d9401d33f3e5a61ff8fc0d3fd2a813ef42812e"},{"path":"scripts/sh1-grammar-conformance.mjs","sha256":"65c4f90ff8f8b4d7436f623517a06839c18d70a7b1dfd62d60162ce86f21477e"},{"path":"scripts/sh1-projection-conformance.mjs","sha256":"44a9baad9f18a231e681b71dc696373ca15a4cdd8b252c31656f5f9b8404051f"},{"path":"scripts/sh1-successor-seed.mjs","sha256":"c65be03a65e0da19c99707319d41c4836f97f1addcb082bc4959946d1fa7e9f8"},{"path":"psconfig.json","sha256":"2c89c1e637f101e2c076644418ad3727af3bdff46b40adfcdbb5d1c1ee9d3984"},{"path":"scripts/sh1-fresh-name-conformance.mjs","sha256":"fb6db052ed213f5286ea6c0cfdeeebb52b358ecf02845ed04f67424676740d97"},{"path":"scripts/sh1-migration-worker-conformance.mjs","sha256":"3e43c4ee676c3aea2f5f68b24799a991a72fa608ef65b6371833fafcfe7dc808"},{"path":"scripts/sh1-migration-worker-abi.mjs","sha256":"5cd018627015cf74c688e44e3e6831f357218637d47b24cbe58ad46e22e018bc"},{"path":"test/fixtures/selfhost-sh1-accumulators.lean","sha256":"45d7948c21431670d89762f97a6679a371b37defbfcc9d15138639c5f926d9e6"},{"path":"test/fixtures/selfhost-sh1-accumulators.ps","sha256":"e0619554ac2384922ebe1739fa208114b08229118c6a995b7ee7ab2da9a28e65"},{"path":"scripts/proofscript-source.mjs","sha256":"98474e8d1d1629b93aec608ef7263e5c959f02703ca23a55a46327d1f43d9608"},{"path":"scripts/checked-source-snapshot.mjs","sha256":"1082b5e817a973a1eae0731543f7f6b419dfa13c574d051b845c11659be7134c"},{"path":"scripts/selfhost-source-workspace.mjs","sha256":"ec6707a4b12fa605cdcf7cdf1db829f281990fbb8c9b2dc5b9638d37e6fbb1f8"},{"path":"scripts/LeanCheckedSeed.lean","sha256":"f5af4cb73002682ab0e43f78a22d79c6d1006f5f4a0fd8b980c0a7bb3ac91ad1"},{"path":"scripts/typescript-cli.mjs","sha256":"6e25698d6bd0d1793f1eb77d5f66a127d46039a8ec773a67960d116e26e7a64a"},{"path":"scripts/check-typescript-profile.mjs","sha256":"a96dfd40691da9e9f3343f2a90af31406796449ff68a61f4dd5956a4edc44c17"},{"path":"scripts/workspace-layout.mjs","sha256":"f6d2b4d5f82e3d3c125c2d6131d625ca64b698ac10c03648c8914fbcbbdf75b1"},{"path":"scripts/generated-preparation-session.mjs","sha256":"44ab11ab36862d229c3b74bdd84b58d8cd1eb20b30ac245ade3eb21c09c0a926"},{"path":"scripts/original-ir-inventory.mjs","sha256":"bb11bea9a2c9a242fbbd0234078773b7a91a1c99697292e581cc56870000f47f"},{"path":"scripts/original-ir-carrier.mjs","sha256":"745f5920e4d6459e00af883bafeaf2ab169a1d3a3a5ebe60fe97d46b80ef9ed2"},{"path":"scripts/sh1-ir-checker-conformance.mjs","sha256":"fc6f436f430ada8d0caec75efe217c19db77289ab9d7a528142296ed2772936b"},{"path":"test/IrCheckerTests.lean","sha256":"36790248f17f147fe5958256c7cb9ed26f767c410c1319aeadf590d480e69f9d"},{"path":"scripts/sh1-source-snapshot.mjs","sha256":"b70d16e97265283fe7e0f7f581925797a7918d08fb3dffe4de27122d8510aae8"},{"path":"scripts/sh1-seed-manifest.mjs","sha256":"53d7dc1a894a02643f55bf611c955b55497f45f1bcf0d7af9e052e394469794f"},{"path":"scripts/sh1-iterate.mjs","sha256":"9ce539924c9c486a776ae078d491ddfe7e76ad6db7076559211137bec5c0a5b8"},{"path":"scripts/sh1-iteration-conformance.mjs","sha256":"bca0d33389be0bc716eb3c56d2696c547a9f02e0974e40c2205919bffb02dce4"},{"path":"scripts/sh1-foundation-conformance.mjs","sha256":"4bcb6ef9606e8527c47c2f736b56ae115df472e0ced8a5c9cfc1da88f633e383"},{"path":"test/fixtures/selfhost-sh1-foundation-reference.lean","sha256":"e5293a49180f7f1354284b26a9bf10df27749a8e22e6646bdee62ad29a5a19a9"},{"path":"test/fixtures/selfhost-sh1-foundation-probe.lean","sha256":"633a4b0a85cc42533067e0f9b51e5b60d320c44709e5b3f65247b622d0faa819"},{"path":"scripts/sh1-helper-conformance.mjs","sha256":"b239a2da5479711a47c7721ab9e98a7e6ec88437f43f9e262dece8664779a83d"},{"path":"test/fixtures/selfhost-sh1-helpers-reference.lean","sha256":"1db8d3fa490d53d7cfc1d1dc03b052f291b7e5a44ecbed8bddcc8ae6101a5909"},{"path":"test/fixtures/selfhost-sh1-helpers-probe.lean","sha256":"072e8ed62cf7ac65f60c9c7667eca536359fc478b8caf983187ae3ac4a826cf9"},{"path":"scripts/sh1-generic-erasure-conformance.mjs","sha256":"7e86809c9bd8d7bae33c30f0870abd19b3f98e26bcebc6d5f0561ce23c5341ca"},{"path":"test/fixtures/selfhost-sh1-generic-erasure.lean","sha256":"574fc4874e0cd5561fcdd873c7942aa90cd77abaa66441c76b5e4f7c3755e4de"}],"sha256":"f872aec1bff52bd85d06f3d492b047c91d9ed81317196b53515a2e92ffb06526"},"toolchain":{"node":"v22.23.3","platform":"linux","architecture":"x64","lean":"Lean (version 4.34.0, x86_64-unknown-linux-gnu, commit 293d5d0c0c3f3dded4688b3ccd6a33939ac5102b, Release)","leanGitHash":"293d5d0c0c3f3dded4688b3ccd6a33939ac5102b","typescript":"Version 7.0.2"},"typescriptProfile":{"version":"7.0.2","purpose":"current-emission","arguments":["--ignoreConfig"]},"candidateClaim":"Native PSC frontend consumes raw current compiler source; generated current compiler executes the raw language and iteration corpus.","selectedSeedBootstrapProven":false,"currentSourceFixedPointProven":false,"sourceGrammar":{"edition":"ps-0.9-r3","mode":"new-only","support":"bounded-selfhost-subset","referenceSha256":"4c02626fd0b991e8526c64b65f4ffb66b9ce7b688298e82fb0309802a263db71","fullStandardConformance":false,"fullPscvConformance":false},"canonicalSourceCorrespondence":{"report":"grammar-closure.json","reportSha256":"6d6bdb15cb1c4dacebee92104dd11538058118b072637575f1f39f7e4bb8878c","moduleCount":61},"runtimeIrTyping":{"nativeCurrentSource":{"report":"ir-checker-native/receipt.json","schemaVersion":1,"kind":"psc0-native-original-ir-check","accepted":true,"traversalComplete":true,"visitedSteps":728064,"expressionCount":56602,"findingCount":0,"retainedFindingCount":0,"omittedFindingDetails":0,"strictSh1Qualified":false,"reportPath":"/home/runner/work/pskernel/pskernel/psc0/dist/sh1/development/N1/ir-checker-native/checked-current-source.ts.ir-report.json"},"generatedConformance":{"report":"ir-checker/receipt.json","compilerSha256":"5eeecb1bfa00f11f1691f5ee4b437ecebe5c9a45b4e4256ab1bde23b0771df15","negativeCases":36,"behavior":{"status":"pass","observations":59,"exhaustiveForAllInputs":false,"letScopeCases":[{"name":"shadowOldScope","observations":8},{"name":"shadowWrappedCall","observations":8},{"name":"shadowClosure","observations":8},{"name":"shadowNestedTail","observations":5}]}},"generatedFullCompilerIrChecked":false,"strictSh1Qualified":false},"provider":{"status":"not-attempted","kernelChecked":false},"timingsMs":{"total":272882.511957}}
2026-10-09T14:10:23.3381852Z ##[group]Run node scripts/check-typescript-profile.mjs --out dist/typescript-profile/full-compiler --source dist/sh1/development/N1/index.ts --historical-tsc /home/runner/work/_temp/psc0-typescript-5.8.3/node_modules/typescript/bin/tsc
2026-10-09T14:10:23.3383111Z [36;1mnode scripts/check-typescript-profile.mjs --out dist/typescript-profile/full-compiler --source dist/sh1/development/N1/index.ts --historical-tsc /home/runner/work/_temp/psc0-typescript-5.8.3/node_modules/typescript/bin/tsc[0m
2026-10-09T14:10:23.3439455Z shell: /usr/bin/bash -e {0}
2026-10-09T14:10:23.3439679Z env:
2026-10-09T14:10:23.3439982Z   PSC0_TSC: /home/runner/work/_temp/psc0-typescript-7.0.2/node_modules/typescript/bin/tsc
2026-10-09T14:10:23.3440337Z   PSC0_TYPESCRIPT_VERSION: 7.0.2
2026-10-09T14:10:23.3440551Z ##[endgroup]
2026-10-09T14:10:32.8844795Z PSC0_TYPESCRIPT_PROFILE: PASS {"mode":"same-source-comparison","report":"/home/runner/work/pskernel/pskernel/psc0/dist/typescript-profile/full-compiler/report.json","sourceSha256":"0d90517192bba53dbc6190c774158559b64871b7222ba37b0df5a65a325db99a","timings":[{"phase":"compile-historical","version":"5.8.3","elapsedMs":7142.063881},{"phase":"compile-current","version":"7.0.2","elapsedMs":2186.0665360000003}]}
2026-10-09T14:10:32.8917590Z ##[group]Run node scripts/sh1-qualify.mjs candidate --seed .selfhost-seeds/successors/47d88158e075f766f0d146ba3a13b28744c6e196d9844c71f4e52dc7351e2225/index.js --out dist/sh1 --native .lake/build/bin/psc1
2026-10-09T14:10:32.8918685Z [36;1mnode scripts/sh1-qualify.mjs candidate --seed .selfhost-seeds/successors/47d88158e075f766f0d146ba3a13b28744c6e196d9844c71f4e52dc7351e2225/index.js --out dist/sh1 --native .lake/build/bin/psc1[0m
2026-10-09T14:10:32.8974990Z shell: /usr/bin/bash -e {0}
2026-10-09T14:10:32.8975204Z env:
2026-10-09T14:10:32.8975695Z   PSC0_TSC: /home/runner/work/_temp/psc0-typescript-7.0.2/node_modules/typescript/bin/tsc
2026-10-09T14:10:32.8976093Z   PSC0_TYPESCRIPT_VERSION: 7.0.2
2026-10-09T14:10:32.8976304Z ##[endgroup]
2026-10-09T14:10:36.9757928Z PSC0_SH1_FOUNDATION_CONFORMANCE: {"schemaVersion":1,"evidence":"bounded-foundation-source-correspondence","compilerSha256":"70db0131fa3af62f7193576407ad529be10df2f4296c712f53f7c31f42209061","executingCompiler":"Same verified selected authoring seed consumes both raw library sources.","referenceSourceRef":"37f63c39d4a07189938046c64152bba25d789450","referenceGitBlob":"faf906bd6e2f872887c87eb43c4ad90957da91fc","authoredProbeSha256":"633a4b0a85cc42533067e0f9b51e5b60d320c44709e5b3f65247b622d0faa819","publicTypes":{"comparison":"psExprAlphaEq including binder kinds and parameter order","names":["psListLength","psListIsEmpty","psListAny","psListReverseAcc","psListReverse","psListAppend","psListMap","psListMapExcept","psListTake","psListZip"],"result":"pass"},"behavior":"independent JS sequence expectations plus typed PSC partial-application probes","outputs":[{"source":"reference","sourceSha256":"e5293a49180f7f1354284b26a9bf10df27749a8e22e6646bdee62ad29a5a19a9","admissionsSha256":"ff0209355636e1a8e2e8014eb015820cb6fe298790ffc603c3051d53d4736975","typescriptSha256":"feb758050bf872101b86215bccc69796fb1be561f699c292a9c4e78cc517b24d","javascriptSha256":"8319709cfb0cd94184d012434e0aa731972ed5d597b2f1d23e38abc4e58aa3da","coverage":{"lists":15,"maxLength":3,"elementValues":["0","1"],"counts":[0,8],"observations":1666}},{"source":"current","sourceSha256":"0a73eb4dded33cd9fecf000996653746800ea5fb05956e46670a7d3579426680","admissionsSha256":"93e87b6a4e9437851cba82742215f9030ad178f2d7bbd006c7dc56589738e213","typescriptSha256":"74adb1283ad760b8241248ea0f5cf1a2d8253b48173518e1cbad2e9a3f60232f","javascriptSha256":"52c028c3c3f1529ecf9745e2201718e67099f4df3cd7e14bdcb3c322d5ea223e","coverage":{"lists":15,"maxLength":3,"elementValues":["0","1"],"counts":[0,8],"observations":1666}}],"kernelChecked":false,"exhaustiveForAllInputs":false}
2026-10-09T14:10:42.7270048Z PSC0_SH1_HELPER_CONFORMANCE: {"schemaVersion":1,"evidence":"bounded-compiler-helper-source-correspondence","compilerSha256":"70db0131fa3af62f7193576407ad529be10df2f4296c712f53f7c31f42209061","executingCompiler":"Same verified selected authoring seed consumes both raw helper source slices.","referenceSourceRef":"5e3338bf0f389d3704b49958debe496625593197","referenceGitBlob":"8b00617b9798b65696f03b3613b90888c97a07ba","currentSourceFiles":[{"path":"packages/elab/src/Ps/Elab/Term.lean","sha256":"deffd2b9b7e96c157679158189800aac7c727bf45b05d4cf6797b477d796b13b","referenceGitBlob":"6a2282248cbb01301e8eb1dad1476f1773b4e63a"},{"path":"packages/erasure/src/Ps/Erasure/Definition.lean","sha256":"37f0a0a50fbba662ea4da69af848e0f9e116ecfadf8ba75705435b5c2244412a","referenceGitBlob":"77f63f76daf5fd0c569545df8835fb94b6d554c9"}],"dependencies":[{"path":"packages/foundation/src/Ps/Foundation/Name.lean","sha256":"8d483f35ad8370305a76724e714a123d560a5e7670f20346336fe5ef5eca06e8"},{"path":"packages/core/src/Ps/Core/Level.lean","sha256":"453fcd9dd535f97e27daedb6d319ac0337eee12679aa0dc9ec2ac0ec1dd35af4"},{"path":"packages/core/src/Ps/Core/Expr.lean","sha256":"51bdffd893ab4148432c62e2af918a0798999fcab20cf2b3c633dddbb0d880a6"}],"authoredProbeSha256":"072e8ed62cf7ac65f60c9c7667eca536359fc478b8caf983187ae3ac4a826cf9","publicTypes":{"comparison":"psExprAlphaEq including binder kinds and parameter order","names":["psExprApplyManyWorker","psExprApplyMany","psExprAppViewAccWorker","psExprAppViewAcc","psExprAppView","psErasureAddUniqueStringWorker","psErasureAddUniqueString"],"result":"pass"},"behavior":"independent JS application-spine and finite name-candidate expectations; typed PSC partial application","sourceScope":"Exact helper declarations and real shared Name/Level/Expr modules; full compiler integration is qualified separately.","outputs":[{"source":"reference","sourceSha256":"1db8d3fa490d53d7cfc1d1dc03b052f291b7e5a44ecbed8bddcc8ae6101a5909","coverage":{"nonApplicationHeads":11,"argumentLists":7,"prefixes":2,"suffixes":2,"nameBases":3,"usedNameListsPerBase":7,"attempts":[0,7],"typedPartialApplications":true,"expressionObservations":1694,"stringObservations":504,"observations":2198},"admissionsSha256":"df755d172dd2030e6a15b65bed21c6fcd75dc6ed9399f2ce69702ae47d23ae5f","typescriptSha256":"77f0527c13090242a35b5f2958deedfc781bab9c0be55df7aabce33b01cafdf9","javascriptSha256":"44bb5546e928bfdc01113a12d62a1421cd82d8b3bf454d764993cabd50f35177"},{"source":"current","sourceSha256":"ee87db3455e2f1f8d439926cdb1802878c91d555dbf967921b795396701ce50b","coverage":{"nonApplicationHeads":11,"argumentLists":7,"prefixes":2,"suffixes":2,"nameBases":3,"usedNameListsPerBase":7,"attempts":[0,7],"typedPartialApplications":true,"expressionObservations":1694,"stringObservations":504,"observations":2198},"admissionsSha256":"fa98a6ac1bc4c7baccc5ce5b84ffe81a5eca75497d651290f3f3277af27b0576","typescriptSha256":"01fd21a4e9565ae78718169f5be7a5ff3eb6d5002fba598c7078bc3593ce240d","javascriptSha256":"b80ac0f3256ecefa075a9774ee8080142d79c76d6f2d1104a32b803cf358e258"}],"kernelChecked":false,"exhaustiveForAllInputs":false}
2026-10-09T14:26:37.9198440Z file:///home/runner/work/pskernel/pskernel/psc0/scripts/sh1-migration-worker-abi.mjs:154
2026-10-09T14:26:37.9199077Z   throw new Error('PSC0_SH1_MIGRATION_ABI_' + operation + ': ' + String(valueTag(value.error)));
2026-10-09T14:26:37.9199443Z         ^
2026-10-09T14:26:37.9199544Z 
2026-10-09T14:26:37.9199798Z Error: PSC0_SH1_MIGRATION_ABI_ISOLATED_SIGNATURE_PROBE: leanFrontend
2026-10-09T14:26:37.9200344Z     at unwrap (file:///home/runner/work/pskernel/pskernel/psc0/scripts/sh1-migration-worker-abi.mjs:154:9)
2026-10-09T14:26:37.9200992Z     at runMigrationWorkerAbi (file:///home/runner/work/pskernel/pskernel/psc0/scripts/sh1-migration-worker-abi.mjs:245:17)
2026-10-09T14:26:37.9201633Z     at buildGeneration (file:///home/runner/work/pskernel/pskernel/psc0/scripts/sh1-qualify.mjs:363:7)
2026-10-09T14:26:37.9202173Z     at async file:///home/runner/work/pskernel/pskernel/psc0/scripts/sh1-qualify.mjs:1040:22
2026-10-09T14:26:37.9202468Z 
2026-10-09T14:26:37.9202550Z Node.js v22.23.3
2026-10-09T14:26:38.0682117Z ##[error]Process completed with exit code 1.
2026-10-09T14:26:38.0741098Z ##[group]Run actions/cache/save@v4
2026-10-09T14:26:38.0741334Z with:
2026-10-09T14:26:38.0741509Z   path: psc0/.lake/build
2026-10-09T14:26:38.0742098Z   key: psc0-sh1-current-v1-Linux-X64-487dcf7448759e74a8e7f1acfc1dfb6635a4af2bf887cbdec06f60bd08c8ffb3-ts7.0.2-f62c38c890af13b1e8ccb2a4d2650b9c7c6d2d5f
2026-10-09T14:26:38.0742703Z   enableCrossOsArchive: false
2026-10-09T14:26:38.0742905Z env:
2026-10-09T14:26:38.0743202Z   PSC0_TSC: /home/runner/work/_temp/psc0-typescript-7.0.2/node_modules/typescript/bin/tsc
2026-10-09T14:26:38.0743574Z   PSC0_TYPESCRIPT_VERSION: 7.0.2
2026-10-09T14:26:38.0743786Z ##[endgroup]
2026-10-09T14:26:38.1670695Z (node:4539) [DEP0040] DeprecationWarning: The `punycode` module is deprecated. Please use a userland alternative instead.
2026-10-09T14:26:38.1671371Z (Use `node --trace-deprecation ...` to show where the warning was created)
2026-10-09T14:26:38.1795848Z [command]/usr/bin/tar --posix -cf cache.tzst --exclude cache.tzst -P -C /home/runner/work/pskernel/pskernel --files-from manifest.txt --use-compress-program zstdmt
2026-10-09T14:26:38.6678500Z (node:4539) [DEP0169] DeprecationWarning: `url.parse()` behavior is not standardized and prone to errors that have security implications. Use the WHATWG URL API instead. CVEs are not issued for `url.parse()` vulnerabilities.
2026-10-09T14:26:39.5189047Z Sent 20230603 of 20230603 (100.0%), 22.5 MBs/sec
2026-10-09T14:26:39.6878141Z Cache saved with key: psc0-sh1-current-v1-Linux-X64-487dcf7448759e74a8e7f1acfc1dfb6635a4af2bf887cbdec06f60bd08c8ffb3-ts7.0.2-f62c38c890af13b1e8ccb2a4d2650b9c7c6d2d5f
2026-10-09T14:26:39.6979578Z ##[group]Run actions/upload-artifact@v4
2026-10-09T14:26:39.6979837Z with:
2026-10-09T14:26:39.6980091Z   name: psc0-sh1-ts7.0.2-f62c38c890af13b1e8ccb2a4d2650b9c7c6d2d5f
2026-10-09T14:26:39.6980741Z   path: psc0/dist/sh1
psc0/.selfhost-seeds
psc0/dist/sh1-seed-recovery
psc0/dist/sh1-successor-seed-recovery
psc0/dist/sh1-seed-selection
psc0/dist/typescript-profile

2026-10-09T14:26:39.6981298Z   include-hidden-files: true
2026-10-09T14:26:39.6981530Z   if-no-files-found: ignore
2026-10-09T14:26:39.6981739Z   retention-days: 30
2026-10-09T14:26:39.6981938Z   compression-level: 6
2026-10-09T14:26:39.6982128Z   overwrite: false
2026-10-09T14:26:39.6982309Z env:
2026-10-09T14:26:39.6982603Z   PSC0_TSC: /home/runner/work/_temp/psc0-typescript-7.0.2/node_modules/typescript/bin/tsc
2026-10-09T14:26:39.6982971Z   PSC0_TYPESCRIPT_VERSION: 7.0.2
2026-10-09T14:26:39.6983185Z ##[endgroup]
2026-10-09T14:26:39.8281961Z (node:4560) [DEP0040] DeprecationWarning: The `punycode` module is deprecated. Please use a userland alternative instead.
2026-10-09T14:26:39.8282964Z (Use `node --trace-deprecation ...` to show where the warning was created)
2026-10-09T14:26:39.8670177Z Multiple search paths detected. Calculating the least common ancestor of all paths
2026-10-09T14:26:39.8672884Z The least common ancestor is /home/runner/work/pskernel/pskernel/psc0. This will be the root directory of the artifact
2026-10-09T14:26:39.8673873Z With the provided path, there will be 169 files uploaded
2026-10-09T14:26:39.8678281Z Artifact name is valid!
2026-10-09T14:26:39.8678705Z Root directory input is valid!
2026-10-09T14:26:40.2064467Z Beginning upload of artifact content to blob storage
2026-10-09T14:26:40.7471708Z (node:4560) [DEP0169] DeprecationWarning: `url.parse()` behavior is not standardized and prone to errors that have security implications. Use the WHATWG URL API instead. CVEs are not issued for `url.parse()` vulnerabilities.
2026-10-09T14:26:41.3579163Z Uploaded bytes 2994357
2026-10-09T14:26:41.4249287Z Finished uploading artifact content to blob storage!
2026-10-09T14:26:41.4250272Z SHA256 digest of uploaded artifact zip is 2f124441c0d477a7cab7b987850663a299683a7e4359bd18b0f4cc952b54eae8
2026-10-09T14:26:41.4250989Z Finalizing artifact upload
2026-10-09T14:26:41.7082184Z Artifact psc0-sh1-ts7.0.2-f62c38c890af13b1e8ccb2a4d2650b9c7c6d2d5f.zip successfully finalized. Artifact ID 11622593281
2026-10-09T14:26:41.7083384Z Artifact psc0-sh1-ts7.0.2-f62c38c890af13b1e8ccb2a4d2650b9c7c6d2d5f has been successfully uploaded! Final size is 2994357 bytes. Artifact ID is 11622593281
2026-10-09T14:26:41.7089021Z Artifact download URL: https://github.com/dwijayuda/pskernel/actions/runs/37941485695/artifacts/11622593281
2026-10-09T14:26:41.7264677Z Post job cleanup.
2026-10-09T14:26:41.7966997Z [command]/usr/bin/git version
2026-10-09T14:26:41.8003719Z git version 2.55.0
2026-10-09T14:26:41.8033805Z Temporarily overriding HOME='/home/runner/work/_temp/c214cd22-149e-4189-af59-8fba85bb4f6d' before making global git config changes
2026-10-09T14:26:41.8034989Z Adding repository directory to the temporary git global config as a safe directory
2026-10-09T14:26:41.8038867Z [command]/usr/bin/git config --global --add safe.directory /home/runner/work/pskernel/pskernel
2026-10-09T14:26:41.8074181Z [command]/usr/bin/git config --local --name-only --get-regexp core\.sshCommand
2026-10-09T14:26:41.8104487Z [command]/usr/bin/git submodule foreach --recursive sh -c "git config --local --name-only --get-regexp 'core\.sshCommand' && git config --local --unset-all 'core.sshCommand' || :"
2026-10-09T14:26:41.8329164Z [command]/usr/bin/git config --local --name-only --get-regexp http\.https\:\/\/github\.com\/\.extraheader
2026-10-09T14:26:41.8365764Z http.https://github.com/.extraheader
2026-10-09T14:26:41.8367745Z [command]/usr/bin/git config --local --unset-all http.https://github.com/.extraheader
2026-10-09T14:26:41.8400772Z [command]/usr/bin/git submodule foreach --recursive sh -c "git config --local --name-only --get-regexp 'http\.https\:\/\/github\.com\/\.extraheader' && git config --local --unset-all 'http.https://github.com/.extraheader' || :"
2026-10-09T14:26:41.8626399Z [command]/usr/bin/git config --local --name-only --get-regexp ^includeIf\.gitdir:
2026-10-09T14:26:41.8667361Z [command]/usr/bin/git submodule foreach --recursive git config --local --show-origin --name-only --get-regexp remote.origin.url
2026-10-09T14:26:41.9008785Z Evaluate and set job outputs
2026-10-09T14:26:41.9013352Z Set output 'qualified'
2026-10-09T14:26:41.9014639Z Set output 'node-version'
2026-10-09T14:26:41.9015685Z Cleaning up orphan processes
2026-10-09T14:26:41.9192971Z ##[warning]Node.js 20 is deprecated. The following actions target Node.js 20 but are being forced to run on Node.js 24: actions/cache/restore@v4, actions/cache/save@v4, actions/checkout@v4, actions/github-script@v7, actions/setup-node@v4, actions/upload-artifact@v4. For more information see: https://github.blog/changelog/2025-09-19-deprecation-of-node-20-on-github-actions-runners/
