2026-10-09T13:44:59.9149708Z Current runner version: '2.337.0'
2026-10-09T13:44:59.9173797Z ##[group]Runner Image Provisioner
2026-10-09T13:44:59.9174761Z Hosted Compute Agent
2026-10-09T13:44:59.9175349Z Version: 20261002.596
2026-10-09T13:44:59.9176203Z Commit: c3d12f3313a95f25162a1503be624f3b0617f8c0
2026-10-09T13:44:59.9176960Z Build Date: 2026-10-02T22:28:27Z
2026-10-09T13:44:59.9177638Z Worker ID: {ddccbac6-e93d-4101-8ff7-9fa25d441baf}
2026-10-09T13:44:59.9178329Z Region: westus3
2026-10-09T13:44:59.9178959Z Cloud: Azure
2026-10-09T13:44:59.9179512Z ##[endgroup]
2026-10-09T13:44:59.9180813Z ##[group]Operating System
2026-10-09T13:44:59.9181423Z Ubuntu
2026-10-09T13:44:59.9181923Z 24.04.5
2026-10-09T13:44:59.9182465Z LTS
2026-10-09T13:44:59.9183005Z ##[endgroup]
2026-10-09T13:44:59.9183546Z ##[group]Runner Image
2026-10-09T13:44:59.9184156Z Image: ubuntu-24.04
2026-10-09T13:44:59.9184728Z Version: 20261004.327.1
2026-10-09T13:44:59.9186341Z Included Software: https://github.com/actions/runner-images/blob/ubuntu24/20261004.327/images/ubuntu/Ubuntu2404-Readme.md
2026-10-09T13:44:59.9187838Z Image Release: https://github.com/actions/runner-images/releases/tag/ubuntu24%2F20261004.327
2026-10-09T13:44:59.9188791Z ##[endgroup]
2026-10-09T13:44:59.9189975Z ##[group]GITHUB_TOKEN Permissions
2026-10-09T13:44:59.9192599Z Actions: read
2026-10-09T13:44:59.9193190Z Contents: read
2026-10-09T13:44:59.9193880Z Metadata: read
2026-10-09T13:44:59.9194440Z ##[endgroup]
2026-10-09T13:44:59.9197096Z Secret source: Actions
2026-10-09T13:44:59.9198070Z Cache mode: write
2026-10-09T13:44:59.9198939Z Prepare workflow directory
2026-10-09T13:44:59.9608616Z Prepare all required actions
2026-10-09T13:44:59.9658640Z Getting action download info
2026-10-09T13:45:00.3466874Z Download action repository 'actions/checkout@v4' (SHA:11d5960a326750d5838078e36cf38b85af677262)
2026-10-09T13:45:00.4311877Z Download action repository 'actions/github-script@v7' (SHA:f28e40c7f34bde8b3046d885e986cb6290c5673b)
2026-10-09T13:45:00.9396722Z Download action repository 'actions/setup-node@v4' (SHA:49933ea5288caeca8642d1e84afbd3f7d6820020)
2026-10-09T13:45:01.0459058Z Download action repository 'leanprover/lean-action@v1' (SHA:f061402b660e0c34644504b324e830f2991d4865)
2026-10-09T13:45:01.3468895Z Download action repository 'actions/cache@v4' (SHA:0057852bfaa89a56745cba8c7296529d2fc39830)
2026-10-09T13:45:01.4921482Z Download action repository 'actions/download-artifact@v4' (SHA:d3f86a106a0bac45b974a628896c90dbdf5c8093)
2026-10-09T13:45:02.3028711Z Download action repository 'actions/upload-artifact@v4' (SHA:ea165f8d65b6e75b540449e92b4886f43607fa02)
2026-10-09T13:45:02.5675968Z Getting action download info
2026-10-09T13:45:02.7050998Z Download action repository 'actions/cache@caa296126883cff596d87d8935842f9db880ef25' (SHA:caa296126883cff596d87d8935842f9db880ef25)
2026-10-09T13:45:02.9605432Z Complete job name: compiler
2026-10-09T13:45:03.0388817Z ##[group]Run actions/checkout@v4
2026-10-09T13:45:03.0389512Z with:
2026-10-09T13:45:03.0390059Z   repository: dwijayuda/pskernel
2026-10-09T13:45:03.0392796Z   token: ***
2026-10-09T13:45:03.0393205Z   ssh-strict: true
2026-10-09T13:45:03.0393672Z   ssh-user: git
2026-10-09T13:45:03.0394114Z   persist-credentials: true
2026-10-09T13:45:03.0394564Z   clean: true
2026-10-09T13:45:03.0395052Z   sparse-checkout-cone-mode: true
2026-10-09T13:45:03.0395710Z   fetch-depth: 1
2026-10-09T13:45:03.0396179Z   fetch-tags: false
2026-10-09T13:45:03.0396607Z   show-progress: true
2026-10-09T13:45:03.0397164Z   lfs: false
2026-10-09T13:45:03.0397679Z   submodules: false
2026-10-09T13:45:03.0398124Z   set-safe-directory: true
2026-10-09T13:45:03.0398615Z   allow-unsafe-pr-checkout: false
2026-10-09T13:45:03.0399275Z ##[endgroup]
2026-10-09T13:45:03.1409142Z Syncing repository: dwijayuda/pskernel
2026-10-09T13:45:03.1411250Z ##[group]Getting Git version info
2026-10-09T13:45:03.1412328Z Working directory is '/home/runner/work/pskernel/pskernel'
2026-10-09T13:45:03.1413572Z [command]/usr/bin/git version
2026-10-09T13:45:03.1432187Z git version 2.55.0
2026-10-09T13:45:03.1449439Z ##[endgroup]
2026-10-09T13:45:03.1460894Z Temporarily overriding HOME='/home/runner/work/_temp/54f3a86e-8a7f-4d99-85e5-a01f68b445fa' before making global git config changes
2026-10-09T13:45:03.1462703Z Adding repository directory to the temporary git global config as a safe directory
2026-10-09T13:45:03.1464888Z [command]/usr/bin/git config --global --add safe.directory /home/runner/work/pskernel/pskernel
2026-10-09T13:45:03.1515714Z Deleting the contents of '/home/runner/work/pskernel/pskernel'
2026-10-09T13:45:03.1522524Z ##[group]Initializing the repository
2026-10-09T13:45:03.1527909Z [command]/usr/bin/git init /home/runner/work/pskernel/pskernel
2026-10-09T13:45:03.1641488Z hint: Using 'master' as the name for the initial branch. This default branch name
2026-10-09T13:45:03.1642396Z hint: will change to "main" in Git 3.0. To configure the initial branch name
2026-10-09T13:45:03.1643167Z hint: to use in all of your new repositories, which will suppress this warning,
2026-10-09T13:45:03.1643704Z hint: call:
2026-10-09T13:45:03.1644272Z hint:
2026-10-09T13:45:03.1644986Z hint: 	git config --global init.defaultBranch <name>
2026-10-09T13:45:03.1645798Z hint:
2026-10-09T13:45:03.1646456Z hint: Names commonly chosen instead of 'master' are 'main', 'trunk' and
2026-10-09T13:45:03.1647428Z hint: 'development'. The just-created branch can be renamed via this command:
2026-10-09T13:45:03.1648162Z hint:
2026-10-09T13:45:03.1648844Z hint: 	git branch -m <name>
2026-10-09T13:45:03.1649364Z hint:
2026-10-09T13:45:03.1650037Z hint: Disable this message with "git config set advice.defaultBranchName false"
2026-10-09T13:45:03.1655316Z Initialized empty Git repository in /home/runner/work/pskernel/pskernel/.git/
2026-10-09T13:45:03.1662435Z [command]/usr/bin/git remote add origin https://github.com/dwijayuda/pskernel
2026-10-09T13:45:03.1703568Z ##[endgroup]
2026-10-09T13:45:03.1705131Z ##[group]Disabling automatic garbage collection
2026-10-09T13:45:03.1706752Z [command]/usr/bin/git config --local gc.auto 0
2026-10-09T13:45:03.1733648Z ##[endgroup]
2026-10-09T13:45:03.1734782Z ##[group]Setting up auth
2026-10-09T13:45:03.1740311Z [command]/usr/bin/git config --local --name-only --get-regexp core\.sshCommand
2026-10-09T13:45:03.1771017Z [command]/usr/bin/git submodule foreach --recursive sh -c "git config --local --name-only --get-regexp 'core\.sshCommand' && git config --local --unset-all 'core.sshCommand' || :"
2026-10-09T13:45:03.2112967Z [command]/usr/bin/git config --local --name-only --get-regexp http\.https\:\/\/github\.com\/\.extraheader
2026-10-09T13:45:03.2143184Z [command]/usr/bin/git submodule foreach --recursive sh -c "git config --local --name-only --get-regexp 'http\.https\:\/\/github\.com\/\.extraheader' && git config --local --unset-all 'http.https://github.com/.extraheader' || :"
2026-10-09T13:45:03.2330092Z [command]/usr/bin/git config --local --name-only --get-regexp ^includeIf\.gitdir:
2026-10-09T13:45:03.2357402Z [command]/usr/bin/git submodule foreach --recursive git config --local --show-origin --name-only --get-regexp remote.origin.url
2026-10-09T13:45:03.2534230Z [command]/usr/bin/git config --local http.https://github.com/.extraheader AUTHORIZATION: basic ***
2026-10-09T13:45:03.2569478Z ##[endgroup]
2026-10-09T13:45:03.2570917Z ##[group]Fetching the repository
2026-10-09T13:45:03.2579283Z [command]/usr/bin/git -c protocol.version=2 fetch --no-tags --prune --no-recurse-submodules --depth=1 origin +9ee0b1fd38dd1456a187d4675f9027440a989f2d:refs/remotes/origin/psc0/sh1-projection-grammar-v1
2026-10-09T13:45:15.4704868Z From https://github.com/dwijayuda/pskernel
2026-10-09T13:45:15.4705867Z  * [new ref]           9ee0b1fd38dd1456a187d4675f9027440a989f2d -> origin/psc0/sh1-projection-grammar-v1
2026-10-09T13:45:15.4709094Z ##[endgroup]
2026-10-09T13:45:15.4710106Z ##[group]Determining the checkout info
2026-10-09T13:45:15.4711153Z ##[endgroup]
2026-10-09T13:45:15.4723450Z [command]/usr/bin/git sparse-checkout disable
2026-10-09T13:45:15.4769585Z [command]/usr/bin/git config --local --unset-all extensions.worktreeConfig
2026-10-09T13:45:15.4816477Z ##[group]Checking out the ref
2026-10-09T13:45:15.4817808Z [command]/usr/bin/git checkout --progress --force -B psc0/sh1-projection-grammar-v1 refs/remotes/origin/psc0/sh1-projection-grammar-v1
2026-10-09T13:45:17.5782049Z Updating files:   6% (1281/20562)
2026-10-09T13:45:17.5855845Z Updating files:   6% (1283/20562)
2026-10-09T13:45:17.5939445Z Updating files:   7% (1440/20562)
2026-10-09T13:45:17.6212920Z Updating files:   8% (1645/20562)
2026-10-09T13:45:17.6362887Z Updating files:   9% (1851/20562)
2026-10-09T13:45:17.6709659Z Updating files:  10% (2057/20562)
2026-10-09T13:45:17.6812045Z Updating files:  11% (2262/20562)
2026-10-09T13:45:18.7980894Z Updating files:  12% (2468/20562)
2026-10-09T13:45:19.5230832Z Updating files:  12% (2615/20562)
2026-10-09T13:45:19.5250824Z Updating files:  12% (2617/20562)
2026-10-09T13:45:19.5333467Z Updating files:  13% (2674/20562)
2026-10-09T13:45:19.5390190Z Updating files:  14% (2879/20562)
2026-10-09T13:45:19.5476139Z Updating files:  15% (3085/20562)
2026-10-09T13:45:19.5603002Z Updating files:  16% (3290/20562)
2026-10-09T13:45:19.5680709Z Updating files:  17% (3496/20562)
2026-10-09T13:45:19.5782415Z Updating files:  18% (3702/20562)
2026-10-09T13:45:19.6082039Z Updating files:  19% (3907/20562)
2026-10-09T13:45:19.6256080Z Updating files:  20% (4113/20562)
2026-10-09T13:45:19.6333483Z Updating files:  21% (4319/20562)
2026-10-09T13:45:20.7584368Z Updating files:  22% (4524/20562)
2026-10-09T13:45:21.4959389Z Updating files:  22% (4685/20562)
2026-10-09T13:45:21.5003051Z Updating files:  23% (4730/20562)
2026-10-09T13:45:21.5034801Z Updating files:  23% (4869/20562)
2026-10-09T13:45:21.5088456Z Updating files:  24% (4935/20562)
2026-10-09T13:45:21.5180385Z Updating files:  25% (5141/20562)
2026-10-09T13:45:21.5265357Z Updating files:  26% (5347/20562)
2026-10-09T13:45:21.5333383Z Updating files:  27% (5552/20562)
2026-10-09T13:45:21.6139470Z Updating files:  28% (5758/20562)
2026-10-09T13:45:21.6336070Z Updating files:  29% (5963/20562)
2026-10-09T13:45:21.6448484Z Updating files:  30% (6169/20562)
2026-10-09T13:45:21.6576559Z Updating files:  31% (6375/20562)
2026-10-09T13:45:21.6707460Z Updating files:  32% (6580/20562)
2026-10-09T13:45:21.6838167Z Updating files:  33% (6786/20562)
2026-10-09T13:45:21.6951364Z Updating files:  34% (6992/20562)
2026-10-09T13:45:21.7081194Z Updating files:  35% (7197/20562)
2026-10-09T13:45:21.7207249Z Updating files:  36% (7403/20562)
2026-10-09T13:45:21.7293384Z Updating files:  37% (7608/20562)
2026-10-09T13:45:21.7408013Z Updating files:  38% (7814/20562)
2026-10-09T13:45:21.7556069Z Updating files:  39% (8020/20562)
2026-10-09T13:45:21.7712928Z Updating files:  40% (8225/20562)
2026-10-09T13:45:21.7808142Z Updating files:  41% (8431/20562)
2026-10-09T13:45:21.7902725Z Updating files:  42% (8637/20562)
2026-10-09T13:45:21.7972918Z Updating files:  43% (8842/20562)
2026-10-09T13:45:21.8066788Z Updating files:  44% (9048/20562)
2026-10-09T13:45:21.9436779Z Updating files:  45% (9253/20562)
2026-10-09T13:45:21.9950756Z Updating files:  46% (9459/20562)
2026-10-09T13:45:22.0840288Z Updating files:  47% (9665/20562)
2026-10-09T13:45:22.2432905Z Updating files:  48% (9870/20562)
2026-10-09T13:45:22.4766443Z Updating files:  49% (10076/20562)
2026-10-09T13:45:22.5011335Z Updating files:  50% (10281/20562)
2026-10-09T13:45:22.8504928Z Updating files:  50% (10313/20562)
2026-10-09T13:45:23.0816803Z Updating files:  51% (10487/20562)
2026-10-09T13:45:23.3576109Z Updating files:  52% (10693/20562)
2026-10-09T13:45:23.5444934Z Updating files:  53% (10898/20562)
2026-10-09T13:45:23.7282715Z Updating files:  53% (10961/20562)
2026-10-09T13:45:24.0261357Z Updating files:  54% (11104/20562)
2026-10-09T13:45:24.1237175Z Updating files:  55% (11310/20562)
2026-10-09T13:45:24.2251738Z Updating files:  56% (11515/20562)
2026-10-09T13:45:24.2599944Z Updating files:  57% (11721/20562)
2026-10-09T13:45:24.2637949Z Updating files:  58% (11926/20562)
2026-10-09T13:45:24.2675356Z Updating files:  59% (12132/20562)
2026-10-09T13:45:24.2711096Z Updating files:  60% (12338/20562)
2026-10-09T13:45:24.2750602Z Updating files:  61% (12543/20562)
2026-10-09T13:45:24.2796889Z Updating files:  62% (12749/20562)
2026-10-09T13:45:24.2846649Z Updating files:  63% (12955/20562)
2026-10-09T13:45:24.2895408Z Updating files:  64% (13160/20562)
2026-10-09T13:45:24.2955093Z Updating files:  65% (13366/20562)
2026-10-09T13:45:24.3010463Z Updating files:  66% (13571/20562)
2026-10-09T13:45:24.3064159Z Updating files:  67% (13777/20562)
2026-10-09T13:45:24.3116578Z Updating files:  68% (13983/20562)
2026-10-09T13:45:24.3168558Z Updating files:  69% (14188/20562)
2026-10-09T13:45:24.3220724Z Updating files:  70% (14394/20562)
2026-10-09T13:45:24.3276042Z Updating files:  71% (14600/20562)
2026-10-09T13:45:24.3330456Z Updating files:  72% (14805/20562)
2026-10-09T13:45:24.3381286Z Updating files:  73% (15011/20562)
2026-10-09T13:45:24.3471534Z Updating files:  74% (15216/20562)
2026-10-09T13:45:24.3525344Z Updating files:  75% (15422/20562)
2026-10-09T13:45:24.3574399Z Updating files:  76% (15628/20562)
2026-10-09T13:45:24.3622991Z Updating files:  77% (15833/20562)
2026-10-09T13:45:24.3679641Z Updating files:  78% (16039/20562)
2026-10-09T13:45:24.3731106Z Updating files:  79% (16244/20562)
2026-10-09T13:45:24.3814642Z Updating files:  80% (16450/20562)
2026-10-09T13:45:24.3851826Z Updating files:  81% (16656/20562)
2026-10-09T13:45:24.3898519Z Updating files:  82% (16861/20562)
2026-10-09T13:45:24.3947162Z Updating files:  83% (17067/20562)
2026-10-09T13:45:24.3989838Z Updating files:  84% (17273/20562)
2026-10-09T13:45:24.4024806Z Updating files:  85% (17478/20562)
2026-10-09T13:45:24.4058853Z Updating files:  86% (17684/20562)
2026-10-09T13:45:24.4083107Z Updating files:  87% (17889/20562)
2026-10-09T13:45:24.4110426Z Updating files:  88% (18095/20562)
2026-10-09T13:45:24.4149942Z Updating files:  89% (18301/20562)
2026-10-09T13:45:24.4504064Z Updating files:  90% (18506/20562)
2026-10-09T13:45:24.4570332Z Updating files:  91% (18712/20562)
2026-10-09T13:45:24.4620218Z Updating files:  92% (18918/20562)
2026-10-09T13:45:24.4667425Z Updating files:  93% (19123/20562)
2026-10-09T13:45:24.5275066Z Updating files:  94% (19329/20562)
2026-10-09T13:45:24.6314453Z Updating files:  94% (19453/20562)
2026-10-09T13:45:24.7239945Z Updating files:  95% (19534/20562)
2026-10-09T13:45:24.7858675Z Updating files:  96% (19740/20562)
2026-10-09T13:45:24.8151842Z Updating files:  97% (19946/20562)
2026-10-09T13:45:24.8757240Z Updating files:  98% (20151/20562)
2026-10-09T13:45:24.9218788Z Updating files:  99% (20357/20562)
2026-10-09T13:45:24.9219594Z Updating files: 100% (20562/20562)
2026-10-09T13:45:24.9220440Z Updating files: 100% (20562/20562), done.
2026-10-09T13:45:25.1627074Z Switched to a new branch 'psc0/sh1-projection-grammar-v1'
2026-10-09T13:45:25.1628955Z branch 'psc0/sh1-projection-grammar-v1' set up to track 'origin/psc0/sh1-projection-grammar-v1'.
2026-10-09T13:45:25.1689067Z ##[endgroup]
2026-10-09T13:45:25.1734209Z [command]/usr/bin/git log -1 --format=%H
2026-10-09T13:45:25.1758544Z 9ee0b1fd38dd1456a187d4675f9027440a989f2d
2026-10-09T13:45:25.2341911Z ##[group]Run actions/github-script@v7
2026-10-09T13:45:25.2342311Z with:
2026-10-09T13:45:25.2346993Z   script: const { mkdir, writeFile } = await import('node:fs/promises');
const path = await import('node:path');
const root = process.env.GITHUB_WORKSPACE + '/psc0';
const seeds = await import(root + '/scripts/sh1-successor-seed.mjs');
const selected = await seeds.readSelectedAuthoringSeed();
const legacy = selected.parent ?? (selected.mode === 'qualified' ? selected : null);
let legacyManifestPath = '';
if (legacy) {
  legacyManifestPath = path.join(root, 'dist/sh1-seed-selection/parent-v1.json');
  await mkdir(path.dirname(legacyManifestPath), { recursive: true });
  await writeFile(legacyManifestPath, JSON.stringify(legacy.manifest, null, 2) + '\n');
}
for (const [name, value] of Object.entries({
  mode: selected.mode,
  'full-qualification': process.env.PSC0_SH1_FULL_QUALIFICATION === 'true',
  'node-version': selected.nodeVersion,
  'source-ref': selected.sourceRef,
  'compiler-path': selected.compilerPath,
  'cache-key': selected.cacheKey,
  'cache-directory': selected.cacheDirectory,
  'artifact-run-id': selected.artifactRunId,
  'artifact-name': selected.artifactName,
  'recovery-typescript-version': selected.recoveryTypeScriptVersion,
  'has-parent': Boolean(selected.parent),
  'legacy-source-ref': legacy?.sourceRef ?? '',
  'legacy-compiler-path': legacy?.compilerPath ?? '',
  'legacy-cache-key': legacy?.cacheKey ?? '',
  'legacy-cache-directory': legacy?.cacheDirectory ?? '',
  'legacy-artifact-run-id': legacy?.artifactRunId ?? '',
  'legacy-artifact-name': legacy?.artifactName ?? '',
  'legacy-manifest-path': legacyManifestPath,
})) core.setOutput(name, value);

2026-10-09T13:45:25.2353909Z   github-token: ***
2026-10-09T13:45:25.2354276Z   debug: false
2026-10-09T13:45:25.2354596Z   user-agent: actions/github-script
2026-10-09T13:45:25.2354985Z   result-encoding: json
2026-10-09T13:45:25.2355314Z   retries: 0
2026-10-09T13:45:25.2355810Z   retry-exempt-status-codes: 400,401,403,404,422
2026-10-09T13:45:25.2356197Z env:
2026-10-09T13:45:25.2356491Z   PSC0_SH1_FULL_QUALIFICATION: true
2026-10-09T13:45:25.2356894Z ##[endgroup]
2026-10-09T13:45:25.3446811Z ##[group]Run actions/setup-node@v4
2026-10-09T13:45:25.3447215Z with:
2026-10-09T13:45:25.3447832Z   node-version: 22.23.3
2026-10-09T13:45:25.3448283Z   always-auth: false
2026-10-09T13:45:25.3448726Z   check-latest: false
2026-10-09T13:45:25.3451856Z   token: ***
2026-10-09T13:45:25.3452126Z ##[endgroup]
2026-10-09T13:45:25.4753524Z Found in cache @ /opt/hostedtoolcache/node/22.23.3/x64
2026-10-09T13:45:25.4758510Z (node:2139) [DEP0040] DeprecationWarning: The `punycode` module is deprecated. Please use a userland alternative instead.
2026-10-09T13:45:25.4759331Z (Use `node --trace-deprecation ...` to show where the warning was created)
2026-10-09T13:45:25.4761231Z ##[group]Environment details
2026-10-09T13:45:29.3063188Z node: v22.23.3
2026-10-09T13:45:29.3063693Z npm: 10.9.9
2026-10-09T13:45:29.3064089Z yarn: 1.22.22
2026-10-09T13:45:29.3065183Z ##[endgroup]
2026-10-09T13:45:29.3386528Z ##[group]Run leanprover/lean-action@v1
2026-10-09T13:45:29.3386943Z with:
2026-10-09T13:45:29.3387286Z   lake-package-directory: psc0
2026-10-09T13:45:29.3387678Z   auto-config: false
2026-10-09T13:45:29.3387976Z   build: false
2026-10-09T13:45:29.3388268Z   test: false
2026-10-09T13:45:29.3388580Z   use-github-cache: false
2026-10-09T13:45:29.3388927Z   use-mathlib-cache: false
2026-10-09T13:45:29.3389259Z   lint: default
2026-10-09T13:45:29.3389554Z   mk_all-check: false
2026-10-09T13:45:29.3389868Z   check-reservoir-eligibility: false
2026-10-09T13:45:29.3390246Z   leanchecker: false
2026-10-09T13:45:29.3390570Z   lean4checker: false
2026-10-09T13:45:29.3390920Z   nanoda: false
2026-10-09T13:45:29.3391218Z   nanoda-allow-sorry: true
2026-10-09T13:45:29.3391516Z   axiom-audit: false
2026-10-09T13:45:29.3391913Z   axiom-audit-allow: propext,Classical.choice,Quot.sound
2026-10-09T13:45:29.3392383Z   reinstall-transient-toolchain: false
2026-10-09T13:45:29.3392737Z ##[endgroup]
2026-10-09T13:45:29.3456849Z ##[start-action display=install elan;id=__leanprover_lean-action.__run]
2026-10-09T13:45:29.3494378Z ##[group]Run : Install Elan
2026-10-09T13:45:29.3494803Z [36;1m: Install Elan[0m
2026-10-09T13:45:29.3495275Z [36;1m${GITHUB_ACTION_PATH}/scripts/install_elan.sh[0m
2026-10-09T13:45:29.3720111Z shell: /usr/bin/bash --noprofile --norc -e -o pipefail {0}
2026-10-09T13:45:29.3720551Z ##[endgroup]
2026-10-09T13:45:29.3824427Z ##[group]Elan Installation Output
2026-10-09T13:45:29.4393150Z info: downloading installer
2026-10-09T13:45:30.6072488Z info: downloading https://releases.lean-lang.org/lean4/v4.34.0/lean-4.34.0-linux.tar.zst
2026-10-09T13:45:36.4906333Z info: installing /home/runner/.elan/toolchains/leanprover--lean4---v4.34.0
2026-10-09T13:45:45.8156103Z Lean (version 4.34.0, x86_64-unknown-linux-gnu, commit 293d5d0c0c3f3dded4688b3ccd6a33939ac5102b, Release)
2026-10-09T13:45:45.8638818Z Lake version 5.0.0-src+293d5d0 (Lean version 4.34.0)
2026-10-09T13:45:45.8646138Z ##[endgroup]
2026-10-09T13:45:45.8646543Z 
2026-10-09T13:45:45.8663985Z ##[end-action id=__leanprover_lean-action.__run;outcome=success;conclusion=success;duration_ms=16520]
2026-10-09T13:45:45.8669613Z ##[start-action display=configure `lean-action`;id=__leanprover_lean-action.config]
2026-10-09T13:45:45.8883046Z ##[group]Run : Configure Lean Action
2026-10-09T13:45:45.8883632Z [36;1m: Configure Lean Action[0m
2026-10-09T13:45:45.8884165Z [36;1m${GITHUB_ACTION_PATH}/scripts/config.sh[0m
2026-10-09T13:45:45.8928814Z shell: /usr/bin/bash --noprofile --norc -e -o pipefail {0}
2026-10-09T13:45:45.8929282Z env:
2026-10-09T13:45:45.8929587Z   AUTO_CONFIG: false
2026-10-09T13:45:45.8929898Z   BUILD: false
2026-10-09T13:45:45.8930239Z   TEST: false
2026-10-09T13:45:45.8930541Z   LINT: default
2026-10-09T13:45:45.8930839Z ##[endgroup]
2026-10-09T13:45:46.0317887Z ##[group]Configure lean-action
2026-10-09T13:45:46.0349094Z ##[end-action id=__leanprover_lean-action.config;outcome=success;conclusion=success;duration_ms=167]
2026-10-09T13:45:46.0351590Z ##[start-action display=reinstall transient toolchain;id=__leanprover_lean-action.__run_2]
2026-10-09T13:45:46.0358374Z ##[end-action id=__leanprover_lean-action.__run_2;outcome=skipped;conclusion=skipped;duration_ms=0]
2026-10-09T13:45:46.0361326Z ##[start-action display=ensure all files are imported;id=__leanprover_lean-action.mk_all]
2026-10-09T13:45:46.0365918Z ##[end-action id=__leanprover_lean-action.mk_all;outcome=skipped;conclusion=skipped;duration_ms=0]
2026-10-09T13:45:46.0368149Z ##[start-action display=Run actions/cache/restore@caa296126883cff596d87d8935842f9db880ef25;id=__leanprover_lean-action.__actions_cache]
2026-10-09T13:45:46.0372243Z ##[end-action id=__leanprover_lean-action.__actions_cache;outcome=skipped;conclusion=skipped;duration_ms=0]
2026-10-09T13:45:46.0374134Z ##[start-action display=detect mathlib;id=__leanprover_lean-action.detect-mathlib]
2026-10-09T13:45:46.0378428Z ##[end-action id=__leanprover_lean-action.detect-mathlib;outcome=skipped;conclusion=skipped;duration_ms=0]
2026-10-09T13:45:46.0380934Z ##[start-action display=get mathlib cache;id=__leanprover_lean-action.__run_3]
2026-10-09T13:45:46.0397572Z ##[end-action id=__leanprover_lean-action.__run_3;outcome=skipped;conclusion=skipped;duration_ms=0]
2026-10-09T13:45:46.0420765Z ##[start-action display=build dwijayuda/pskernel;id=__leanprover_lean-action.build]
2026-10-09T13:45:46.0426730Z ##[end-action id=__leanprover_lean-action.build;outcome=skipped;conclusion=skipped;duration_ms=0]
2026-10-09T13:45:46.0428968Z ##[start-action display=Run actions/cache/save@caa296126883cff596d87d8935842f9db880ef25;id=__leanprover_lean-action.__actions_cache_2]
2026-10-09T13:45:46.0432989Z ##[end-action id=__leanprover_lean-action.__actions_cache_2;outcome=skipped;conclusion=skipped;duration_ms=0]
2026-10-09T13:45:46.0436392Z ##[start-action display=test dwijayuda/pskernel;id=__leanprover_lean-action.test]
2026-10-09T13:45:46.0441546Z ##[end-action id=__leanprover_lean-action.test;outcome=skipped;conclusion=skipped;duration_ms=0]
2026-10-09T13:45:46.0444350Z ##[start-action display=lint dwijayuda/pskernel;id=__leanprover_lean-action.lint]
2026-10-09T13:45:46.0449410Z ##[end-action id=__leanprover_lean-action.lint;outcome=skipped;conclusion=skipped;duration_ms=0]
2026-10-09T13:45:46.0451433Z ##[start-action display=check reservoir eligibility;id=__leanprover_lean-action.__run_4]
2026-10-09T13:45:46.0455163Z ##[end-action id=__leanprover_lean-action.__run_4;outcome=skipped;conclusion=skipped;duration_ms=0]
2026-10-09T13:45:46.0458487Z ##[start-action display=check environment with leanchecker;id=__leanprover_lean-action.__run_5]
2026-10-09T13:45:46.0463986Z ##[end-action id=__leanprover_lean-action.__run_5;outcome=skipped;conclusion=skipped;duration_ms=0]
2026-10-09T13:45:46.0466657Z ##[start-action display=check environment with nanoda;id=__leanprover_lean-action.nanoda]
2026-10-09T13:45:46.0470523Z ##[end-action id=__leanprover_lean-action.nanoda;outcome=skipped;conclusion=skipped;duration_ms=0]
2026-10-09T13:45:46.0472959Z ##[start-action display=audit axioms with axiom-audit;id=__leanprover_lean-action.axiom-audit]
2026-10-09T13:45:46.0477090Z ##[end-action id=__leanprover_lean-action.axiom-audit;outcome=skipped;conclusion=skipped;duration_ms=0]
2026-10-09T13:45:46.0668256Z ##[group]Run npm install --prefix "$RUNNER_TEMP/psc0-typescript-7.0.2" --ignore-scripts --save-exact --no-audit --no-fund typescript@7.0.2
2026-10-09T13:45:46.0669197Z [36;1mnpm install --prefix "$RUNNER_TEMP/psc0-typescript-7.0.2" --ignore-scripts --save-exact --no-audit --no-fund typescript@7.0.2[0m
2026-10-09T13:45:46.0669979Z [36;1mnpm install --prefix "$RUNNER_TEMP/psc0-typescript-5.8.3" --ignore-scripts --save-exact --no-audit --no-fund typescript@5.8.3[0m
2026-10-09T13:45:46.0670558Z [36;1mnode --input-type=module <<'NODE'[0m
2026-10-09T13:45:46.0670915Z [36;1mimport assert from 'node:assert/strict';[0m
2026-10-09T13:45:46.0671483Z [36;1mimport { appendFileSync, copyFileSync, mkdirSync, readFileSync, realpathSync } from 'node:fs';[0m
2026-10-09T13:45:46.0671971Z [36;1mimport path from 'node:path';[0m
2026-10-09T13:45:46.0672328Z [36;1mimport { createRequire } from 'node:module';[0m
2026-10-09T13:45:46.0672825Z [36;1mimport { spawnSync } from 'node:child_process';[0m
2026-10-09T13:45:46.0673202Z [36;1mconst require = createRequire(import.meta.url);[0m
2026-10-09T13:45:46.0673668Z [36;1mconst directory = path.resolve('dist/typescript-profile/install');[0m
2026-10-09T13:45:46.0674118Z [36;1mmkdirSync(directory, { recursive: true });[0m
2026-10-09T13:45:46.0674587Z [36;1mfor (const [profile, version] of [['current', '7.0.2'], ['historical', '5.8.3']]) {[0m
2026-10-09T13:45:46.0675172Z [36;1m  const prefix = path.join(process.env.RUNNER_TEMP, 'psc0-typescript-' + version);[0m
2026-10-09T13:45:46.0675818Z [36;1m  const manifestPath = require.resolve('typescript/package.json', { paths: [prefix] });[0m
2026-10-09T13:45:46.0676376Z [36;1m  const manifest = JSON.parse(readFileSync(manifestPath, 'utf8'));[0m
2026-10-09T13:45:46.0676815Z [36;1m  assert.equal(manifest.name, 'typescript');[0m
2026-10-09T13:45:46.0677252Z [36;1m  assert.equal(manifest.version, version);[0m
2026-10-09T13:45:46.0677710Z [36;1m  const bin = typeof manifest.bin === 'string' ? manifest.bin : manifest.bin?.tsc;[0m
2026-10-09T13:45:46.0678233Z [36;1m  assert.equal(typeof bin, 'string', 'PSC0_TYPESCRIPT_BIN_METADATA');[0m
2026-10-09T13:45:46.0678764Z [36;1m  const launcher = realpathSync(path.resolve(path.dirname(manifestPath), bin));[0m
2026-10-09T13:45:46.0679348Z [36;1m  const result = spawnSync(process.execPath, [launcher, '--version'], { encoding: 'utf8' });[0m
2026-10-09T13:45:46.0679848Z [36;1m  assert.equal(result.status, 0, result.stderr);[0m
2026-10-09T13:45:46.0680371Z [36;1m  assert.equal(result.stdout.trim(), 'Version ' + version);[0m
2026-10-09T13:45:46.0680905Z [36;1m  appendFileSync(process.env.GITHUB_OUTPUT, profile + '-cli=' + launcher + '\n');[0m
2026-10-09T13:45:46.0681553Z [36;1m  copyFileSync(path.join(prefix, 'package-lock.json'), path.join(directory, profile + '-package-lock.json'));[0m
2026-10-09T13:45:46.0682184Z [36;1m  copyFileSync(manifestPath, path.join(directory, profile + '-package.json'));[0m
2026-10-09T13:45:46.0682643Z [36;1m  if (profile === 'current') {[0m
2026-10-09T13:45:46.0683163Z [36;1m    appendFileSync(process.env.GITHUB_ENV, 'PSC0_TSC=' + launcher + '\nPSC0_TYPESCRIPT_VERSION=' + version + '\n');[0m
2026-10-09T13:45:46.0683658Z [36;1m  } else {[0m
2026-10-09T13:45:46.0684248Z [36;1m    appendFileSync(process.env.GITHUB_OUTPUT, 'historical-path=' + path.join(prefix, 'node_modules/.bin') + path.delimiter + process.env.PATH + '\n');[0m
2026-10-09T13:45:46.0684851Z [36;1m  }[0m
2026-10-09T13:45:46.0685108Z [36;1m}[0m
2026-10-09T13:45:46.0685377Z [36;1mNODE[0m
2026-10-09T13:45:46.0722547Z shell: /usr/bin/bash --noprofile --norc -e -o pipefail {0}
2026-10-09T13:45:46.0723110Z ##[endgroup]
2026-10-09T13:45:49.1269576Z 
2026-10-09T13:45:49.1270345Z added 2 packages in 3s
2026-10-09T13:45:49.7394586Z 
2026-10-09T13:45:49.7395236Z added 1 package in 550ms
2026-10-09T13:45:50.0055865Z ##[group]Run node scripts/check-typescript-profile.mjs --out dist/typescript-profile/contract
2026-10-09T13:45:50.0056612Z [36;1mnode scripts/check-typescript-profile.mjs --out dist/typescript-profile/contract[0m
2026-10-09T13:45:50.0094508Z shell: /usr/bin/bash -e {0}
2026-10-09T13:45:50.0094854Z env:
2026-10-09T13:45:50.0095267Z   PSC0_TSC: /home/runner/work/_temp/psc0-typescript-7.0.2/node_modules/typescript/bin/tsc
2026-10-09T13:45:50.0095893Z   PSC0_TYPESCRIPT_VERSION: 7.0.2
2026-10-09T13:45:50.0096229Z ##[endgroup]
2026-10-09T13:45:50.5192705Z PSC0_TYPESCRIPT_PROFILE: PASS {"mode":"installed-profile-contract","report":"/home/runner/work/pskernel/pskernel/psc0/dist/typescript-profile/contract/report.json","timings":[{"phase":"positional-source-with-unrelated-config","version":"7.0.2","elapsedMs":72.75244000000004}]}
2026-10-09T13:45:50.5393270Z ##[group]Run node --check scripts/typescript-cli.mjs
2026-10-09T13:45:50.5394180Z [36;1mnode --check scripts/typescript-cli.mjs[0m
2026-10-09T13:45:50.5394852Z [36;1mnode --check scripts/check-typescript-profile.mjs[0m
2026-10-09T13:45:50.5395733Z [36;1mnode --check scripts/native-typescript-cli.test.mjs[0m
2026-10-09T13:45:50.5396449Z [36;1mnode scripts/check-native-replay-host-source.mjs[0m
2026-10-09T13:45:50.5397019Z [36;1mnode --check scripts/sh1-qualify.mjs[0m
2026-10-09T13:45:50.5397667Z [36;1mnode --check scripts/sh1-capabilities.mjs[0m
2026-10-09T13:45:50.5398318Z [36;1mnode --check scripts/sh1-check-admissions.mjs[0m
2026-10-09T13:45:50.5399009Z [36;1mnode --check scripts/generated-preparation-session.mjs[0m
2026-10-09T13:45:50.5399714Z [36;1mnode --check scripts/original-ir-inventory.mjs[0m
2026-10-09T13:45:50.5400322Z [36;1mnode --check scripts/original-ir-carrier.mjs[0m
2026-10-09T13:45:50.5401166Z [36;1mnode --check scripts/sh1-ir-checker-conformance.mjs[0m
2026-10-09T13:45:50.5401832Z [36;1mnode --check scripts/sh1-source-snapshot.mjs[0m
2026-10-09T13:45:50.5402522Z [36;1mnode --check scripts/sh1-seed-manifest.mjs[0m
2026-10-09T13:45:50.5403176Z [36;1mnode --check scripts/sh1-grammar-conformance.mjs[0m
2026-10-09T13:45:50.5403916Z [36;1mnode --check scripts/sh1-fresh-name-conformance.mjs[0m
2026-10-09T13:45:50.5404661Z [36;1mnode --check scripts/sh1-migration-worker-conformance.mjs[0m
2026-10-09T13:45:50.5405401Z [36;1mnode --check scripts/sh1-migration-worker-abi.mjs[0m
2026-10-09T13:45:50.5406357Z [36;1mnode --check scripts/sh1-projection-conformance.mjs[0m
2026-10-09T13:45:50.5407016Z [36;1mnode --check scripts/sh1-successor-seed.mjs[0m
2026-10-09T13:45:50.5407743Z [36;1mnode --check scripts/sh1-successor-seed.test.mjs[0m
2026-10-09T13:45:50.5408375Z [36;1mnode --check scripts/proofscript-source.mjs[0m
2026-10-09T13:45:50.5409012Z [36;1mnode --check scripts/proofscript-source.test.mjs[0m
2026-10-09T13:45:50.5409703Z [36;1mnode --check scripts/checked-source-snapshot.mjs[0m
2026-10-09T13:45:50.5410432Z [36;1mnode --check scripts/checked-source-snapshot.test.mjs[0m
2026-10-09T13:45:50.5411066Z [36;1mnode --check scripts/checked-seed-session.test.mjs[0m
2026-10-09T13:45:50.5411699Z [36;1mnode --check scripts/checked-build.mjs[0m
2026-10-09T13:45:50.5412285Z [36;1mnode --check scripts/checked-build.test.mjs[0m
2026-10-09T13:45:50.5413019Z [36;1mnode --check scripts/checked-algebraic-build.test.mjs[0m
2026-10-09T13:45:50.5413663Z [36;1mnode --check scripts/checked-enum-build.test.mjs[0m
2026-10-09T13:45:50.5414343Z [36;1mnode --check scripts/checked-projection-build.test.mjs[0m
2026-10-09T13:45:50.5415036Z [36;1mnode --check scripts/checked-sum-build.test.mjs[0m
2026-10-09T13:45:50.5415860Z [36;1mnode --check scripts/checked-text-build.test.mjs[0m
2026-10-09T13:45:50.5416538Z [36;1mnode --check scripts/selfhost-source-workspace.mjs[0m
2026-10-09T13:45:50.5417260Z [36;1mnode --check scripts/selfhost-source-isolation-tests.mjs[0m
2026-10-09T13:45:50.5418297Z [36;1mnode --check scripts/native-workspace-isolation.test.mjs[0m
2026-10-09T13:45:50.5419067Z [36;1mnode --check scripts/compile-with-generated.mjs[0m
2026-10-09T13:45:50.5419724Z [36;1mnode --check scripts/emit-project-with-generated.mjs[0m
2026-10-09T13:45:50.5420409Z [36;1mnode --check scripts/reemit-project-with-generated.mjs[0m
2026-10-09T13:45:50.5421120Z [36;1mnode --check scripts/translate-with-generated.mjs[0m
2026-10-09T13:45:50.5421823Z [36;1mnode --check scripts/check-elab-term-selfhost-source-syntax.mjs[0m
2026-10-09T13:45:50.5422703Z [36;1mnode --check scripts/check-proofscript-binder-replay-source.mjs[0m
2026-10-09T13:45:50.5423481Z [36;1mnode scripts/check-elab-term-selfhost-source-syntax.mjs[0m
2026-10-09T13:45:50.5424224Z [36;1mnode scripts/check-proofscript-binder-replay-source.mjs[0m
2026-10-09T13:45:50.5424934Z [36;1mnode --check scripts/sh1-iterate.mjs[0m
2026-10-09T13:45:50.5426031Z [36;1mnode --check scripts/sh1-iteration-conformance.mjs[0m
2026-10-09T13:45:50.5426785Z [36;1mnode --check scripts/sh1-foundation-conformance.mjs[0m
2026-10-09T13:45:50.5427418Z [36;1mnode --check scripts/sh1-helper-conformance.mjs[0m
2026-10-09T13:45:50.5428107Z [36;1mnode --check scripts/sh1-generic-erasure-conformance.mjs[0m
2026-10-09T13:45:50.5428770Z [36;1mnode check-psc1-source.mjs[0m
2026-10-09T13:45:50.5429338Z [36;1mnode scripts/bootstrap-root-minimality-tests.mjs[0m
2026-10-09T13:45:50.5430031Z [36;1mnode scripts/check-modular-preparation-source.mjs[0m
2026-10-09T13:45:50.5482789Z shell: /usr/bin/bash -e {0}
2026-10-09T13:45:50.5483274Z env:
2026-10-09T13:45:50.5483882Z   PSC0_TSC: /home/runner/work/_temp/psc0-typescript-7.0.2/node_modules/typescript/bin/tsc
2026-10-09T13:45:50.5484641Z   PSC0_TYPESCRIPT_VERSION: 7.0.2
2026-10-09T13:45:50.5485085Z ##[endgroup]
2026-10-09T13:45:50.6661435Z PSC2_NATIVE_REPLAY_HOST_SOURCE: PASS (installed TypeScript profiles, exact payload transport and emission integrity)
2026-10-09T13:45:51.4827305Z PSC2_ELAB_TERM_SELFHOST_SOURCE_SYNTAX: PASS (invariant-safe projection, typed-binder accumulation and typed-binder closing recursion, typed projection-reference match, explicit projection-reference expectation, explicit character conversion, explicit typed-binder expectation, local list length, and explicit Option constructors)
2026-10-09T13:45:51.5113502Z PSC2_PROOFSCRIPT_BINDER_REPLAY_SOURCE: PASS (decreasing type parser, nested binders and generated workspace boundary)
2026-10-09T13:45:51.7337890Z PSC1_SOURCE_PROFILE: PASS (bootstrap; 66 portable modules across 12 source roots)
2026-10-09T13:45:51.8025285Z PSC2_BOOTSTRAP_ROOT_MINIMALITY: PASS (1 direct imports; 61 ordered closure modules; compiler-only=61)
2026-10-09T13:45:51.8362609Z PSC2_MODULAR_PREPARATION_SOURCE: PASS (ordered shared environment, combined admission and unchanged kernel gate)
2026-10-09T13:45:51.8627346Z ##[group]Run node --test scripts/sh1-successor-seed.test.mjs
2026-10-09T13:45:51.8627994Z [36;1mnode --test scripts/sh1-successor-seed.test.mjs[0m
2026-10-09T13:45:51.8666173Z shell: /usr/bin/bash -e {0}
2026-10-09T13:45:51.8666533Z env:
2026-10-09T13:45:51.8666978Z   PSC0_TSC: /home/runner/work/_temp/psc0-typescript-7.0.2/node_modules/typescript/bin/tsc
2026-10-09T13:45:51.8667535Z   PSC0_TYPESCRIPT_VERSION: 7.0.2
2026-10-09T13:45:51.8667942Z ##[endgroup]
2026-10-09T13:45:52.0095005Z TAP version 13
2026-10-09T13:45:52.1513656Z # PSC0_SH1_SUCCESSOR_CONTRACT: PASS (14 descriptor refusals, generation ancestry, evidence-stable identity, gated selection, cache authentication, unchanged v1 routing)
2026-10-09T13:45:52.1564248Z # Subtest: scripts/sh1-successor-seed.test.mjs
2026-10-09T13:45:52.1570290Z ok 1 - scripts/sh1-successor-seed.test.mjs
2026-10-09T13:45:52.1571396Z   ---
2026-10-09T13:45:52.1571904Z   duration_ms: 150.047873
2026-10-09T13:45:52.1572526Z   type: 'test'
2026-10-09T13:45:52.1573170Z   ...
2026-10-09T13:45:52.1573614Z 1..1
2026-10-09T13:45:52.1574003Z # tests 1
2026-10-09T13:45:52.1575089Z # suites 0
2026-10-09T13:45:52.1575724Z # pass 1
2026-10-09T13:45:52.1576696Z # fail 0
2026-10-09T13:45:52.1577289Z # cancelled 0
2026-10-09T13:45:52.1577717Z # skipped 0
2026-10-09T13:45:52.1578102Z # todo 0
2026-10-09T13:45:52.1579098Z # duration_ms 163.621845
2026-10-09T13:45:52.1748558Z ##[group]Run actions/cache/restore@v4
2026-10-09T13:45:52.1748945Z with:
2026-10-09T13:45:52.1749509Z   path: psc0/.selfhost-seeds/successors/47d88158e075f766f0d146ba3a13b28744c6e196d9844c71f4e52dc7351e2225
2026-10-09T13:45:52.1750319Z   key: psc0-sh1-successor-v1-47d88158e075f766f0d146ba3a13b28744c6e196d9844c71f4e52dc7351e2225
2026-10-09T13:45:52.1750882Z   enableCrossOsArchive: false
2026-10-09T13:45:52.1751258Z   fail-on-cache-miss: false
2026-10-09T13:45:52.1751602Z   lookup-only: false
2026-10-09T13:45:52.1751930Z env:
2026-10-09T13:45:52.1752405Z   PSC0_TSC: /home/runner/work/_temp/psc0-typescript-7.0.2/node_modules/typescript/bin/tsc
2026-10-09T13:45:52.1752914Z   PSC0_TYPESCRIPT_VERSION: 7.0.2
2026-10-09T13:45:52.1753342Z ##[endgroup]
2026-10-09T13:45:52.2859410Z (node:2773) [DEP0040] DeprecationWarning: The `punycode` module is deprecated. Please use a userland alternative instead.
2026-10-09T13:45:52.2860694Z (Use `node --trace-deprecation ...` to show where the warning was created)
2026-10-09T13:45:52.5814072Z Cache hit for: psc0-sh1-successor-v1-47d88158e075f766f0d146ba3a13b28744c6e196d9844c71f4e52dc7351e2225
2026-10-09T13:45:52.5896754Z (node:2773) [DEP0169] DeprecationWarning: `url.parse()` behavior is not standardized and prone to errors that have security implications. Use the WHATWG URL API instead. CVEs are not issued for `url.parse()` vulnerabilities.
2026-10-09T13:45:53.1436795Z Received 487076 of 487076 (100.0%), 1.4 MBs/sec
2026-10-09T13:45:53.1437480Z Cache Size: ~0 MB (487076 B)
2026-10-09T13:45:53.1461029Z [command]/usr/bin/tar -xf /home/runner/work/_temp/cfb43b91-b217-4a4d-a53b-cb709cf5bd57/cache.tzst -P -C /home/runner/work/pskernel/pskernel --use-compress-program unzstd
2026-10-09T13:45:53.1583242Z Cache restored successfully
2026-10-09T13:45:53.1648427Z Cache restored from key: psc0-sh1-successor-v1-47d88158e075f766f0d146ba3a13b28744c6e196d9844c71f4e52dc7351e2225
2026-10-09T13:45:53.1747321Z ##[group]Run actions/github-script@v7
2026-10-09T13:45:53.1747707Z with:
2026-10-09T13:45:53.1749025Z   script: const root = process.env.GITHUB_WORKSPACE + '/psc0';
const seeds = await import(root + '/scripts/sh1-successor-seed.mjs');
const selected = await seeds.readSelectedAuthoringSeed();
const valid = selected.mode === 'qualified' && await seeds.verifyAuthoringSeedCache(
  root + '/' + selected.cacheDirectory, selected.manifest);
core.setOutput('qualified-valid', valid);

2026-10-09T13:45:53.1752218Z   github-token: ***
2026-10-09T13:45:53.1752540Z   debug: false
2026-10-09T13:45:53.1752849Z   user-agent: actions/github-script
2026-10-09T13:45:53.1753227Z   result-encoding: json
2026-10-09T13:45:53.1753699Z   retries: 0
2026-10-09T13:45:53.1754027Z   retry-exempt-status-codes: 400,401,403,404,422
2026-10-09T13:45:53.1754427Z env:
2026-10-09T13:45:53.1754860Z   PSC0_TSC: /home/runner/work/_temp/psc0-typescript-7.0.2/node_modules/typescript/bin/tsc
2026-10-09T13:45:53.1755885Z   PSC0_TYPESCRIPT_VERSION: 7.0.2
2026-10-09T13:45:53.1756287Z ##[endgroup]
2026-10-09T13:45:53.2921604Z ##[group]Run actions/github-script@v7
2026-10-09T13:45:53.2921949Z with:
2026-10-09T13:45:53.2924350Z   script: const root = process.env.GITHUB_WORKSPACE + '/psc0';
const seeds = await import(root + '/scripts/sh1-successor-seed.mjs');
const selected = await seeds.readSelectedAuthoringSeed();
const selectedValid = process.env.PSC0_SELECTED_SEED_VALID === 'true';
const legacy = selected.parent ?? (selected.mode === 'qualified' ? selected : null);
const legacyValid = legacy && await seeds.verifyAuthoringSeedCache(
  root + '/' + legacy.cacheDirectory, legacy.manifest);
core.setOutput('qualified-valid', selectedValid);
core.setOutput('needs-historical', !selectedValid && !legacyValid);
core.setOutput('needs-qualified-recovery', !selectedValid && Boolean(legacy) && !legacyValid);
core.setOutput('needs-successor-recovery', !selectedValid && Boolean(selected.parent));

2026-10-09T13:45:53.2930470Z   github-token: ***
2026-10-09T13:45:53.2930921Z   debug: false
2026-10-09T13:45:53.2931392Z   user-agent: actions/github-script
2026-10-09T13:45:53.2932008Z   result-encoding: json
2026-10-09T13:45:53.2932511Z   retries: 0
2026-10-09T13:45:53.2932976Z   retry-exempt-status-codes: 400,401,403,404,422
2026-10-09T13:45:53.2933559Z env:
2026-10-09T13:45:53.2934317Z   PSC0_TSC: /home/runner/work/_temp/psc0-typescript-7.0.2/node_modules/typescript/bin/tsc
2026-10-09T13:45:53.2935088Z   PSC0_TYPESCRIPT_VERSION: 7.0.2
2026-10-09T13:45:53.2935591Z   PSC0_SELECTED_SEED_VALID: true
2026-10-09T13:45:53.2935962Z ##[endgroup]
2026-10-09T13:45:53.3860956Z ##[group]Run node --input-type=module <<'NODE'
2026-10-09T13:45:53.3861622Z [36;1mnode --input-type=module <<'NODE'[0m
2026-10-09T13:45:53.3862081Z [36;1mimport assert from 'node:assert/strict';[0m
2026-10-09T13:45:53.3862522Z [36;1mimport path from 'node:path';[0m
2026-10-09T13:45:53.3862974Z [36;1mimport { spawnSync } from 'node:child_process';[0m
2026-10-09T13:45:53.3863743Z [36;1mimport { readSelectedAuthoringSeed, verifyAuthoringSeedCache } from './scripts/sh1-successor-seed.mjs';[0m
2026-10-09T13:45:53.3864549Z [36;1mconst selected = await readSelectedAuthoringSeed();[0m
2026-10-09T13:45:53.3865338Z [36;1massert(await verifyAuthoringSeedCache(path.resolve(selected.cacheDirectory), selected.manifest),[0m
2026-10-09T13:45:53.3866377Z [36;1m  'PSC0_SH1_SELECTED_CACHE_REQUIRED');[0m
2026-10-09T13:45:53.3866853Z [36;1mconst capture = args => {[0m
2026-10-09T13:45:53.3867428Z [36;1m  const result = spawnSync('lean', args, { encoding: 'utf8' });[0m
2026-10-09T13:45:53.3868011Z [36;1m  assert.equal(result.status, 0, result.stderr);[0m
2026-10-09T13:45:53.3868469Z [36;1m  return result.stdout.trim();[0m
2026-10-09T13:45:53.3868860Z [36;1m};[0m
2026-10-09T13:45:53.3869400Z [36;1mconst { typescript, ...expectedRuntime } = selected.manifest.toolchain;[0m
2026-10-09T13:45:53.3870223Z [36;1massert.equal(typescript, 'Version ' + selected.recoveryTypeScriptVersion);[0m
2026-10-09T13:45:53.3870769Z [36;1massert.deepEqual({[0m
2026-10-09T13:45:53.3871271Z [36;1m  node: process.version, platform: process.platform, architecture: process.arch,[0m
2026-10-09T13:45:53.3871923Z [36;1m  lean: capture(['--version']), leanGitHash: capture(['--githash']),[0m
2026-10-09T13:45:53.3872478Z [36;1m}, expectedRuntime, 'PSC0_SH1_SELECTED_EXECUTION_RUNTIME');[0m
2026-10-09T13:45:53.3873077Z [36;1mNODE[0m
2026-10-09T13:45:53.3925376Z shell: /usr/bin/bash -e {0}
2026-10-09T13:45:53.3925883Z env:
2026-10-09T13:45:53.3926422Z   PSC0_TSC: /home/runner/work/_temp/psc0-typescript-7.0.2/node_modules/typescript/bin/tsc
2026-10-09T13:45:53.3927022Z   PSC0_TYPESCRIPT_VERSION: 7.0.2
2026-10-09T13:45:53.3927367Z ##[endgroup]
2026-10-09T13:45:53.5307231Z ##[group]Run node --input-type=module <<'NODE'
2026-10-09T13:45:53.5307855Z [36;1mnode --input-type=module <<'NODE'[0m
2026-10-09T13:45:53.5308328Z [36;1mimport { readFile } from 'node:fs/promises';[0m
2026-10-09T13:45:53.5308791Z [36;1mconst paths = [[0m
2026-10-09T13:45:53.5309301Z [36;1m  '../qualified-artifact/dist/sh1/C3/original-ir-inventory.json',[0m
2026-10-09T13:45:53.5309976Z [36;1m  'dist/sh1-seed-recovery/C2/original-ir-inventory.json',[0m
2026-10-09T13:45:53.5310475Z [36;1m];[0m
2026-10-09T13:45:53.5310803Z [36;1mlet reported = false;[0m
2026-10-09T13:45:53.5311207Z [36;1mfor (const path of paths) {[0m
2026-10-09T13:45:53.5311616Z [36;1m  let report;[0m
2026-10-09T13:45:53.5312096Z [36;1m  try { report = JSON.parse(await readFile(path, 'utf8')); }[0m
2026-10-09T13:45:53.5312637Z [36;1m  catch (error) {[0m
2026-10-09T13:45:53.5313371Z [36;1m    if (error.code !== 'ENOENT') console.log('PSC0_SH1_IR_DETAIL_UNAVAILABLE: ' + path + ': ' + error.message);[0m
2026-10-09T13:45:53.5314099Z [36;1m    continue;[0m
2026-10-09T13:45:53.5314435Z [36;1m  }[0m
2026-10-09T13:45:53.5315267Z [36;1m  if (report?.kind !== 'psc0-original-ir-inventory' || !Array.isArray(report.findings)) {[0m
2026-10-09T13:45:53.5316367Z [36;1m    console.log('PSC0_SH1_IR_DETAIL_UNAVAILABLE: ' + path + ': unexpected report shape');[0m
2026-10-09T13:45:53.5317106Z [36;1m    continue;[0m
2026-10-09T13:45:53.5317441Z [36;1m  }[0m
2026-10-09T13:45:53.5317977Z [36;1m  const findings = report.findings.filter(item => item?.code === 'call-type-arity');[0m
2026-10-09T13:45:53.5318759Z [36;1m  console.log('PSC0_SH1_IR_DETAIL_COUNTS: ' + JSON.stringify({[0m
2026-10-09T13:45:53.5319603Z [36;1m    path, traversalComplete: report.traversalComplete, findingCounts: report.findingCounts,[0m
2026-10-09T13:45:53.5320612Z [36;1m    printedTypeArityFindings: findings.length, omittedFindingDetails: report.omittedFindingDetails,[0m
2026-10-09T13:45:53.5321352Z [36;1m  }));[0m
2026-10-09T13:45:53.5321978Z [36;1m  for (const finding of findings) console.log('PSC0_SH1_IR_TYPE_ARITY: ' + JSON.stringify(finding));[0m
2026-10-09T13:45:53.5322698Z [36;1m  reported = true;[0m
2026-10-09T13:45:53.5323043Z [36;1m  break;[0m
2026-10-09T13:45:53.5323355Z [36;1m}[0m
2026-10-09T13:45:53.5323974Z [36;1mif (!reported) console.log('PSC0_SH1_IR_DETAIL_SKIP: no readable retained or recovery original-IR report');[0m
2026-10-09T13:45:53.5324680Z [36;1mNODE[0m
2026-10-09T13:45:53.5376512Z shell: /usr/bin/bash -e {0}
2026-10-09T13:45:53.5376926Z env:
2026-10-09T13:45:53.5377497Z   PSC0_TSC: /home/runner/work/_temp/psc0-typescript-7.0.2/node_modules/typescript/bin/tsc
2026-10-09T13:45:53.5378261Z   PSC0_TYPESCRIPT_VERSION: 7.0.2
2026-10-09T13:45:53.5378665Z ##[endgroup]
2026-10-09T13:45:53.5700596Z PSC0_SH1_IR_DETAIL_SKIP: no readable retained or recovery original-IR report
2026-10-09T13:45:53.6773363Z ##[group]Run actions/cache/restore@v4
2026-10-09T13:45:53.6773647Z with:
2026-10-09T13:45:53.6773858Z   path: psc0/.lake/build
2026-10-09T13:45:53.6774495Z   key: psc0-sh1-current-v1-Linux-X64-487dcf7448759e74a8e7f1acfc1dfb6635a4af2bf887cbdec06f60bd08c8ffb3-ts7.0.2-9ee0b1fd38dd1456a187d4675f9027440a989f2d
2026-10-09T13:45:53.6775418Z   restore-keys: psc0-sh1-current-v1-Linux-X64-487dcf7448759e74a8e7f1acfc1dfb6635a4af2bf887cbdec06f60bd08c8ffb3-

2026-10-09T13:45:53.6776258Z   enableCrossOsArchive: false
2026-10-09T13:45:53.6776533Z   fail-on-cache-miss: false
2026-10-09T13:45:53.6776788Z   lookup-only: false
2026-10-09T13:45:53.6777022Z env:
2026-10-09T13:45:53.6777376Z   PSC0_TSC: /home/runner/work/_temp/psc0-typescript-7.0.2/node_modules/typescript/bin/tsc
2026-10-09T13:45:53.6777798Z   PSC0_TYPESCRIPT_VERSION: 7.0.2
2026-10-09T13:45:53.6778053Z ##[endgroup]
2026-10-09T13:45:53.7709616Z (node:2867) [DEP0040] DeprecationWarning: The `punycode` module is deprecated. Please use a userland alternative instead.
2026-10-09T13:45:53.7710282Z (Use `node --trace-deprecation ...` to show where the warning was created)
2026-10-09T13:45:53.9924148Z Cache hit for restore-key: psc0-sh1-current-v1-Linux-X64-487dcf7448759e74a8e7f1acfc1dfb6635a4af2bf887cbdec06f60bd08c8ffb3-ts7.0.2-fe2560aba0f347b1caf8d000d371464642d44f23
2026-10-09T13:45:54.0036066Z (node:2867) [DEP0169] DeprecationWarning: `url.parse()` behavior is not standardized and prone to errors that have security implications. Use the WHATWG URL API instead. CVEs are not issued for `url.parse()` vulnerabilities.
2026-10-09T13:45:55.2257008Z Received 16037025 of 20231329 (79.3%), 15.3 MBs/sec
2026-10-09T13:45:55.3257242Z Received 20231329 of 20231329 (100.0%), 17.5 MBs/sec
2026-10-09T13:45:55.3257662Z Cache Size: ~19 MB (20231329 B)
2026-10-09T13:45:55.3281573Z [command]/usr/bin/tar -xf /home/runner/work/_temp/6adcd962-754a-44f9-86d0-8fdb162460ff/cache.tzst -P -C /home/runner/work/pskernel/pskernel --use-compress-program unzstd
2026-10-09T13:45:55.4573054Z Cache restored successfully
2026-10-09T13:45:55.4645344Z Cache restored from key: psc0-sh1-current-v1-Linux-X64-487dcf7448759e74a8e7f1acfc1dfb6635a4af2bf887cbdec06f60bd08c8ffb3-ts7.0.2-fe2560aba0f347b1caf8d000d371464642d44f23
2026-10-09T13:45:55.4717862Z ##[group]Run lake build psc1 psc1_ir_check_tests psc1_tests psc1_translation_tests psc1_erasure_tests
2026-10-09T13:45:55.4718439Z [36;1mlake build psc1 psc1_ir_check_tests psc1_tests psc1_translation_tests psc1_erasure_tests[0m
2026-10-09T13:45:55.4755431Z shell: /usr/bin/bash -e {0}
2026-10-09T13:45:55.4755996Z env:
2026-10-09T13:45:55.4756352Z   PSC0_TSC: /home/runner/work/_temp/psc0-typescript-7.0.2/node_modules/typescript/bin/tsc
2026-10-09T13:45:55.4756758Z   PSC0_TYPESCRIPT_VERSION: 7.0.2
2026-10-09T13:45:55.4756996Z ##[endgroup]
2026-10-09T13:45:56.6834178Z ⚠ [2/62] Replayed Ps.Syntax.Cursor
2026-10-09T13:45:56.6841767Z warning: packages/syntax/src/Ps/Syntax/Cursor.lean:51:14: Variable name `head` is not explicitly referenced.
2026-10-09T13:45:56.6906144Z 
2026-10-09T13:45:56.6937329Z Hint: The binding can be removed (if unused) or named `_` (if used implicitly). Alternatively, prefix the name with `_` to silence this warning:
2026-10-09T13:45:56.6946949Z   [apply] _head
2026-10-09T13:45:56.6971151Z 
2026-10-09T13:45:56.6996646Z Note: This linter can be disabled with `set_option linter.unusedVariables false`
2026-10-09T13:45:56.6998842Z warning: packages/syntax/src/Ps/Syntax/Cursor.lean:51:19: Variable name `tail` is not explicitly referenced.
2026-10-09T13:45:56.7000172Z 
2026-10-09T13:45:56.7056346Z Hint: The binding can be removed (if unused) or named `_` (if used implicitly). Alternatively, prefix the name with `_` to silence this warning:
2026-10-09T13:45:56.7080607Z   [apply] _tail
2026-10-09T13:45:56.7105960Z 
2026-10-09T13:45:56.7116790Z Note: This linter can be disabled with `set_option linter.unusedVariables false`
2026-10-09T13:45:56.7118801Z warning: packages/syntax/src/Ps/Syntax/Cursor.lean:56:19: Variable name `rest` is not explicitly referenced.
2026-10-09T13:45:56.7121032Z 
2026-10-09T13:45:56.7127512Z Hint: The binding can be removed (if unused) or named `_` (if used implicitly). Alternatively, prefix the name with `_` to silence this warning:
2026-10-09T13:45:56.7165987Z   [apply] _rest
2026-10-09T13:45:56.7195820Z 
2026-10-09T13:45:56.7226412Z Note: This linter can be disabled with `set_option linter.unusedVariables false`
2026-10-09T13:45:56.7251836Z warning: packages/syntax/src/Ps/Syntax/Cursor.lean:89:14: Variable name `first` is not explicitly referenced.
2026-10-09T13:45:56.7281531Z 
2026-10-09T13:45:56.7289065Z Hint: The binding can be removed (if unused) or named `_` (if used implicitly). Alternatively, prefix the name with `_` to silence this warning:
2026-10-09T13:45:56.7296446Z   [apply] _first
2026-10-09T13:45:56.7296757Z 
2026-10-09T13:45:56.7297321Z Note: This linter can be disabled with `set_option linter.unusedVariables false`
2026-10-09T13:45:56.7298565Z warning: packages/syntax/src/Ps/Syntax/Cursor.lean:92:25: Variable name `tail` is not explicitly referenced.
2026-10-09T13:45:56.7299266Z 
2026-10-09T13:45:56.7300171Z Hint: The binding can be removed (if unused) or named `_` (if used implicitly). Alternatively, prefix the name with `_` to silence this warning:
2026-10-09T13:45:56.7301102Z   [apply] _tail
2026-10-09T13:45:56.7301396Z 
2026-10-09T13:45:56.7301938Z Note: This linter can be disabled with `set_option linter.unusedVariables false`
2026-10-09T13:45:56.7302969Z ⚠ [4/62] Replayed Ps.Syntax.Lexer
2026-10-09T13:45:56.7303930Z warning: packages/syntax/src/Ps/Syntax/Lexer.lean:89:11: Variable name `depth` is not explicitly referenced.
2026-10-09T13:45:56.7304568Z 
2026-10-09T13:45:56.7305298Z Hint: The binding can be removed (if unused) or named `_` (if used implicitly). Alternatively, prefix the name with `_` to silence this warning:
2026-10-09T13:45:56.7306346Z   [apply] _depth
2026-10-09T13:45:56.7306598Z 
2026-10-09T13:45:56.7307067Z Note: This linter can be disabled with `set_option linter.unusedVariables false`
2026-10-09T13:45:56.7308074Z warning: packages/syntax/src/Ps/Syntax/Lexer.lean:89:25: Variable name `remaining` is not explicitly referenced.
2026-10-09T13:45:56.7308700Z 
2026-10-09T13:45:56.7309940Z Hint: The binding can be removed (if unused) or named `_` (if used implicitly). Alternatively, prefix the name with `_` to silence this warning:
2026-10-09T13:45:56.7310909Z   [apply] _remaining
2026-10-09T13:45:56.7311191Z 
2026-10-09T13:45:56.7311632Z Note: This linter can be disabled with `set_option linter.unusedVariables false`
2026-10-09T13:45:56.7312628Z warning: packages/syntax/src/Ps/Syntax/Lexer.lean:406:11: Variable name `remaining` is not explicitly referenced.
2026-10-09T13:45:56.7313245Z 
2026-10-09T13:45:56.7313990Z Hint: The binding can be removed (if unused) or named `_` (if used implicitly). Alternatively, prefix the name with `_` to silence this warning:
2026-10-09T13:45:56.7314782Z   [apply] _remaining
2026-10-09T13:45:56.7315047Z 
2026-10-09T13:45:56.7315632Z Note: This linter can be disabled with `set_option linter.unusedVariables false`
2026-10-09T13:45:56.7316697Z warning: packages/syntax/src/Ps/Syntax/Lexer.lean:406:82: Variable name `charsRev` is not explicitly referenced.
2026-10-09T13:45:56.7317311Z 
2026-10-09T13:45:56.7318102Z Hint: The binding can be removed (if unused) or named `_` (if used implicitly). Alternatively, prefix the name with `_` to silence this warning:
2026-10-09T13:45:56.7318900Z   [apply] _charsRev
2026-10-09T13:45:56.7319178Z 
2026-10-09T13:45:56.7319648Z Note: This linter can be disabled with `set_option linter.unusedVariables false`
2026-10-09T13:45:56.7320464Z ⚠ [7/62] Replayed Ps.Syntax.ParserState
2026-10-09T13:45:56.7321357Z warning: packages/syntax/src/Ps/Syntax/ParserState.lean:30:20: Variable name `rest` is not explicitly referenced.
2026-10-09T13:45:56.7322031Z 
2026-10-09T13:45:56.7322839Z Hint: The binding can be removed (if unused) or named `_` (if used implicitly). Alternatively, prefix the name with `_` to silence this warning:
2026-10-09T13:45:56.7323712Z   [apply] _rest
2026-10-09T13:45:56.7323995Z 
2026-10-09T13:45:56.7324486Z Note: This linter can be disabled with `set_option linter.unusedVariables false`
2026-10-09T13:45:56.7325293Z ⚠ [19/62] Replayed Ps.Core.Abstract
2026-10-09T13:45:56.7326450Z warning: packages/core/src/Ps/Core/Abstract.lean:8:11: Variable name `depth` is not explicitly referenced.
2026-10-09T13:45:56.7327119Z 
2026-10-09T13:45:56.7327956Z Hint: The binding can be removed (if unused) or named `_` (if used implicitly). Alternatively, prefix the name with `_` to silence this warning:
2026-10-09T13:45:56.7328839Z   [apply] _depth
2026-10-09T13:45:56.7329123Z 
2026-10-09T13:45:56.7329611Z Note: This linter can be disabled with `set_option linter.unusedVariables false`
2026-10-09T13:45:56.7330801Z warning: packages/core/src/Ps/Core/Abstract.lean:16:11: Variable name `depth` is not explicitly referenced.
2026-10-09T13:45:56.7331426Z 
2026-10-09T13:45:56.7332227Z Hint: The binding can be removed (if unused) or named `_` (if used implicitly). Alternatively, prefix the name with `_` to silence this warning:
2026-10-09T13:45:56.7333121Z   [apply] _depth
2026-10-09T13:45:56.7333402Z 
2026-10-09T13:45:56.7333911Z Note: This linter can be disabled with `set_option linter.unusedVariables false`
2026-10-09T13:45:56.7334984Z warning: packages/core/src/Ps/Core/Abstract.lean:18:11: Variable name `depth` is not explicitly referenced.
2026-10-09T13:45:56.7335764Z 
2026-10-09T13:45:56.7336609Z Hint: The binding can be removed (if unused) or named `_` (if used implicitly). Alternatively, prefix the name with `_` to silence this warning:
2026-10-09T13:45:56.7337518Z   [apply] _depth
2026-10-09T13:45:56.7337796Z 
2026-10-09T13:45:56.7338309Z Note: This linter can be disabled with `set_option linter.unusedVariables false`
2026-10-09T13:45:56.7339391Z warning: packages/core/src/Ps/Core/Abstract.lean:20:11: Variable name `depth` is not explicitly referenced.
2026-10-09T13:45:56.7340047Z 
2026-10-09T13:45:56.7340875Z Hint: The binding can be removed (if unused) or named `_` (if used implicitly). Alternatively, prefix the name with `_` to silence this warning:
2026-10-09T13:45:56.7341768Z   [apply] _depth
2026-10-09T13:45:56.7342042Z 
2026-10-09T13:45:56.7342784Z Note: This linter can be disabled with `set_option linter.unusedVariables false`
2026-10-09T13:45:56.7343996Z warning: packages/core/src/Ps/Core/Abstract.lean:66:11: Variable name `depth` is not explicitly referenced.
2026-10-09T13:45:56.7344803Z 
2026-10-09T13:45:56.7345754Z Hint: The binding can be removed (if unused) or named `_` (if used implicitly). Alternatively, prefix the name with `_` to silence this warning:
2026-10-09T13:45:56.7347092Z   [apply] _depth
2026-10-09T13:45:56.7347437Z 
2026-10-09T13:45:56.7347971Z Note: This linter can be disabled with `set_option linter.unusedVariables false`
2026-10-09T13:45:56.7348828Z ⚠ [20/62] Replayed Ps.Core.Subst
2026-10-09T13:45:56.7349701Z warning: packages/core/src/Ps/Core/Subst.lean:14:11: Variable name `cutoff` is not explicitly referenced.
2026-10-09T13:45:56.7350360Z 
2026-10-09T13:45:56.7351264Z Hint: The binding can be removed (if unused) or named `_` (if used implicitly). Alternatively, prefix the name with `_` to silence this warning:
2026-10-09T13:45:56.7352180Z   [apply] _cutoff
2026-10-09T13:45:56.7352491Z 
2026-10-09T13:45:56.7352982Z Note: This linter can be disabled with `set_option linter.unusedVariables false`
2026-10-09T13:45:56.7353997Z warning: packages/core/src/Ps/Core/Subst.lean:16:11: Variable name `cutoff` is not explicitly referenced.
2026-10-09T13:45:56.7354633Z 
2026-10-09T13:45:56.7355466Z Hint: The binding can be removed (if unused) or named `_` (if used implicitly). Alternatively, prefix the name with `_` to silence this warning:
2026-10-09T13:45:56.7356580Z   [apply] _cutoff
2026-10-09T13:45:56.7356859Z 
2026-10-09T13:45:56.7357371Z Note: This linter can be disabled with `set_option linter.unusedVariables false`
2026-10-09T13:45:56.7358453Z warning: packages/core/src/Ps/Core/Subst.lean:18:11: Variable name `cutoff` is not explicitly referenced.
2026-10-09T13:45:56.7359089Z 
2026-10-09T13:45:56.7359945Z Hint: The binding can be removed (if unused) or named `_` (if used implicitly). Alternatively, prefix the name with `_` to silence this warning:
2026-10-09T13:45:56.7360878Z   [apply] _cutoff
2026-10-09T13:45:56.7361162Z 
2026-10-09T13:45:56.7361667Z Note: This linter can be disabled with `set_option linter.unusedVariables false`
2026-10-09T13:45:56.7362733Z warning: packages/core/src/Ps/Core/Subst.lean:20:11: Variable name `cutoff` is not explicitly referenced.
2026-10-09T13:45:56.7363362Z 
2026-10-09T13:45:56.7364165Z Hint: The binding can be removed (if unused) or named `_` (if used implicitly). Alternatively, prefix the name with `_` to silence this warning:
2026-10-09T13:45:56.7365034Z   [apply] _cutoff
2026-10-09T13:45:56.7365316Z 
2026-10-09T13:45:56.7365951Z Note: This linter can be disabled with `set_option linter.unusedVariables false`
2026-10-09T13:45:56.7367040Z warning: packages/core/src/Ps/Core/Subst.lean:66:11: Variable name `cutoff` is not explicitly referenced.
2026-10-09T13:45:56.7367671Z 
2026-10-09T13:45:56.7368505Z Hint: The binding can be removed (if unused) or named `_` (if used implicitly). Alternatively, prefix the name with `_` to silence this warning:
2026-10-09T13:45:56.7369411Z   [apply] _cutoff
2026-10-09T13:45:56.7369692Z 
2026-10-09T13:45:56.7370227Z Note: This linter can be disabled with `set_option linter.unusedVariables false`
2026-10-09T13:45:56.7371299Z warning: packages/core/src/Ps/Core/Subst.lean:94:11: Variable name `depth` is not explicitly referenced.
2026-10-09T13:45:56.7371929Z 
2026-10-09T13:45:56.7372774Z Hint: The binding can be removed (if unused) or named `_` (if used implicitly). Alternatively, prefix the name with `_` to silence this warning:
2026-10-09T13:45:56.7373680Z   [apply] _depth
2026-10-09T13:45:56.7373954Z 
2026-10-09T13:45:56.7374471Z Note: This linter can be disabled with `set_option linter.unusedVariables false`
2026-10-09T13:45:56.7375668Z warning: packages/core/src/Ps/Core/Subst.lean:96:11: Variable name `depth` is not explicitly referenced.
2026-10-09T13:45:56.7376446Z 
2026-10-09T13:45:56.7377554Z Hint: The binding can be removed (if unused) or named `_` (if used implicitly). Alternatively, prefix the name with `_` to silence this warning:
2026-10-09T13:45:56.7378577Z   [apply] _depth
2026-10-09T13:45:56.7378868Z 
2026-10-09T13:45:56.7379377Z Note: This linter can be disabled with `set_option linter.unusedVariables false`
2026-10-09T13:45:56.7380532Z warning: packages/core/src/Ps/Core/Subst.lean:98:11: Variable name `depth` is not explicitly referenced.
2026-10-09T13:45:56.7381206Z 
2026-10-09T13:45:56.7382269Z Hint: The binding can be removed (if unused) or named `_` (if used implicitly). Alternatively, prefix the name with `_` to silence this warning:
2026-10-09T13:45:56.7383289Z   [apply] _depth
2026-10-09T13:45:56.7383565Z 
2026-10-09T13:45:56.7384026Z Note: This linter can be disabled with `set_option linter.unusedVariables false`
2026-10-09T13:45:56.7384982Z warning: packages/core/src/Ps/Core/Subst.lean:100:11: Variable name `depth` is not explicitly referenced.
2026-10-09T13:45:56.7385652Z 
2026-10-09T13:45:56.7386433Z Hint: The binding can be removed (if unused) or named `_` (if used implicitly). Alternatively, prefix the name with `_` to silence this warning:
2026-10-09T13:45:56.7387242Z   [apply] _depth
2026-10-09T13:45:56.7387499Z 
2026-10-09T13:45:56.7387968Z Note: This linter can be disabled with `set_option linter.unusedVariables false`
2026-10-09T13:45:56.7388926Z warning: packages/core/src/Ps/Core/Subst.lean:146:11: Variable name `depth` is not explicitly referenced.
2026-10-09T13:45:56.7389514Z 
2026-10-09T13:45:56.7390296Z Hint: The binding can be removed (if unused) or named `_` (if used implicitly). Alternatively, prefix the name with `_` to silence this warning:
2026-10-09T13:45:56.7391130Z   [apply] _depth
2026-10-09T13:45:56.7391378Z 
2026-10-09T13:45:56.7391967Z Note: This linter can be disabled with `set_option linter.unusedVariables false`
2026-10-09T13:45:56.7392789Z ⚠ [31/62] Replayed Ps.Core.LevelSubst
2026-10-09T13:45:56.7393681Z warning: packages/core/src/Ps/Core/LevelSubst.lean:8:11: Variable name `arguments` is not explicitly referenced.
2026-10-09T13:45:56.7394308Z 
2026-10-09T13:45:56.7395088Z Hint: The binding can be removed (if unused) or named `_` (if used implicitly). Alternatively, prefix the name with `_` to silence this warning:
2026-10-09T13:45:56.7396086Z   [apply] _arguments
2026-10-09T13:45:56.7396362Z 
2026-10-09T13:45:56.7396840Z Note: This linter can be disabled with `set_option linter.unusedVariables false`
2026-10-09T13:45:56.7397851Z warning: packages/core/src/Ps/Core/LevelSubst.lean:9:13: Variable name `target` is not explicitly referenced.
2026-10-09T13:45:56.7398475Z 
2026-10-09T13:45:56.7399214Z Hint: The binding can be removed (if unused) or named `_` (if used implicitly). Alternatively, prefix the name with `_` to silence this warning:
2026-10-09T13:45:56.7400005Z   [apply] _target
2026-10-09T13:45:56.7400248Z 
2026-10-09T13:45:56.7400692Z Note: This linter can be disabled with `set_option linter.unusedVariables false`
2026-10-09T13:45:56.7401445Z ⚠ [32/62] Replayed Ps.Meta.LevelContext
2026-10-09T13:45:56.7402303Z warning: packages/meta/src/Ps/Meta/LevelContext.lean:59:4: Variable name `assignment` is not explicitly referenced.
2026-10-09T13:45:56.7402919Z 
2026-10-09T13:45:56.7403649Z Hint: The binding can be removed (if unused) or named `_` (if used implicitly). Alternatively, prefix the name with `_` to silence this warning:
2026-10-09T13:45:56.7404444Z   [apply] _assignment
2026-10-09T13:45:56.7404715Z 
2026-10-09T13:45:56.7405155Z Note: This linter can be disabled with `set_option linter.unusedVariables false`
2026-10-09T13:45:56.7406004Z ⚠ [37/62] Replayed Ps.Meta.Unify
2026-10-09T13:45:56.7406818Z warning: packages/meta/src/Ps/Meta/Unify.lean:90:11: Variable name `environment` is not explicitly referenced.
2026-10-09T13:45:56.7407406Z 
2026-10-09T13:45:56.7408172Z Hint: The binding can be removed (if unused) or named `_` (if used implicitly). Alternatively, prefix the name with `_` to silence this warning:
2026-10-09T13:45:56.7409020Z   [apply] _environment
2026-10-09T13:45:56.7409303Z 
2026-10-09T13:45:56.7409950Z Note: This linter can be disabled with `set_option linter.unusedVariables false`
2026-10-09T13:45:56.7411078Z warning: packages/meta/src/Ps/Meta/Unify.lean:91:11: Variable name `localContext` is not explicitly referenced.
2026-10-09T13:45:56.7411681Z 
2026-10-09T13:45:56.7412439Z Hint: The binding can be removed (if unused) or named `_` (if used implicitly). Alternatively, prefix the name with `_` to silence this warning:
2026-10-09T13:45:56.7413420Z   [apply] _localContext
2026-10-09T13:45:56.7417251Z 
2026-10-09T13:45:56.7417838Z Note: This linter can be disabled with `set_option linter.unusedVariables false`
2026-10-09T13:45:56.7418844Z warning: packages/meta/src/Ps/Meta/Unify.lean:93:11: Variable name `left` is not explicitly referenced.
2026-10-09T13:45:56.7419497Z 
2026-10-09T13:45:56.7420251Z Hint: The binding can be removed (if unused) or named `_` (if used implicitly). Alternatively, prefix the name with `_` to silence this warning:
2026-10-09T13:45:56.7421074Z   [apply] _left
2026-10-09T13:45:56.7421331Z 
2026-10-09T13:45:56.7421814Z Note: This linter can be disabled with `set_option linter.unusedVariables false`
2026-10-09T13:45:56.7422791Z warning: packages/meta/src/Ps/Meta/Unify.lean:94:11: Variable name `right` is not explicitly referenced.
2026-10-09T13:45:56.7423419Z 
2026-10-09T13:45:56.7424162Z Hint: The binding can be removed (if unused) or named `_` (if used implicitly). Alternatively, prefix the name with `_` to silence this warning:
2026-10-09T13:45:56.7424969Z   [apply] _right
2026-10-09T13:45:56.7425229Z 
2026-10-09T13:45:56.7425881Z Note: This linter can be disabled with `set_option linter.unusedVariables false`
2026-10-09T13:45:56.7426918Z warning: packages/meta/src/Ps/Meta/Unify.lean:178:17: Variable name `leftName` is not explicitly referenced.
2026-10-09T13:45:56.7427516Z 
2026-10-09T13:45:56.7428277Z Hint: The binding can be removed (if unused) or named `_` (if used implicitly). Alternatively, prefix the name with `_` to silence this warning:
2026-10-09T13:45:56.7429117Z   [apply] _leftName
2026-10-09T13:45:56.7429380Z 
2026-10-09T13:45:56.7429843Z Note: This linter can be disabled with `set_option linter.unusedVariables false`
2026-10-09T13:45:56.7430824Z warning: packages/meta/src/Ps/Meta/Unify.lean:207:21: Variable name `leftName` is not explicitly referenced.
2026-10-09T13:45:56.7431430Z 
2026-10-09T13:45:56.7432141Z Hint: The binding can be removed (if unused) or named `_` (if used implicitly). Alternatively, prefix the name with `_` to silence this warning:
2026-10-09T13:45:56.7432968Z   [apply] _leftName
2026-10-09T13:45:56.7433242Z 
2026-10-09T13:45:56.7433824Z Note: This linter can be disabled with `set_option linter.unusedVariables false`
2026-10-09T13:45:56.7434699Z ⚠ [40/62] Replayed Ps.Elab.Literal
2026-10-09T13:45:56.7435735Z warning: packages/elab/src/Ps/Elab/Literal.lean:166:11: Variable name `chars` is not explicitly referenced.
2026-10-09T13:45:56.7436386Z 
2026-10-09T13:45:56.7437231Z Hint: The binding can be removed (if unused) or named `_` (if used implicitly). Alternatively, prefix the name with `_` to silence this warning:
2026-10-09T13:45:56.7438173Z   [apply] _chars
2026-10-09T13:45:56.7438443Z 
2026-10-09T13:45:56.7438935Z Note: This linter can be disabled with `set_option linter.unusedVariables false`
2026-10-09T13:45:56.7440185Z warning: packages/elab/src/Ps/Elab/Literal.lean:167:13: Variable name `charsRev` is not explicitly referenced.
2026-10-09T13:45:56.7440854Z 
2026-10-09T13:45:56.7441659Z Hint: The binding can be removed (if unused) or named `_` (if used implicitly). Alternatively, prefix the name with `_` to silence this warning:
2026-10-09T13:45:56.7442621Z   [apply] _charsRev
2026-10-09T13:45:56.7442907Z 
2026-10-09T13:45:56.7443417Z Note: This linter can be disabled with `set_option linter.unusedVariables false`
2026-10-09T13:45:56.7444224Z ⚠ [41/62] Replayed Ps.Elab.Term
2026-10-09T13:45:56.7445130Z warning: packages/elab/src/Ps/Elab/Term.lean:2781:11: Variable name `context` is not explicitly referenced.
2026-10-09T13:45:56.7445904Z 
2026-10-09T13:45:56.7446930Z Hint: The binding can be removed (if unused) or named `_` (if used implicitly). Alternatively, prefix the name with `_` to silence this warning:
2026-10-09T13:45:56.7447974Z   [apply] _context
2026-10-09T13:45:56.7448247Z 
2026-10-09T13:45:56.7448747Z Note: This linter can be disabled with `set_option linter.unusedVariables false`
2026-10-09T13:45:56.7449826Z warning: packages/elab/src/Ps/Elab/Term.lean:2782:13: Variable name `recursion` is not explicitly referenced.
2026-10-09T13:45:56.7450471Z 
2026-10-09T13:45:56.7451278Z Hint: The binding can be removed (if unused) or named `_` (if used implicitly). Alternatively, prefix the name with `_` to silence this warning:
2026-10-09T13:45:56.7452179Z   [apply] _recursion
2026-10-09T13:45:56.7452477Z 
2026-10-09T13:45:56.7452973Z Note: This linter can be disabled with `set_option linter.unusedVariables false`
2026-10-09T13:45:56.7454004Z warning: packages/elab/src/Ps/Elab/Term.lean:2783:15: Variable name `index` is not explicitly referenced.
2026-10-09T13:45:56.7454628Z 
2026-10-09T13:45:56.7455590Z Hint: The binding can be removed (if unused) or named `_` (if used implicitly). Alternatively, prefix the name with `_` to silence this warning:
2026-10-09T13:45:56.7456525Z   [apply] _index
2026-10-09T13:45:56.7456804Z 
2026-10-09T13:45:56.7457307Z Note: This linter can be disabled with `set_option linter.unusedVariables false`
2026-10-09T13:45:57.7891360Z ✔ [48/130] Built Ps.Erasure.Basic (1.1s)
2026-10-09T13:45:57.8877266Z ✔ [75/133] Built Ps.Elab.Declaration (1.2s)
2026-10-09T13:45:57.8907020Z ⚠ [76/133] Built Ps.BackendTs.Expr (1.2s)
2026-10-09T13:45:57.8948476Z warning: packages/backend-ts/src/Ps/BackendTs/Expr.lean:632:32: Variable name `fieldName` is not explicitly referenced.
2026-10-09T13:45:57.8986008Z 
2026-10-09T13:45:57.9017029Z Hint: The binding can be removed (if unused) or named `_` (if used implicitly). Alternatively, prefix the name with `_` to silence this warning:
2026-10-09T13:45:57.9070631Z   [apply] _fieldName
2026-10-09T13:45:57.9145952Z 
2026-10-09T13:45:57.9186502Z Note: This linter can be disabled with `set_option linter.unusedVariables false`
2026-10-09T13:45:58.1886892Z ⚠ [98/133] Built Ps.CompilerIr.Check (1.5s)
2026-10-09T13:45:58.1890219Z warning: packages/compiler-ir/src/Ps/CompilerIr/Check.lean:684:27: Variable name `scope` is not explicitly referenced.
2026-10-09T13:45:58.1916047Z 
2026-10-09T13:45:58.1948883Z Hint: The binding can be removed (if unused) or named `_` (if used implicitly). Alternatively, prefix the name with `_` to silence this warning:
2026-10-09T13:45:58.1949906Z   [apply] _scope
2026-10-09T13:45:58.1954618Z 
2026-10-09T13:45:58.1955480Z Note: This linter can be disabled with `set_option linter.unusedVariables false`
2026-10-09T13:45:58.3860509Z ✔ [99/133] Built Ps.Erasure.Inductive (632ms)
2026-10-09T13:45:58.5888512Z ✔ [100/133] Built Ps.Erasure.Basic:c.o (777ms)
2026-10-09T13:45:59.4937284Z ✔ [101/133] Built Ps.Elab.Declaration:c.o (1.3s)
2026-10-09T13:45:59.5941669Z ✔ [102/133] Built Ps.BackendTs.Expr:c.o (1.2s)
2026-10-09T13:45:59.6933616Z ⚠ [103/133] Built Ps.Erasure.Expr (1.8s)
2026-10-09T13:45:59.6935099Z warning: packages/erasure/src/Ps/Erasure/Expr.lean:726:21: Variable name `name` is not explicitly referenced.
2026-10-09T13:45:59.6936076Z 
2026-10-09T13:45:59.6936966Z Hint: The binding can be removed (if unused) or named `_` (if used implicitly). Alternatively, prefix the name with `_` to silence this warning:
2026-10-09T13:45:59.6937899Z   [apply] _name
2026-10-09T13:45:59.6938211Z 
2026-10-09T13:45:59.6938765Z Note: This linter can be disabled with `set_option linter.unusedVariables false`
2026-10-09T13:46:00.0954292Z ✔ [104/138] Built Ps.Erasure.Inductive:c.o (657ms)
2026-10-09T13:46:00.2957363Z ✔ [105/138] Built Ps.CompilerIr.Check:c.o (1.7s)
2026-10-09T13:46:00.6026341Z ✔ [106/143] Built Ps.Erasure.Structure (511ms)
2026-10-09T13:46:00.6031951Z ✔ [107/143] Built Ps.Host.ProjectCompiler (993ms)
2026-10-09T13:46:00.9056013Z ✔ [112/144] Built Ps.BackendTs.Module (1.2s)
2026-10-09T13:46:00.9067387Z ✔ [113/144] Built Ps.Erasure.Structure:c.o (274ms)
2026-10-09T13:46:01.6092190Z ✔ [115/144] Built Ps.Erasure.StructureRecursor (648ms)
2026-10-09T13:46:02.5107396Z ⚠ [117/144] Built Ps.Host.TypeScriptCompiler (970ms)
2026-10-09T13:46:02.5129708Z warning: host/src/Ps/Host/TypeScriptCompiler.lean:15:10: `String.dropRight` has been deprecated: Use `String.dropEnd` instead
2026-10-09T13:46:02.5196079Z 
2026-10-09T13:46:02.5266493Z Note: The updated constant has a different type:
2026-10-09T13:46:02.5326686Z   String → Nat → String.Slice
2026-10-09T13:46:02.5356220Z instead of
2026-10-09T13:46:02.5416399Z   String → Nat → String
2026-10-09T13:46:02.7105071Z ✔ [121/144] Built Ps.BackendTs.Module:c.o (1.8s)
2026-10-09T13:46:02.9107446Z ⚠ [122/144] Built BootstrapTests (2.3s)
2026-10-09T13:46:02.9108577Z warning: test/BootstrapTests.lean:335:10: Variable name `id` is not explicitly referenced.
2026-10-09T13:46:02.9109429Z 
2026-10-09T13:46:02.9110459Z Hint: The binding can be removed (if unused) or named `_` (if used implicitly). Alternatively, prefix the name with `_` to silence this warning:
2026-10-09T13:46:02.9111489Z   [apply] _id
2026-10-09T13:46:02.9111815Z 
2026-10-09T13:46:02.9112394Z Note: This linter can be disabled with `set_option linter.unusedVariables false`
2026-10-09T13:46:03.1108634Z ✔ [125/144] Built Ps.Erasure.Definition (531ms)
2026-10-09T13:46:03.1109504Z ✔ [126/144] Built Ps.Erasure.Expr:c.o (2.9s)
2026-10-09T13:46:03.5137409Z ✔ [127/144] Built Ps.Compiler.Api (496ms)
2026-10-09T13:46:03.6147257Z ✔ [128/144] Built Ps.Erasure.Definition:c.o (563ms)
2026-10-09T13:46:03.8147299Z ✔ [129/144] Built Ps.Compiler.Api:c.o (292ms)
2026-10-09T13:46:03.9147293Z ✔ [130/144] Built Ps.BackendTs.Checked (344ms)
2026-10-09T13:46:03.9176960Z ✔ [132/144] Built ErasureTests (886ms)
2026-10-09T13:46:04.2147554Z ✔ [134/144] Built Ps.BackendTs.Compiler (323ms)
2026-10-09T13:46:04.2148577Z ✔ [136/144] Built psc1_erasure_tests:exe (257ms)
2026-10-09T13:46:04.4155349Z ✔ [137/144] Built IrCheckerTests (504ms)
2026-10-09T13:46:04.5151100Z ⚠ [139/144] Built Ps.Host.CompilerDriver (300ms)
2026-10-09T13:46:04.5152629Z warning: host/src/Ps/Host/CompilerDriver.lean:118:23: `String.dropRight` has been deprecated: Use `String.dropEnd` instead
2026-10-09T13:46:04.5153439Z 
2026-10-09T13:46:04.5153914Z Note: The updated constant has a different type:
2026-10-09T13:46:04.5154625Z   String → Nat → String.Slice
2026-10-09T13:46:04.5155122Z instead of
2026-10-09T13:46:04.5155674Z   String → Nat → String
2026-10-09T13:46:04.6151304Z ✔ [141/144] Built psc1_ir_check_tests:exe (192ms)
2026-10-09T13:46:04.8154472Z ✔ [142/144] Built Main (268ms)
2026-10-09T13:46:05.0156842Z ✔ [144/144] Built psc1:exe (177ms)
2026-10-09T13:46:05.0311795Z Build completed successfully (144 jobs).
2026-10-09T13:46:05.0567390Z ##[group]Run regression_status=0
2026-10-09T13:46:05.0567724Z [36;1mregression_status=0[0m
2026-10-09T13:46:05.0568098Z [36;1mfor target in psc1_tests psc1_translation_tests psc1_erasure_tests; do[0m
2026-10-09T13:46:05.0568542Z [36;1m  if ! lake exe "$target"; then regression_status=1; fi[0m
2026-10-09T13:46:05.0568878Z [36;1mdone[0m
2026-10-09T13:46:05.0569108Z [36;1mexit "$regression_status"[0m
2026-10-09T13:46:05.0609134Z shell: /usr/bin/bash -e {0}
2026-10-09T13:46:05.0609448Z env:
2026-10-09T13:46:05.0609914Z   PSC0_TSC: /home/runner/work/_temp/psc0-typescript-7.0.2/node_modules/typescript/bin/tsc
2026-10-09T13:46:05.0610635Z   PSC0_TYPESCRIPT_VERSION: 7.0.2
2026-10-09T13:46:05.0610894Z ##[endgroup]
2026-10-09T13:46:05.4704895Z ⚠ [4/76] Replayed Ps.Syntax.Cursor
2026-10-09T13:46:05.4706043Z warning: packages/syntax/src/Ps/Syntax/Cursor.lean:51:14: Variable name `head` is not explicitly referenced.
2026-10-09T13:46:05.4706595Z 
2026-10-09T13:46:05.4707402Z Hint: The binding can be removed (if unused) or named `_` (if used implicitly). Alternatively, prefix the name with `_` to silence this warning:
2026-10-09T13:46:05.4708281Z   [apply] _head
2026-10-09T13:46:05.4708476Z 
2026-10-09T13:46:05.4708869Z Note: This linter can be disabled with `set_option linter.unusedVariables false`
2026-10-09T13:46:05.4710360Z warning: packages/syntax/src/Ps/Syntax/Cursor.lean:51:19: Variable name `tail` is not explicitly referenced.
2026-10-09T13:46:05.4710935Z 
2026-10-09T13:46:05.4711690Z Hint: The binding can be removed (if unused) or named `_` (if used implicitly). Alternatively, prefix the name with `_` to silence this warning:
2026-10-09T13:46:05.4712498Z   [apply] _tail
2026-10-09T13:46:05.4712686Z 
2026-10-09T13:46:05.4713139Z Note: This linter can be disabled with `set_option linter.unusedVariables false`
2026-10-09T13:46:05.4713835Z warning: packages/syntax/src/Ps/Syntax/Cursor.lean:56:19: Variable name `rest` is not explicitly referenced.
2026-10-09T13:46:05.4714197Z 
2026-10-09T13:46:05.4714684Z Hint: The binding can be removed (if unused) or named `_` (if used implicitly). Alternatively, prefix the name with `_` to silence this warning:
2026-10-09T13:46:05.4715209Z   [apply] _rest
2026-10-09T13:46:05.4715345Z 
2026-10-09T13:46:05.4715820Z Note: This linter can be disabled with `set_option linter.unusedVariables false`
2026-10-09T13:46:05.4716513Z warning: packages/syntax/src/Ps/Syntax/Cursor.lean:89:14: Variable name `first` is not explicitly referenced.
2026-10-09T13:46:05.4716875Z 
2026-10-09T13:46:05.4717343Z Hint: The binding can be removed (if unused) or named `_` (if used implicitly). Alternatively, prefix the name with `_` to silence this warning:
2026-10-09T13:46:05.4717876Z   [apply] _first
2026-10-09T13:46:05.4718013Z 
2026-10-09T13:46:05.4718286Z Note: This linter can be disabled with `set_option linter.unusedVariables false`
2026-10-09T13:46:05.4718929Z warning: packages/syntax/src/Ps/Syntax/Cursor.lean:92:25: Variable name `tail` is not explicitly referenced.
2026-10-09T13:46:05.4719296Z 
2026-10-09T13:46:05.4719771Z Hint: The binding can be removed (if unused) or named `_` (if used implicitly). Alternatively, prefix the name with `_` to silence this warning:
2026-10-09T13:46:05.4720297Z   [apply] _tail
2026-10-09T13:46:05.4720431Z 
2026-10-09T13:46:05.4720698Z Note: This linter can be disabled with `set_option linter.unusedVariables false`
2026-10-09T13:46:05.4721230Z ⚠ [6/76] Replayed Ps.Syntax.Lexer
2026-10-09T13:46:05.4721778Z warning: packages/syntax/src/Ps/Syntax/Lexer.lean:89:11: Variable name `depth` is not explicitly referenced.
2026-10-09T13:46:05.4722133Z 
2026-10-09T13:46:05.4722591Z Hint: The binding can be removed (if unused) or named `_` (if used implicitly). Alternatively, prefix the name with `_` to silence this warning:
2026-10-09T13:46:05.4723115Z   [apply] _depth
2026-10-09T13:46:05.4723255Z 
2026-10-09T13:46:05.4723517Z Note: This linter can be disabled with `set_option linter.unusedVariables false`
2026-10-09T13:46:05.4724366Z warning: packages/syntax/src/Ps/Syntax/Lexer.lean:89:25: Variable name `remaining` is not explicitly referenced.
2026-10-09T13:46:05.4724734Z 
2026-10-09T13:46:05.4725200Z Hint: The binding can be removed (if unused) or named `_` (if used implicitly). Alternatively, prefix the name with `_` to silence this warning:
2026-10-09T13:46:05.4725941Z   [apply] _remaining
2026-10-09T13:46:05.4726090Z 
2026-10-09T13:46:05.4726353Z Note: This linter can be disabled with `set_option linter.unusedVariables false`
2026-10-09T13:46:05.4727020Z warning: packages/syntax/src/Ps/Syntax/Lexer.lean:406:11: Variable name `remaining` is not explicitly referenced.
2026-10-09T13:46:05.4727393Z 
2026-10-09T13:46:05.4727849Z Hint: The binding can be removed (if unused) or named `_` (if used implicitly). Alternatively, prefix the name with `_` to silence this warning:
2026-10-09T13:46:05.4728395Z   [apply] _remaining
2026-10-09T13:46:05.4728541Z 
2026-10-09T13:46:05.4728803Z Note: This linter can be disabled with `set_option linter.unusedVariables false`
2026-10-09T13:46:05.4729458Z warning: packages/syntax/src/Ps/Syntax/Lexer.lean:406:82: Variable name `charsRev` is not explicitly referenced.
2026-10-09T13:46:05.4729822Z 
2026-10-09T13:46:05.4730292Z Hint: The binding can be removed (if unused) or named `_` (if used implicitly). Alternatively, prefix the name with `_` to silence this warning:
2026-10-09T13:46:05.4730882Z   [apply] _charsRev
2026-10-09T13:46:05.4731021Z 
2026-10-09T13:46:05.4731290Z Note: This linter can be disabled with `set_option linter.unusedVariables false`
2026-10-09T13:46:05.4731776Z ⚠ [8/76] Replayed Ps.Syntax.ParserState
2026-10-09T13:46:05.4732353Z warning: packages/syntax/src/Ps/Syntax/ParserState.lean:30:20: Variable name `rest` is not explicitly referenced.
2026-10-09T13:46:05.4732732Z 
2026-10-09T13:46:05.4733199Z Hint: The binding can be removed (if unused) or named `_` (if used implicitly). Alternatively, prefix the name with `_` to silence this warning:
2026-10-09T13:46:05.4733718Z   [apply] _rest
2026-10-09T13:46:05.4733848Z 
2026-10-09T13:46:05.4734118Z Note: This linter can be disabled with `set_option linter.unusedVariables false`
2026-10-09T13:46:05.4734562Z ⚠ [14/76] Replayed Ps.Core.Abstract
2026-10-09T13:46:05.4735103Z warning: packages/core/src/Ps/Core/Abstract.lean:8:11: Variable name `depth` is not explicitly referenced.
2026-10-09T13:46:05.4735458Z 
2026-10-09T13:46:05.4736054Z Hint: The binding can be removed (if unused) or named `_` (if used implicitly). Alternatively, prefix the name with `_` to silence this warning:
2026-10-09T13:46:05.4736577Z   [apply] _depth
2026-10-09T13:46:05.4736712Z 
2026-10-09T13:46:05.4736974Z Note: This linter can be disabled with `set_option linter.unusedVariables false`
2026-10-09T13:46:05.4737605Z warning: packages/core/src/Ps/Core/Abstract.lean:16:11: Variable name `depth` is not explicitly referenced.
2026-10-09T13:46:05.4737951Z 
2026-10-09T13:46:05.4738422Z Hint: The binding can be removed (if unused) or named `_` (if used implicitly). Alternatively, prefix the name with `_` to silence this warning:
2026-10-09T13:46:05.4738940Z   [apply] _depth
2026-10-09T13:46:05.4739076Z 
2026-10-09T13:46:05.4739348Z Note: This linter can be disabled with `set_option linter.unusedVariables false`
2026-10-09T13:46:05.4739969Z warning: packages/core/src/Ps/Core/Abstract.lean:18:11: Variable name `depth` is not explicitly referenced.
2026-10-09T13:46:05.4740313Z 
2026-10-09T13:46:05.4740774Z Hint: The binding can be removed (if unused) or named `_` (if used implicitly). Alternatively, prefix the name with `_` to silence this warning:
2026-10-09T13:46:05.4741283Z   [apply] _depth
2026-10-09T13:46:05.4741410Z 
2026-10-09T13:46:05.4741736Z Note: This linter can be disabled with `set_option linter.unusedVariables false`
2026-10-09T13:46:05.4742609Z warning: packages/core/src/Ps/Core/Abstract.lean:20:11: Variable name `depth` is not explicitly referenced.
2026-10-09T13:46:05.4743089Z 
2026-10-09T13:46:05.4743923Z Hint: The binding can be removed (if unused) or named `_` (if used implicitly). Alternatively, prefix the name with `_` to silence this warning:
2026-10-09T13:46:05.4744704Z   [apply] _depth
2026-10-09T13:46:05.4744893Z 
2026-10-09T13:46:05.4745295Z Note: This linter can be disabled with `set_option linter.unusedVariables false`
2026-10-09T13:46:05.4746262Z warning: packages/core/src/Ps/Core/Abstract.lean:66:11: Variable name `depth` is not explicitly referenced.
2026-10-09T13:46:05.4746615Z 
2026-10-09T13:46:05.4747078Z Hint: The binding can be removed (if unused) or named `_` (if used implicitly). Alternatively, prefix the name with `_` to silence this warning:
2026-10-09T13:46:05.4747587Z   [apply] _depth
2026-10-09T13:46:05.4747721Z 
2026-10-09T13:46:05.4747993Z Note: This linter can be disabled with `set_option linter.unusedVariables false`
2026-10-09T13:46:05.4748485Z ⚠ [22/76] Replayed Ps.Meta.LevelContext
2026-10-09T13:46:05.4749067Z warning: packages/meta/src/Ps/Meta/LevelContext.lean:59:4: Variable name `assignment` is not explicitly referenced.
2026-10-09T13:46:05.4749439Z 
2026-10-09T13:46:05.4749910Z Hint: The binding can be removed (if unused) or named `_` (if used implicitly). Alternatively, prefix the name with `_` to silence this warning:
2026-10-09T13:46:05.4750439Z   [apply] _assignment
2026-10-09T13:46:05.4750579Z 
2026-10-09T13:46:05.4750852Z Note: This linter can be disabled with `set_option linter.unusedVariables false`
2026-10-09T13:46:05.4751391Z ⚠ [24/76] Replayed Ps.Core.LevelSubst
2026-10-09T13:46:05.4751944Z warning: packages/core/src/Ps/Core/LevelSubst.lean:8:11: Variable name `arguments` is not explicitly referenced.
2026-10-09T13:46:05.4752308Z 
2026-10-09T13:46:05.4752772Z Hint: The binding can be removed (if unused) or named `_` (if used implicitly). Alternatively, prefix the name with `_` to silence this warning:
2026-10-09T13:46:05.4753283Z   [apply] _arguments
2026-10-09T13:46:05.4753424Z 
2026-10-09T13:46:05.4753693Z Note: This linter can be disabled with `set_option linter.unusedVariables false`
2026-10-09T13:46:05.4754334Z warning: packages/core/src/Ps/Core/LevelSubst.lean:9:13: Variable name `target` is not explicitly referenced.
2026-10-09T13:46:05.4754692Z 
2026-10-09T13:46:05.4755156Z Hint: The binding can be removed (if unused) or named `_` (if used implicitly). Alternatively, prefix the name with `_` to silence this warning:
2026-10-09T13:46:05.4755870Z   [apply] _target
2026-10-09T13:46:05.4756015Z 
2026-10-09T13:46:05.4756286Z Note: This linter can be disabled with `set_option linter.unusedVariables false`
2026-10-09T13:46:05.4756729Z ⚠ [25/76] Replayed Ps.Core.Subst
2026-10-09T13:46:05.4757283Z warning: packages/core/src/Ps/Core/Subst.lean:14:11: Variable name `cutoff` is not explicitly referenced.
2026-10-09T13:46:05.4757637Z 
2026-10-09T13:46:05.4758142Z Hint: The binding can be removed (if unused) or named `_` (if used implicitly). Alternatively, prefix the name with `_` to silence this warning:
2026-10-09T13:46:05.4758700Z   [apply] _cutoff
2026-10-09T13:46:05.4758830Z 
2026-10-09T13:46:05.4759091Z Note: This linter can be disabled with `set_option linter.unusedVariables false`
2026-10-09T13:46:05.4759669Z warning: packages/core/src/Ps/Core/Subst.lean:16:11: Variable name `cutoff` is not explicitly referenced.
2026-10-09T13:46:05.4759969Z 
2026-10-09T13:46:05.4760391Z Hint: The binding can be removed (if unused) or named `_` (if used implicitly). Alternatively, prefix the name with `_` to silence this warning:
2026-10-09T13:46:05.4760866Z   [apply] _cutoff
2026-10-09T13:46:05.4760980Z 
2026-10-09T13:46:05.4761225Z Note: This linter can be disabled with `set_option linter.unusedVariables false`
2026-10-09T13:46:05.4761791Z warning: packages/core/src/Ps/Core/Subst.lean:18:11: Variable name `cutoff` is not explicitly referenced.
2026-10-09T13:46:05.4762087Z 
2026-10-09T13:46:05.4762512Z Hint: The binding can be removed (if unused) or named `_` (if used implicitly). Alternatively, prefix the name with `_` to silence this warning:
2026-10-09T13:46:05.4762982Z   [apply] _cutoff
2026-10-09T13:46:05.4763097Z 
2026-10-09T13:46:05.4763402Z Note: This linter can be disabled with `set_option linter.unusedVariables false`
2026-10-09T13:46:05.4763977Z warning: packages/core/src/Ps/Core/Subst.lean:20:11: Variable name `cutoff` is not explicitly referenced.
2026-10-09T13:46:05.4764275Z 
2026-10-09T13:46:05.4764698Z Hint: The binding can be removed (if unused) or named `_` (if used implicitly). Alternatively, prefix the name with `_` to silence this warning:
2026-10-09T13:46:05.4765174Z   [apply] _cutoff
2026-10-09T13:46:05.4765289Z 
2026-10-09T13:46:05.4765653Z Note: This linter can be disabled with `set_option linter.unusedVariables false`
2026-10-09T13:46:05.4766273Z warning: packages/core/src/Ps/Core/Subst.lean:66:11: Variable name `cutoff` is not explicitly referenced.
2026-10-09T13:46:05.4766587Z 
2026-10-09T13:46:05.4767012Z Hint: The binding can be removed (if unused) or named `_` (if used implicitly). Alternatively, prefix the name with `_` to silence this warning:
2026-10-09T13:46:05.4767539Z   [apply] _cutoff
2026-10-09T13:46:05.4767676Z 
2026-10-09T13:46:05.4767945Z Note: This linter can be disabled with `set_option linter.unusedVariables false`
2026-10-09T13:46:05.4768715Z warning: packages/core/src/Ps/Core/Subst.lean:94:11: Variable name `depth` is not explicitly referenced.
2026-10-09T13:46:05.4769064Z 
2026-10-09T13:46:05.4769526Z Hint: The binding can be removed (if unused) or named `_` (if used implicitly). Alternatively, prefix the name with `_` to silence this warning:
2026-10-09T13:46:05.4770140Z   [apply] _depth
2026-10-09T13:46:05.4770276Z 
2026-10-09T13:46:05.4770542Z Note: This linter can be disabled with `set_option linter.unusedVariables false`
2026-10-09T13:46:05.4771163Z warning: packages/core/src/Ps/Core/Subst.lean:96:11: Variable name `depth` is not explicitly referenced.
2026-10-09T13:46:05.4771498Z 
2026-10-09T13:46:05.4771958Z Hint: The binding can be removed (if unused) or named `_` (if used implicitly). Alternatively, prefix the name with `_` to silence this warning:
2026-10-09T13:46:05.4772476Z   [apply] _depth
2026-10-09T13:46:05.4772610Z 
2026-10-09T13:46:05.4772879Z Note: This linter can be disabled with `set_option linter.unusedVariables false`
2026-10-09T13:46:05.4773508Z warning: packages/core/src/Ps/Core/Subst.lean:98:11: Variable name `depth` is not explicitly referenced.
2026-10-09T13:46:05.4773847Z 
2026-10-09T13:46:05.4774300Z Hint: The binding can be removed (if unused) or named `_` (if used implicitly). Alternatively, prefix the name with `_` to silence this warning:
2026-10-09T13:46:05.4774819Z   [apply] _depth
2026-10-09T13:46:05.4774951Z 
2026-10-09T13:46:05.4775212Z Note: This linter can be disabled with `set_option linter.unusedVariables false`
2026-10-09T13:46:05.4775968Z warning: packages/core/src/Ps/Core/Subst.lean:100:11: Variable name `depth` is not explicitly referenced.
2026-10-09T13:46:05.4776312Z 
2026-10-09T13:46:05.4776773Z Hint: The binding can be removed (if unused) or named `_` (if used implicitly). Alternatively, prefix the name with `_` to silence this warning:
2026-10-09T13:46:05.4777292Z   [apply] _depth
2026-10-09T13:46:05.4777429Z 
2026-10-09T13:46:05.4777691Z Note: This linter can be disabled with `set_option linter.unusedVariables false`
2026-10-09T13:46:05.4778321Z warning: packages/core/src/Ps/Core/Subst.lean:146:11: Variable name `depth` is not explicitly referenced.
2026-10-09T13:46:05.4778657Z 
2026-10-09T13:46:05.4779124Z Hint: The binding can be removed (if unused) or named `_` (if used implicitly). Alternatively, prefix the name with `_` to silence this warning:
2026-10-09T13:46:05.4779650Z   [apply] _depth
2026-10-09T13:46:05.4779790Z 
2026-10-09T13:46:05.4780055Z Note: This linter can be disabled with `set_option linter.unusedVariables false`
2026-10-09T13:46:05.4780536Z ⚠ [28/76] Replayed Ps.Meta.Unify
2026-10-09T13:46:05.4781064Z warning: packages/meta/src/Ps/Meta/Unify.lean:90:11: Variable name `environment` is not explicitly referenced.
2026-10-09T13:46:05.4781416Z 
2026-10-09T13:46:05.4781952Z Hint: The binding can be removed (if unused) or named `_` (if used implicitly). Alternatively, prefix the name with `_` to silence this warning:
2026-10-09T13:46:05.4782465Z   [apply] _environment
2026-10-09T13:46:05.4782617Z 
2026-10-09T13:46:05.4782954Z Note: This linter can be disabled with `set_option linter.unusedVariables false`
2026-10-09T13:46:05.4783806Z warning: packages/meta/src/Ps/Meta/Unify.lean:91:11: Variable name `localContext` is not explicitly referenced.
2026-10-09T13:46:05.4784361Z 
2026-10-09T13:46:05.4784956Z Hint: The binding can be removed (if unused) or named `_` (if used implicitly). Alternatively, prefix the name with `_` to silence this warning:
2026-10-09T13:46:05.4785809Z   [apply] _localContext
2026-10-09T13:46:05.4786024Z 
2026-10-09T13:46:05.4786445Z Note: This linter can be disabled with `set_option linter.unusedVariables false`
2026-10-09T13:46:05.4787664Z warning: packages/meta/src/Ps/Meta/Unify.lean:93:11: Variable name `left` is not explicitly referenced.
2026-10-09T13:46:05.4788369Z 
2026-10-09T13:46:05.4789290Z Hint: The binding can be removed (if unused) or named `_` (if used implicitly). Alternatively, prefix the name with `_` to silence this warning:
2026-10-09T13:46:05.4790323Z   [apply] _left
2026-10-09T13:46:05.4790628Z 
2026-10-09T13:46:05.4791175Z Note: This linter can be disabled with `set_option linter.unusedVariables false`
2026-10-09T13:46:05.4792295Z warning: packages/meta/src/Ps/Meta/Unify.lean:94:11: Variable name `right` is not explicitly referenced.
2026-10-09T13:46:05.4793305Z 
2026-10-09T13:46:05.4794077Z Hint: The binding can be removed (if unused) or named `_` (if used implicitly). Alternatively, prefix the name with `_` to silence this warning:
2026-10-09T13:46:05.4794801Z   [apply] _right
2026-10-09T13:46:05.4794977Z 
2026-10-09T13:46:05.4795349Z Note: This linter can be disabled with `set_option linter.unusedVariables false`
2026-10-09T13:46:05.4796442Z warning: packages/meta/src/Ps/Meta/Unify.lean:178:17: Variable name `leftName` is not explicitly referenced.
2026-10-09T13:46:05.4796911Z 
2026-10-09T13:46:05.4797553Z Hint: The binding can be removed (if unused) or named `_` (if used implicitly). Alternatively, prefix the name with `_` to silence this warning:
2026-10-09T13:46:05.4798287Z   [apply] _leftName
2026-10-09T13:46:05.4798471Z 
2026-10-09T13:46:05.4798840Z Note: This linter can be disabled with `set_option linter.unusedVariables false`
2026-10-09T13:46:05.4799729Z warning: packages/meta/src/Ps/Meta/Unify.lean:207:21: Variable name `leftName` is not explicitly referenced.
2026-10-09T13:46:05.4800192Z 
2026-10-09T13:46:05.4800816Z Hint: The binding can be removed (if unused) or named `_` (if used implicitly). Alternatively, prefix the name with `_` to silence this warning:
2026-10-09T13:46:05.4801536Z   [apply] _leftName
2026-10-09T13:46:05.4801720Z 
2026-10-09T13:46:05.4802085Z Note: This linter can be disabled with `set_option linter.unusedVariables false`
2026-10-09T13:46:05.4802820Z ⚠ [33/76] Replayed Ps.Elab.Literal
2026-10-09T13:46:05.4803541Z warning: packages/elab/src/Ps/Elab/Literal.lean:166:11: Variable name `chars` is not explicitly referenced.
2026-10-09T13:46:05.4804043Z 
2026-10-09T13:46:05.4804662Z Hint: The binding can be removed (if unused) or named `_` (if used implicitly). Alternatively, prefix the name with `_` to silence this warning:
2026-10-09T13:46:05.4805359Z   [apply] _chars
2026-10-09T13:46:05.4805708Z 
2026-10-09T13:46:05.4806107Z Note: This linter can be disabled with `set_option linter.unusedVariables false`
2026-10-09T13:46:05.4807105Z warning: packages/elab/src/Ps/Elab/Literal.lean:167:13: Variable name `charsRev` is not explicitly referenced.
2026-10-09T13:46:05.4807646Z 
2026-10-09T13:46:05.4808340Z Hint: The binding can be removed (if unused) or named `_` (if used implicitly). Alternatively, prefix the name with `_` to silence this warning:
2026-10-09T13:46:05.4809138Z   [apply] _charsRev
2026-10-09T13:46:05.4809350Z 
2026-10-09T13:46:05.4809760Z Note: This linter can be disabled with `set_option linter.unusedVariables false`
2026-10-09T13:46:05.4810495Z ⚠ [34/76] Replayed Ps.Elab.Term
2026-10-09T13:46:05.4811545Z warning: packages/elab/src/Ps/Elab/Term.lean:2781:11: Variable name `context` is not explicitly referenced.
2026-10-09T13:46:05.4812077Z 
2026-10-09T13:46:05.4812780Z Hint: The binding can be removed (if unused) or named `_` (if used implicitly). Alternatively, prefix the name with `_` to silence this warning:
2026-10-09T13:46:05.4813564Z   [apply] _context
2026-10-09T13:46:05.4813744Z 
2026-10-09T13:46:05.4814131Z Note: This linter can be disabled with `set_option linter.unusedVariables false`
2026-10-09T13:46:05.4815077Z warning: packages/elab/src/Ps/Elab/Term.lean:2782:13: Variable name `recursion` is not explicitly referenced.
2026-10-09T13:46:05.4815740Z 
2026-10-09T13:46:05.4816433Z Hint: The binding can be removed (if unused) or named `_` (if used implicitly). Alternatively, prefix the name with `_` to silence this warning:
2026-10-09T13:46:05.4817219Z   [apply] _recursion
2026-10-09T13:46:05.4817405Z 
2026-10-09T13:46:05.4817810Z Note: This linter can be disabled with `set_option linter.unusedVariables false`
2026-10-09T13:46:05.4818832Z warning: packages/elab/src/Ps/Elab/Term.lean:2783:15: Variable name `index` is not explicitly referenced.
2026-10-09T13:46:05.4819420Z 
2026-10-09T13:46:05.4820280Z Hint: The binding can be removed (if unused) or named `_` (if used implicitly). Alternatively, prefix the name with `_` to silence this warning:
2026-10-09T13:46:05.4821699Z   [apply] _index
2026-10-09T13:46:05.4821884Z 
2026-10-09T13:46:05.4822270Z Note: This linter can be disabled with `set_option linter.unusedVariables false`
2026-10-09T13:46:05.4822955Z ⚠ [38/76] Replayed BootstrapTests
2026-10-09T13:46:05.4823670Z warning: test/BootstrapTests.lean:335:10: Variable name `id` is not explicitly referenced.
2026-10-09T13:46:05.4824178Z 
2026-10-09T13:46:05.4825050Z Hint: The binding can be removed (if unused) or named `_` (if used implicitly). Alternatively, prefix the name with `_` to silence this warning:
2026-10-09T13:46:05.4826107Z   [apply] _id
2026-10-09T13:46:05.4826295Z 
2026-10-09T13:46:05.4826754Z Note: This linter can be disabled with `set_option linter.unusedVariables false`
2026-10-09T13:46:05.4829125Z PSC1_TEST_PASS: dual-source core elaboration
2026-10-09T13:46:05.4829756Z PSC1_TEST_PASS: dual-source binder kinds elaboration
2026-10-09T13:46:05.4830316Z PSC1_TEST_PASS: dual-source simple parse
2026-10-09T13:46:05.4830917Z PSC1_TEST_PASS: dual-source binder application parse
2026-10-09T13:46:05.4831498Z PSC1_TEST_PASS: dual-source binder kinds parse
2026-10-09T13:46:05.4832048Z PSC1_TEST_PASS: dual-source typed lambda parse
2026-10-09T13:46:05.4832628Z PSC1_TEST_PASS: dual-source typed lambda elaboration
2026-10-09T13:46:05.4833218Z PSC1_TEST_PASS: structure stops before partial def
2026-10-09T13:46:05.4833764Z PSC1_TEST_PASS: Lean list literal sugar
2026-10-09T13:46:05.4834251Z PSC1_TEST_PASS: Lean list pattern sugar
2026-10-09T13:46:05.4834773Z PSC1_TEST_PASS: repeated wildcard match binders
2026-10-09T13:46:05.4835274Z PSC1_TEST_PASS: Lean Nat match sugar
2026-10-09T13:46:05.4835937Z PSC1_TEST_PASS: Lean grouped typed binders
2026-10-09T13:46:05.4836470Z PSC1_TEST_PASS: lambda match uses expected type
2026-10-09T13:46:05.4837023Z PSC1_TEST_PASS: two-argument equation definition
2026-10-09T13:46:05.4837526Z PSC1_TEST_PASS: dual-source Pi parse
2026-10-09T13:46:05.4838037Z PSC1_TEST_PASS: dual-source Pi lambda declaration
2026-10-09T13:46:05.4838675Z PSC1_TEST_PASS: dual-source annotated let
2026-10-09T13:46:05.4839168Z PSC1_TEST_PASS: dual-source inferred let
2026-10-09T13:46:05.4839663Z PSC1_TEST_PASS: dual-source Bool literal
2026-10-09T13:46:05.4840129Z PSC1_TEST_PASS: dual-source if
2026-10-09T13:46:05.4840594Z PSC1_TEST_PASS: inductive metadata lookup
2026-10-09T13:46:05.4841148Z PSC1_TEST_PASS: bootstrap List/Option type constructors
2026-10-09T13:46:05.4841726Z PSC1_TEST_PASS: positive nested recursive field
2026-10-09T13:46:05.4842290Z PSC1_TEST_PASS: reject negative nested recursive field
2026-10-09T13:46:05.4842876Z PSC1_TEST_PASS: Lean product inside application parse
2026-10-09T13:46:05.4843579Z PSC1_TEST_PASS: dual-source basic match parse
2026-10-09T13:46:05.4844122Z PSC1_TEST_PASS: Lean nested match dedent parse
2026-10-09T13:46:05.4844667Z PSC1_TEST_PASS: constructor match pattern parse
2026-10-09T13:46:05.4845220Z PSC1_TEST_PASS: dual-source basic match elaboration
2026-10-09T13:46:05.4845872Z PSC1_TEST_PASS: dual-source field match elaboration
2026-10-09T13:46:05.4846265Z PSC1_TEST_PASS: defeq beta under forall
2026-10-09T13:46:05.4846695Z PSC1_TEST_PASS: dual-source inductive enum parse
2026-10-09T13:46:05.4847093Z PSC1_TEST_PASS: dual-source inductive field parse
2026-10-09T13:46:05.4847597Z PSC1_TEST_PASS: dual-source inductive enum elaboration
2026-10-09T13:46:05.4848192Z PSC1_TEST_PASS: dual-source inductive field elaboration
2026-10-09T13:46:05.4848766Z PSC1_TEST_PASS: dual-source Type Prop elaboration
2026-10-09T13:46:05.4849322Z PSC1_TEST_PASS: dual-source parametric inductive
2026-10-09T13:46:05.4849886Z PSC1_TEST_PASS: Lean implicit constructor elaborates
2026-10-09T13:46:05.4850519Z PSC1_TEST_PASS: ProofScript implicit constructor elaborates
2026-10-09T13:46:05.4851146Z PSC1_TEST_PASS: Lean implicit constructor application
2026-10-09T13:46:05.4851839Z PSC1_TEST_PASS: ProofScript implicit constructor application
2026-10-09T13:46:05.4852507Z PSC1_TEST_PASS: dual-source implicit constructor application
2026-10-09T13:46:05.4853247Z PSC1_TEST_PASS: dual-source structural recursion
2026-10-09T13:46:05.4853853Z PSC1_TEST_PASS: dual-source controlled partial definition
2026-10-09T13:46:05.4854507Z PSC1_TEST_PASS: reject non-decreasing structural recursion
2026-10-09T13:46:05.4855168Z PSC1_TEST_PASS: reject changed invariant structural recursion
2026-10-09T13:46:05.4857183Z PSC1_TEST_PASS: dual-source String literal
2026-10-09T13:46:05.4857841Z PSC1_TEST_PASS: reject invalid String escapes
2026-10-09T13:46:05.4858375Z PSC1_TEST_PASS: dual-source grouping
2026-10-09T13:46:05.4858947Z PSC1_TEST_PASS: dual-source Unit
2026-10-09T13:46:05.4859466Z PSC1_TEST_PASS: Lean parenthesized application
2026-10-09T13:46:05.4860019Z PSC1_TEST_PASS: dual-source Char literal
2026-10-09T13:46:05.4860536Z PSC1_TEST_PASS: reject invalid Char escapes
2026-10-09T13:46:05.4861077Z PSC1_TEST_PASS: ProofScript explicit Unit call
2026-10-09T13:46:05.4861626Z PSC1_TEST_PASS: ProofScript accepts spaced call
2026-10-09T13:46:05.4862279Z PSC1_TEST_PASS: ProofScript empty call preserves no arguments
2026-10-09T13:46:05.4862968Z PSC1_TEST_PASS: ProofScript empty call rejected by elaboration
2026-10-09T13:46:05.4863563Z PSC1_TEST_PASS: Lean interleaved binder kinds parse
2026-10-09T13:46:05.4864185Z PSC1_TEST_PASS: Lean interleaved binder kinds elaboration
2026-10-09T13:46:05.4864840Z PSC1_TEST_PASS: ProofScript rejects interleaved declaration binders
2026-10-09T13:46:05.4865467Z PSC1_TEST_PASS: lexer UTF-8 byte offsets
2026-10-09T13:46:05.4866045Z PSC1_TEST_PASS: lexer nested trivia
2026-10-09T13:46:05.4866465Z PSC1_TEST_PASS: module graph
2026-10-09T13:46:05.4866899Z PSC1_TEST_PASS: global instance synthesis
2026-10-09T13:46:05.4867391Z PSC1_TEST_PASS: generic instance synthesis
2026-10-09T13:46:05.4867881Z PSC1_TEST_PASS: dependent instance synthesis
2026-10-09T13:46:05.4868363Z PSC1_TEST_PASS: local instance synthesis
2026-10-09T13:46:05.4868834Z PSC1_TEST_PASS: transactional unification
2026-10-09T13:46:05.4869360Z PSC1_TEST_PASS: binder-info unification
2026-10-09T13:46:05.4869867Z PSC1_TEST_PASS: level metavariable unification
2026-10-09T13:46:05.4870381Z PSC1_TEST_PASS: scoped metavariable assignment
2026-10-09T13:46:05.4870907Z PSC1_TEST_PASS: reject out-of-scope assignment
2026-10-09T13:46:05.4871347Z PSC1_TEST_PASS: beta WHNF
2026-10-09T13:46:05.4871747Z PSC1_TEST_PASS: infer identity
2026-10-09T13:46:05.4872133Z PSC1_BOOTSTRAP_TESTS: PASS
2026-10-09T13:46:05.9093590Z ⚠ [3/32] Replayed Ps.Syntax.Cursor
2026-10-09T13:46:05.9094491Z warning: packages/syntax/src/Ps/Syntax/Cursor.lean:51:14: Variable name `head` is not explicitly referenced.
2026-10-09T13:46:05.9095020Z 
2026-10-09T13:46:05.9095935Z Hint: The binding can be removed (if unused) or named `_` (if used implicitly). Alternatively, prefix the name with `_` to silence this warning:
2026-10-09T13:46:05.9096458Z   [apply] _head
2026-10-09T13:46:05.9096591Z 
2026-10-09T13:46:05.9096850Z Note: This linter can be disabled with `set_option linter.unusedVariables false`
2026-10-09T13:46:05.9097475Z warning: packages/syntax/src/Ps/Syntax/Cursor.lean:51:19: Variable name `tail` is not explicitly referenced.
2026-10-09T13:46:05.9097812Z 
2026-10-09T13:46:05.9098241Z Hint: The binding can be removed (if unused) or named `_` (if used implicitly). Alternatively, prefix the name with `_` to silence this warning:
2026-10-09T13:46:05.9098733Z   [apply] _tail
2026-10-09T13:46:05.9098859Z 
2026-10-09T13:46:05.9099108Z Note: This linter can be disabled with `set_option linter.unusedVariables false`
2026-10-09T13:46:05.9099711Z warning: packages/syntax/src/Ps/Syntax/Cursor.lean:56:19: Variable name `rest` is not explicitly referenced.
2026-10-09T13:46:05.9100042Z 
2026-10-09T13:46:05.9100468Z Hint: The binding can be removed (if unused) or named `_` (if used implicitly). Alternatively, prefix the name with `_` to silence this warning:
2026-10-09T13:46:05.9100943Z   [apply] _rest
2026-10-09T13:46:05.9101062Z 
2026-10-09T13:46:05.9101304Z Note: This linter can be disabled with `set_option linter.unusedVariables false`
2026-10-09T13:46:05.9101981Z warning: packages/syntax/src/Ps/Syntax/Cursor.lean:89:14: Variable name `first` is not explicitly referenced.
2026-10-09T13:46:05.9102312Z 
2026-10-09T13:46:05.9102732Z Hint: The binding can be removed (if unused) or named `_` (if used implicitly). Alternatively, prefix the name with `_` to silence this warning:
2026-10-09T13:46:05.9103209Z   [apply] _first
2026-10-09T13:46:05.9103335Z 
2026-10-09T13:46:05.9103577Z Note: This linter can be disabled with `set_option linter.unusedVariables false`
2026-10-09T13:46:05.9104164Z warning: packages/syntax/src/Ps/Syntax/Cursor.lean:92:25: Variable name `tail` is not explicitly referenced.
2026-10-09T13:46:05.9104493Z 
2026-10-09T13:46:05.9104925Z Hint: The binding can be removed (if unused) or named `_` (if used implicitly). Alternatively, prefix the name with `_` to silence this warning:
2026-10-09T13:46:05.9105410Z   [apply] _tail
2026-10-09T13:46:05.9105708Z 
2026-10-09T13:46:05.9106046Z Note: This linter can be disabled with `set_option linter.unusedVariables false`
2026-10-09T13:46:05.9106625Z ⚠ [5/32] Replayed Ps.Syntax.Lexer
2026-10-09T13:46:05.9107167Z warning: packages/syntax/src/Ps/Syntax/Lexer.lean:89:11: Variable name `depth` is not explicitly referenced.
2026-10-09T13:46:05.9107520Z 
2026-10-09T13:46:05.9107982Z Hint: The binding can be removed (if unused) or named `_` (if used implicitly). Alternatively, prefix the name with `_` to silence this warning:
2026-10-09T13:46:05.9108504Z   [apply] _depth
2026-10-09T13:46:05.9108640Z 
2026-10-09T13:46:05.9108910Z Note: This linter can be disabled with `set_option linter.unusedVariables false`
2026-10-09T13:46:05.9109557Z warning: packages/syntax/src/Ps/Syntax/Lexer.lean:89:25: Variable name `remaining` is not explicitly referenced.
2026-10-09T13:46:05.9109918Z 
2026-10-09T13:46:05.9110377Z Hint: The binding can be removed (if unused) or named `_` (if used implicitly). Alternatively, prefix the name with `_` to silence this warning:
2026-10-09T13:46:05.9110888Z   [apply] _remaining
2026-10-09T13:46:05.9111041Z 
2026-10-09T13:46:05.9111307Z Note: This linter can be disabled with `set_option linter.unusedVariables false`
2026-10-09T13:46:05.9111956Z warning: packages/syntax/src/Ps/Syntax/Lexer.lean:406:11: Variable name `remaining` is not explicitly referenced.
2026-10-09T13:46:05.9112323Z 
2026-10-09T13:46:05.9112786Z Hint: The binding can be removed (if unused) or named `_` (if used implicitly). Alternatively, prefix the name with `_` to silence this warning:
2026-10-09T13:46:05.9113311Z   [apply] _remaining
2026-10-09T13:46:05.9113444Z 
2026-10-09T13:46:05.9113713Z Note: This linter can be disabled with `set_option linter.unusedVariables false`
2026-10-09T13:46:05.9114431Z warning: packages/syntax/src/Ps/Syntax/Lexer.lean:406:82: Variable name `charsRev` is not explicitly referenced.
2026-10-09T13:46:05.9114805Z 
2026-10-09T13:46:05.9115263Z Hint: The binding can be removed (if unused) or named `_` (if used implicitly). Alternatively, prefix the name with `_` to silence this warning:
2026-10-09T13:46:05.9115965Z   [apply] _charsRev
2026-10-09T13:46:05.9116100Z 
2026-10-09T13:46:05.9116372Z Note: This linter can be disabled with `set_option linter.unusedVariables false`
2026-10-09T13:46:05.9116848Z ⚠ [8/32] Replayed Ps.Syntax.ParserState
2026-10-09T13:46:05.9117425Z warning: packages/syntax/src/Ps/Syntax/ParserState.lean:30:20: Variable name `rest` is not explicitly referenced.
2026-10-09T13:46:05.9117810Z 
2026-10-09T13:46:05.9118272Z Hint: The binding can be removed (if unused) or named `_` (if used implicitly). Alternatively, prefix the name with `_` to silence this warning:
2026-10-09T13:46:05.9118787Z   [apply] _rest
2026-10-09T13:46:05.9118920Z 
2026-10-09T13:46:05.9119195Z Note: This linter can be disabled with `set_option linter.unusedVariables false`
2026-10-09T13:46:05.9194488Z PSC1_TRANSLATION_PASS: unsupported ProofScript do rejected
2026-10-09T13:46:05.9195651Z PSC1_TRANSLATION_PASS: explicit compiler effect calls preserve translation
2026-10-09T13:46:05.9196646Z PSC1_TRANSLATION_PASS: explicit Unit argument survives canonical printing
2026-10-09T13:46:05.9197896Z PSC1_TRANSLATION_PASS: grouped and dependent ProofScript binder types
2026-10-09T13:46:05.9198761Z PSC1_TRANSLATION_PASS: nested function binder canonical round trip
2026-10-09T13:46:05.9199579Z PSC1_TRANSLATION_PASS: complex application .lean <-> .ps
2026-10-09T13:46:05.9200302Z PSC1_TRANSLATION_PASS: partial def .lean <-> .ps
2026-10-09T13:46:05.9200965Z PSC1_TRANSLATION_PASS: structure .lean <-> .ps
2026-10-09T13:46:05.9201617Z PSC1_TRANSLATION_PASS: .lean -> .ps -> .lean
2026-10-09T13:46:05.9202758Z PSC1_TRANSLATION_PASS: .ps -> .lean -> .ps
2026-10-09T13:46:06.3413127Z ⚠ [3/96] Replayed Ps.Syntax.Cursor
2026-10-09T13:46:06.3413956Z warning: packages/syntax/src/Ps/Syntax/Cursor.lean:51:14: Variable name `head` is not explicitly referenced.
2026-10-09T13:46:06.3414346Z 
2026-10-09T13:46:06.3414833Z Hint: The binding can be removed (if unused) or named `_` (if used implicitly). Alternatively, prefix the name with `_` to silence this warning:
2026-10-09T13:46:06.3415403Z   [apply] _head
2026-10-09T13:46:06.3415753Z 
2026-10-09T13:46:06.3416198Z Note: This linter can be disabled with `set_option linter.unusedVariables false`
2026-10-09T13:46:06.3416993Z warning: packages/syntax/src/Ps/Syntax/Cursor.lean:51:19: Variable name `tail` is not explicitly referenced.
2026-10-09T13:46:06.3417355Z 
2026-10-09T13:46:06.3417829Z Hint: The binding can be removed (if unused) or named `_` (if used implicitly). Alternatively, prefix the name with `_` to silence this warning:
2026-10-09T13:46:06.3418362Z   [apply] _tail
2026-10-09T13:46:06.3418495Z 
2026-10-09T13:46:06.3418776Z Note: This linter can be disabled with `set_option linter.unusedVariables false`
2026-10-09T13:46:06.3419406Z warning: packages/syntax/src/Ps/Syntax/Cursor.lean:56:19: Variable name `rest` is not explicitly referenced.
2026-10-09T13:46:06.3419761Z 
2026-10-09T13:46:06.3420223Z Hint: The binding can be removed (if unused) or named `_` (if used implicitly). Alternatively, prefix the name with `_` to silence this warning:
2026-10-09T13:46:06.3420748Z   [apply] _rest
2026-10-09T13:46:06.3420881Z 
2026-10-09T13:46:06.3421149Z Note: This linter can be disabled with `set_option linter.unusedVariables false`
2026-10-09T13:46:06.3421798Z warning: packages/syntax/src/Ps/Syntax/Cursor.lean:89:14: Variable name `first` is not explicitly referenced.
2026-10-09T13:46:06.3422148Z 
2026-10-09T13:46:06.3422611Z Hint: The binding can be removed (if unused) or named `_` (if used implicitly). Alternatively, prefix the name with `_` to silence this warning:
2026-10-09T13:46:06.3423120Z   [apply] _first
2026-10-09T13:46:06.3423254Z 
2026-10-09T13:46:06.3423869Z Note: This linter can be disabled with `set_option linter.unusedVariables false`
2026-10-09T13:46:06.3424503Z warning: packages/syntax/src/Ps/Syntax/Cursor.lean:92:25: Variable name `tail` is not explicitly referenced.
2026-10-09T13:46:06.3424858Z 
2026-10-09T13:46:06.3425323Z Hint: The binding can be removed (if unused) or named `_` (if used implicitly). Alternatively, prefix the name with `_` to silence this warning:
2026-10-09T13:46:06.3425947Z   [apply] _tail
2026-10-09T13:46:06.3426084Z 
2026-10-09T13:46:06.3426351Z Note: This linter can be disabled with `set_option linter.unusedVariables false`
2026-10-09T13:46:06.3426839Z ⚠ [5/96] Replayed Ps.Syntax.Lexer
2026-10-09T13:46:06.3427387Z warning: packages/syntax/src/Ps/Syntax/Lexer.lean:89:11: Variable name `depth` is not explicitly referenced.
2026-10-09T13:46:06.3427733Z 
2026-10-09T13:46:06.3428205Z Hint: The binding can be removed (if unused) or named `_` (if used implicitly). Alternatively, prefix the name with `_` to silence this warning:
2026-10-09T13:46:06.3428732Z   [apply] _depth
2026-10-09T13:46:06.3428859Z 
2026-10-09T13:46:06.3429129Z Note: This linter can be disabled with `set_option linter.unusedVariables false`
2026-10-09T13:46:06.3429783Z warning: packages/syntax/src/Ps/Syntax/Lexer.lean:89:25: Variable name `remaining` is not explicitly referenced.
2026-10-09T13:46:06.3430232Z 
2026-10-09T13:46:06.3430696Z Hint: The binding can be removed (if unused) or named `_` (if used implicitly). Alternatively, prefix the name with `_` to silence this warning:
2026-10-09T13:46:06.3431215Z   [apply] _remaining
2026-10-09T13:46:06.3431351Z 
2026-10-09T13:46:06.3431615Z Note: This linter can be disabled with `set_option linter.unusedVariables false`
2026-10-09T13:46:06.3432262Z warning: packages/syntax/src/Ps/Syntax/Lexer.lean:406:11: Variable name `remaining` is not explicitly referenced.
2026-10-09T13:46:06.3432638Z 
2026-10-09T13:46:06.3433137Z Hint: The binding can be removed (if unused) or named `_` (if used implicitly). Alternatively, prefix the name with `_` to silence this warning:
2026-10-09T13:46:06.3433689Z   [apply] _remaining
2026-10-09T13:46:06.3433831Z 
2026-10-09T13:46:06.3434117Z Note: This linter can be disabled with `set_option linter.unusedVariables false`
2026-10-09T13:46:06.3434714Z warning: packages/syntax/src/Ps/Syntax/Lexer.lean:406:82: Variable name `charsRev` is not explicitly referenced.
2026-10-09T13:46:06.3435046Z 
2026-10-09T13:46:06.3435458Z Hint: The binding can be removed (if unused) or named `_` (if used implicitly). Alternatively, prefix the name with `_` to silence this warning:
2026-10-09T13:46:06.3436018Z   [apply] _charsRev
2026-10-09T13:46:06.3436150Z 
2026-10-09T13:46:06.3436388Z Note: This linter can be disabled with `set_option linter.unusedVariables false`
2026-10-09T13:46:06.3436824Z ⚠ [8/96] Replayed Ps.Syntax.ParserState
2026-10-09T13:46:06.3437350Z warning: packages/syntax/src/Ps/Syntax/ParserState.lean:30:20: Variable name `rest` is not explicitly referenced.
2026-10-09T13:46:06.3437694Z 
2026-10-09T13:46:06.3438122Z Hint: The binding can be removed (if unused) or named `_` (if used implicitly). Alternatively, prefix the name with `_` to silence this warning:
2026-10-09T13:46:06.3438588Z   [apply] _rest
2026-10-09T13:46:06.3438709Z 
2026-10-09T13:46:06.3438959Z Note: This linter can be disabled with `set_option linter.unusedVariables false`
2026-10-09T13:46:06.3439369Z ⚠ [19/96] Replayed Ps.Core.Abstract
2026-10-09T13:46:06.3439871Z warning: packages/core/src/Ps/Core/Abstract.lean:8:11: Variable name `depth` is not explicitly referenced.
2026-10-09T13:46:06.3440180Z 
2026-10-09T13:46:06.3440602Z Hint: The binding can be removed (if unused) or named `_` (if used implicitly). Alternatively, prefix the name with `_` to silence this warning:
2026-10-09T13:46:06.3441070Z   [apply] _depth
2026-10-09T13:46:06.3441186Z 
2026-10-09T13:46:06.3441433Z Note: This linter can be disabled with `set_option linter.unusedVariables false`
2026-10-09T13:46:06.3442073Z warning: packages/core/src/Ps/Core/Abstract.lean:16:11: Variable name `depth` is not explicitly referenced.
2026-10-09T13:46:06.3442395Z 
2026-10-09T13:46:06.3442811Z Hint: The binding can be removed (if unused) or named `_` (if used implicitly). Alternatively, prefix the name with `_` to silence this warning:
2026-10-09T13:46:06.3443280Z   [apply] _depth
2026-10-09T13:46:06.3443401Z 
2026-10-09T13:46:06.3443643Z Note: This linter can be disabled with `set_option linter.unusedVariables false`
2026-10-09T13:46:06.3444213Z warning: packages/core/src/Ps/Core/Abstract.lean:18:11: Variable name `depth` is not explicitly referenced.
2026-10-09T13:46:06.3444534Z 
2026-10-09T13:46:06.3444952Z Hint: The binding can be removed (if unused) or named `_` (if used implicitly). Alternatively, prefix the name with `_` to silence this warning:
2026-10-09T13:46:06.3445425Z   [apply] _depth
2026-10-09T13:46:06.3445608Z 
2026-10-09T13:46:06.3445868Z Note: This linter can be disabled with `set_option linter.unusedVariables false`
2026-10-09T13:46:06.3446578Z warning: packages/core/src/Ps/Core/Abstract.lean:20:11: Variable name `depth` is not explicitly referenced.
2026-10-09T13:46:06.3447070Z 
2026-10-09T13:46:06.3447697Z Hint: The binding can be removed (if unused) or named `_` (if used implicitly). Alternatively, prefix the name with `_` to silence this warning:
2026-10-09T13:46:06.3448518Z   [apply] _depth
2026-10-09T13:46:06.3448916Z 
2026-10-09T13:46:06.3449298Z Note: This linter can be disabled with `set_option linter.unusedVariables false`
2026-10-09T13:46:06.3450226Z warning: packages/core/src/Ps/Core/Abstract.lean:66:11: Variable name `depth` is not explicitly referenced.
2026-10-09T13:46:06.3450609Z 
2026-10-09T13:46:06.3451074Z Hint: The binding can be removed (if unused) or named `_` (if used implicitly). Alternatively, prefix the name with `_` to silence this warning:
2026-10-09T13:46:06.3451586Z   [apply] _depth
2026-10-09T13:46:06.3451714Z 
2026-10-09T13:46:06.3451978Z Note: This linter can be disabled with `set_option linter.unusedVariables false`
2026-10-09T13:46:06.3452470Z ⚠ [20/96] Replayed Ps.Core.Subst
2026-10-09T13:46:06.3453021Z warning: packages/core/src/Ps/Core/Subst.lean:14:11: Variable name `cutoff` is not explicitly referenced.
2026-10-09T13:46:06.3453384Z 
2026-10-09T13:46:06.3453874Z Hint: The binding can be removed (if unused) or named `_` (if used implicitly). Alternatively, prefix the name with `_` to silence this warning:
2026-10-09T13:46:06.3454427Z   [apply] _cutoff
2026-10-09T13:46:06.3454572Z 
2026-10-09T13:46:06.3454857Z Note: This linter can be disabled with `set_option linter.unusedVariables false`
2026-10-09T13:46:06.3455635Z warning: packages/core/src/Ps/Core/Subst.lean:16:11: Variable name `cutoff` is not explicitly referenced.
2026-10-09T13:46:06.3456121Z 
2026-10-09T13:46:06.3456635Z Hint: The binding can be removed (if unused) or named `_` (if used implicitly). Alternatively, prefix the name with `_` to silence this warning:
2026-10-09T13:46:06.3457182Z   [apply] _cutoff
2026-10-09T13:46:06.3457326Z 
2026-10-09T13:46:06.3457620Z Note: This linter can be disabled with `set_option linter.unusedVariables false`
2026-10-09T13:46:06.3458282Z warning: packages/core/src/Ps/Core/Subst.lean:18:11: Variable name `cutoff` is not explicitly referenced.
2026-10-09T13:46:06.3458620Z 
2026-10-09T13:46:06.3459042Z Hint: The binding can be removed (if unused) or named `_` (if used implicitly). Alternatively, prefix the name with `_` to silence this warning:
2026-10-09T13:46:06.3459513Z   [apply] _cutoff
2026-10-09T13:46:06.3459639Z 
2026-10-09T13:46:06.3459888Z Note: This linter can be disabled with `set_option linter.unusedVariables false`
2026-10-09T13:46:06.3460446Z warning: packages/core/src/Ps/Core/Subst.lean:20:11: Variable name `cutoff` is not explicitly referenced.
2026-10-09T13:46:06.3460753Z 
2026-10-09T13:46:06.3461173Z Hint: The binding can be removed (if unused) or named `_` (if used implicitly). Alternatively, prefix the name with `_` to silence this warning:
2026-10-09T13:46:06.3461644Z   [apply] _cutoff
2026-10-09T13:46:06.3461774Z 
2026-10-09T13:46:06.3462116Z Note: This linter can be disabled with `set_option linter.unusedVariables false`
2026-10-09T13:46:06.3462732Z warning: packages/core/src/Ps/Core/Subst.lean:66:11: Variable name `cutoff` is not explicitly referenced.
2026-10-09T13:46:06.3463070Z 
2026-10-09T13:46:06.3463536Z Hint: The binding can be removed (if unused) or named `_` (if used implicitly). Alternatively, prefix the name with `_` to silence this warning:
2026-10-09T13:46:06.3464054Z   [apply] _cutoff
2026-10-09T13:46:06.3464186Z 
2026-10-09T13:46:06.3464454Z Note: This linter can be disabled with `set_option linter.unusedVariables false`
2026-10-09T13:46:06.3465060Z warning: packages/core/src/Ps/Core/Subst.lean:94:11: Variable name `depth` is not explicitly referenced.
2026-10-09T13:46:06.3465398Z 
2026-10-09T13:46:06.3465954Z Hint: The binding can be removed (if unused) or named `_` (if used implicitly). Alternatively, prefix the name with `_` to silence this warning:
2026-10-09T13:46:06.3466482Z   [apply] _depth
2026-10-09T13:46:06.3466607Z 
2026-10-09T13:46:06.3466879Z Note: This linter can be disabled with `set_option linter.unusedVariables false`
2026-10-09T13:46:06.3467495Z warning: packages/core/src/Ps/Core/Subst.lean:96:11: Variable name `depth` is not explicitly referenced.
2026-10-09T13:46:06.3467824Z 
2026-10-09T13:46:06.3468287Z Hint: The binding can be removed (if unused) or named `_` (if used implicitly). Alternatively, prefix the name with `_` to silence this warning:
2026-10-09T13:46:06.3468879Z   [apply] _depth
2026-10-09T13:46:06.3468998Z 
2026-10-09T13:46:06.3469247Z Note: This linter can be disabled with `set_option linter.unusedVariables false`
2026-10-09T13:46:06.3469819Z warning: packages/core/src/Ps/Core/Subst.lean:98:11: Variable name `depth` is not explicitly referenced.
2026-10-09T13:46:06.3470123Z 
2026-10-09T13:46:06.3470542Z Hint: The binding can be removed (if unused) or named `_` (if used implicitly). Alternatively, prefix the name with `_` to silence this warning:
2026-10-09T13:46:06.3471010Z   [apply] _depth
2026-10-09T13:46:06.3471126Z 
2026-10-09T13:46:06.3471371Z Note: This linter can be disabled with `set_option linter.unusedVariables false`
2026-10-09T13:46:06.3471940Z warning: packages/core/src/Ps/Core/Subst.lean:100:11: Variable name `depth` is not explicitly referenced.
2026-10-09T13:46:06.3472240Z 
2026-10-09T13:46:06.3472666Z Hint: The binding can be removed (if unused) or named `_` (if used implicitly). Alternatively, prefix the name with `_` to silence this warning:
2026-10-09T13:46:06.3473145Z   [apply] _depth
2026-10-09T13:46:06.3473256Z 
2026-10-09T13:46:06.3473502Z Note: This linter can be disabled with `set_option linter.unusedVariables false`
2026-10-09T13:46:06.3474076Z warning: packages/core/src/Ps/Core/Subst.lean:146:11: Variable name `depth` is not explicitly referenced.
2026-10-09T13:46:06.3474377Z 
2026-10-09T13:46:06.3474799Z Hint: The binding can be removed (if unused) or named `_` (if used implicitly). Alternatively, prefix the name with `_` to silence this warning:
2026-10-09T13:46:06.3475263Z   [apply] _depth
2026-10-09T13:46:06.3475381Z 
2026-10-09T13:46:06.3475724Z Note: This linter can be disabled with `set_option linter.unusedVariables false`
2026-10-09T13:46:06.3476186Z ⚠ [23/96] Replayed Ps.Core.LevelSubst
2026-10-09T13:46:06.3476703Z warning: packages/core/src/Ps/Core/LevelSubst.lean:8:11: Variable name `arguments` is not explicitly referenced.
2026-10-09T13:46:06.3477042Z 
2026-10-09T13:46:06.3477463Z Hint: The binding can be removed (if unused) or named `_` (if used implicitly). Alternatively, prefix the name with `_` to silence this warning:
2026-10-09T13:46:06.3477940Z   [apply] _arguments
2026-10-09T13:46:06.3478074Z 
2026-10-09T13:46:06.3478316Z Note: This linter can be disabled with `set_option linter.unusedVariables false`
2026-10-09T13:46:06.3478896Z warning: packages/core/src/Ps/Core/LevelSubst.lean:9:13: Variable name `target` is not explicitly referenced.
2026-10-09T13:46:06.3479220Z 
2026-10-09T13:46:06.3479704Z Hint: The binding can be removed (if unused) or named `_` (if used implicitly). Alternatively, prefix the name with `_` to silence this warning:
2026-10-09T13:46:06.3480178Z   [apply] _target
2026-10-09T13:46:06.3480305Z 
2026-10-09T13:46:06.3480559Z Note: This linter can be disabled with `set_option linter.unusedVariables false`
2026-10-09T13:46:06.3480982Z ⚠ [24/96] Replayed Ps.Meta.LevelContext
2026-10-09T13:46:06.3481539Z warning: packages/meta/src/Ps/Meta/LevelContext.lean:59:4: Variable name `assignment` is not explicitly referenced.
2026-10-09T13:46:06.3481883Z 
2026-10-09T13:46:06.3482314Z Hint: The binding can be removed (if unused) or named `_` (if used implicitly). Alternatively, prefix the name with `_` to silence this warning:
2026-10-09T13:46:06.3482808Z   [apply] _assignment
2026-10-09T13:46:06.3482938Z 
2026-10-09T13:46:06.3483193Z Note: This linter can be disabled with `set_option linter.unusedVariables false`
2026-10-09T13:46:06.3483612Z ⚠ [29/96] Replayed Ps.Meta.Unify
2026-10-09T13:46:06.3484136Z warning: packages/meta/src/Ps/Meta/Unify.lean:90:11: Variable name `environment` is not explicitly referenced.
2026-10-09T13:46:06.3484496Z 
2026-10-09T13:46:06.3484961Z Hint: The binding can be removed (if unused) or named `_` (if used implicitly). Alternatively, prefix the name with `_` to silence this warning:
2026-10-09T13:46:06.3485567Z   [apply] _environment
2026-10-09T13:46:06.3485792Z 
2026-10-09T13:46:06.3486075Z Note: This linter can be disabled with `set_option linter.unusedVariables false`
2026-10-09T13:46:06.3486718Z warning: packages/meta/src/Ps/Meta/Unify.lean:91:11: Variable name `localContext` is not explicitly referenced.
2026-10-09T13:46:06.3487107Z 
2026-10-09T13:46:06.3487583Z Hint: The binding can be removed (if unused) or named `_` (if used implicitly). Alternatively, prefix the name with `_` to silence this warning:
2026-10-09T13:46:06.3488129Z   [apply] _localContext
2026-10-09T13:46:06.3488277Z 
2026-10-09T13:46:06.3488559Z Note: This linter can be disabled with `set_option linter.unusedVariables false`
2026-10-09T13:46:06.3489196Z warning: packages/meta/src/Ps/Meta/Unify.lean:93:11: Variable name `left` is not explicitly referenced.
2026-10-09T13:46:06.3489530Z 
2026-10-09T13:46:06.3490002Z Hint: The binding can be removed (if unused) or named `_` (if used implicitly). Alternatively, prefix the name with `_` to silence this warning:
2026-10-09T13:46:06.3490524Z   [apply] _left
2026-10-09T13:46:06.3490657Z 
2026-10-09T13:46:06.3491014Z Note: This linter can be disabled with `set_option linter.unusedVariables false`
2026-10-09T13:46:06.3491819Z warning: packages/meta/src/Ps/Meta/Unify.lean:94:11: Variable name `right` is not explicitly referenced.
2026-10-09T13:46:06.3492263Z 
2026-10-09T13:46:06.3492799Z Hint: The binding can be removed (if unused) or named `_` (if used implicitly). Alternatively, prefix the name with `_` to silence this warning:
2026-10-09T13:46:06.3493526Z   [apply] _right
2026-10-09T13:46:06.3493717Z 
2026-10-09T13:46:06.3494068Z Note: This linter can be disabled with `set_option linter.unusedVariables false`
2026-10-09T13:46:06.3494808Z warning: packages/meta/src/Ps/Meta/Unify.lean:178:17: Variable name `leftName` is not explicitly referenced.
2026-10-09T13:46:06.3495161Z 
2026-10-09T13:46:06.3495893Z Hint: The binding can be removed (if unused) or named `_` (if used implicitly). Alternatively, prefix the name with `_` to silence this warning:
2026-10-09T13:46:06.3496870Z   [apply] _leftName
2026-10-09T13:46:06.3497127Z 
2026-10-09T13:46:06.3497577Z Note: This linter can be disabled with `set_option linter.unusedVariables false`
2026-10-09T13:46:06.3498725Z warning: packages/meta/src/Ps/Meta/Unify.lean:207:21: Variable name `leftName` is not explicitly referenced.
2026-10-09T13:46:06.3499236Z 
2026-10-09T13:46:06.3499954Z Hint: The binding can be removed (if unused) or named `_` (if used implicitly). Alternatively, prefix the name with `_` to silence this warning:
2026-10-09T13:46:06.3500776Z   [apply] _leftName
2026-10-09T13:46:06.3500973Z 
2026-10-09T13:46:06.3501591Z Note: This linter can be disabled with `set_option linter.unusedVariables false`
2026-10-09T13:46:06.3502334Z ⚠ [32/96] Replayed Ps.Elab.Literal
2026-10-09T13:46:06.3503152Z warning: packages/elab/src/Ps/Elab/Literal.lean:166:11: Variable name `chars` is not explicitly referenced.
2026-10-09T13:46:06.3503708Z 
2026-10-09T13:46:06.3504426Z Hint: The binding can be removed (if unused) or named `_` (if used implicitly). Alternatively, prefix the name with `_` to silence this warning:
2026-10-09T13:46:06.3505177Z   [apply] _chars
2026-10-09T13:46:06.3505340Z 
2026-10-09T13:46:06.3505832Z Note: This linter can be disabled with `set_option linter.unusedVariables false`
2026-10-09T13:46:06.3506706Z warning: packages/elab/src/Ps/Elab/Literal.lean:167:13: Variable name `charsRev` is not explicitly referenced.
2026-10-09T13:46:06.3507203Z 
2026-10-09T13:46:06.3507882Z Hint: The binding can be removed (if unused) or named `_` (if used implicitly). Alternatively, prefix the name with `_` to silence this warning:
2026-10-09T13:46:06.3508639Z   [apply] _charsRev
2026-10-09T13:46:06.3508815Z 
2026-10-09T13:46:06.3509222Z Note: This linter can be disabled with `set_option linter.unusedVariables false`
2026-10-09T13:46:06.3509896Z ⚠ [33/96] Replayed Ps.Elab.Term
2026-10-09T13:46:06.3510675Z warning: packages/elab/src/Ps/Elab/Term.lean:2781:11: Variable name `context` is not explicitly referenced.
2026-10-09T13:46:06.3511393Z 
2026-10-09T13:46:06.3512078Z Hint: The binding can be removed (if unused) or named `_` (if used implicitly). Alternatively, prefix the name with `_` to silence this warning:
2026-10-09T13:46:06.3512862Z   [apply] _context
2026-10-09T13:46:06.3513050Z 
2026-10-09T13:46:06.3513448Z Note: This linter can be disabled with `set_option linter.unusedVariables false`
2026-10-09T13:46:06.3514415Z warning: packages/elab/src/Ps/Elab/Term.lean:2782:13: Variable name `recursion` is not explicitly referenced.
2026-10-09T13:46:06.3514893Z 
2026-10-09T13:46:06.3515787Z Hint: The binding can be removed (if unused) or named `_` (if used implicitly). Alternatively, prefix the name with `_` to silence this warning:
2026-10-09T13:46:06.3516703Z   [apply] _recursion
2026-10-09T13:46:06.3516925Z 
2026-10-09T13:46:06.3517365Z Note: This linter can be disabled with `set_option linter.unusedVariables false`
2026-10-09T13:46:06.3518432Z warning: packages/elab/src/Ps/Elab/Term.lean:2783:15: Variable name `index` is not explicitly referenced.
2026-10-09T13:46:06.3519029Z 
2026-10-09T13:46:06.3519806Z Hint: The binding can be removed (if unused) or named `_` (if used implicitly). Alternatively, prefix the name with `_` to silence this warning:
2026-10-09T13:46:06.3520704Z   [apply] _index
2026-10-09T13:46:06.3520906Z 
2026-10-09T13:46:06.3521357Z Note: This linter can be disabled with `set_option linter.unusedVariables false`
2026-10-09T13:46:06.3522143Z ⚠ [39/96] Replayed Ps.Erasure.Expr
2026-10-09T13:46:06.3523017Z warning: packages/erasure/src/Ps/Erasure/Expr.lean:726:21: Variable name `name` is not explicitly referenced.
2026-10-09T13:46:06.3523615Z 
2026-10-09T13:46:06.3524333Z Hint: The binding can be removed (if unused) or named `_` (if used implicitly). Alternatively, prefix the name with `_` to silence this warning:
2026-10-09T13:46:06.3525103Z   [apply] _name
2026-10-09T13:46:06.3525279Z 
2026-10-09T13:46:06.3525819Z Note: This linter can be disabled with `set_option linter.unusedVariables false`
2026-10-09T13:46:06.3526584Z ⚠ [46/96] Replayed Ps.BackendTs.Expr
2026-10-09T13:46:06.3527424Z warning: packages/backend-ts/src/Ps/BackendTs/Expr.lean:632:32: Variable name `fieldName` is not explicitly referenced.
2026-10-09T13:46:06.3527833Z 
2026-10-09T13:46:06.3528316Z Hint: The binding can be removed (if unused) or named `_` (if used implicitly). Alternatively, prefix the name with `_` to silence this warning:
2026-10-09T13:46:06.3528875Z   [apply] _fieldName
2026-10-09T13:46:06.3529025Z 
2026-10-09T13:46:06.3529306Z Note: This linter can be disabled with `set_option linter.unusedVariables false`
2026-10-09T13:46:06.3597487Z PSC1_ERASURE_PASS: dual-source Lean-native identity
2026-10-09T13:46:06.3598441Z PSC1_ERASURE_PASS: dual-source Lean-native generic identity
2026-10-09T13:46:06.3599046Z PSC1_ERASURE_PASS: dual-source Lean-native let
2026-10-09T13:46:06.3599617Z PSC1_ERASURE_PASS: dual-source Lean-native if
2026-10-09T13:46:06.3600212Z PSC1_ERASURE_PASS: dual-source Lean-native Maybe match
2026-10-09T13:46:06.3600875Z PSC1_ERASURE_PASS: dual-source Lean-native structure projection
2026-10-09T13:46:06.3601568Z PSC1_ERASURE_PASS: dual-source Lean-native structural recursion
2026-10-09T13:46:06.3602155Z PSC1_ERASURE_PASS: dual-source Lean-native Int
2026-10-09T13:46:06.3602731Z PSC1_ERASURE_PASS: dual-source Lean-native Array basics
2026-10-09T13:46:06.3603327Z PSC1_ERASURE_PASS: dual-source Lean-native Array map
2026-10-09T13:46:06.3603919Z PSC1_ERASURE_PASS: dual-source Lean-native Array foldl
2026-10-09T13:46:06.3604527Z PSC1_ERASURE_PASS: dual-source Lean-native Array higher-order
2026-10-09T13:46:06.3605303Z PSC1_ERASURE_PASS: dual-source Lean-native partial application
2026-10-09T13:46:06.3606172Z PSC1_ERASURE_PASS: dual-source Lean-native text primitives
2026-10-09T13:46:06.3607278Z PSC1_ERASURE_PASS: dual-source Lean-native String raw-position bridge
2026-10-09T13:46:06.3608214Z PSC1_ERASURE_PASS: dual-source Lean-native controlled partial def
2026-10-09T13:46:06.3608711Z PSC1_ERASURE_TESTS: PASS
2026-10-09T13:46:06.3865207Z ##[group]Run lake build psc2_lean_checked_seed
2026-10-09T13:46:06.3877337Z [36;1mlake build psc2_lean_checked_seed[0m
2026-10-09T13:46:06.3914862Z shell: /usr/bin/bash -e {0}
2026-10-09T13:46:06.3915154Z env:
2026-10-09T13:46:06.3915638Z   PSC0_TSC: /home/runner/work/_temp/psc0-typescript-7.0.2/node_modules/typescript/bin/tsc
2026-10-09T13:46:06.3916130Z   PSC0_TYPESCRIPT_VERSION: 7.0.2
2026-10-09T13:46:06.3916397Z ##[endgroup]
2026-10-09T13:46:06.8537511Z info: psc2LeanChecked: no previous manifest, creating one from scratch
2026-10-09T13:46:06.8538093Z info: updating toolchain to 'leanprover/lean4:v4.34.0'
2026-10-09T13:46:06.8538461Z info: restarting Lake via Elan
2026-10-09T13:46:07.1440305Z info: psc2LeanChecked: no previous manifest, creating one from scratch
2026-10-09T13:46:07.1441050Z info: toolchain not updated; already up-to-date
2026-10-09T13:46:08.0400770Z ⚠ [4/139] Replayed Ps.Syntax.Cursor
2026-10-09T13:46:08.0401866Z warning: packages/syntax/src/Ps/Syntax/Cursor.lean:51:14: Variable name `head` is not explicitly referenced.
2026-10-09T13:46:08.0402470Z 
2026-10-09T13:46:08.0403244Z Hint: The binding can be removed (if unused) or named `_` (if used implicitly). Alternatively, prefix the name with `_` to silence this warning:
2026-10-09T13:46:08.0404070Z   [apply] _head
2026-10-09T13:46:08.0404359Z 
2026-10-09T13:46:08.0404642Z Note: This linter can be disabled with `set_option linter.unusedVariables false`
2026-10-09T13:46:08.0405307Z warning: packages/syntax/src/Ps/Syntax/Cursor.lean:51:19: Variable name `tail` is not explicitly referenced.
2026-10-09T13:46:08.0405960Z 
2026-10-09T13:46:08.0406439Z Hint: The binding can be removed (if unused) or named `_` (if used implicitly). Alternatively, prefix the name with `_` to silence this warning:
2026-10-09T13:46:08.0406972Z   [apply] _tail
2026-10-09T13:46:08.0407106Z 
2026-10-09T13:46:08.0407452Z Note: This linter can be disabled with `set_option linter.unusedVariables false`
2026-10-09T13:46:08.0408105Z warning: packages/syntax/src/Ps/Syntax/Cursor.lean:56:19: Variable name `rest` is not explicitly referenced.
2026-10-09T13:46:08.0408469Z 
2026-10-09T13:46:08.0408935Z Hint: The binding can be removed (if unused) or named `_` (if used implicitly). Alternatively, prefix the name with `_` to silence this warning:
2026-10-09T13:46:08.0409449Z   [apply] _rest
2026-10-09T13:46:08.0409577Z 
2026-10-09T13:46:08.0409851Z Note: This linter can be disabled with `set_option linter.unusedVariables false`
2026-10-09T13:46:08.0410494Z warning: packages/syntax/src/Ps/Syntax/Cursor.lean:89:14: Variable name `first` is not explicitly referenced.
2026-10-09T13:46:08.0410844Z 
2026-10-09T13:46:08.0411309Z Hint: The binding can be removed (if unused) or named `_` (if used implicitly). Alternatively, prefix the name with `_` to silence this warning:
2026-10-09T13:46:08.0411824Z   [apply] _first
2026-10-09T13:46:08.0411957Z 
2026-10-09T13:46:08.0412229Z Note: This linter can be disabled with `set_option linter.unusedVariables false`
2026-10-09T13:46:08.0412884Z warning: packages/syntax/src/Ps/Syntax/Cursor.lean:92:25: Variable name `tail` is not explicitly referenced.
2026-10-09T13:46:08.0413239Z 
2026-10-09T13:46:08.0413703Z Hint: The binding can be removed (if unused) or named `_` (if used implicitly). Alternatively, prefix the name with `_` to silence this warning:
2026-10-09T13:46:08.0414223Z   [apply] _tail
2026-10-09T13:46:08.0414347Z 
2026-10-09T13:46:08.0414616Z Note: This linter can be disabled with `set_option linter.unusedVariables false`
2026-10-09T13:46:08.0415103Z ⚠ [6/139] Replayed Ps.Syntax.Lexer
2026-10-09T13:46:08.0415745Z warning: packages/syntax/src/Ps/Syntax/Lexer.lean:89:11: Variable name `depth` is not explicitly referenced.
2026-10-09T13:46:08.0416112Z 
2026-10-09T13:46:08.0416566Z Hint: The binding can be removed (if unused) or named `_` (if used implicitly). Alternatively, prefix the name with `_` to silence this warning:
2026-10-09T13:46:08.0417081Z   [apply] _depth
2026-10-09T13:46:08.0417213Z 
2026-10-09T13:46:08.0417844Z Note: This linter can be disabled with `set_option linter.unusedVariables false`
2026-10-09T13:46:08.0418611Z warning: packages/syntax/src/Ps/Syntax/Lexer.lean:89:25: Variable name `remaining` is not explicitly referenced.
2026-10-09T13:46:08.0418971Z 
2026-10-09T13:46:08.0419431Z Hint: The binding can be removed (if unused) or named `_` (if used implicitly). Alternatively, prefix the name with `_` to silence this warning:
2026-10-09T13:46:08.0419970Z   [apply] _remaining
2026-10-09T13:46:08.0420117Z 
2026-10-09T13:46:08.0420383Z Note: This linter can be disabled with `set_option linter.unusedVariables false`
2026-10-09T13:46:08.0421032Z warning: packages/syntax/src/Ps/Syntax/Lexer.lean:406:11: Variable name `remaining` is not explicitly referenced.
2026-10-09T13:46:08.0421402Z 
2026-10-09T13:46:08.0421875Z Hint: The binding can be removed (if unused) or named `_` (if used implicitly). Alternatively, prefix the name with `_` to silence this warning:
2026-10-09T13:46:08.0422399Z   [apply] _remaining
2026-10-09T13:46:08.0422551Z 
2026-10-09T13:46:08.0422831Z Note: This linter can be disabled with `set_option linter.unusedVariables false`
2026-10-09T13:46:08.0423469Z warning: packages/syntax/src/Ps/Syntax/Lexer.lean:406:82: Variable name `charsRev` is not explicitly referenced.
2026-10-09T13:46:08.0423824Z 
2026-10-09T13:46:08.0424284Z Hint: The binding can be removed (if unused) or named `_` (if used implicitly). Alternatively, prefix the name with `_` to silence this warning:
2026-10-09T13:46:08.0424804Z   [apply] _charsRev
2026-10-09T13:46:08.0424941Z 
2026-10-09T13:46:08.0425209Z Note: This linter can be disabled with `set_option linter.unusedVariables false`
2026-10-09T13:46:08.0425769Z ⚠ [9/139] Replayed Ps.Syntax.ParserState
2026-10-09T13:46:08.0426361Z warning: packages/syntax/src/Ps/Syntax/ParserState.lean:30:20: Variable name `rest` is not explicitly referenced.
2026-10-09T13:46:08.0426726Z 
2026-10-09T13:46:08.0427188Z Hint: The binding can be removed (if unused) or named `_` (if used implicitly). Alternatively, prefix the name with `_` to silence this warning:
2026-10-09T13:46:08.0427704Z   [apply] _rest
2026-10-09T13:46:08.0427828Z 
2026-10-09T13:46:08.0428097Z Note: This linter can be disabled with `set_option linter.unusedVariables false`
2026-10-09T13:46:08.0428548Z ⚠ [21/139] Replayed Ps.Core.Abstract
2026-10-09T13:46:08.0429091Z warning: packages/core/src/Ps/Core/Abstract.lean:8:11: Variable name `depth` is not explicitly referenced.
2026-10-09T13:46:08.0429441Z 
2026-10-09T13:46:08.0429901Z Hint: The binding can be removed (if unused) or named `_` (if used implicitly). Alternatively, prefix the name with `_` to silence this warning:
2026-10-09T13:46:08.0430415Z   [apply] _depth
2026-10-09T13:46:08.0430547Z 
2026-10-09T13:46:08.0430812Z Note: This linter can be disabled with `set_option linter.unusedVariables false`
2026-10-09T13:46:08.0431432Z warning: packages/core/src/Ps/Core/Abstract.lean:16:11: Variable name `depth` is not explicitly referenced.
2026-10-09T13:46:08.0431770Z 
2026-10-09T13:46:08.0432238Z Hint: The binding can be removed (if unused) or named `_` (if used implicitly). Alternatively, prefix the name with `_` to silence this warning:
2026-10-09T13:46:08.0432746Z   [apply] _depth
2026-10-09T13:46:08.0432877Z 
2026-10-09T13:46:08.0433143Z Note: This linter can be disabled with `set_option linter.unusedVariables false`
2026-10-09T13:46:08.0433763Z warning: packages/core/src/Ps/Core/Abstract.lean:18:11: Variable name `depth` is not explicitly referenced.
2026-10-09T13:46:08.0434106Z 
2026-10-09T13:46:08.0434565Z Hint: The binding can be removed (if unused) or named `_` (if used implicitly). Alternatively, prefix the name with `_` to silence this warning:
2026-10-09T13:46:08.0435073Z   [apply] _depth
2026-10-09T13:46:08.0435203Z 
2026-10-09T13:46:08.0435470Z Note: This linter can be disabled with `set_option linter.unusedVariables false`
2026-10-09T13:46:08.0436177Z warning: packages/core/src/Ps/Core/Abstract.lean:20:11: Variable name `depth` is not explicitly referenced.
2026-10-09T13:46:08.0436618Z 
2026-10-09T13:46:08.0437143Z Hint: The binding can be removed (if unused) or named `_` (if used implicitly). Alternatively, prefix the name with `_` to silence this warning:
2026-10-09T13:46:08.0437649Z   [apply] _depth
2026-10-09T13:46:08.0437778Z 
2026-10-09T13:46:08.0438046Z Note: This linter can be disabled with `set_option linter.unusedVariables false`
2026-10-09T13:46:08.0438666Z warning: packages/core/src/Ps/Core/Abstract.lean:66:11: Variable name `depth` is not explicitly referenced.
2026-10-09T13:46:08.0439009Z 
2026-10-09T13:46:08.0439473Z Hint: The binding can be removed (if unused) or named `_` (if used implicitly). Alternatively, prefix the name with `_` to silence this warning:
2026-10-09T13:46:08.0439980Z   [apply] _depth
2026-10-09T13:46:08.0440111Z 
2026-10-09T13:46:08.0440382Z Note: This linter can be disabled with `set_option linter.unusedVariables false`
2026-10-09T13:46:08.0440828Z ⚠ [22/139] Replayed Ps.Core.Subst
2026-10-09T13:46:08.0441369Z warning: packages/core/src/Ps/Core/Subst.lean:14:11: Variable name `cutoff` is not explicitly referenced.
2026-10-09T13:46:08.0441704Z 
2026-10-09T13:46:08.0442168Z Hint: The binding can be removed (if unused) or named `_` (if used implicitly). Alternatively, prefix the name with `_` to silence this warning:
2026-10-09T13:46:08.0442682Z   [apply] _cutoff
2026-10-09T13:46:08.0442810Z 
2026-10-09T13:46:08.0443079Z Note: This linter can be disabled with `set_option linter.unusedVariables false`
2026-10-09T13:46:08.0443707Z warning: packages/core/src/Ps/Core/Subst.lean:16:11: Variable name `cutoff` is not explicitly referenced.
2026-10-09T13:46:08.0444038Z 
2026-10-09T13:46:08.0444504Z Hint: The binding can be removed (if unused) or named `_` (if used implicitly). Alternatively, prefix the name with `_` to silence this warning:
2026-10-09T13:46:08.0445026Z   [apply] _cutoff
2026-10-09T13:46:08.0445153Z 
2026-10-09T13:46:08.0445420Z Note: This linter can be disabled with `set_option linter.unusedVariables false`
2026-10-09T13:46:08.0446326Z warning: packages/core/src/Ps/Core/Subst.lean:18:11: Variable name `cutoff` is not explicitly referenced.
2026-10-09T13:46:08.0446673Z 
2026-10-09T13:46:08.0447130Z Hint: The binding can be removed (if unused) or named `_` (if used implicitly). Alternatively, prefix the name with `_` to silence this warning:
2026-10-09T13:46:08.0447711Z   [apply] _cutoff
2026-10-09T13:46:08.0447846Z 
2026-10-09T13:46:08.0448107Z Note: This linter can be disabled with `set_option linter.unusedVariables false`
2026-10-09T13:46:08.0448725Z warning: packages/core/src/Ps/Core/Subst.lean:20:11: Variable name `cutoff` is not explicitly referenced.
2026-10-09T13:46:08.0449067Z 
2026-10-09T13:46:08.0449525Z Hint: The binding can be removed (if unused) or named `_` (if used implicitly). Alternatively, prefix the name with `_` to silence this warning:
2026-10-09T13:46:08.0450035Z   [apply] _cutoff
2026-10-09T13:46:08.0450165Z 
2026-10-09T13:46:08.0450425Z Note: This linter can be disabled with `set_option linter.unusedVariables false`
2026-10-09T13:46:08.0451047Z warning: packages/core/src/Ps/Core/Subst.lean:66:11: Variable name `cutoff` is not explicitly referenced.
2026-10-09T13:46:08.0451384Z 
2026-10-09T13:46:08.0451832Z Hint: The binding can be removed (if unused) or named `_` (if used implicitly). Alternatively, prefix the name with `_` to silence this warning:
2026-10-09T13:46:08.0452349Z   [apply] _cutoff
2026-10-09T13:46:08.0452479Z 
2026-10-09T13:46:08.0452738Z Note: This linter can be disabled with `set_option linter.unusedVariables false`
2026-10-09T13:46:08.0453352Z warning: packages/core/src/Ps/Core/Subst.lean:94:11: Variable name `depth` is not explicitly referenced.
2026-10-09T13:46:08.0453687Z 
2026-10-09T13:46:08.0454143Z Hint: The binding can be removed (if unused) or named `_` (if used implicitly). Alternatively, prefix the name with `_` to silence this warning:
2026-10-09T13:46:08.0454661Z   [apply] _depth
2026-10-09T13:46:08.0454791Z 
2026-10-09T13:46:08.0455124Z Note: This linter can be disabled with `set_option linter.unusedVariables false`
2026-10-09T13:46:08.0456063Z warning: packages/core/src/Ps/Core/Subst.lean:96:11: Variable name `depth` is not explicitly referenced.
2026-10-09T13:46:08.0456403Z 
2026-10-09T13:46:08.0456859Z Hint: The binding can be removed (if unused) or named `_` (if used implicitly). Alternatively, prefix the name with `_` to silence this warning:
2026-10-09T13:46:08.0457376Z   [apply] _depth
2026-10-09T13:46:08.0457506Z 
2026-10-09T13:46:08.0457765Z Note: This linter can be disabled with `set_option linter.unusedVariables false`
2026-10-09T13:46:08.0458382Z warning: packages/core/src/Ps/Core/Subst.lean:98:11: Variable name `depth` is not explicitly referenced.
2026-10-09T13:46:08.0458714Z 
2026-10-09T13:46:08.0459173Z Hint: The binding can be removed (if unused) or named `_` (if used implicitly). Alternatively, prefix the name with `_` to silence this warning:
2026-10-09T13:46:08.0459688Z   [apply] _depth
2026-10-09T13:46:08.0459819Z 
2026-10-09T13:46:08.0460087Z Note: This linter can be disabled with `set_option linter.unusedVariables false`
2026-10-09T13:46:08.0460714Z warning: packages/core/src/Ps/Core/Subst.lean:100:11: Variable name `depth` is not explicitly referenced.
2026-10-09T13:46:08.0461058Z 
2026-10-09T13:46:08.0461511Z Hint: The binding can be removed (if unused) or named `_` (if used implicitly). Alternatively, prefix the name with `_` to silence this warning:
2026-10-09T13:46:08.0462022Z   [apply] _depth
2026-10-09T13:46:08.0462153Z 
2026-10-09T13:46:08.0462414Z Note: This linter can be disabled with `set_option linter.unusedVariables false`
2026-10-09T13:46:08.0463032Z warning: packages/core/src/Ps/Core/Subst.lean:146:11: Variable name `depth` is not explicitly referenced.
2026-10-09T13:46:08.0463373Z 
2026-10-09T13:46:08.0463831Z Hint: The binding can be removed (if unused) or named `_` (if used implicitly). Alternatively, prefix the name with `_` to silence this warning:
2026-10-09T13:46:08.0464340Z   [apply] _depth
2026-10-09T13:46:08.0464467Z 
2026-10-09T13:46:08.0464733Z Note: This linter can be disabled with `set_option linter.unusedVariables false`
2026-10-09T13:46:08.0465234Z ⚠ [33/139] Replayed Ps.Core.LevelSubst
2026-10-09T13:46:08.0465862Z warning: packages/core/src/Ps/Core/LevelSubst.lean:8:11: Variable name `arguments` is not explicitly referenced.
2026-10-09T13:46:08.0466265Z 
2026-10-09T13:46:08.0466737Z Hint: The binding can be removed (if unused) or named `_` (if used implicitly). Alternatively, prefix the name with `_` to silence this warning:
2026-10-09T13:46:08.0467263Z   [apply] _arguments
2026-10-09T13:46:08.0467405Z 
2026-10-09T13:46:08.0467671Z Note: This linter can be disabled with `set_option linter.unusedVariables false`
2026-10-09T13:46:08.0468302Z warning: packages/core/src/Ps/Core/LevelSubst.lean:9:13: Variable name `target` is not explicitly referenced.
2026-10-09T13:46:08.0468656Z 
2026-10-09T13:46:08.0469118Z Hint: The binding can be removed (if unused) or named `_` (if used implicitly). Alternatively, prefix the name with `_` to silence this warning:
2026-10-09T13:46:08.0469643Z   [apply] _target
2026-10-09T13:46:08.0469773Z 
2026-10-09T13:46:08.0470040Z Note: This linter can be disabled with `set_option linter.unusedVariables false`
2026-10-09T13:46:08.0470499Z ⚠ [34/139] Replayed Ps.Meta.LevelContext
2026-10-09T13:46:08.0471081Z warning: packages/meta/src/Ps/Meta/LevelContext.lean:59:4: Variable name `assignment` is not explicitly referenced.
2026-10-09T13:46:08.0471458Z 
2026-10-09T13:46:08.0471914Z Hint: The binding can be removed (if unused) or named `_` (if used implicitly). Alternatively, prefix the name with `_` to silence this warning:
2026-10-09T13:46:08.0472437Z   [apply] _assignment
2026-10-09T13:46:08.0472581Z 
2026-10-09T13:46:08.0472846Z Note: This linter can be disabled with `set_option linter.unusedVariables false`
2026-10-09T13:46:08.0473282Z ⚠ [39/139] Replayed Ps.Meta.Unify
2026-10-09T13:46:08.0473810Z warning: packages/meta/src/Ps/Meta/Unify.lean:90:11: Variable name `environment` is not explicitly referenced.
2026-10-09T13:46:08.0474162Z 
2026-10-09T13:46:08.0474757Z Hint: The binding can be removed (if unused) or named `_` (if used implicitly). Alternatively, prefix the name with `_` to silence this warning:
2026-10-09T13:46:08.0475279Z   [apply] _environment
2026-10-09T13:46:08.0475417Z 
2026-10-09T13:46:08.0475760Z Note: This linter can be disabled with `set_option linter.unusedVariables false`
2026-10-09T13:46:08.0476404Z warning: packages/meta/src/Ps/Meta/Unify.lean:91:11: Variable name `localContext` is not explicitly referenced.
2026-10-09T13:46:08.0476761Z 
2026-10-09T13:46:08.0477222Z Hint: The binding can be removed (if unused) or named `_` (if used implicitly). Alternatively, prefix the name with `_` to silence this warning:
2026-10-09T13:46:08.0477740Z   [apply] _localContext
2026-10-09T13:46:08.0477923Z 
2026-10-09T13:46:08.0478185Z Note: This linter can be disabled with `set_option linter.unusedVariables false`
2026-10-09T13:46:08.0478813Z warning: packages/meta/src/Ps/Meta/Unify.lean:93:11: Variable name `left` is not explicitly referenced.
2026-10-09T13:46:08.0479153Z 
2026-10-09T13:46:08.0479607Z Hint: The binding can be removed (if unused) or named `_` (if used implicitly). Alternatively, prefix the name with `_` to silence this warning:
2026-10-09T13:46:08.0480123Z   [apply] _left
2026-10-09T13:46:08.0480258Z 
2026-10-09T13:46:08.0480518Z Note: This linter can be disabled with `set_option linter.unusedVariables false`
2026-10-09T13:46:08.0481138Z warning: packages/meta/src/Ps/Meta/Unify.lean:94:11: Variable name `right` is not explicitly referenced.
2026-10-09T13:46:08.0481475Z 
2026-10-09T13:46:08.0481932Z Hint: The binding can be removed (if unused) or named `_` (if used implicitly). Alternatively, prefix the name with `_` to silence this warning:
2026-10-09T13:46:08.0482441Z   [apply] _right
2026-10-09T13:46:08.0482576Z 
2026-10-09T13:46:08.0482835Z Note: This linter can be disabled with `set_option linter.unusedVariables false`
2026-10-09T13:46:08.0483472Z warning: packages/meta/src/Ps/Meta/Unify.lean:178:17: Variable name `leftName` is not explicitly referenced.
2026-10-09T13:46:08.0483821Z 
2026-10-09T13:46:08.0484280Z Hint: The binding can be removed (if unused) or named `_` (if used implicitly). Alternatively, prefix the name with `_` to silence this warning:
2026-10-09T13:46:08.0484809Z   [apply] _leftName
2026-10-09T13:46:08.0484945Z 
2026-10-09T13:46:08.0485203Z Note: This linter can be disabled with `set_option linter.unusedVariables false`
2026-10-09T13:46:08.0486010Z warning: packages/meta/src/Ps/Meta/Unify.lean:207:21: Variable name `leftName` is not explicitly referenced.
2026-10-09T13:46:08.0486358Z 
2026-10-09T13:46:08.0486824Z Hint: The binding can be removed (if unused) or named `_` (if used implicitly). Alternatively, prefix the name with `_` to silence this warning:
2026-10-09T13:46:08.0487332Z   [apply] _leftName
2026-10-09T13:46:08.0487468Z 
2026-10-09T13:46:08.0487737Z Note: This linter can be disabled with `set_option linter.unusedVariables false`
2026-10-09T13:46:08.0488199Z ⚠ [42/139] Replayed Ps.Elab.Literal
2026-10-09T13:46:08.0488737Z warning: packages/elab/src/Ps/Elab/Literal.lean:166:11: Variable name `chars` is not explicitly referenced.
2026-10-09T13:46:08.0489083Z 
2026-10-09T13:46:08.0489541Z Hint: The binding can be removed (if unused) or named `_` (if used implicitly). Alternatively, prefix the name with `_` to silence this warning:
2026-10-09T13:46:08.0490048Z   [apply] _chars
2026-10-09T13:46:08.0490172Z 
2026-10-09T13:46:08.0490438Z Note: This linter can be disabled with `set_option linter.unusedVariables false`
2026-10-09T13:46:08.0491069Z warning: packages/elab/src/Ps/Elab/Literal.lean:167:13: Variable name `charsRev` is not explicitly referenced.
2026-10-09T13:46:08.0491421Z 
2026-10-09T13:46:08.0491878Z Hint: The binding can be removed (if unused) or named `_` (if used implicitly). Alternatively, prefix the name with `_` to silence this warning:
2026-10-09T13:46:08.0492388Z   [apply] _charsRev
2026-10-09T13:46:08.0492513Z 
2026-10-09T13:46:08.0492843Z Note: This linter can be disabled with `set_option linter.unusedVariables false`
2026-10-09T13:46:08.0493356Z ⚠ [43/139] Replayed Ps.Elab.Term
2026-10-09T13:46:08.0493874Z warning: packages/elab/src/Ps/Elab/Term.lean:2781:11: Variable name `context` is not explicitly referenced.
2026-10-09T13:46:08.0494222Z 
2026-10-09T13:46:08.0494689Z Hint: The binding can be removed (if unused) or named `_` (if used implicitly). Alternatively, prefix the name with `_` to silence this warning:
2026-10-09T13:46:08.0495203Z   [apply] _context
2026-10-09T13:46:08.0495338Z 
2026-10-09T13:46:08.0495762Z Note: This linter can be disabled with `set_option linter.unusedVariables false`
2026-10-09T13:46:08.0496417Z warning: packages/elab/src/Ps/Elab/Term.lean:2782:13: Variable name `recursion` is not explicitly referenced.
2026-10-09T13:46:08.0496773Z 
2026-10-09T13:46:08.0497240Z Hint: The binding can be removed (if unused) or named `_` (if used implicitly). Alternatively, prefix the name with `_` to silence this warning:
2026-10-09T13:46:08.0497753Z   [apply] _recursion
2026-10-09T13:46:08.0497908Z 
2026-10-09T13:46:08.0498175Z Note: This linter can be disabled with `set_option linter.unusedVariables false`
2026-10-09T13:46:08.0498785Z warning: packages/elab/src/Ps/Elab/Term.lean:2783:15: Variable name `index` is not explicitly referenced.
2026-10-09T13:46:08.0499130Z 
2026-10-09T13:46:08.0499604Z Hint: The binding can be removed (if unused) or named `_` (if used implicitly). Alternatively, prefix the name with `_` to silence this warning:
2026-10-09T13:46:08.0500108Z   [apply] _index
2026-10-09T13:46:08.0500241Z 
2026-10-09T13:46:08.0500505Z Note: This linter can be disabled with `set_option linter.unusedVariables false`
2026-10-09T13:46:08.0500959Z ⚠ [48/139] Replayed Ps.Erasure.Expr
2026-10-09T13:46:08.0501507Z warning: packages/erasure/src/Ps/Erasure/Expr.lean:726:21: Variable name `name` is not explicitly referenced.
2026-10-09T13:46:08.0501858Z 
2026-10-09T13:46:08.0502321Z Hint: The binding can be removed (if unused) or named `_` (if used implicitly). Alternatively, prefix the name with `_` to silence this warning:
2026-10-09T13:46:08.0502845Z   [apply] _name
2026-10-09T13:46:08.0502969Z 
2026-10-09T13:46:08.0503238Z Note: This linter can be disabled with `set_option linter.unusedVariables false`
2026-10-09T13:46:08.0503703Z ⚠ [55/139] Replayed Ps.BackendTs.Expr
2026-10-09T13:46:08.0504287Z warning: packages/backend-ts/src/Ps/BackendTs/Expr.lean:632:32: Variable name `fieldName` is not explicitly referenced.
2026-10-09T13:46:08.0504677Z 
2026-10-09T13:46:08.0505141Z Hint: The binding can be removed (if unused) or named `_` (if used implicitly). Alternatively, prefix the name with `_` to silence this warning:
2026-10-09T13:46:08.0505735Z   [apply] _fieldName
2026-10-09T13:46:08.0505879Z 
2026-10-09T13:46:08.0506150Z Note: This linter can be disabled with `set_option linter.unusedVariables false`
2026-10-09T13:46:08.0506611Z ⚠ [59/139] Replayed Ps.CompilerIr.Check
2026-10-09T13:46:08.0507199Z warning: packages/compiler-ir/src/Ps/CompilerIr/Check.lean:684:27: Variable name `scope` is not explicitly referenced.
2026-10-09T13:46:08.0507586Z 
2026-10-09T13:46:08.0508046Z Hint: The binding can be removed (if unused) or named `_` (if used implicitly). Alternatively, prefix the name with `_` to silence this warning:
2026-10-09T13:46:08.0508559Z   [apply] _scope
2026-10-09T13:46:08.0508685Z 
2026-10-09T13:46:08.0508956Z Note: This linter can be disabled with `set_option linter.unusedVariables false`
2026-10-09T13:46:08.2405093Z ✔ [125/139] Built PsKernelLean.Error (265ms)
2026-10-09T13:46:08.4400644Z ✔ [126/139] Built PsKernelLean.Error:c.o (162ms)
2026-10-09T13:46:09.0417414Z ✔ [127/139] Built PsKernelLean.Convert (735ms)
2026-10-09T13:46:09.2411058Z ✔ [128/139] Built PsKernelLean.Convert:c.o (283ms)
2026-10-09T13:46:09.8452413Z ✔ [129/139] Built PsKernelLean.Protocol (888ms)
2026-10-09T13:46:09.9438458Z ✔ [130/139] Built PsKernelLean.Prelude (912ms)
2026-10-09T13:46:10.2442452Z ✔ [131/139] Built PsKernelLean.Prelude:c.o (332ms)
2026-10-09T13:46:10.4445123Z ✔ [132/139] Built PsKernelLean.Protocol:c.o (563ms)
2026-10-09T13:46:10.7448415Z ✔ [133/139] Built PsKernelLean.Admission (809ms)
2026-10-09T13:46:10.8440190Z ✔ [134/139] Built PsKernelLean.Admission:c.o (92ms)
2026-10-09T13:46:11.4446916Z ✔ [135/139] Built Ps.Host.LeanChecked (724ms)
2026-10-09T13:46:11.5448373Z ✔ [136/139] Built Ps.Host.LeanChecked:c.o (87ms)
2026-10-09T13:46:12.3448215Z ⚠ [137/139] Built LeanCheckedSeed (912ms)
2026-10-09T13:46:12.3449444Z warning: ../scripts/LeanCheckedSeed.lean:108:13: `String.trim` has been deprecated: Use `String.trimAscii` instead
2026-10-09T13:46:12.3450166Z 
2026-10-09T13:46:12.3450486Z Note: The updated constant has a different type:
2026-10-09T13:46:12.3451124Z   String → String.Slice
2026-10-09T13:46:12.3451522Z instead of
2026-10-09T13:46:12.3451913Z   String → String
2026-10-09T13:46:12.3452822Z warning: ../scripts/LeanCheckedSeed.lean:111:18: `String.trim` has been deprecated: Use `String.trimAscii` instead
2026-10-09T13:46:12.3453458Z 
2026-10-09T13:46:12.3453798Z Note: The updated constant has a different type:
2026-10-09T13:46:12.3454402Z   String → String.Slice
2026-10-09T13:46:12.3454875Z instead of
2026-10-09T13:46:12.3455259Z   String → String
2026-10-09T13:46:12.8444885Z ✔ [138/139] Built LeanCheckedSeed:c.o (434ms)
2026-10-09T13:46:13.4461692Z ✔ [139/139] Built psc2_lean_checked_seed:exe (624ms)
2026-10-09T13:46:13.4613091Z Build completed successfully (139 jobs).
2026-10-09T13:46:13.5081782Z ##[group]Run test -x lean-checked/.lake/build/bin/psc2_lean_checked_seed
2026-10-09T13:46:13.5082268Z [36;1mtest -x lean-checked/.lake/build/bin/psc2_lean_checked_seed[0m
2026-10-09T13:46:13.5082678Z [36;1mnpm run --workspace @proofscript/pskernel-lean-wasm verify:prebuilt[0m
2026-10-09T13:46:13.5083294Z [36;1mnode --test scripts/proofscript-source.test.mjs scripts/checked-source-snapshot.test.mjs scripts/checked-seed-session.test.mjs[0m
2026-10-09T13:46:13.5084000Z [36;1mnode --test --test-name-pattern='^actual PS build (rejects|resolves|prepares)' scripts/checked-build.test.mjs[0m
2026-10-09T13:46:13.5084522Z [36;1mnode scripts/selfhost-source-isolation-tests.mjs[0m
2026-10-09T13:46:13.5084877Z [36;1mnode scripts/native-workspace-isolation.test.mjs[0m
2026-10-09T13:46:13.5120189Z shell: /usr/bin/bash -e {0}
2026-10-09T13:46:13.5120460Z env:
2026-10-09T13:46:13.5120808Z   PSC0_TSC: /home/runner/work/_temp/psc0-typescript-7.0.2/node_modules/typescript/bin/tsc
2026-10-09T13:46:13.5121249Z   PSC0_TYPESCRIPT_VERSION: 7.0.2
2026-10-09T13:46:13.5121496Z ##[endgroup]
2026-10-09T13:46:13.6327279Z 
2026-10-09T13:46:13.6328035Z > @proofscript/pskernel-lean-wasm@4.34.0 verify:prebuilt
2026-10-09T13:46:13.6328481Z > node host/verify-prebuilt.mjs
2026-10-09T13:46:13.6328668Z 
2026-10-09T13:46:13.6743106Z PSC2_LEAN_KERNEL_WASM_PREBUILT_VERIFY: PASS 2177471 bytes 1b21b2483df7e8de7542873c24eaff2501539b1b
2026-10-09T13:46:13.7258594Z TAP version 13
2026-10-09T13:46:14.0635103Z # Subtest: real lean module session emits only after the explicit Wasm check
2026-10-09T13:46:14.0641663Z ok 1 - real lean module session emits only after the explicit Wasm check
2026-10-09T13:46:14.0642404Z   ---
2026-10-09T13:46:14.0642866Z   duration_ms: 296.978193
2026-10-09T13:46:14.0643196Z   type: 'test'
2026-10-09T13:46:14.0643464Z   ...
2026-10-09T13:46:14.0990023Z # Subtest: real lean module session blocks emission on rejection
2026-10-09T13:46:14.0990937Z ok 2 - real lean module session blocks emission on rejection
2026-10-09T13:46:14.0992442Z   ---
2026-10-09T13:46:14.0992823Z   duration_ms: 35.758229
2026-10-09T13:46:14.0993195Z   type: 'test'
2026-10-09T13:46:14.0993507Z   ...
2026-10-09T13:46:14.2755325Z # Subtest: real ps module session emits only after the explicit Wasm check
2026-10-09T13:46:14.2758098Z ok 3 - real ps module session emits only after the explicit Wasm check
2026-10-09T13:46:14.2758626Z   ---
2026-10-09T13:46:14.2758939Z   duration_ms: 176.090837
2026-10-09T13:46:14.2759299Z   type: 'test'
2026-10-09T13:46:14.2759588Z   ...
2026-10-09T13:46:14.3130187Z # Subtest: real ps module session blocks emission on rejection
2026-10-09T13:46:14.3131443Z ok 4 - real ps module session blocks emission on rejection
2026-10-09T13:46:14.3132029Z   ---
2026-10-09T13:46:14.3132474Z   duration_ms: 37.362393
2026-10-09T13:46:14.3132933Z   type: 'test'
2026-10-09T13:46:14.3133346Z   ...
2026-10-09T13:46:14.3134031Z # Subtest: module partition must exactly reproduce the immutable source
2026-10-09T13:46:14.3134935Z ok 5 - module partition must exactly reproduce the immutable source
2026-10-09T13:46:14.3135435Z   ---
2026-10-09T13:46:14.3135883Z   duration_ms: 0.374665
2026-10-09T13:46:14.3136228Z   type: 'test'
2026-10-09T13:46:14.3136539Z   ...
2026-10-09T13:46:14.3197529Z # Subtest: standalone source snapshot does not reread changed files
2026-10-09T13:46:14.3198303Z ok 6 - standalone source snapshot does not reread changed files
2026-10-09T13:46:14.3198801Z   ---
2026-10-09T13:46:14.3199113Z   duration_ms: 15.738848
2026-10-09T13:46:14.3199379Z   type: 'test'
2026-10-09T13:46:14.3199590Z   ...
2026-10-09T13:46:14.3199948Z # Subtest: PS dependency cannot be shadowed by Lean sibling
2026-10-09T13:46:14.3200583Z ok 7 - PS dependency cannot be shadowed by Lean sibling
2026-10-09T13:46:14.3200975Z   ---
2026-10-09T13:46:14.3201243Z   duration_ms: 11.815186
2026-10-09T13:46:14.3201547Z   type: 'test'
2026-10-09T13:46:14.3201805Z   ...
2026-10-09T13:46:14.3202617Z # Subtest: missing PS dependency cannot fall back to Lean
2026-10-09T13:46:14.3203186Z ok 8 - missing PS dependency cannot fall back to Lean
2026-10-09T13:46:14.3203596Z   ---
2026-10-09T13:46:14.3203865Z   duration_ms: 6.247205
2026-10-09T13:46:14.3204178Z   type: 'test'
2026-10-09T13:46:14.3204437Z   ...
2026-10-09T13:46:14.3204721Z # Subtest: cycles rejected
2026-10-09T13:46:14.3205059Z ok 9 - cycles rejected
2026-10-09T13:46:14.3213465Z   ---
2026-10-09T13:46:14.3213886Z   duration_ms: 3.155435
2026-10-09T13:46:14.3214265Z   type: 'test'
2026-10-09T13:46:14.3214781Z   ...
2026-10-09T13:46:14.3215231Z # Subtest: symlink dependency escape rejected
2026-10-09T13:46:14.3216129Z ok 10 - symlink dependency escape rejected
2026-10-09T13:46:14.3216561Z   ---
2026-10-09T13:46:14.3216851Z   duration_ms: 2.675188
2026-10-09T13:46:14.3217173Z   type: 'test'
2026-10-09T13:46:14.3217451Z   ...
2026-10-09T13:46:14.3217986Z # Subtest: generated manifest is verified by the same production resolver
2026-10-09T13:46:14.3218772Z ok 11 - generated manifest is verified by the same production resolver
2026-10-09T13:46:14.3219275Z   ---
2026-10-09T13:46:14.3219559Z   duration_ms: 4.836803
2026-10-09T13:46:14.3219888Z   type: 'test'
2026-10-09T13:46:14.3220168Z   ...
2026-10-09T13:46:14.3220616Z # Subtest: PS snapshot requires an actual parser adapter
2026-10-09T13:46:14.3221219Z ok 12 - PS snapshot requires an actual parser adapter
2026-10-09T13:46:14.3221646Z   ---
2026-10-09T13:46:14.3221932Z   duration_ms: 3.969792
2026-10-09T13:46:14.3222217Z   type: 'test'
2026-10-09T13:46:14.3222466Z   ...
2026-10-09T13:46:14.3222958Z # Subtest: PS snapshot validates raw import bytes before dependency access
2026-10-09T13:46:14.3223645Z ok 13 - PS snapshot validates raw import bytes before dependency access
2026-10-09T13:46:14.3224094Z   ---
2026-10-09T13:46:14.3224340Z   duration_ms: 3.050843
2026-10-09T13:46:14.3224624Z   type: 'test'
2026-10-09T13:46:14.3224867Z   ...
2026-10-09T13:46:14.3225257Z # Subtest: PS import cycles retain their dependency error
2026-10-09T13:46:14.3225904Z ok 14 - PS import cycles retain their dependency error
2026-10-09T13:46:14.3226264Z   ---
2026-10-09T13:46:14.3226515Z   duration_ms: 5.894888
2026-10-09T13:46:14.3226799Z   type: 'test'
2026-10-09T13:46:14.3227051Z   ...
2026-10-09T13:46:14.3227588Z # Subtest: generated source adapter delegates complete raw source and AST import names
2026-10-09T13:46:14.3228389Z ok 15 - generated source adapter delegates complete raw source and AST import names
2026-10-09T13:46:14.3228883Z   ---
2026-10-09T13:46:14.3229140Z   duration_ms: 2.367154
2026-10-09T13:46:14.3229426Z   type: 'test'
2026-10-09T13:46:14.3229678Z   ...
2026-10-09T13:46:14.3230200Z # Subtest: generated parser errors and missing parser API cannot become empty imports
2026-10-09T13:46:14.3231204Z ok 16 - generated parser errors and missing parser API cannot become empty imports
2026-10-09T13:46:14.3231700Z   ---
2026-10-09T13:46:14.3231954Z   duration_ms: 0.592536
2026-10-09T13:46:14.3232248Z   type: 'test'
2026-10-09T13:46:14.3232502Z   ...
2026-10-09T13:46:14.3233023Z # Subtest: generated import-list shape failure cannot silently hide a dependency
2026-10-09T13:46:14.3233770Z ok 17 - generated import-list shape failure cannot silently hide a dependency
2026-10-09T13:46:14.3234261Z   ---
2026-10-09T13:46:14.3234512Z   duration_ms: 0.217862
2026-10-09T13:46:14.3234799Z   type: 'test'
2026-10-09T13:46:14.3235059Z   ...
2026-10-09T13:46:14.3235787Z # Subtest: current PS host refuses historical and mismatched compiler grammar identities before parsing
2026-10-09T13:46:14.3236691Z ok 18 - current PS host refuses historical and mismatched compiler grammar identities before parsing
2026-10-09T13:46:14.3237075Z   ---
2026-10-09T13:46:14.3237270Z   duration_ms: 0.279375
2026-10-09T13:46:14.3237482Z   type: 'test'
2026-10-09T13:46:14.3237684Z   ...
2026-10-09T13:46:14.3238097Z # Subtest: reusable PS preparation rejects old and mismatched grammars before compiler operations
2026-10-09T13:46:14.3238797Z ok 19 - reusable PS preparation rejects old and mismatched grammars before compiler operations
2026-10-09T13:46:14.3239178Z   ---
2026-10-09T13:46:14.3239377Z   duration_ms: 0.785942
2026-10-09T13:46:14.3239590Z   type: 'test'
2026-10-09T13:46:14.3239789Z   ...
2026-10-09T13:46:14.3240143Z # Subtest: reusable current PS preparation binds grammar in cold and warm receipts
2026-10-09T13:46:14.3240649Z ok 20 - reusable current PS preparation binds grammar in cold and warm receipts
2026-10-09T13:46:14.3240980Z   ---
2026-10-09T13:46:14.3241197Z   duration_ms: 1.212463
2026-10-09T13:46:14.3241419Z   type: 'test'
2026-10-09T13:46:14.3241608Z   ...
2026-10-09T13:46:14.3242020Z # Subtest: reusable historical Lean preparation retains its receipt and warm state after PS refusal
2026-10-09T13:46:14.3242626Z ok 21 - reusable historical Lean preparation retains its receipt and warm state after PS refusal
2026-10-09T13:46:14.3243004Z   ---
2026-10-09T13:46:14.3243191Z   duration_ms: 0.549608
2026-10-09T13:46:14.3243510Z   type: 'test'
2026-10-09T13:46:14.3243752Z   ...
2026-10-09T13:46:14.3244251Z # Subtest: actual native parser discovers commented imports and preserves legal literal/comment bytes
2026-10-09T13:46:14.3244996Z ok 22 - actual native parser discovers commented imports and preserves legal literal/comment bytes
2026-10-09T13:46:14.3245455Z   ---
2026-10-09T13:46:14.3245893Z   duration_ms: 48.836442
2026-10-09T13:46:14.3246193Z   type: 'test'
2026-10-09T13:46:14.3246492Z   ...
2026-10-09T13:46:14.3246862Z # Subtest: actual native parser rejects semicolon import
2026-10-09T13:46:14.3247375Z ok 23 - actual native parser rejects semicolon import
2026-10-09T13:46:14.3247806Z   ---
2026-10-09T13:46:14.3248093Z   duration_ms: 44.356431
2026-10-09T13:46:14.3248425Z   type: 'test'
2026-10-09T13:46:14.3248712Z   ...
2026-10-09T13:46:14.3249087Z # Subtest: actual native parser rejects tab in import
2026-10-09T13:46:14.3249549Z ok 24 - actual native parser rejects tab in import
2026-10-09T13:46:14.3249929Z   ---
2026-10-09T13:46:14.3250221Z   duration_ms: 38.637641
2026-10-09T13:46:14.3250525Z   type: 'test'
2026-10-09T13:46:14.3250743Z   ...
2026-10-09T13:46:14.3251074Z # Subtest: actual native parser rejects lone CR in import
2026-10-09T13:46:14.3251538Z ok 25 - actual native parser rejects lone CR in import
2026-10-09T13:46:14.3251885Z   ---
2026-10-09T13:46:14.3252104Z   duration_ms: 38.195581
2026-10-09T13:46:14.3252341Z   type: 'test'
2026-10-09T13:46:14.3252676Z   ...
2026-10-09T13:46:14.3253204Z # Subtest: actual native parser rejects old declaration separator
2026-10-09T13:46:14.3254014Z ok 26 - actual native parser rejects old declaration separator
2026-10-09T13:46:14.3254525Z   ---
2026-10-09T13:46:14.3254775Z   duration_ms: 49.489198
2026-10-09T13:46:14.3255198Z   type: 'test'
2026-10-09T13:46:14.3255418Z   ...
2026-10-09T13:46:14.3256084Z # Subtest: PS file reads reject malformed UTF-8 and retain a leading BOM for the lexer
2026-10-09T13:46:14.3256651Z ok 27 - PS file reads reject malformed UTF-8 and retain a leading BOM for the lexer
2026-10-09T13:46:14.3257036Z   ---
2026-10-09T13:46:14.3257261Z   duration_ms: 12.722326
2026-10-09T13:46:14.3257511Z   type: 'test'
2026-10-09T13:46:14.3257720Z   ...
2026-10-09T13:46:14.3257919Z 1..27
2026-10-09T13:46:14.3258127Z # tests 27
2026-10-09T13:46:14.3258334Z # suites 0
2026-10-09T13:46:14.3258542Z # pass 27
2026-10-09T13:46:14.3258745Z # fail 0
2026-10-09T13:46:14.3258953Z # cancelled 0
2026-10-09T13:46:14.3259161Z # skipped 0
2026-10-09T13:46:14.3259362Z # todo 0
2026-10-09T13:46:14.3259584Z # duration_ms 609.9383
2026-10-09T13:46:14.3633173Z TAP version 13
2026-10-09T13:46:14.5761960Z # Subtest: actual PS build rejects semicolon import before dependency lookup
2026-10-09T13:46:14.5767917Z ok 1 - actual PS build rejects semicolon import before dependency lookup
2026-10-09T13:46:14.5768690Z   ---
2026-10-09T13:46:14.5769575Z   duration_ms: 169.244245
2026-10-09T13:46:14.5770127Z   type: 'test'
2026-10-09T13:46:14.5770532Z   ...
2026-10-09T13:46:14.7400880Z # Subtest: actual PS build rejects tab in import before dependency lookup
2026-10-09T13:46:14.7401997Z ok 2 - actual PS build rejects tab in import before dependency lookup
2026-10-09T13:46:14.7403152Z   ---
2026-10-09T13:46:14.7403456Z   duration_ms: 164.144837
2026-10-09T13:46:14.7403778Z   type: 'test'
2026-10-09T13:46:14.7403987Z   ...
2026-10-09T13:46:14.9040014Z # Subtest: actual PS build resolves a commented unused import and cannot ignore a missing file
2026-10-09T13:46:14.9050253Z ok 3 - actual PS build resolves a commented unused import and cannot ignore a missing file
2026-10-09T13:46:14.9050727Z   ---
2026-10-09T13:46:14.9050969Z   duration_ms: 163.910192
2026-10-09T13:46:14.9051241Z   type: 'test'
2026-10-09T13:46:14.9051467Z   ...
2026-10-09T13:46:15.2795448Z # Subtest: actual PS build prepares complete imported modules in dependency order
2026-10-09T13:46:15.2797260Z ok 4 - actual PS build prepares complete imported modules in dependency order
2026-10-09T13:46:15.2797832Z   ---
2026-10-09T13:46:15.2798255Z   duration_ms: 375.478986
2026-10-09T13:46:15.2798582Z   type: 'test'
2026-10-09T13:46:15.2798862Z   ...
2026-10-09T13:46:15.2873310Z 1..4
2026-10-09T13:46:15.2873618Z # tests 4
2026-10-09T13:46:15.2873883Z # suites 0
2026-10-09T13:46:15.2874129Z # pass 4
2026-10-09T13:46:15.2874363Z # fail 0
2026-10-09T13:46:15.2874616Z # cancelled 0
2026-10-09T13:46:15.2874885Z # skipped 0
2026-10-09T13:46:15.2875138Z # todo 0
2026-10-09T13:46:15.2875395Z # duration_ms 934.063841
2026-10-09T13:46:15.4733117Z PSC2_SELFHOST_SOURCE_ISOLATION_CASE: PASS nested generated workspace without stdlib
2026-10-09T13:46:15.6307589Z PSC2_SELFHOST_SOURCE_ISOLATION_CASE: PASS isolated generated workspace without stdlib
2026-10-09T13:46:15.7871217Z PSC2_SELFHOST_SOURCE_ISOLATION_CASE: PASS stale Lean sibling cannot shadow canonical PS
2026-10-09T13:46:15.8364764Z PSC2_SELFHOST_SOURCE_ISOLATION_CASE: PASS tampered source bytes
2026-10-09T13:46:15.8853869Z PSC2_SELFHOST_SOURCE_ISOLATION_CASE: PASS missing PS cannot fall back to Lean
2026-10-09T13:46:15.9330546Z PSC2_SELFHOST_SOURCE_ISOLATION_CASE: PASS unlisted imported source
2026-10-09T13:46:15.9812579Z PSC2_SELFHOST_SOURCE_ISOLATION_CASE: PASS manifest includes unreachable source
2026-10-09T13:46:16.0243399Z PSC2_SELFHOST_SOURCE_ISOLATION_CASE: PASS manifest entry mismatch
2026-10-09T13:46:16.0673696Z PSC2_SELFHOST_SOURCE_ISOLATION_CASE: PASS malformed manifest cannot fall back to parent
2026-10-09T13:46:16.1110196Z PSC2_SELFHOST_SOURCE_ISOLATION_CASE: PASS generation tag mismatch
2026-10-09T13:46:16.1570520Z PSC2_SELFHOST_SOURCE_ISOLATION_CASE: PASS ambiguous generation manifests
2026-10-09T13:46:16.2011850Z PSC2_SELFHOST_SOURCE_ISOLATION_CASE: PASS symlink cannot escape generated root
2026-10-09T13:46:16.2441807Z PSC2_SELFHOST_SOURCE_ISOLATION_CASE: PASS cyclic source imports
2026-10-09T13:46:16.3998491Z PSC2_SELFHOST_SOURCE_ISOLATION_CASE: PASS selfhost generation manifest accepted
2026-10-09T13:46:16.4097101Z PSC2_SELFHOST_SOURCE_ISOLATION: PASS (14 passed; 0 platform skips; compiler double and pinned TypeScript)
2026-10-09T13:46:16.4743308Z PSC2_NATIVE_WORKSPACE_ISOLATION: PASS (bootstrap, selfhost and project roots without stdlib; original sources rejected)
2026-10-09T13:46:16.4830708Z ##[group]Run node scripts/selfhost-replay-runtime.test.mjs
2026-10-09T13:46:16.4831127Z [36;1mnode scripts/selfhost-replay-runtime.test.mjs[0m
2026-10-09T13:46:16.4831484Z [36;1mnode scripts/checked-erasure-name-index.test.mjs[0m
2026-10-09T13:46:16.4868552Z shell: /usr/bin/bash -e {0}
2026-10-09T13:46:16.4868833Z env:
2026-10-09T13:46:16.4869182Z   PSC0_TSC: /home/runner/work/_temp/psc0-typescript-7.0.2/node_modules/typescript/bin/tsc
2026-10-09T13:46:16.4869584Z   PSC0_TYPESCRIPT_VERSION: 7.0.2
2026-10-09T13:46:16.4869832Z ##[endgroup]
2026-10-09T13:46:16.8251610Z PSC2_NATIVE_TYPESCRIPT_CLI: PASS (exact profile, unrelated config, installed override and PATH discovery, precompile rejection and no fallback)
2026-10-09T13:46:16.8561097Z PSC2_NATIVE_WORKSPACE_ISOLATION: PASS (bootstrap, selfhost and project roots without stdlib; original sources rejected)
2026-10-09T13:46:19.0075869Z PSC2_SELFHOST_REPLAY_RUNTIME: PASS (strict TypeScript; 20000-step recursion, function results, name collisions, generic lists and exact UTF-8 positions)
2026-10-09T13:46:19.0580795Z TAP version 13
2026-10-09T13:46:19.7049747Z # Subtest: generated erasure indexes preserve collisions, structured names, precedence and output reservations
2026-10-09T13:46:19.7054016Z ok 1 - generated erasure indexes preserve collisions, structured names, precedence and output reservations
2026-10-09T13:46:19.7054884Z   ---
2026-10-09T13:46:19.7055334Z   duration_ms: 648.556885
2026-10-09T13:46:19.7055956Z   type: 'test'
2026-10-09T13:46:19.7056391Z   ...
2026-10-09T13:46:19.7094373Z 1..1
2026-10-09T13:46:19.7094747Z # tests 1
2026-10-09T13:46:19.7095863Z # suites 0
2026-10-09T13:46:19.7096618Z # pass 1
2026-10-09T13:46:19.7097173Z # fail 0
2026-10-09T13:46:19.7098982Z # cancelled 0
2026-10-09T13:46:19.7099325Z # skipped 0
2026-10-09T13:46:19.7099614Z # todo 0
2026-10-09T13:46:19.7100011Z # duration_ms 655.943559
2026-10-09T13:46:19.7232325Z ##[group]Run node scripts/sh1-qualify.mjs native-candidate --native .lake/build/bin/psc1 --out dist/sh1/development
2026-10-09T13:46:19.7233082Z [36;1mnode scripts/sh1-qualify.mjs native-candidate --native .lake/build/bin/psc1 --out dist/sh1/development[0m
2026-10-09T13:46:19.7271933Z shell: /usr/bin/bash -e {0}
2026-10-09T13:46:19.7272257Z env:
2026-10-09T13:46:19.7272651Z   PSC0_TSC: /home/runner/work/_temp/psc0-typescript-7.0.2/node_modules/typescript/bin/tsc
2026-10-09T13:46:19.7273087Z   PSC0_TYPESCRIPT_VERSION: 7.0.2
2026-10-09T13:46:19.7273359Z ##[endgroup]
2026-10-09T13:46:29.9614095Z PSC2_COMPILE: /home/runner/work/pskernel/pskernel/psc0/dist/sh1/development/N1/index.ts -> /home/runner/work/pskernel/pskernel/psc0/dist/sh1/development/N1/index.js
2026-10-09T13:46:29.9614992Z PSC2_DECLARATION: /home/runner/work/pskernel/pskernel/psc0/dist/sh1/development/N1/index.d.ts
2026-10-09T13:46:29.9615802Z PSC2_SOURCE_MAP: /home/runner/work/pskernel/pskernel/psc0/dist/sh1/development/N1/index.js.map
2026-10-09T13:46:29.9616230Z PSC2_TYPESCRIPT: 7.0.2
2026-10-09T13:47:58.4320152Z PSC0_SH1_IR_NATIVE_PASS: function-valued let has compositional type
2026-10-09T13:47:58.4321021Z PSC0_SH1_IR_NATIVE_PASS: checked emitter accepts the same valid IR
2026-10-09T13:47:58.4321587Z PSC0_SH1_IR_NATIVE_PASS: false let annotation is rejected
2026-10-09T13:47:58.4322035Z PSC0_SH1_IR_NATIVE_PASS: checked emitter refuses invalid IR
2026-10-09T13:47:58.4322512Z PSC0_SH1_IR_NATIVE_PASS: function parameter grouping is preserved
2026-10-09T13:47:58.4322974Z PSC0_SH1_IR_NATIVE_PASS: expression fuel exhaustion is explicit
2026-10-09T13:47:58.4323452Z PSC0_SH1_IR_NATIVE_PASS: type fuel exhaustion is explicit
2026-10-09T13:47:58.4324202Z PSC0_SH1_IR_NATIVE_PASS: diagnostic cap preserves finding count
2026-10-09T13:47:58.4324940Z PSC0_SH1_IR_NATIVE: {"schemaVersion":1,"status":"pass","cases":8,"checkedEmitterRejectsInvalidIr":true,"strictSh1Qualified":false}
2026-10-09T13:47:58.4327172Z PSC0_SH1_IR_NATIVE_FULL: {"schemaVersion":1,"kind":"psc0-native-original-ir-check","accepted":true,"traversalComplete":true,"visitedSteps":728064,"expressionCount":56602,"findingCount":0,"retainedFindingCount":0,"omittedFindingDetails":0,"strictSh1Qualified":false,"reportPath":"/home/runner/work/pskernel/pskernel/psc0/dist/sh1/development/N1/ir-checker-native/checked-current-source.ts.ir-report.json"}
2026-10-09T13:47:58.4629853Z PSC0_SH1_IR_NATIVE_EVIDENCE: {"schemaVersion":1,"evidence":"native-portable-checker-current-source","nativeCheckerSha256":"f33252d737183feb86c696d37be0a23fa078f66c23fa1fdf94b375ad6bc51ff0","sourceClosureSha256":"6306cdac131f849a9a96de3dc4d628a48b953072b45fc6cc829075bd90b67ac7","sourceAggregateSha256":"3b0ee3315e47f691d7df170eb980ce9194f3ba1c213661f948b449e3bb80f142","moduleCount":61,"recipe":"Ordered raw closure with imports stripped, aggregate native preparation, original IR check, same-IR emission.","fixtures":{"schemaVersion":1,"status":"pass","cases":8,"checkedEmitterRejectsInvalidIr":true,"strictSh1Qualified":false},"fullCompilerIr":{"schemaVersion":1,"kind":"psc0-native-original-ir-check","accepted":true,"traversalComplete":true,"visitedSteps":728064,"expressionCount":56602,"findingCount":0,"retainedFindingCount":0,"omittedFindingDetails":0,"strictSh1Qualified":false,"reportPath":"/home/runner/work/pskernel/pskernel/psc0/dist/sh1/development/N1/ir-checker-native/checked-current-source.ts.ir-report.json"},"typescriptSha256":"0d90517192bba53dbc6190c774158559b64871b7222ba37b0df5a65a325db99a","parity":"Checked native emission equals the native-generated N1 compiler TypeScript byte for byte.","strictSh1Qualified":false,"provider":{"status":"not-attempted","kernelChecked":false}}
2026-10-09T13:50:12.9675898Z PSC0_SH1_GRAMMAR_CLOSURE: {"compilerSha256":"5eeecb1bfa00f11f1691f5ee4b437ecebe5c9a45b4e4256ab1bde23b0771df15","closureSha256":"6306cdac131f849a9a96de3dc4d628a48b953072b45fc6cc829075bd90b67ac7","moduleCount":61,"proofScriptBytes":902538,"comparison":"Lean canonical text equals Lean -> new ProofScript -> Lean; new ProofScript is idempotent"}
2026-10-09T13:50:14.3498186Z PSC0_SH1_IR_CHECKER: {"schemaVersion":1,"evidence":"portable-original-ir-checker-conformance","compilerSha256":"5eeecb1bfa00f11f1691f5ee4b437ecebe5c9a45b4e4256ab1bde23b0771df15","acceptedFixture":{"schemaVersion":2,"kind":"psc0-original-ir-inventory","compilerSha256":"5eeecb1bfa00f11f1691f5ee4b437ecebe5c9a45b4e4256ab1bde23b0771df15","status":"runtime-ir-types-accepted","strictSh1Qualified":false,"runtimeIrTypingAccepted":true,"traversalComplete":true,"visitedNodes":1898,"carrier":{"accepted":true,"traversalComplete":true,"visitedNodes":910},"counts":{"expressions":163},"findingCount":0,"findingCounts":{},"findingCountsCoverage":"all-findings","findings":[],"omittedFindingDetails":0,"portableChecker":{"status":"accepted","implementation":"Ps.CompilerIr.Check.psCheckVerifiedIrModule","options":{"maxSteps":5000000,"maxTypeSteps":65536,"maxFindings":1000}},"coverage":["Canonical own-namespace JS carriers before portable code","Portable module signatures, scoped type substitution and compositional expression typing","The host report serializes portable diagnostics without a second semantic checker"],"unqualifiedObligations":["Enabled primitive laws, text positions and bounds semantics beyond runtime typing","Erasure preservation, evaluation order and backend semantic correspondence","Import ABI qualification for unsupported external imports","Strict SH/1 profile activation and provider decisions remain separate"],"notes":["A capped diagnostics list does not cap the portable finding count.","Findings count failed checking obligations; a type operation reports its first failure, not every malformed descendant.","visitedNodes combines portable input preflight and dispatcher steps, each with its own maxSteps allowance.","Structural IR paths identify owners and expressions; they are not original source line numbers.","Runtime IR typing acceptance does not establish Core provider acceptance or strict SH/1."]},"artifacts":{"typescriptSha256":"15e78fc7c00dbabab8affd291cf541233c4a374c1fec319e92fa3360835e33b1","javascriptSha256":"894b55a8d96db8ca4013b6668c936f9663b250469458021fccffbc540dbbc0ba"},"behavior":{"status":"pass","observations":59,"exhaustiveForAllInputs":false,"letScopeCases":[{"name":"shadowOldScope","observations":8},{"name":"shadowWrappedCall","observations":8},{"name":"shadowClosure","observations":8},{"name":"shadowNestedTail","observations":5}]},"rejected":[{"name":"false-let-annotation","expectedCode":"type-mismatch","findingCount":1,"findingCounts":{"type-mismatch":1},"traversalComplete":true,"checkedEmitter":"rejected-before-emission"},{"name":"false-lambda-result","expectedCode":"type-mismatch","findingCount":1,"findingCounts":{"type-mismatch":1},"traversalComplete":true,"checkedEmitter":"rejected-before-emission"},{"name":"false-declaration-result","expectedCode":"type-mismatch","findingCount":1,"findingCounts":{"type-mismatch":1},"traversalComplete":true,"checkedEmitter":"rejected-before-emission"},{"name":"incompatible-if-branches","expectedCode":"type-mismatch","findingCount":1,"findingCounts":{"type-mismatch":1},"traversalComplete":true,"checkedEmitter":"rejected-before-emission"},{"name":"non-boolean-condition","expectedCode":"type-mismatch","findingCount":1,"findingCounts":{"type-mismatch":1},"traversalComplete":true,"checkedEmitter":"rejected-before-emission"},{"name":"flattened-function-grouping","expectedCode":"call-runtime-arity","findingCount":2,"findingCounts":{"call-runtime-arity":1,"type-mismatch":1},"traversalComplete":true,"checkedEmitter":"rejected-before-emission"},{"name":"false-function-group-annotation","expectedCode":"type-mismatch","findingCount":1,"findingCounts":{"type-mismatch":1},"traversalComplete":true,"checkedEmitter":"rejected-before-emission"},{"name":"global-literal-is-not-zero-argument-function","expectedCode":"non-function-callee","findingCount":1,"findingCounts":{"non-function-callee":1},"traversalComplete":true,"checkedEmitter":"rejected-before-emission"},{"name":"generic-arguments-missing","expectedCode":"call-type-arity","findingCount":1,"findingCounts":{"call-type-arity":1},"traversalComplete":true,"checkedEmitter":"rejected-before-emission"},{"name":"monomorphic-value-with-type-arguments","expectedCode":"call-type-arity","findingCount":1,"findingCounts":{"call-type-arity":1},"traversalComplete":true,"checkedEmitter":"rejected-before-emission"},{"name":"generic-scheme-escape","expectedCode":"generic-value-reference","findingCount":1,"findingCounts":{"generic-value-reference":1},"traversalComplete":true,"checkedEmitter":"rejected-before-emission"},{"name":"zero-runtime-generic-value","expectedCode":"generic-value-unsupported","findingCount":1,"findingCounts":{"generic-value-unsupported":1},"traversalComplete":true,"checkedEmitter":"rejected-before-emission"},{"name":"unknown-runtime-type","expectedCode":"unknown-type","findingCount":2,"findingCounts":{"unknown-type":2},"traversalComplete":true,"checkedEmitter":"rejected-before-emission"},{"name":"unscoped-type-parameter","expectedCode":"unbound-type-parameter","findingCount":2,"findingCounts":{"unbound-type-parameter":1,"type-mismatch":1},"traversalComplete":true,"checkedEmitter":"rejected-before-emission"},{"name":"named-type-arity","expectedCode":"named-type-arity","findingCount":1,"findingCounts":{"named-type-arity":1},"traversalComplete":true,"checkedEmitter":"rejected-before-emission"},{"name":"unresolved-variable","expectedCode":"unresolved-value-name","findingCount":1,"findingCounts":{"unresolved-value-name":1},"traversalComplete":true,"checkedEmitter":"rejected-before-emission"},{"name":"duplicate-runtime-binder","expectedCode":"duplicate-binder","findingCount":1,"findingCounts":{"duplicate-binder":1},"traversalComplete":true,"checkedEmitter":"rejected-before-emission"},{"name":"duplicate-type-binder","expectedCode":"duplicate-type-parameter","findingCount":1,"findingCounts":{"duplicate-type-parameter":1},"traversalComplete":true,"checkedEmitter":"rejected-before-emission"},{"name":"duplicate-global-name","expectedCode":"duplicate-value-name","findingCount":1,"findingCounts":{"duplicate-value-name":1},"traversalComplete":true,"checkedEmitter":"rejected-before-emission"},{"name":"Nat-and-Int-are-distinct","expectedCode":"type-mismatch","findingCount":1,"findingCounts":{"type-mismatch":1},"traversalComplete":true,"checkedEmitter":"rejected-before-emission"},{"name":"Char-and-String-are-distinct","expectedCode":"type-mismatch","findingCount":1,"findingCounts":{"type-mismatch":1},"traversalComplete":true,"checkedEmitter":"rejected-before-emission"},{"name":"intrinsic-type-arity","expectedCode":"intrinsic-type-arity","findingCount":1,"findingCounts":{"intrinsic-type-arity":1},"traversalComplete":true,"checkedEmitter":"rejected-before-emission"},{"name":"constructor-positional-field-order","expectedCode":"constructor-field-order","findingCount":1,"findingCounts":{"constructor-field-order":1},"traversalComplete":true,"checkedEmitter":"rejected-before-emission"},{"name":"record-missing-field","expectedCode":"missing-field","findingCount":1,"findingCounts":{"missing-field":1},"traversalComplete":true,"checkedEmitter":"rejected-before-emission"},{"name":"record-duplicate-field","expectedCode":"duplicate-field","findingCount":1,"findingCounts":{"duplicate-field":1},"traversalComplete":true,"checkedEmitter":"rejected-before-emission"},{"name":"record-extra-field","expectedCode":"unexpected-field","findingCount":1,"findingCounts":{"unexpected-field":1},"traversalComplete":true,"checkedEmitter":"rejected-before-emission"},{"name":"projection-owner-mismatch","expectedCode":"type-mismatch","findingCount":1,"findingCounts":{"type-mismatch":1},"traversalComplete":true,"checkedEmitter":"rejected-before-emission"},{"name":"projection-instantiation-mismatch","expectedCode":"type-mismatch","findingCount":1,"findingCounts":{"type-mismatch":1},"traversalComplete":true,"checkedEmitter":"rejected-before-emission"},{"name":"match-binding-type-mismatch","expectedCode":"type-mismatch","findingCount":3,"findingCounts":{"type-mismatch":2,"non-function-callee":1},"traversalComplete":true,"checkedEmitter":"rejected-before-emission"},{"name":"match-missing-alternative","expectedCode":"match-coverage","findingCount":1,"findingCounts":{"match-coverage":1},"traversalComplete":true,"checkedEmitter":"rejected-before-emission"},{"name":"match-duplicate-alternative","expectedCode":"duplicate-match-alternative","findingCount":1,"findingCounts":{"duplicate-match-alternative":1},"traversalComplete":true,"checkedEmitter":"rejected-before-emission"},{"name":"optional-scalar-capability","expectedCode":"scalar-capability-unqualified","findingCount":3,"findingCounts":{"scalar-capability-unqualified":3},"traversalComplete":true,"checkedEmitter":"rejected-before-emission"},{"name":"external-import-ABI","expectedCode":"external-import-abi-unqualified","findingCount":1,"findingCounts":{"external-import-abi-unqualified":1},"traversalComplete":true,"checkedEmitter":"rejected-before-emission"},{"name":"empty-layout","expectedCode":"empty-layout-unsupported","findingCount":1,"findingCounts":{"empty-layout-unsupported":1},"traversalComplete":true,"checkedEmitter":"rejected-before-emission"},{"name":"empty-match","expectedCode":"empty-match-unsupported","findingCount":2,"findingCounts":{"empty-layout-unsupported":1,"empty-match-unsupported":1},"traversalComplete":true,"checkedEmitter":"rejected-before-emission"},{"name":"runtime-layout-name-collision","expectedCode":"duplicate-layout-name","findingCount":1,"findingCounts":{"duplicate-layout-name":1},"traversalComplete":true,"checkedEmitter":"rejected-before-emission"}],"exhausted":[{"name":"input-preflight-budget","findingCounts":{"checker-input-resource-limit":1},"traversalComplete":false},{"name":"type-work-budget","findingCounts":{"type-resource-limit":224},"traversalComplete":false}],"directTypeOperations":[{"name":"simultaneous-nested-generic-swap","status":"pass"},{"name":"substitution-budget","code":"type-resource-limit","detail":"substitution"},{"name":"equality-budget","code":"type-resource-limit","detail":"equality"}],"carrierRejections":[{"name":"negative-natural-carrier","findingCounts":{"invalid-ir-scalar-carrier":1},"portableChecker":"not-run-invalid-carrier"},{"name":"number-natural-carrier","findingCounts":{"invalid-ir-scalar-carrier":1},"portableChecker":"not-run-invalid-carrier"},{"name":"string-boolean-carrier","findingCounts":{"invalid-ir-scalar-carrier":1},"portableChecker":"not-run-invalid-carrier"},{"name":"cyclic-list-carrier","findingCounts":{"cyclic-ir-carrier":1},"portableChecker":"not-run-invalid-carrier"},{"name":"foreign-compiler-brand","findingCounts":{"malformed-or-foreign-constructor":1},"portableChecker":"not-run-invalid-carrier"}],"diagnosticsCap":{"limit":0,"findingCount":1,"omittedFindingDetails":1},"checkedPreparedEntry":{"sourceSha256":"b05ec9c46f150c05b7249ee48bc3b1bdfcb2f60d851b4af81ff7298df49b5626","typescriptSha256":"027735f4d196d1c92d0868320d9313d4cabe9841a90566f433e2ff71d4350a36","status":"pass"},"instanceOwnership":"All IR constructors and neutral record factories belong to the checked compiler namespace.","strictSh1Qualified":false,"provider":{"status":"not-attempted","kernelChecked":false}}
2026-10-09T13:50:14.4142071Z PSC0_SH1_HELPER_RUNTIME: {"schemaVersion":1,"evidence":"generated-compiler-exported-helper-behavior","compilerSha256":"5eeecb1bfa00f11f1691f5ee4b437ecebe5c9a45b4e4256ab1bde23b0771df15","coverage":{"nonApplicationHeads":11,"argumentLists":7,"prefixes":2,"suffixes":2,"nameBases":3,"usedNameListsPerBase":7,"attempts":[0,7],"typedPartialApplications":false,"expressionObservations":1232,"stringObservations":336,"observations":1568},"behavior":"independent application-spine and finite unique-name expectations","kernelChecked":false,"exhaustiveForAllInputs":false}
2026-10-09T13:50:14.9798310Z PSC0_SH1_GENERIC_ERASURE: {"schemaVersion":1,"evidence":"scoped-recursive-generic-erasure","compilerSha256":"5eeecb1bfa00f11f1691f5ee4b437ecebe5c9a45b4e4256ab1bde23b0771df15","sourceKind":"raw-authoritative-lean","sourceSha256":"574fc4874e0cd5561fcdd873c7942aa90cd77abaa66441c76b5e4f7c3755e4de","originalIr":{"checks":["one, two, and three declaration generics in exact declaration order","interleaved type, erased proposition/proof, and runtime binders","recursive calls retain the complete runtime argument count","monomorphic recursive calls retain zero type arguments"],"observations":[{"declaration":"sh1GenericCopy","declarationTypeParameters":["T0"],"runtimeParameters":["values"],"calls":[{"at":"declaration:sh1GenericCopy/body/alternatives/tail/head/snd/snd/fields/tail/head/snd","typeArguments":["T0"],"runtimeArity":1}]},{"declaration":"sh1GenericMap","declarationTypeParameters":["T0","T1"],"runtimeParameters":["convert","values"],"calls":[{"at":"declaration:sh1GenericMap/body/alternatives/tail/head/snd/snd/fields/tail/head/snd","typeArguments":["T0","T1"],"runtimeArity":2}]},{"declaration":"sh1GenericTriple","declarationTypeParameters":["T0","T1","T2"],"runtimeParameters":["first","second","third","fuel"],"calls":[{"at":"declaration:sh1GenericTriple/body/elseBranch/body","typeArguments":["T0","T1","T2"],"runtimeArity":4}]},{"declaration":"sh1GenericMono","declarationTypeParameters":[],"runtimeParameters":["fuel","value"],"calls":[{"at":"declaration:sh1GenericMono/body/elseBranch/body","typeArguments":[],"runtimeArity":2}]}],"emittedIr":"The exact original IR inspected above is passed to psTsEmitModule.","strictSh1Qualified":false},"artifacts":{"admissionsSha256":"11b515897f24e6c194b8c1daf239b4941940d8204a4846e601b462e92b703af8","typescriptSha256":"86ce3c3aaa0b48a8f8b618a117ea347ee36339d7dd122aee7a48056cbc8f5d8e","javascriptSha256":"ec1784595f07802909464d3f21980a471e166f2d82b49fece1e22dd14ea9b118"},"behavior":{"observations":19,"status":"pass","exhaustiveForAllInputs":false},"provider":{"status":"not-attempted","kernelChecked":false},"native":{"typescriptSha256":"86ce3c3aaa0b48a8f8b618a117ea347ee36339d7dd122aee7a48056cbc8f5d8e","behavior":{"observations":19,"status":"pass","exhaustiveForAllInputs":false}}}
2026-10-09T13:50:15.7675379Z PSC0_SH1_SESSION_CONFORMANCE: PASS (recorded aggregate oracle; warm, prefix, body edit, failure recovery, frozen parse errors, source kind, fresh instance)
2026-10-09T13:50:16.3386706Z file:///home/runner/work/pskernel/pskernel/psc0/scripts/sh1-fresh-name-conformance.mjs:45
2026-10-09T13:50:16.3388948Z   return runtime.PsErasureScope.mk(
2026-10-09T13:50:16.3389570Z                                 ^
2026-10-09T13:50:16.3389879Z 
2026-10-09T13:50:16.3390258Z TypeError: Cannot read properties of undefined (reading 'mk')
2026-10-09T13:50:16.3391181Z     at scope (file:///home/runner/work/pskernel/pskernel/psc0/scripts/sh1-fresh-name-conformance.mjs:45:33)
2026-10-09T13:50:16.3392342Z     at inspectRuntime (file:///home/runner/work/pskernel/pskernel/psc0/scripts/sh1-fresh-name-conformance.mjs:182:7)
2026-10-09T13:50:16.3393596Z     at runSh1FreshNameCases (file:///home/runner/work/pskernel/pskernel/psc0/scripts/sh1-fresh-name-conformance.mjs:221:24)
2026-10-09T13:50:16.3394936Z     at runMigrationWorkerConformance (file:///home/runner/work/pskernel/pskernel/psc0/scripts/sh1-migration-worker-conformance.mjs:696:14)
2026-10-09T13:50:16.3396390Z     at runSh1Capabilities (file:///home/runner/work/pskernel/pskernel/psc0/scripts/sh1-capabilities.mjs:228:27)
2026-10-09T13:50:16.3397276Z     at nativeCandidate (file:///home/runner/work/pskernel/pskernel/psc0/scripts/sh1-qualify.mjs:925:9)
2026-10-09T13:50:16.3397919Z     at async file:///home/runner/work/pskernel/pskernel/psc0/scripts/sh1-qualify.mjs:1013:3
2026-10-09T13:50:16.3398237Z 
2026-10-09T13:50:16.3398351Z Node.js v22.23.3
2026-10-09T13:50:16.4001940Z ##[error]Process completed with exit code 1.
2026-10-09T13:50:16.4051457Z ##[group]Run node scripts/check-typescript-profile.mjs --out dist/typescript-profile/full-compiler --source dist/sh1/development/N1/index.ts --historical-tsc /home/runner/work/_temp/psc0-typescript-5.8.3/node_modules/typescript/bin/tsc
2026-10-09T13:50:16.4053554Z [36;1mnode scripts/check-typescript-profile.mjs --out dist/typescript-profile/full-compiler --source dist/sh1/development/N1/index.ts --historical-tsc /home/runner/work/_temp/psc0-typescript-5.8.3/node_modules/typescript/bin/tsc[0m
2026-10-09T13:50:16.4094864Z shell: /usr/bin/bash -e {0}
2026-10-09T13:50:16.4095155Z env:
2026-10-09T13:50:16.4095608Z   PSC0_TSC: /home/runner/work/_temp/psc0-typescript-7.0.2/node_modules/typescript/bin/tsc
2026-10-09T13:50:16.4096045Z   PSC0_TYPESCRIPT_VERSION: 7.0.2
2026-10-09T13:50:16.4096318Z ##[endgroup]
2026-10-09T13:50:26.6917189Z PSC0_TYPESCRIPT_PROFILE: PASS {"mode":"same-source-comparison","report":"/home/runner/work/pskernel/pskernel/psc0/dist/typescript-profile/full-compiler/report.json","sourceSha256":"0d90517192bba53dbc6190c774158559b64871b7222ba37b0df5a65a325db99a","timings":[{"phase":"compile-historical","version":"5.8.3","elapsedMs":7604.513178},{"phase":"compile-current","version":"7.0.2","elapsedMs":2443.4186649999992}]}
2026-10-09T13:50:26.7029945Z ##[group]Run actions/cache/save@v4
2026-10-09T13:50:26.7030229Z with:
2026-10-09T13:50:26.7030461Z   path: psc0/.lake/build
2026-10-09T13:50:26.7031128Z   key: psc0-sh1-current-v1-Linux-X64-487dcf7448759e74a8e7f1acfc1dfb6635a4af2bf887cbdec06f60bd08c8ffb3-ts7.0.2-9ee0b1fd38dd1456a187d4675f9027440a989f2d
2026-10-09T13:50:26.7031816Z   enableCrossOsArchive: false
2026-10-09T13:50:26.7032081Z env:
2026-10-09T13:50:26.7032436Z   PSC0_TSC: /home/runner/work/_temp/psc0-typescript-7.0.2/node_modules/typescript/bin/tsc
2026-10-09T13:50:26.7032835Z   PSC0_TYPESCRIPT_VERSION: 7.0.2
2026-10-09T13:50:26.7033064Z ##[endgroup]
2026-10-09T13:50:26.8007916Z (node:4311) [DEP0040] DeprecationWarning: The `punycode` module is deprecated. Please use a userland alternative instead.
2026-10-09T13:50:26.8008668Z (Use `node --trace-deprecation ...` to show where the warning was created)
2026-10-09T13:50:26.8134272Z [command]/usr/bin/tar --posix -cf cache.tzst --exclude cache.tzst -P -C /home/runner/work/pskernel/pskernel --files-from manifest.txt --use-compress-program zstdmt
2026-10-09T13:50:27.2749498Z (node:4311) [DEP0169] DeprecationWarning: `url.parse()` behavior is not standardized and prone to errors that have security implications. Use the WHATWG URL API instead. CVEs are not issued for `url.parse()` vulnerabilities.
2026-10-09T13:50:28.2678839Z Sent 20233226 of 20233226 (100.0%), 19.3 MBs/sec
2026-10-09T13:50:28.6388002Z Cache saved with key: psc0-sh1-current-v1-Linux-X64-487dcf7448759e74a8e7f1acfc1dfb6635a4af2bf887cbdec06f60bd08c8ffb3-ts7.0.2-9ee0b1fd38dd1456a187d4675f9027440a989f2d
2026-10-09T13:50:28.6490468Z ##[group]Run actions/upload-artifact@v4
2026-10-09T13:50:28.6490882Z with:
2026-10-09T13:50:28.6491295Z   name: psc0-sh1-ts7.0.2-9ee0b1fd38dd1456a187d4675f9027440a989f2d
2026-10-09T13:50:28.6492288Z   path: psc0/dist/sh1
psc0/.selfhost-seeds
psc0/dist/sh1-seed-recovery
psc0/dist/sh1-successor-seed-recovery
psc0/dist/sh1-seed-selection
psc0/dist/typescript-profile

2026-10-09T13:50:28.6493254Z   include-hidden-files: true
2026-10-09T13:50:28.6493616Z   if-no-files-found: ignore
2026-10-09T13:50:28.6493951Z   retention-days: 30
2026-10-09T13:50:28.6494272Z   compression-level: 6
2026-10-09T13:50:28.6494572Z   overwrite: false
2026-10-09T13:50:28.6494870Z env:
2026-10-09T13:50:28.6495346Z   PSC0_TSC: /home/runner/work/_temp/psc0-typescript-7.0.2/node_modules/typescript/bin/tsc
2026-10-09T13:50:28.6496246Z   PSC0_TYPESCRIPT_VERSION: 7.0.2
2026-10-09T13:50:28.6496540Z ##[endgroup]
2026-10-09T13:50:28.8002644Z (node:4331) [DEP0040] DeprecationWarning: The `punycode` module is deprecated. Please use a userland alternative instead.
2026-10-09T13:50:28.8003396Z (Use `node --trace-deprecation ...` to show where the warning was created)
2026-10-09T13:50:28.8216112Z Multiple search paths detected. Calculating the least common ancestor of all paths
2026-10-09T13:50:28.8219482Z The least common ancestor is /home/runner/work/pskernel/pskernel/psc0. This will be the root directory of the artifact
2026-10-09T13:50:28.8220498Z With the provided path, there will be 90 files uploaded
2026-10-09T13:50:28.8223384Z Artifact name is valid!
2026-10-09T13:50:28.8224108Z Root directory input is valid!
2026-10-09T13:50:29.2077461Z Beginning upload of artifact content to blob storage
2026-10-09T13:50:29.7266616Z (node:4331) [DEP0169] DeprecationWarning: `url.parse()` behavior is not standardized and prone to errors that have security implications. Use the WHATWG URL API instead. CVEs are not issued for `url.parse()` vulnerabilities.
2026-10-09T13:50:30.2956052Z Uploaded bytes 2761800
2026-10-09T13:50:30.3533018Z Finished uploading artifact content to blob storage!
2026-10-09T13:50:30.3533860Z SHA256 digest of uploaded artifact zip is 47ac36e9282cef6063dd69f13b643c00b4a9dc1b811a07b151155651729e8dde
2026-10-09T13:50:30.3536520Z Finalizing artifact upload
2026-10-09T13:50:30.6131688Z Artifact psc0-sh1-ts7.0.2-9ee0b1fd38dd1456a187d4675f9027440a989f2d.zip successfully finalized. Artifact ID 11621556102
2026-10-09T13:50:30.6133759Z Artifact psc0-sh1-ts7.0.2-9ee0b1fd38dd1456a187d4675f9027440a989f2d has been successfully uploaded! Final size is 2761800 bytes. Artifact ID is 11621556102
2026-10-09T13:50:30.6137540Z Artifact download URL: https://github.com/dwijayuda/pskernel/actions/runs/37939061854/artifacts/11621556102
2026-10-09T13:50:30.6300111Z Post job cleanup.
2026-10-09T13:50:30.7050239Z [command]/usr/bin/git version
2026-10-09T13:50:30.7076495Z git version 2.55.0
2026-10-09T13:50:30.7125863Z Temporarily overriding HOME='/home/runner/work/_temp/165dcfa4-e7c8-4a3e-955e-eab2c042242c' before making global git config changes
2026-10-09T13:50:30.7127116Z Adding repository directory to the temporary git global config as a safe directory
2026-10-09T13:50:30.7128130Z [command]/usr/bin/git config --global --add safe.directory /home/runner/work/pskernel/pskernel
2026-10-09T13:50:30.7143041Z [command]/usr/bin/git config --local --name-only --get-regexp core\.sshCommand
2026-10-09T13:50:30.7177083Z [command]/usr/bin/git submodule foreach --recursive sh -c "git config --local --name-only --get-regexp 'core\.sshCommand' && git config --local --unset-all 'core.sshCommand' || :"
2026-10-09T13:50:30.7378759Z [command]/usr/bin/git config --local --name-only --get-regexp http\.https\:\/\/github\.com\/\.extraheader
2026-10-09T13:50:30.7400147Z http.https://github.com/.extraheader
2026-10-09T13:50:30.7409601Z [command]/usr/bin/git config --local --unset-all http.https://github.com/.extraheader
2026-10-09T13:50:30.7439582Z [command]/usr/bin/git submodule foreach --recursive sh -c "git config --local --name-only --get-regexp 'http\.https\:\/\/github\.com\/\.extraheader' && git config --local --unset-all 'http.https://github.com/.extraheader' || :"
2026-10-09T13:50:30.7651297Z [command]/usr/bin/git config --local --name-only --get-regexp ^includeIf\.gitdir:
2026-10-09T13:50:30.7680904Z [command]/usr/bin/git submodule foreach --recursive git config --local --show-origin --name-only --get-regexp remote.origin.url
2026-10-09T13:50:30.8045781Z Evaluate and set job outputs
2026-10-09T13:50:30.8051186Z Set output 'qualified'
2026-10-09T13:50:30.8052774Z Set output 'node-version'
2026-10-09T13:50:30.8053889Z Cleaning up orphan processes
2026-10-09T13:50:30.8283670Z ##[warning]Node.js 20 is deprecated. The following actions target Node.js 20 but are being forced to run on Node.js 24: actions/cache/restore@v4, actions/cache/save@v4, actions/checkout@v4, actions/github-script@v7, actions/setup-node@v4, actions/upload-artifact@v4. For more information see: https://github.blog/changelog/2025-09-19-deprecation-of-node-20-on-github-actions-runners/
