2026-10-09T23:28:24.8681064Z Current runner version: '2.337.0'
2026-10-09T23:28:24.8707202Z ##[group]Runner Image Provisioner
2026-10-09T23:28:24.8708487Z Hosted Compute Agent
2026-10-09T23:28:24.8709104Z Version: 20261002.596
2026-10-09T23:28:24.8709751Z Commit: c3d12f3313a95f25162a1503be624f3b0617f8c0
2026-10-09T23:28:24.8710632Z Build Date: 2026-10-02T22:28:27Z
2026-10-09T23:28:24.8711339Z Worker ID: {76ea6957-1aeb-4676-88df-b92190385bc0}
2026-10-09T23:28:24.8712169Z Region: northcentralus
2026-10-09T23:28:24.8712804Z Cloud: Azure
2026-10-09T23:28:24.8713359Z ##[endgroup]
2026-10-09T23:28:24.8714865Z ##[group]Operating System
2026-10-09T23:28:24.8715514Z Ubuntu
2026-10-09T23:28:24.8716151Z 24.04.5
2026-10-09T23:28:24.8716710Z LTS
2026-10-09T23:28:24.8717262Z ##[endgroup]
2026-10-09T23:28:24.8718162Z ##[group]Runner Image
2026-10-09T23:28:24.8718800Z Image: ubuntu-24.04
2026-10-09T23:28:24.8719459Z Version: 20261004.327.1
2026-10-09T23:28:24.8720781Z Included Software: https://github.com/actions/runner-images/blob/ubuntu24/20261004.327/images/ubuntu/Ubuntu2404-Readme.md
2026-10-09T23:28:24.8722693Z Image Release: https://github.com/actions/runner-images/releases/tag/ubuntu24%2F20261004.327
2026-10-09T23:28:24.8723706Z ##[endgroup]
2026-10-09T23:28:24.8725033Z ##[group]GITHUB_TOKEN Permissions
2026-10-09T23:28:24.8726971Z Actions: read
2026-10-09T23:28:24.8727914Z Contents: read
2026-10-09T23:28:24.8728518Z Metadata: read
2026-10-09T23:28:24.8729157Z ##[endgroup]
2026-10-09T23:28:24.8731327Z Secret source: Actions
2026-10-09T23:28:24.8732309Z Cache mode: write
2026-10-09T23:28:24.8733143Z Prepare workflow directory
2026-10-09T23:28:24.9250810Z Prepare all required actions
2026-10-09T23:28:24.9317864Z Getting action download info
2026-10-09T23:28:25.1899491Z Download action repository 'actions/checkout@v4' (SHA:11d5960a326750d5838078e36cf38b85af677262)
2026-10-09T23:28:25.2948160Z Download action repository 'actions/github-script@v7' (SHA:f28e40c7f34bde8b3046d885e986cb6290c5673b)
2026-10-09T23:28:25.5598976Z Download action repository 'actions/setup-node@v4' (SHA:49933ea5288caeca8642d1e84afbd3f7d6820020)
2026-10-09T23:28:25.6552196Z Download action repository 'leanprover/lean-action@v1' (SHA:f061402b660e0c34644504b324e830f2991d4865)
2026-10-09T23:28:25.8208719Z Download action repository 'actions/cache@v4' (SHA:0057852bfaa89a56745cba8c7296529d2fc39830)
2026-10-09T23:28:25.9183771Z Download action repository 'actions/upload-artifact@v4' (SHA:ea165f8d65b6e75b540449e92b4886f43607fa02)
2026-10-09T23:28:26.1578507Z Getting action download info
2026-10-09T23:28:26.2451317Z Download action repository 'actions/cache@caa296126883cff596d87d8935842f9db880ef25' (SHA:caa296126883cff596d87d8935842f9db880ef25)
2026-10-09T23:28:26.5060954Z Complete job name: compiler
2026-10-09T23:28:26.5934405Z ##[group]Run actions/checkout@v4
2026-10-09T23:28:26.5935243Z with:
2026-10-09T23:28:26.5935684Z   repository: dwijayuda/pskernel
2026-10-09T23:28:26.5939782Z   token: ***
2026-10-09T23:28:26.5940223Z   ssh-strict: true
2026-10-09T23:28:26.5940662Z   ssh-user: git
2026-10-09T23:28:26.5941124Z   persist-credentials: true
2026-10-09T23:28:26.5941600Z   clean: true
2026-10-09T23:28:26.5942038Z   sparse-checkout-cone-mode: true
2026-10-09T23:28:26.5942595Z   fetch-depth: 1
2026-10-09T23:28:26.5943015Z   fetch-tags: false
2026-10-09T23:28:26.5943474Z   show-progress: true
2026-10-09T23:28:26.5943931Z   lfs: false
2026-10-09T23:28:26.5944343Z   submodules: false
2026-10-09T23:28:26.5944783Z   set-safe-directory: true
2026-10-09T23:28:26.5945287Z   allow-unsafe-pr-checkout: false
2026-10-09T23:28:26.5946035Z ##[endgroup]
2026-10-09T23:28:26.6962466Z Syncing repository: dwijayuda/pskernel
2026-10-09T23:28:26.6964957Z ##[group]Getting Git version info
2026-10-09T23:28:26.6966147Z Working directory is '/home/runner/work/pskernel/pskernel'
2026-10-09T23:28:26.6967899Z [command]/usr/bin/git version
2026-10-09T23:28:26.6987858Z git version 2.55.0
2026-10-09T23:28:26.7008750Z ##[endgroup]
2026-10-09T23:28:26.7023125Z Temporarily overriding HOME='/home/runner/work/_temp/b34c7222-671e-4889-8460-8bd9f72e0236' before making global git config changes
2026-10-09T23:28:26.7025741Z Adding repository directory to the temporary git global config as a safe directory
2026-10-09T23:28:26.7028254Z [command]/usr/bin/git config --global --add safe.directory /home/runner/work/pskernel/pskernel
2026-10-09T23:28:26.7076467Z Deleting the contents of '/home/runner/work/pskernel/pskernel'
2026-10-09T23:28:26.7087351Z ##[group]Initializing the repository
2026-10-09T23:28:26.7088787Z [command]/usr/bin/git init /home/runner/work/pskernel/pskernel
2026-10-09T23:28:26.7175017Z hint: Using 'master' as the name for the initial branch. This default branch name
2026-10-09T23:28:26.7177138Z hint: will change to "main" in Git 3.0. To configure the initial branch name
2026-10-09T23:28:26.7179120Z hint: to use in all of your new repositories, which will suppress this warning,
2026-10-09T23:28:26.7180504Z hint: call:
2026-10-09T23:28:26.7181594Z hint:
2026-10-09T23:28:26.7182508Z hint: 	git config --global init.defaultBranch <name>
2026-10-09T23:28:26.7183547Z hint:
2026-10-09T23:28:26.7184435Z hint: Names commonly chosen instead of 'master' are 'main', 'trunk' and
2026-10-09T23:28:26.7185416Z hint: 'development'. The just-created branch can be renamed via this command:
2026-10-09T23:28:26.7186157Z hint:
2026-10-09T23:28:26.7186576Z hint: 	git branch -m <name>
2026-10-09T23:28:26.7187052Z hint:
2026-10-09T23:28:26.7188015Z hint: Disable this message with "git config set advice.defaultBranchName false"
2026-10-09T23:28:26.7189602Z Initialized empty Git repository in /home/runner/work/pskernel/pskernel/.git/
2026-10-09T23:28:26.7191283Z [command]/usr/bin/git remote add origin https://github.com/dwijayuda/pskernel
2026-10-09T23:28:26.7239744Z ##[endgroup]
2026-10-09T23:28:26.7240952Z ##[group]Disabling automatic garbage collection
2026-10-09T23:28:26.7244571Z [command]/usr/bin/git config --local gc.auto 0
2026-10-09T23:28:26.7315136Z ##[endgroup]
2026-10-09T23:28:26.7315923Z ##[group]Setting up auth
2026-10-09T23:28:26.7318339Z [command]/usr/bin/git config --local --name-only --get-regexp core\.sshCommand
2026-10-09T23:28:26.7330955Z [command]/usr/bin/git submodule foreach --recursive sh -c "git config --local --name-only --get-regexp 'core\.sshCommand' && git config --local --unset-all 'core.sshCommand' || :"
2026-10-09T23:28:26.7673287Z [command]/usr/bin/git config --local --name-only --get-regexp http\.https\:\/\/github\.com\/\.extraheader
2026-10-09T23:28:26.7717099Z [command]/usr/bin/git submodule foreach --recursive sh -c "git config --local --name-only --get-regexp 'http\.https\:\/\/github\.com\/\.extraheader' && git config --local --unset-all 'http.https://github.com/.extraheader' || :"
2026-10-09T23:28:26.7977812Z [command]/usr/bin/git config --local --name-only --get-regexp ^includeIf\.gitdir:
2026-10-09T23:28:26.8018073Z [command]/usr/bin/git submodule foreach --recursive git config --local --show-origin --name-only --get-regexp remote.origin.url
2026-10-09T23:28:26.8262728Z [command]/usr/bin/git config --local http.https://github.com/.extraheader AUTHORIZATION: basic ***
2026-10-09T23:28:26.8306784Z ##[endgroup]
2026-10-09T23:28:26.8307899Z ##[group]Fetching the repository
2026-10-09T23:28:26.8321312Z [command]/usr/bin/git -c protocol.version=2 fetch --no-tags --prune --no-recurse-submodules --depth=1 origin +00e963bb8c84fc9b29f7cc8228f1520de5ca2081:refs/remotes/origin/psc0/strict-sh1-v1
2026-10-09T23:28:38.0252257Z From https://github.com/dwijayuda/pskernel
2026-10-09T23:28:38.0253670Z  * [new ref]           00e963bb8c84fc9b29f7cc8228f1520de5ca2081 -> origin/psc0/strict-sh1-v1
2026-10-09T23:28:38.0256560Z ##[endgroup]
2026-10-09T23:28:38.0257325Z ##[group]Determining the checkout info
2026-10-09T23:28:38.0259869Z ##[endgroup]
2026-10-09T23:28:38.0266154Z [command]/usr/bin/git sparse-checkout disable
2026-10-09T23:28:38.0328534Z [command]/usr/bin/git config --local --unset-all extensions.worktreeConfig
2026-10-09T23:28:38.0354232Z ##[group]Checking out the ref
2026-10-09T23:28:38.0359144Z [command]/usr/bin/git checkout --progress --force -B psc0/strict-sh1-v1 refs/remotes/origin/psc0/strict-sh1-v1
2026-10-09T23:28:39.9867667Z Updating files:   7% (1504/20800)
2026-10-09T23:28:39.9988277Z Updating files:   8% (1664/20800)
2026-10-09T23:28:40.0214399Z Updating files:   9% (1872/20800)
2026-10-09T23:28:40.0405012Z Updating files:  10% (2080/20800)
2026-10-09T23:28:40.0592297Z Updating files:  11% (2288/20800)
2026-10-09T23:28:40.0722408Z Updating files:  11% (2451/20800)
2026-10-09T23:28:40.0840654Z Updating files:  12% (2496/20800)
2026-10-09T23:28:41.1048126Z Updating files:  13% (2704/20800)
2026-10-09T23:28:41.7774718Z Updating files:  13% (2852/20800)
2026-10-09T23:28:41.7898100Z Updating files:  14% (2912/20800)
2026-10-09T23:28:41.7992010Z Updating files:  15% (3120/20800)
2026-10-09T23:28:41.8109610Z Updating files:  16% (3328/20800)
2026-10-09T23:28:41.8279571Z Updating files:  17% (3536/20800)
2026-10-09T23:28:41.8403819Z Updating files:  18% (3744/20800)
2026-10-09T23:28:41.8549139Z Updating files:  19% (3952/20800)
2026-10-09T23:28:41.8893416Z Updating files:  20% (4160/20800)
2026-10-09T23:28:41.9140283Z Updating files:  21% (4368/20800)
2026-10-09T23:28:41.9265186Z Updating files:  22% (4576/20800)
2026-10-09T23:28:42.2662919Z Updating files:  23% (4784/20800)
2026-10-09T23:28:43.3015705Z Updating files:  23% (4920/20800)
2026-10-09T23:28:43.6341361Z Updating files:  23% (4923/20800)
2026-10-09T23:28:43.6500672Z Updating files:  24% (4992/20800)
2026-10-09T23:28:43.6621646Z Updating files:  25% (5200/20800)
2026-10-09T23:28:43.6776813Z Updating files:  26% (5408/20800)
2026-10-09T23:28:43.6890017Z Updating files:  27% (5616/20800)
2026-10-09T23:28:43.7015656Z Updating files:  28% (5824/20800)
2026-10-09T23:28:43.7863018Z Updating files:  29% (6032/20800)
2026-10-09T23:28:43.8058597Z Updating files:  30% (6240/20800)
2026-10-09T23:28:43.8215179Z Updating files:  31% (6448/20800)
2026-10-09T23:28:43.8379912Z Updating files:  32% (6656/20800)
2026-10-09T23:28:43.8555515Z Updating files:  33% (6864/20800)
2026-10-09T23:28:43.8711752Z Updating files:  34% (7072/20800)
2026-10-09T23:28:43.8868281Z Updating files:  35% (7280/20800)
2026-10-09T23:28:43.9028488Z Updating files:  36% (7488/20800)
2026-10-09T23:28:43.9189531Z Updating files:  37% (7696/20800)
2026-10-09T23:28:43.9319315Z Updating files:  38% (7904/20800)
2026-10-09T23:28:43.9486830Z Updating files:  39% (8112/20800)
2026-10-09T23:28:43.9725878Z Updating files:  40% (8320/20800)
2026-10-09T23:28:43.9863356Z Updating files:  41% (8528/20800)
2026-10-09T23:28:43.9991334Z Updating files:  42% (8736/20800)
2026-10-09T23:28:44.0118551Z Updating files:  43% (8944/20800)
2026-10-09T23:28:44.0235522Z Updating files:  44% (9152/20800)
2026-10-09T23:28:44.0595029Z Updating files:  45% (9360/20800)
2026-10-09T23:28:44.0678193Z Updating files:  45% (9554/20800)
2026-10-09T23:28:44.1888583Z Updating files:  46% (9568/20800)
2026-10-09T23:28:44.2514671Z Updating files:  47% (9776/20800)
2026-10-09T23:28:44.3494410Z Updating files:  48% (9984/20800)
2026-10-09T23:28:44.5538334Z Updating files:  49% (10192/20800)
2026-10-09T23:28:44.8216889Z Updating files:  50% (10400/20800)
2026-10-09T23:28:45.0595331Z Updating files:  51% (10608/20800)
2026-10-09T23:28:45.1341947Z Updating files:  51% (10747/20800)
2026-10-09T23:28:45.4592384Z Updating files:  52% (10816/20800)
2026-10-09T23:28:45.7153281Z Updating files:  53% (11024/20800)
2026-10-09T23:28:46.0165740Z Updating files:  54% (11232/20800)
2026-10-09T23:28:46.0597348Z Updating files:  55% (11440/20800)
2026-10-09T23:28:46.2148389Z Updating files:  55% (11483/20800)
2026-10-09T23:28:46.2896239Z Updating files:  56% (11648/20800)
2026-10-09T23:28:46.3708302Z Updating files:  57% (11856/20800)
2026-10-09T23:28:46.3788271Z Updating files:  58% (12064/20800)
2026-10-09T23:28:46.3863333Z Updating files:  59% (12272/20800)
2026-10-09T23:28:46.3938832Z Updating files:  60% (12480/20800)
2026-10-09T23:28:46.4013506Z Updating files:  61% (12688/20800)
2026-10-09T23:28:46.4096216Z Updating files:  62% (12896/20800)
2026-10-09T23:28:46.4189491Z Updating files:  63% (13104/20800)
2026-10-09T23:28:46.4282217Z Updating files:  64% (13312/20800)
2026-10-09T23:28:46.4376128Z Updating files:  65% (13520/20800)
2026-10-09T23:28:46.4481842Z Updating files:  66% (13728/20800)
2026-10-09T23:28:46.4578932Z Updating files:  67% (13936/20800)
2026-10-09T23:28:46.4673582Z Updating files:  68% (14144/20800)
2026-10-09T23:28:46.4766720Z Updating files:  69% (14352/20800)
2026-10-09T23:28:46.4858206Z Updating files:  70% (14560/20800)
2026-10-09T23:28:46.4954871Z Updating files:  71% (14768/20800)
2026-10-09T23:28:46.5051058Z Updating files:  72% (14976/20800)
2026-10-09T23:28:46.5141157Z Updating files:  73% (15184/20800)
2026-10-09T23:28:46.5261946Z Updating files:  74% (15392/20800)
2026-10-09T23:28:46.5350172Z Updating files:  75% (15600/20800)
2026-10-09T23:28:46.5441483Z Updating files:  76% (15808/20800)
2026-10-09T23:28:46.5531014Z Updating files:  77% (16016/20800)
2026-10-09T23:28:46.5627577Z Updating files:  78% (16224/20800)
2026-10-09T23:28:46.5725000Z Updating files:  79% (16432/20800)
2026-10-09T23:28:46.5841948Z Updating files:  80% (16640/20800)
2026-10-09T23:28:46.5928313Z Updating files:  81% (16848/20800)
2026-10-09T23:28:46.6009684Z Updating files:  82% (17056/20800)
2026-10-09T23:28:46.6089804Z Updating files:  83% (17264/20800)
2026-10-09T23:28:46.6176398Z Updating files:  84% (17472/20800)
2026-10-09T23:28:46.6259015Z Updating files:  85% (17680/20800)
2026-10-09T23:28:46.6343855Z Updating files:  86% (17888/20800)
2026-10-09T23:28:46.6400901Z Updating files:  87% (18096/20800)
2026-10-09T23:28:46.6462040Z Updating files:  88% (18304/20800)
2026-10-09T23:28:46.6527774Z Updating files:  89% (18512/20800)
2026-10-09T23:28:46.6785180Z Updating files:  90% (18720/20800)
2026-10-09T23:28:46.6994536Z Updating files:  91% (18928/20800)
2026-10-09T23:28:46.7081722Z Updating files:  92% (19136/20800)
2026-10-09T23:28:46.7167546Z Updating files:  93% (19344/20800)
2026-10-09T23:28:46.8614732Z Updating files:  94% (19552/20800)
2026-10-09T23:28:46.9462816Z Updating files:  95% (19760/20800)
2026-10-09T23:28:47.0115960Z Updating files:  96% (19968/20800)
2026-10-09T23:28:47.0373147Z Updating files:  97% (20176/20800)
2026-10-09T23:28:47.0590065Z Updating files:  98% (20384/20800)
2026-10-09T23:28:47.1030116Z Updating files:  98% (20420/20800)
2026-10-09T23:28:47.1482942Z Updating files:  99% (20592/20800)
2026-10-09T23:28:47.1483792Z Updating files: 100% (20800/20800)
2026-10-09T23:28:47.1484331Z Updating files: 100% (20800/20800), done.
2026-10-09T23:28:47.2962058Z Switched to a new branch 'psc0/strict-sh1-v1'
2026-10-09T23:28:47.2964313Z branch 'psc0/strict-sh1-v1' set up to track 'origin/psc0/strict-sh1-v1'.
2026-10-09T23:28:47.3080108Z ##[endgroup]
2026-10-09T23:28:47.3140745Z [command]/usr/bin/git log -1 --format=%H
2026-10-09T23:28:47.3173699Z 00e963bb8c84fc9b29f7cc8228f1520de5ca2081
2026-10-09T23:28:47.5271833Z ##[group]Run actions/github-script@v7
2026-10-09T23:28:47.5272133Z with:
2026-10-09T23:28:47.5276612Z   script: const { mkdir, writeFile } = await import('node:fs/promises');
const path = await import('node:path');
const root = process.env.GITHUB_WORKSPACE + '/psc0';
const recovery = await import(root + '/scripts/sh1-native-seed-recovery.mjs');
const { selected, policySha256, recipeSha256 } = await recovery.readNativeSeedRecoveryPolicy({ root });
const directory = path.join(root, 'dist/sh1-seed-selection');
await mkdir(directory, { recursive: true });
await writeFile(path.join(directory, 'selected-native-recovery.json'), JSON.stringify({
  sourceRef: selected.sourceRef, identitySha256: selected.identitySha256,
  policySha256, recipeSha256, recipe: recovery.nativeSeedRecoveryRecipe,
  parentMetadataRetained: Boolean(selected.parent),
  parentExecutionRequired: false, typescriptVersion: '7.0.2',
}, null, 2) + '\n');
for (const [name, value] of Object.entries({
  mode: selected.mode,
  'full-qualification': process.env.PSC0_SH1_FULL_QUALIFICATION === 'true',
  'node-version': selected.nodeVersion,
  'source-ref': selected.sourceRef,
  'compiler-path': selected.compilerPath,
  'cache-key': selected.cacheKey,
  'cache-directory': selected.cacheDirectory,
  'artifact-run-id': selected.artifactRunId,
  'artifact-name': selected.artifactName,
  'recovery-typescript-version': '7.0.2',
  'has-parent': Boolean(selected.parent),
})) core.setOutput(name, value);

2026-10-09T23:28:47.5284016Z   github-token: ***
2026-10-09T23:28:47.5284261Z   debug: false
2026-10-09T23:28:47.5284495Z   user-agent: actions/github-script
2026-10-09T23:28:47.5284810Z   result-encoding: json
2026-10-09T23:28:47.5285038Z   retries: 0
2026-10-09T23:28:47.5285284Z   retry-exempt-status-codes: 400,401,403,404,422
2026-10-09T23:28:47.5285579Z env:
2026-10-09T23:28:47.5285790Z   PSC0_SH1_FULL_QUALIFICATION: true
2026-10-09T23:28:47.5286054Z ##[endgroup]
2026-10-09T23:28:47.6610023Z ##[group]Run actions/setup-node@v4
2026-10-09T23:28:47.6610307Z with:
2026-10-09T23:28:47.6610517Z   node-version: 22.23.3
2026-10-09T23:28:47.6610751Z   always-auth: false
2026-10-09T23:28:47.6610973Z   check-latest: false
2026-10-09T23:28:47.6613513Z   token: ***
2026-10-09T23:28:47.6613741Z ##[endgroup]
2026-10-09T23:28:47.8471024Z (node:2323) [DEP0040] DeprecationWarning: The `punycode` module is deprecated. Please use a userland alternative instead.
2026-10-09T23:28:47.8472432Z (Use `node --trace-deprecation ...` to show where the warning was created)
2026-10-09T23:28:47.8484044Z Found in cache @ /opt/hostedtoolcache/node/22.23.3/x64
2026-10-09T23:28:47.8485317Z ##[group]Environment details
2026-10-09T23:28:48.2652869Z node: v22.23.3
2026-10-09T23:28:48.2653226Z npm: 10.9.9
2026-10-09T23:28:48.2653669Z yarn: 1.22.22
2026-10-09T23:28:48.2654664Z ##[endgroup]
2026-10-09T23:28:48.2796076Z ##[group]Run node --max-old-space-size=8192 scripts/sh1-resource-policy.mjs --preflight dist/sh1/resource-policy-preflight.json
2026-10-09T23:28:48.2797044Z [36;1mnode --max-old-space-size=8192 scripts/sh1-resource-policy.mjs --preflight dist/sh1/resource-policy-preflight.json[0m
2026-10-09T23:28:48.3034567Z shell: /usr/bin/bash -e {0}
2026-10-09T23:28:48.3034887Z ##[endgroup]
2026-10-09T23:28:48.3739082Z PSC0_SH1_RESOURCE_POLICY: {"schemaVersion":1,"evidence":"generated-qualification-resource-preflight","command":"workflow-preflight","policy":{"id":"psc0-sh1-generated-qualification-resources/1","node":"v22.23.3","platform":"linux","architecture":"x64","oldSpaceMiB":8192,"minimumAvailableBytes":12884901888,"minimumHeapLimitBytes":8589934592,"maximumHeapLimitBytes":8858370048,"checkBoundary":"process-entry-before-generated-compiler-loading","automaticFallback":false,"semanticContractQualified":false},"node":"v22.23.3","platform":"linux","architecture":"x64","pid":2355,"passed":true,"strictSh1Qualified":false,"semanticContractQualified":false,"heap":{"explicitOldSpaceMiB":8192,"observedHeapLimitBytes":8640266240,"inheritedHeapOverride":false},"physical":{"totalBytes":16766414848,"availableBytes":15313190912},"nodeMemory":{"availableBytes":15313190912,"constrainedBytes":"18446744073709552000","bindingConstraintBytes":null},"cgroup":{"version":2,"membership":"/system.slice/hosted-compute-agent.service","mountRoot":"/","mountPoint":"/sys/fs/cgroup","visibility":"current-and-visible-ancestor-cgroups","observations":[{"directory":"/sys/fs/cgroup/system.slice/hosted-compute-agent.service","limitFile":"memory.max","limitBytes":"max","currentBytes":"3360735232","capacityBytes":16766414848,"availableBytes":16766414848},{"directory":"/sys/fs/cgroup/system.slice/hosted-compute-agent.service","limitFile":"memory.high","limitBytes":"max","currentBytes":"3360735232","capacityBytes":16766414848,"availableBytes":16766414848},{"directory":"/sys/fs/cgroup/system.slice","limitFile":"memory.max","limitBytes":"max","currentBytes":"5924438016","capacityBytes":16766414848,"availableBytes":16766414848},{"directory":"/sys/fs/cgroup/system.slice","limitFile":"memory.high","limitBytes":"max","currentBytes":"5924438016","capacityBytes":16766414848,"availableBytes":16766414848},{"directory":"/sys/fs/cgroup","globalRootWithoutMemoryController":true}]},"effectiveCapacityBytes":16766414848,"effectiveAvailableBytes":15313190912}
2026-10-09T23:28:48.4034765Z ##[group]Run leanprover/lean-action@v1
2026-10-09T23:28:48.4035064Z with:
2026-10-09T23:28:48.4035284Z   lake-package-directory: psc0
2026-10-09T23:28:48.4035539Z   auto-config: false
2026-10-09T23:28:48.4035752Z   build: false
2026-10-09T23:28:48.4035954Z   test: false
2026-10-09T23:28:48.4036161Z   use-github-cache: false
2026-10-09T23:28:48.4036407Z   use-mathlib-cache: false
2026-10-09T23:28:48.4036629Z   lint: default
2026-10-09T23:28:48.4036831Z   mk_all-check: false
2026-10-09T23:28:48.4037075Z   check-reservoir-eligibility: false
2026-10-09T23:28:48.4037345Z   leanchecker: false
2026-10-09T23:28:48.4037728Z   lean4checker: false
2026-10-09T23:28:48.4037933Z   nanoda: false
2026-10-09T23:28:48.4038136Z   nanoda-allow-sorry: true
2026-10-09T23:28:48.4038363Z   axiom-audit: false
2026-10-09T23:28:48.4038648Z   axiom-audit-allow: propext,Classical.choice,Quot.sound
2026-10-09T23:28:48.4039018Z   reinstall-transient-toolchain: false
2026-10-09T23:28:48.4039305Z ##[endgroup]
2026-10-09T23:28:48.4102258Z ##[start-action display=install elan;id=__leanprover_lean-action.__run]
2026-10-09T23:28:48.4128277Z ##[group]Run : Install Elan
2026-10-09T23:28:48.4128576Z [36;1m: Install Elan[0m
2026-10-09T23:28:48.4128871Z [36;1m${GITHUB_ACTION_PATH}/scripts/install_elan.sh[0m
2026-10-09T23:28:48.4200863Z shell: /usr/bin/bash --noprofile --norc -e -o pipefail {0}
2026-10-09T23:28:48.4201221Z ##[endgroup]
2026-10-09T23:28:48.4318319Z ##[group]Elan Installation Output
2026-10-09T23:28:48.4751822Z info: downloading installer
2026-10-09T23:28:49.1821168Z info: downloading https://releases.lean-lang.org/lean4/v4.34.0/lean-4.34.0-linux.tar.zst
2026-10-09T23:28:53.5038757Z info: installing /home/runner/.elan/toolchains/leanprover--lean4---v4.34.0
2026-10-09T23:29:00.7229441Z Lean (version 4.34.0, x86_64-unknown-linux-gnu, commit 293d5d0c0c3f3dded4688b3ccd6a33939ac5102b, Release)
2026-10-09T23:29:00.7647353Z Lake version 5.0.0-src+293d5d0 (Lean version 4.34.0)
2026-10-09T23:29:00.7649140Z ##[endgroup]
2026-10-09T23:29:00.7649633Z 
2026-10-09T23:29:00.7676185Z ##[end-action id=__leanprover_lean-action.__run;outcome=success;conclusion=success;duration_ms=12357]
2026-10-09T23:29:00.7682557Z ##[start-action display=configure `lean-action`;id=__leanprover_lean-action.config]
2026-10-09T23:29:00.7707983Z ##[group]Run : Configure Lean Action
2026-10-09T23:29:00.7708468Z [36;1m: Configure Lean Action[0m
2026-10-09T23:29:00.7708933Z [36;1m${GITHUB_ACTION_PATH}/scripts/config.sh[0m
2026-10-09T23:29:00.7798304Z shell: /usr/bin/bash --noprofile --norc -e -o pipefail {0}
2026-10-09T23:29:00.7798847Z env:
2026-10-09T23:29:00.7799147Z   AUTO_CONFIG: false
2026-10-09T23:29:00.7799484Z   BUILD: false
2026-10-09T23:29:00.7799782Z   TEST: false
2026-10-09T23:29:00.7800073Z   LINT: default
2026-10-09T23:29:00.7800380Z ##[endgroup]
2026-10-09T23:29:00.7927893Z ##[group]Configure lean-action
2026-10-09T23:29:00.7966108Z ##[end-action id=__leanprover_lean-action.config;outcome=success;conclusion=success;duration_ms=28]
2026-10-09T23:29:00.7968894Z ##[start-action display=reinstall transient toolchain;id=__leanprover_lean-action.__run_2]
2026-10-09T23:29:00.7975173Z ##[end-action id=__leanprover_lean-action.__run_2;outcome=skipped;conclusion=skipped;duration_ms=0]
2026-10-09T23:29:00.7977997Z ##[start-action display=ensure all files are imported;id=__leanprover_lean-action.mk_all]
2026-10-09T23:29:00.7981570Z ##[end-action id=__leanprover_lean-action.mk_all;outcome=skipped;conclusion=skipped;duration_ms=0]
2026-10-09T23:29:00.7983647Z ##[start-action display=Run actions/cache/restore@caa296126883cff596d87d8935842f9db880ef25;id=__leanprover_lean-action.__actions_cache]
2026-10-09T23:29:00.7987039Z ##[end-action id=__leanprover_lean-action.__actions_cache;outcome=skipped;conclusion=skipped;duration_ms=0]
2026-10-09T23:29:00.7989132Z ##[start-action display=detect mathlib;id=__leanprover_lean-action.detect-mathlib]
2026-10-09T23:29:00.7992633Z ##[end-action id=__leanprover_lean-action.detect-mathlib;outcome=skipped;conclusion=skipped;duration_ms=0]
2026-10-09T23:29:00.7994549Z ##[start-action display=get mathlib cache;id=__leanprover_lean-action.__run_3]
2026-10-09T23:29:00.8011995Z ##[end-action id=__leanprover_lean-action.__run_3;outcome=skipped;conclusion=skipped;duration_ms=0]
2026-10-09T23:29:00.8038040Z ##[start-action display=build dwijayuda/pskernel;id=__leanprover_lean-action.build]
2026-10-09T23:29:00.8042534Z ##[end-action id=__leanprover_lean-action.build;outcome=skipped;conclusion=skipped;duration_ms=0]
2026-10-09T23:29:00.8044653Z ##[start-action display=Run actions/cache/save@caa296126883cff596d87d8935842f9db880ef25;id=__leanprover_lean-action.__actions_cache_2]
2026-10-09T23:29:00.8048328Z ##[end-action id=__leanprover_lean-action.__actions_cache_2;outcome=skipped;conclusion=skipped;duration_ms=0]
2026-10-09T23:29:00.8051823Z ##[start-action display=test dwijayuda/pskernel;id=__leanprover_lean-action.test]
2026-10-09T23:29:00.8055981Z ##[end-action id=__leanprover_lean-action.test;outcome=skipped;conclusion=skipped;duration_ms=0]
2026-10-09T23:29:00.8058838Z ##[start-action display=lint dwijayuda/pskernel;id=__leanprover_lean-action.lint]
2026-10-09T23:29:00.8062875Z ##[end-action id=__leanprover_lean-action.lint;outcome=skipped;conclusion=skipped;duration_ms=0]
2026-10-09T23:29:00.8064651Z ##[start-action display=check reservoir eligibility;id=__leanprover_lean-action.__run_4]
2026-10-09T23:29:00.8068048Z ##[end-action id=__leanprover_lean-action.__run_4;outcome=skipped;conclusion=skipped;duration_ms=0]
2026-10-09T23:29:00.8070456Z ##[start-action display=check environment with leanchecker;id=__leanprover_lean-action.__run_5]
2026-10-09T23:29:00.8074992Z ##[end-action id=__leanprover_lean-action.__run_5;outcome=skipped;conclusion=skipped;duration_ms=0]
2026-10-09T23:29:00.8077056Z ##[start-action display=check environment with nanoda;id=__leanprover_lean-action.nanoda]
2026-10-09T23:29:00.8080548Z ##[end-action id=__leanprover_lean-action.nanoda;outcome=skipped;conclusion=skipped;duration_ms=0]
2026-10-09T23:29:00.8082853Z ##[start-action display=audit axioms with axiom-audit;id=__leanprover_lean-action.axiom-audit]
2026-10-09T23:29:00.8086019Z ##[end-action id=__leanprover_lean-action.axiom-audit;outcome=skipped;conclusion=skipped;duration_ms=0]
2026-10-09T23:29:00.8133065Z ##[group]Run npm install --prefix "$RUNNER_TEMP/psc0-typescript-7.0.2" --ignore-scripts --save-exact --no-audit --no-fund typescript@7.0.2
2026-10-09T23:29:00.8134022Z [36;1mnpm install --prefix "$RUNNER_TEMP/psc0-typescript-7.0.2" --ignore-scripts --save-exact --no-audit --no-fund typescript@7.0.2[0m
2026-10-09T23:29:00.8134620Z [36;1mnode --input-type=module <<'NODE'[0m
2026-10-09T23:29:00.8134942Z [36;1mimport assert from 'node:assert/strict';[0m
2026-10-09T23:29:00.8135460Z [36;1mimport { appendFileSync, copyFileSync, mkdirSync, readFileSync, realpathSync } from 'node:fs';[0m
2026-10-09T23:29:00.8135956Z [36;1mimport path from 'node:path';[0m
2026-10-09T23:29:00.8136285Z [36;1mimport { createRequire } from 'node:module';[0m
2026-10-09T23:29:00.8136655Z [36;1mimport { spawnSync } from 'node:child_process';[0m
2026-10-09T23:29:00.8137022Z [36;1mconst require = createRequire(import.meta.url);[0m
2026-10-09T23:29:00.8137778Z [36;1mconst directory = path.resolve('dist/typescript-profile/install');[0m
2026-10-09T23:29:00.8138240Z [36;1mmkdirSync(directory, { recursive: true });[0m
2026-10-09T23:29:00.8138557Z [36;1mconst version = '7.0.2';[0m
2026-10-09T23:29:00.8138976Z [36;1mconst prefix = path.join(process.env.RUNNER_TEMP, 'psc0-typescript-' + version);[0m
2026-10-09T23:29:00.8139575Z [36;1mconst manifestPath = require.resolve('typescript/package.json', { paths: [prefix] });[0m
2026-10-09T23:29:00.8140118Z [36;1mconst manifest = JSON.parse(readFileSync(manifestPath, 'utf8'));[0m
2026-10-09T23:29:00.8140537Z [36;1massert.equal(manifest.name, 'typescript');[0m
2026-10-09T23:29:00.8140879Z [36;1massert.equal(manifest.version, version);[0m
2026-10-09T23:29:00.8141312Z [36;1mconst bin = typeof manifest.bin === 'string' ? manifest.bin : manifest.bin?.tsc;[0m
2026-10-09T23:29:00.8142022Z [36;1massert.equal(typeof bin, 'string', 'PSC0_TYPESCRIPT_BIN_METADATA');[0m
2026-10-09T23:29:00.8142553Z [36;1mconst launcher = realpathSync(path.resolve(path.dirname(manifestPath), bin));[0m
2026-10-09T23:29:00.8143149Z [36;1mconst result = spawnSync(process.execPath, [launcher, '--version'], { encoding: 'utf8' });[0m
2026-10-09T23:29:00.8143648Z [36;1massert.equal(result.status, 0, result.stderr);[0m
2026-10-09T23:29:00.8144134Z [36;1massert.equal(result.stdout.trim(), 'Version ' + version);[0m
2026-10-09T23:29:00.8144649Z [36;1mappendFileSync(process.env.GITHUB_OUTPUT, 'current-cli=' + launcher + '\n');[0m
2026-10-09T23:29:00.8145301Z [36;1mcopyFileSync(path.join(prefix, 'package-lock.json'), path.join(directory, 'current-package-lock.json'));[0m
2026-10-09T23:29:00.8145940Z [36;1mcopyFileSync(manifestPath, path.join(directory, 'current-package.json'));[0m
2026-10-09T23:29:00.8146597Z [36;1mappendFileSync(process.env.GITHUB_ENV, 'PSC0_TSC=' + launcher + '\nPSC0_TYPESCRIPT_VERSION=' + version + '\n');[0m
2026-10-09T23:29:00.8147132Z [36;1mNODE[0m
2026-10-09T23:29:00.8216272Z shell: /usr/bin/bash --noprofile --norc -e -o pipefail {0}
2026-10-09T23:29:00.8216642Z ##[endgroup]
2026-10-09T23:29:02.7583705Z 
2026-10-09T23:29:02.7584418Z added 2 packages in 2s
2026-10-09T23:29:02.9606185Z ##[group]Run node scripts/check-typescript-profile.mjs --out dist/typescript-profile/contract
2026-10-09T23:29:02.9607104Z [36;1mnode scripts/check-typescript-profile.mjs --out dist/typescript-profile/contract[0m
2026-10-09T23:29:02.9677857Z shell: /usr/bin/bash -e {0}
2026-10-09T23:29:02.9678120Z env:
2026-10-09T23:29:02.9678508Z   PSC0_TSC: /home/runner/work/_temp/psc0-typescript-7.0.2/node_modules/typescript/bin/tsc
2026-10-09T23:29:02.9678973Z   PSC0_TYPESCRIPT_VERSION: 7.0.2
2026-10-09T23:29:02.9679228Z ##[endgroup]
2026-10-09T23:29:03.5480352Z PSC0_TYPESCRIPT_PROFILE: PASS {"mode":"installed-profile-contract","report":"/home/runner/work/pskernel/pskernel/psc0/dist/typescript-profile/contract/report.json","timings":[{"phase":"positional-source-with-unrelated-config","version":"7.0.2","elapsedMs":107.44460800000002}]}
2026-10-09T23:29:03.6095713Z ##[group]Run node --check scripts/typescript-cli.mjs
2026-10-09T23:29:03.6096423Z [36;1mnode --check scripts/typescript-cli.mjs[0m
2026-10-09T23:29:03.6097024Z [36;1mnode --check scripts/check-typescript-profile.mjs[0m
2026-10-09T23:29:03.6097846Z [36;1mnode --check scripts/native-typescript-cli.test.mjs[0m
2026-10-09T23:29:03.6098501Z [36;1mnode scripts/check-native-replay-host-source.mjs[0m
2026-10-09T23:29:03.6099105Z [36;1mnode --check scripts/sh1-resource-policy.mjs[0m
2026-10-09T23:29:03.6099636Z [36;1mnode --check scripts/sh1-qualify.mjs[0m
2026-10-09T23:29:03.6100150Z [36;1mnode --check scripts/sh1-capabilities.mjs[0m
2026-10-09T23:29:03.6100580Z [36;1mnode --check scripts/sh1-check-admissions.mjs[0m
2026-10-09T23:29:03.6100987Z [36;1mnode --check scripts/generated-preparation-session.mjs[0m
2026-10-09T23:29:03.6101413Z [36;1mnode --check scripts/original-ir-inventory.mjs[0m
2026-10-09T23:29:03.6102074Z [36;1mnode --check scripts/original-ir-carrier.mjs[0m
2026-10-09T23:29:03.6102556Z [36;1mnode --check scripts/sh1-ir-checker-conformance.mjs[0m
2026-10-09T23:29:03.6103285Z [36;1mnode --check scripts/sh1-strict-source.mjs[0m
2026-10-09T23:29:03.6103785Z [36;1mnode --check scripts/sh1-strict-source-conformance.mjs[0m
2026-10-09T23:29:03.6104461Z [36;1mnode --check scripts/sh1-strict-target-conformance.mjs[0m
2026-10-09T23:29:03.6105004Z [36;1mnode --check scripts/sh1-strict-evidence.mjs[0m
2026-10-09T23:29:03.6105492Z [36;1mnode --check scripts/sh1-strict-runtime-conformance.mjs[0m
2026-10-09T23:29:03.6106066Z [36;1mnode --check scripts/sh1-source-snapshot.mjs[0m
2026-10-09T23:29:03.6106519Z [36;1mnode --check scripts/sh1-seed-manifest.mjs[0m
2026-10-09T23:29:03.6107062Z [36;1mnode --check scripts/sh1-grammar-conformance.mjs[0m
2026-10-09T23:29:03.6107968Z [36;1mnode --check scripts/sh1-fresh-name-conformance.mjs[0m
2026-10-09T23:29:03.6108538Z [36;1mnode --check scripts/sh1-migration-worker-conformance.mjs[0m
2026-10-09T23:29:03.6109183Z [36;1mnode --check scripts/sh1-migration-worker-abi.mjs[0m
2026-10-09T23:29:03.6109696Z [36;1mnode --check scripts/sh1-projection-conformance.mjs[0m
2026-10-09T23:29:03.6110258Z [36;1mnode --check scripts/sh1-successor-seed.mjs[0m
2026-10-09T23:29:03.6110770Z [36;1mnode --check scripts/sh1-native-seed-recovery.mjs[0m
2026-10-09T23:29:03.6111264Z [36;1mnode --check scripts/sh1-successor-seed.test.mjs[0m
2026-10-09T23:29:03.6111797Z [36;1mnode --check scripts/proofscript-source.mjs[0m
2026-10-09T23:29:03.6112285Z [36;1mnode --check scripts/proofscript-source.test.mjs[0m
2026-10-09T23:29:03.6112883Z [36;1mnode --check scripts/checked-source-snapshot.mjs[0m
2026-10-09T23:29:03.6113416Z [36;1mnode --check scripts/checked-source-snapshot.test.mjs[0m
2026-10-09T23:29:03.6113938Z [36;1mnode --check scripts/checked-seed-session.test.mjs[0m
2026-10-09T23:29:03.6114492Z [36;1mnode --check scripts/checked-build.mjs[0m
2026-10-09T23:29:03.6114966Z [36;1mnode --check scripts/checked-build.test.mjs[0m
2026-10-09T23:29:03.6115489Z [36;1mnode --check scripts/checked-algebraic-build.test.mjs[0m
2026-10-09T23:29:03.6116101Z [36;1mnode --check scripts/checked-enum-build.test.mjs[0m
2026-10-09T23:29:03.6116691Z [36;1mnode --check scripts/checked-projection-build.test.mjs[0m
2026-10-09T23:29:03.6117258Z [36;1mnode --check scripts/checked-sum-build.test.mjs[0m
2026-10-09T23:29:03.6117972Z [36;1mnode --check scripts/checked-text-build.test.mjs[0m
2026-10-09T23:29:03.6118463Z [36;1mnode --check scripts/selfhost-source-workspace.mjs[0m
2026-10-09T23:29:03.6119074Z [36;1mnode --check scripts/selfhost-source-isolation-tests.mjs[0m
2026-10-09T23:29:03.6119625Z [36;1mnode --check scripts/native-workspace-isolation.test.mjs[0m
2026-10-09T23:29:03.6120168Z [36;1mnode --check scripts/compile-with-generated.mjs[0m
2026-10-09T23:29:03.6120795Z [36;1mnode --check scripts/emit-project-with-generated.mjs[0m
2026-10-09T23:29:03.6121311Z [36;1mnode --check scripts/reemit-project-with-generated.mjs[0m
2026-10-09T23:29:03.6122107Z [36;1mnode --check scripts/translate-with-generated.mjs[0m
2026-10-09T23:29:03.6122683Z [36;1mnode --check scripts/check-elab-term-selfhost-source-syntax.mjs[0m
2026-10-09T23:29:03.6123532Z [36;1mnode --check scripts/check-proofscript-binder-replay-source.mjs[0m
2026-10-09T23:29:03.6124178Z [36;1mnode scripts/check-elab-term-selfhost-source-syntax.mjs[0m
2026-10-09T23:29:03.6124744Z [36;1mnode scripts/check-proofscript-binder-replay-source.mjs[0m
2026-10-09T23:29:03.6125357Z [36;1mnode --check scripts/sh1-iterate.mjs[0m
2026-10-09T23:29:03.6125836Z [36;1mnode --check scripts/sh1-iteration-conformance.mjs[0m
2026-10-09T23:29:03.6126377Z [36;1mnode --check scripts/sh1-foundation-conformance.mjs[0m
2026-10-09T23:29:03.6126934Z [36;1mnode --check scripts/sh1-helper-conformance.mjs[0m
2026-10-09T23:29:03.6127609Z [36;1mnode --check scripts/sh1-generic-erasure-conformance.mjs[0m
2026-10-09T23:29:03.6128143Z [36;1mnode check-psc1-source.mjs[0m
2026-10-09T23:29:03.6128608Z [36;1mnode scripts/bootstrap-root-minimality-tests.mjs[0m
2026-10-09T23:29:03.6129213Z [36;1mnode scripts/check-modular-preparation-source.mjs[0m
2026-10-09T23:29:03.6198710Z shell: /usr/bin/bash -e {0}
2026-10-09T23:29:03.6199217Z env:
2026-10-09T23:29:03.6199725Z   PSC0_TSC: /home/runner/work/_temp/psc0-typescript-7.0.2/node_modules/typescript/bin/tsc
2026-10-09T23:29:03.6200334Z   PSC0_TYPESCRIPT_VERSION: 7.0.2
2026-10-09T23:29:03.6200767Z ##[endgroup]
2026-10-09T23:29:03.7625809Z PSC2_NATIVE_REPLAY_HOST_SOURCE: PASS (installed TypeScript 7 profile, exact payload transport and emission integrity)
2026-10-09T23:29:04.9418634Z PSC2_ELAB_TERM_SELFHOST_SOURCE_SYNTAX: PASS (invariant-safe projection, typed-binder accumulation and typed-binder closing recursion, typed projection-reference match, explicit projection-reference expectation, explicit character conversion, explicit typed-binder expectation, local list length, and explicit Option constructors)
2026-10-09T23:29:04.9777613Z PSC2_PROOFSCRIPT_BINDER_REPLAY_SOURCE: PASS (decreasing type parser, nested binders and generated workspace boundary)
2026-10-09T23:29:05.2405616Z PSC1_SOURCE_PROFILE: PASS (bootstrap; 69 portable modules across 12 source roots)
2026-10-09T23:29:05.3525985Z PSC2_BOOTSTRAP_ROOT_MINIMALITY: PASS (1 direct imports; 64 ordered closure modules; compiler-only=64)
2026-10-09T23:29:05.3972438Z PSC2_MODULAR_PREPARATION_SOURCE: PASS (ordered shared environment, origin companions, retained admission output and unchanged raw prepared/kernel gates)
2026-10-09T23:29:05.4067038Z ##[group]Run node --test scripts/sh1-successor-seed.test.mjs
2026-10-09T23:29:05.4068442Z [36;1mnode --test scripts/sh1-successor-seed.test.mjs[0m
2026-10-09T23:29:05.4143904Z shell: /usr/bin/bash -e {0}
2026-10-09T23:29:05.4144305Z env:
2026-10-09T23:29:05.4144934Z   PSC0_TSC: /home/runner/work/_temp/psc0-typescript-7.0.2/node_modules/typescript/bin/tsc
2026-10-09T23:29:05.4145553Z   PSC0_TYPESCRIPT_VERSION: 7.0.2
2026-10-09T23:29:05.4145982Z ##[endgroup]
2026-10-09T23:29:05.4662282Z TAP version 13
2026-10-09T23:29:05.5446713Z # PSC0_SH1_SUCCESSOR_CONTRACT: PASS (14 descriptor refusals, generation ancestry, evidence-stable identity, gated selection, cache authentication, unchanged v1 routing)
2026-10-09T23:29:05.5518727Z # Subtest: scripts/sh1-successor-seed.test.mjs
2026-10-09T23:29:05.5526621Z ok 1 - scripts/sh1-successor-seed.test.mjs
2026-10-09T23:29:05.5527530Z   ---
2026-10-09T23:29:05.5527804Z   duration_ms: 89.343085
2026-10-09T23:29:05.5528169Z   type: 'test'
2026-10-09T23:29:05.5528491Z   ...
2026-10-09T23:29:05.5528702Z 1..1
2026-10-09T23:29:05.5528982Z # tests 1
2026-10-09T23:29:05.5530938Z # suites 0
2026-10-09T23:29:05.5531844Z # pass 1
2026-10-09T23:29:05.5534424Z # fail 0
2026-10-09T23:29:05.5535182Z # cancelled 0
2026-10-09T23:29:05.5535767Z # skipped 0
2026-10-09T23:29:05.5536399Z # todo 0
2026-10-09T23:29:05.5538063Z # duration_ms 97.072173
2026-10-09T23:29:05.5652462Z ##[group]Run actions/cache/restore@v4
2026-10-09T23:29:05.5652745Z with:
2026-10-09T23:29:05.5653182Z   path: psc0/.selfhost-seeds/successors/47d88158e075f766f0d146ba3a13b28744c6e196d9844c71f4e52dc7351e2225
2026-10-09T23:29:05.5653868Z   key: psc0-sh1-successor-v1-47d88158e075f766f0d146ba3a13b28744c6e196d9844c71f4e52dc7351e2225
2026-10-09T23:29:05.5654360Z   enableCrossOsArchive: false
2026-10-09T23:29:05.5654632Z   fail-on-cache-miss: false
2026-10-09T23:29:05.5654876Z   lookup-only: false
2026-10-09T23:29:05.5655084Z env:
2026-10-09T23:29:05.5655442Z   PSC0_TSC: /home/runner/work/_temp/psc0-typescript-7.0.2/node_modules/typescript/bin/tsc
2026-10-09T23:29:05.5655876Z   PSC0_TYPESCRIPT_VERSION: 7.0.2
2026-10-09T23:29:05.5656124Z ##[endgroup]
2026-10-09T23:29:05.6796823Z (node:2977) [DEP0040] DeprecationWarning: The `punycode` module is deprecated. Please use a userland alternative instead.
2026-10-09T23:29:05.6798058Z (Use `node --trace-deprecation ...` to show where the warning was created)
2026-10-09T23:29:05.8293364Z Cache hit for: psc0-sh1-successor-v1-47d88158e075f766f0d146ba3a13b28744c6e196d9844c71f4e52dc7351e2225
2026-10-09T23:29:05.8399537Z (node:2977) [DEP0169] DeprecationWarning: `url.parse()` behavior is not standardized and prone to errors that have security implications. Use the WHATWG URL API instead. CVEs are not issued for `url.parse()` vulnerabilities.
2026-10-09T23:29:06.0993227Z Received 487319 of 487319 (100.0%), 3.0 MBs/sec
2026-10-09T23:29:06.0993661Z Cache Size: ~0 MB (487319 B)
2026-10-09T23:29:06.1020125Z [command]/usr/bin/tar -xf /home/runner/work/_temp/9b12b9b9-4cff-4991-84a5-6682178a17cd/cache.tzst -P -C /home/runner/work/pskernel/pskernel --use-compress-program unzstd
2026-10-09T23:29:06.1172308Z Cache restored successfully
2026-10-09T23:29:06.1248869Z Cache restored from key: psc0-sh1-successor-v1-47d88158e075f766f0d146ba3a13b28744c6e196d9844c71f4e52dc7351e2225
2026-10-09T23:29:06.1364588Z ##[group]Run actions/github-script@v7
2026-10-09T23:29:06.1364882Z with:
2026-10-09T23:29:06.1366177Z   script: const root = process.env.GITHUB_WORKSPACE + '/psc0';
const seeds = await import(root + '/scripts/sh1-successor-seed.mjs');
const selected = await seeds.readSelectedAuthoringSeed();
const valid = selected.mode === 'qualified' && await seeds.verifyAuthoringSeedCache(
  root + '/' + selected.cacheDirectory, selected.manifest);
core.setOutput('qualified-valid', valid);

2026-10-09T23:29:06.1370076Z   github-token: ***
2026-10-09T23:29:06.1370313Z   debug: false
2026-10-09T23:29:06.1370552Z   user-agent: actions/github-script
2026-10-09T23:29:06.1370847Z   result-encoding: json
2026-10-09T23:29:06.1371081Z   retries: 0
2026-10-09T23:29:06.1371330Z   retry-exempt-status-codes: 400,401,403,404,422
2026-10-09T23:29:06.1371632Z env:
2026-10-09T23:29:06.1372004Z   PSC0_TSC: /home/runner/work/_temp/psc0-typescript-7.0.2/node_modules/typescript/bin/tsc
2026-10-09T23:29:06.1372507Z   PSC0_TYPESCRIPT_VERSION: 7.0.2
2026-10-09T23:29:06.1372771Z ##[endgroup]
2026-10-09T23:29:06.2504763Z ##[group]Run node --input-type=module <<'NODE'
2026-10-09T23:29:06.2505417Z [36;1mnode --input-type=module <<'NODE'[0m
2026-10-09T23:29:06.2505998Z [36;1mimport assert from 'node:assert/strict';[0m
2026-10-09T23:29:06.2506610Z [36;1mimport path from 'node:path';[0m
2026-10-09T23:29:06.2507199Z [36;1mimport { spawnSync } from 'node:child_process';[0m
2026-10-09T23:29:06.2508648Z [36;1mimport { readSelectedAuthoringSeed, verifyAuthoringSeedCache } from './scripts/sh1-successor-seed.mjs';[0m
2026-10-09T23:29:06.2510023Z [36;1mconst selected = await readSelectedAuthoringSeed();[0m
2026-10-09T23:29:06.2511313Z [36;1massert(await verifyAuthoringSeedCache(path.resolve(selected.cacheDirectory), selected.manifest),[0m
2026-10-09T23:29:06.2512593Z [36;1m  'PSC0_SH1_SELECTED_CACHE_REQUIRED');[0m
2026-10-09T23:29:06.2513231Z [36;1mconst capture = args => {[0m
2026-10-09T23:29:06.2513822Z [36;1m  const result = spawnSync('lean', args, { encoding: 'utf8' });[0m
2026-10-09T23:29:06.2514611Z [36;1m  assert.equal(result.status, 0, result.stderr);[0m
2026-10-09T23:29:06.2515180Z [36;1m  return result.stdout.trim();[0m
2026-10-09T23:29:06.2515615Z [36;1m};[0m
2026-10-09T23:29:06.2516172Z [36;1mconst { typescript, ...expectedRuntime } = selected.manifest.toolchain;[0m
2026-10-09T23:29:06.2517126Z [36;1massert.equal(typescript, 'Version ' + selected.recoveryTypeScriptVersion);[0m
2026-10-09T23:29:06.2518067Z [36;1massert.deepEqual({[0m
2026-10-09T23:29:06.2518751Z [36;1m  node: process.version, platform: process.platform, architecture: process.arch,[0m
2026-10-09T23:29:06.2519656Z [36;1m  lean: capture(['--version']), leanGitHash: capture(['--githash']),[0m
2026-10-09T23:29:06.2520449Z [36;1m}, expectedRuntime, 'PSC0_SH1_SELECTED_EXECUTION_RUNTIME');[0m
2026-10-09T23:29:06.2521036Z [36;1mNODE[0m
2026-10-09T23:29:06.2600838Z shell: /usr/bin/bash -e {0}
2026-10-09T23:29:06.2601133Z env:
2026-10-09T23:29:06.2601563Z   PSC0_TSC: /home/runner/work/_temp/psc0-typescript-7.0.2/node_modules/typescript/bin/tsc
2026-10-09T23:29:06.2602050Z   PSC0_TYPESCRIPT_VERSION: 7.0.2
2026-10-09T23:29:06.2602314Z ##[endgroup]
2026-10-09T23:29:06.5320619Z ##[group]Run actions/cache/restore@v4
2026-10-09T23:29:06.5320921Z with:
2026-10-09T23:29:06.5321138Z   path: psc0/.lake/build
2026-10-09T23:29:06.5321870Z   key: psc0-sh1-current-v1-Linux-X64-345295c92e112d8a5f19f7c147c3db40b6f4598f2c2154577e66ac53440ca424-ts7.0.2-00e963bb8c84fc9b29f7cc8228f1520de5ca2081
2026-10-09T23:29:06.5322904Z   restore-keys: psc0-sh1-current-v1-Linux-X64-345295c92e112d8a5f19f7c147c3db40b6f4598f2c2154577e66ac53440ca424-

2026-10-09T23:29:06.5323479Z   enableCrossOsArchive: false
2026-10-09T23:29:06.5323746Z   fail-on-cache-miss: false
2026-10-09T23:29:06.5323990Z   lookup-only: false
2026-10-09T23:29:06.5324213Z env:
2026-10-09T23:29:06.5324585Z   PSC0_TSC: /home/runner/work/_temp/psc0-typescript-7.0.2/node_modules/typescript/bin/tsc
2026-10-09T23:29:06.5325247Z   PSC0_TYPESCRIPT_VERSION: 7.0.2
2026-10-09T23:29:06.5325507Z ##[endgroup]
2026-10-09T23:29:06.6397163Z (node:3046) [DEP0040] DeprecationWarning: The `punycode` module is deprecated. Please use a userland alternative instead.
2026-10-09T23:29:06.6398224Z (Use `node --trace-deprecation ...` to show where the warning was created)
2026-10-09T23:29:06.7685809Z Cache hit for restore-key: psc0-sh1-current-v1-Linux-X64-345295c92e112d8a5f19f7c147c3db40b6f4598f2c2154577e66ac53440ca424-ts7.0.2-45d314b970d9d76fce9387f6bc8108fb9fab611c
2026-10-09T23:29:06.7789034Z (node:3046) [DEP0169] DeprecationWarning: `url.parse()` behavior is not standardized and prone to errors that have security implications. Use the WHATWG URL API instead. CVEs are not issued for `url.parse()` vulnerabilities.
2026-10-09T23:29:07.3044836Z Received 24185068 of 24185068 (100.0%), 52.2 MBs/sec
2026-10-09T23:29:07.3045505Z Cache Size: ~23 MB (24185068 B)
2026-10-09T23:29:07.3073022Z [command]/usr/bin/tar -xf /home/runner/work/_temp/15fec516-3bbb-47aa-bf08-66c9f75aac59/cache.tzst -P -C /home/runner/work/pskernel/pskernel --use-compress-program unzstd
2026-10-09T23:29:07.4872890Z Cache restored successfully
2026-10-09T23:29:07.5007777Z Cache restored from key: psc0-sh1-current-v1-Linux-X64-345295c92e112d8a5f19f7c147c3db40b6f4598f2c2154577e66ac53440ca424-ts7.0.2-45d314b970d9d76fce9387f6bc8108fb9fab611c
2026-10-09T23:29:07.5126783Z ##[group]Run lake build psc1 psc1_sh1_compile psc1_ir_check_tests psc1_tests psc1_translation_tests psc1_erasure_tests
2026-10-09T23:29:07.5127855Z [36;1mlake build psc1 psc1_sh1_compile psc1_ir_check_tests psc1_tests psc1_translation_tests psc1_erasure_tests[0m
2026-10-09T23:29:07.5197051Z shell: /usr/bin/bash -e {0}
2026-10-09T23:29:07.5197326Z env:
2026-10-09T23:29:07.5197929Z   PSC0_TSC: /home/runner/work/_temp/psc0-typescript-7.0.2/node_modules/typescript/bin/tsc
2026-10-09T23:29:07.5198406Z   PSC0_TYPESCRIPT_VERSION: 7.0.2
2026-10-09T23:29:07.5198677Z ##[endgroup]
2026-10-09T23:29:08.8777247Z ⚠ [3/153] Replayed Ps.Syntax.Cursor
2026-10-09T23:29:08.8778405Z warning: packages/syntax/src/Ps/Syntax/Cursor.lean:51:14: Variable name `head` is not explicitly referenced.
2026-10-09T23:29:08.8778828Z 
2026-10-09T23:29:08.8779415Z Hint: The binding can be removed (if unused) or named `_` (if used implicitly). Alternatively, prefix the name with `_` to silence this warning:
2026-10-09T23:29:08.8780077Z   [apply] _head
2026-10-09T23:29:08.8780225Z 
2026-10-09T23:29:08.8780549Z Note: This linter can be disabled with `set_option linter.unusedVariables false`
2026-10-09T23:29:08.8781306Z warning: packages/syntax/src/Ps/Syntax/Cursor.lean:51:19: Variable name `tail` is not explicitly referenced.
2026-10-09T23:29:08.8781725Z 
2026-10-09T23:29:08.8782283Z Hint: The binding can be removed (if unused) or named `_` (if used implicitly). Alternatively, prefix the name with `_` to silence this warning:
2026-10-09T23:29:08.8782880Z   [apply] _tail
2026-10-09T23:29:08.8783015Z 
2026-10-09T23:29:08.8783342Z Note: This linter can be disabled with `set_option linter.unusedVariables false`
2026-10-09T23:29:08.8784096Z warning: packages/syntax/src/Ps/Syntax/Cursor.lean:56:19: Variable name `rest` is not explicitly referenced.
2026-10-09T23:29:08.8784526Z 
2026-10-09T23:29:08.8785105Z Hint: The binding can be removed (if unused) or named `_` (if used implicitly). Alternatively, prefix the name with `_` to silence this warning:
2026-10-09T23:29:08.8785698Z   [apply] _rest
2026-10-09T23:29:08.8785837Z 
2026-10-09T23:29:08.8786152Z Note: This linter can be disabled with `set_option linter.unusedVariables false`
2026-10-09T23:29:08.8787344Z warning: packages/syntax/src/Ps/Syntax/Cursor.lean:89:14: Variable name `first` is not explicitly referenced.
2026-10-09T23:29:08.8788176Z 
2026-10-09T23:29:08.8789094Z Hint: The binding can be removed (if unused) or named `_` (if used implicitly). Alternatively, prefix the name with `_` to silence this warning:
2026-10-09T23:29:08.8790063Z   [apply] _first
2026-10-09T23:29:08.8790294Z 
2026-10-09T23:29:08.8791378Z Note: This linter can be disabled with `set_option linter.unusedVariables false`
2026-10-09T23:29:08.8792768Z warning: packages/syntax/src/Ps/Syntax/Cursor.lean:92:25: Variable name `tail` is not explicitly referenced.
2026-10-09T23:29:08.8793453Z 
2026-10-09T23:29:08.8794444Z Hint: The binding can be removed (if unused) or named `_` (if used implicitly). Alternatively, prefix the name with `_` to silence this warning:
2026-10-09T23:29:08.8795464Z   [apply] _tail
2026-10-09T23:29:08.8795668Z 
2026-10-09T23:29:08.8796210Z Note: This linter can be disabled with `set_option linter.unusedVariables false`
2026-10-09T23:29:08.8797139Z ⚠ [5/153] Replayed Ps.Syntax.Lexer
2026-10-09T23:29:08.8798416Z warning: packages/syntax/src/Ps/Syntax/Lexer.lean:89:11: Variable name `depth` is not explicitly referenced.
2026-10-09T23:29:08.8799132Z 
2026-10-09T23:29:08.8800137Z Hint: The binding can be removed (if unused) or named `_` (if used implicitly). Alternatively, prefix the name with `_` to silence this warning:
2026-10-09T23:29:08.8801181Z   [apply] _depth
2026-10-09T23:29:08.8801403Z 
2026-10-09T23:29:08.8801949Z Note: This linter can be disabled with `set_option linter.unusedVariables false`
2026-10-09T23:29:08.8803281Z warning: packages/syntax/src/Ps/Syntax/Lexer.lean:89:25: Variable name `remaining` is not explicitly referenced.
2026-10-09T23:29:08.8804005Z 
2026-10-09T23:29:08.8805351Z Hint: The binding can be removed (if unused) or named `_` (if used implicitly). Alternatively, prefix the name with `_` to silence this warning:
2026-10-09T23:29:08.8806405Z   [apply] _remaining
2026-10-09T23:29:08.8806643Z 
2026-10-09T23:29:08.8807196Z Note: This linter can be disabled with `set_option linter.unusedVariables false`
2026-10-09T23:29:08.8808669Z warning: packages/syntax/src/Ps/Syntax/Lexer.lean:406:11: Variable name `remaining` is not explicitly referenced.
2026-10-09T23:29:08.8809346Z 
2026-10-09T23:29:08.8810209Z Hint: The binding can be removed (if unused) or named `_` (if used implicitly). Alternatively, prefix the name with `_` to silence this warning:
2026-10-09T23:29:08.8811091Z   [apply] _remaining
2026-10-09T23:29:08.8811298Z 
2026-10-09T23:29:08.8811833Z Note: This linter can be disabled with `set_option linter.unusedVariables false`
2026-10-09T23:29:08.8812664Z warning: packages/syntax/src/Ps/Syntax/Lexer.lean:406:82: Variable name `charsRev` is not explicitly referenced.
2026-10-09T23:29:08.8813089Z 
2026-10-09T23:29:08.8813653Z Hint: The binding can be removed (if unused) or named `_` (if used implicitly). Alternatively, prefix the name with `_` to silence this warning:
2026-10-09T23:29:08.8814239Z   [apply] _charsRev
2026-10-09T23:29:08.8814383Z 
2026-10-09T23:29:08.8814695Z Note: This linter can be disabled with `set_option linter.unusedVariables false`
2026-10-09T23:29:08.8815292Z ⚠ [8/153] Replayed Ps.Syntax.ParserState
2026-10-09T23:29:08.8815983Z warning: packages/syntax/src/Ps/Syntax/ParserState.lean:30:20: Variable name `rest` is not explicitly referenced.
2026-10-09T23:29:08.8816414Z 
2026-10-09T23:29:08.8816973Z Hint: The binding can be removed (if unused) or named `_` (if used implicitly). Alternatively, prefix the name with `_` to silence this warning:
2026-10-09T23:29:08.8817696Z   [apply] _rest
2026-10-09T23:29:08.8817833Z 
2026-10-09T23:29:08.8818150Z Note: This linter can be disabled with `set_option linter.unusedVariables false`
2026-10-09T23:29:08.8818677Z ⚠ [20/153] Replayed Ps.Core.Abstract
2026-10-09T23:29:08.8819300Z warning: packages/core/src/Ps/Core/Abstract.lean:8:11: Variable name `depth` is not explicitly referenced.
2026-10-09T23:29:08.8819706Z 
2026-10-09T23:29:08.8820253Z Hint: The binding can be removed (if unused) or named `_` (if used implicitly). Alternatively, prefix the name with `_` to silence this warning:
2026-10-09T23:29:08.8820826Z   [apply] _depth
2026-10-09T23:29:08.8820966Z 
2026-10-09T23:29:08.8821273Z Note: This linter can be disabled with `set_option linter.unusedVariables false`
2026-10-09T23:29:08.8821997Z warning: packages/core/src/Ps/Core/Abstract.lean:16:11: Variable name `depth` is not explicitly referenced.
2026-10-09T23:29:08.8822628Z 
2026-10-09T23:29:08.8823163Z Hint: The binding can be removed (if unused) or named `_` (if used implicitly). Alternatively, prefix the name with `_` to silence this warning:
2026-10-09T23:29:08.8823729Z   [apply] _depth
2026-10-09T23:29:08.8823862Z 
2026-10-09T23:29:08.8824172Z Note: This linter can be disabled with `set_option linter.unusedVariables false`
2026-10-09T23:29:08.8824896Z warning: packages/core/src/Ps/Core/Abstract.lean:18:11: Variable name `depth` is not explicitly referenced.
2026-10-09T23:29:08.8825284Z 
2026-10-09T23:29:08.8825817Z Hint: The binding can be removed (if unused) or named `_` (if used implicitly). Alternatively, prefix the name with `_` to silence this warning:
2026-10-09T23:29:08.8826391Z   [apply] _depth
2026-10-09T23:29:08.8826527Z 
2026-10-09T23:29:08.8826831Z Note: This linter can be disabled with `set_option linter.unusedVariables false`
2026-10-09T23:29:08.8827662Z warning: packages/core/src/Ps/Core/Abstract.lean:20:11: Variable name `depth` is not explicitly referenced.
2026-10-09T23:29:08.8828071Z 
2026-10-09T23:29:08.8828611Z Hint: The binding can be removed (if unused) or named `_` (if used implicitly). Alternatively, prefix the name with `_` to silence this warning:
2026-10-09T23:29:08.8829185Z   [apply] _depth
2026-10-09T23:29:08.8829319Z 
2026-10-09T23:29:08.8829769Z Note: This linter can be disabled with `set_option linter.unusedVariables false`
2026-10-09T23:29:08.8830484Z warning: packages/core/src/Ps/Core/Abstract.lean:66:11: Variable name `depth` is not explicitly referenced.
2026-10-09T23:29:08.8830873Z 
2026-10-09T23:29:08.8831402Z Hint: The binding can be removed (if unused) or named `_` (if used implicitly). Alternatively, prefix the name with `_` to silence this warning:
2026-10-09T23:29:08.8831959Z   [apply] _depth
2026-10-09T23:29:08.8832092Z 
2026-10-09T23:29:08.8832384Z Note: This linter can be disabled with `set_option linter.unusedVariables false`
2026-10-09T23:29:08.8832885Z ⚠ [21/153] Replayed Ps.Core.Subst
2026-10-09T23:29:08.8833483Z warning: packages/core/src/Ps/Core/Subst.lean:14:11: Variable name `cutoff` is not explicitly referenced.
2026-10-09T23:29:08.8833867Z 
2026-10-09T23:29:08.8834392Z Hint: The binding can be removed (if unused) or named `_` (if used implicitly). Alternatively, prefix the name with `_` to silence this warning:
2026-10-09T23:29:08.8834977Z   [apply] _cutoff
2026-10-09T23:29:08.8835120Z 
2026-10-09T23:29:08.8835420Z Note: This linter can be disabled with `set_option linter.unusedVariables false`
2026-10-09T23:29:08.8836121Z warning: packages/core/src/Ps/Core/Subst.lean:16:11: Variable name `cutoff` is not explicitly referenced.
2026-10-09T23:29:08.8836503Z 
2026-10-09T23:29:08.8837025Z Hint: The binding can be removed (if unused) or named `_` (if used implicitly). Alternatively, prefix the name with `_` to silence this warning:
2026-10-09T23:29:08.8837693Z   [apply] _cutoff
2026-10-09T23:29:08.8837822Z 
2026-10-09T23:29:08.8838113Z Note: This linter can be disabled with `set_option linter.unusedVariables false`
2026-10-09T23:29:08.8838814Z warning: packages/core/src/Ps/Core/Subst.lean:18:11: Variable name `cutoff` is not explicitly referenced.
2026-10-09T23:29:08.8839189Z 
2026-10-09T23:29:08.8839706Z Hint: The binding can be removed (if unused) or named `_` (if used implicitly). Alternatively, prefix the name with `_` to silence this warning:
2026-10-09T23:29:08.8840267Z   [apply] _cutoff
2026-10-09T23:29:08.8840397Z 
2026-10-09T23:29:08.8840679Z Note: This linter can be disabled with `set_option linter.unusedVariables false`
2026-10-09T23:29:08.8841364Z warning: packages/core/src/Ps/Core/Subst.lean:20:11: Variable name `cutoff` is not explicitly referenced.
2026-10-09T23:29:08.8841730Z 
2026-10-09T23:29:08.8842240Z Hint: The binding can be removed (if unused) or named `_` (if used implicitly). Alternatively, prefix the name with `_` to silence this warning:
2026-10-09T23:29:08.8842795Z   [apply] _cutoff
2026-10-09T23:29:08.8842923Z 
2026-10-09T23:29:08.8843349Z Note: This linter can be disabled with `set_option linter.unusedVariables false`
2026-10-09T23:29:08.8844039Z warning: packages/core/src/Ps/Core/Subst.lean:66:11: Variable name `cutoff` is not explicitly referenced.
2026-10-09T23:29:08.8844428Z 
2026-10-09T23:29:08.8844972Z Hint: The binding can be removed (if unused) or named `_` (if used implicitly). Alternatively, prefix the name with `_` to silence this warning:
2026-10-09T23:29:08.8845549Z   [apply] _cutoff
2026-10-09T23:29:08.8845684Z 
2026-10-09T23:29:08.8845980Z Note: This linter can be disabled with `set_option linter.unusedVariables false`
2026-10-09T23:29:08.8846682Z warning: packages/core/src/Ps/Core/Subst.lean:94:11: Variable name `depth` is not explicitly referenced.
2026-10-09T23:29:08.8847060Z 
2026-10-09T23:29:08.8847687Z Hint: The binding can be removed (if unused) or named `_` (if used implicitly). Alternatively, prefix the name with `_` to silence this warning:
2026-10-09T23:29:08.8848273Z   [apply] _depth
2026-10-09T23:29:08.8848416Z 
2026-10-09T23:29:08.8848707Z Note: This linter can be disabled with `set_option linter.unusedVariables false`
2026-10-09T23:29:08.8849402Z warning: packages/core/src/Ps/Core/Subst.lean:96:11: Variable name `depth` is not explicitly referenced.
2026-10-09T23:29:08.8849771Z 
2026-10-09T23:29:08.8850432Z Hint: The binding can be removed (if unused) or named `_` (if used implicitly). Alternatively, prefix the name with `_` to silence this warning:
2026-10-09T23:29:08.8851004Z   [apply] _depth
2026-10-09T23:29:08.8851134Z 
2026-10-09T23:29:08.8851427Z Note: This linter can be disabled with `set_option linter.unusedVariables false`
2026-10-09T23:29:08.8852119Z warning: packages/core/src/Ps/Core/Subst.lean:98:11: Variable name `depth` is not explicitly referenced.
2026-10-09T23:29:08.8852493Z 
2026-10-09T23:29:08.8853015Z Hint: The binding can be removed (if unused) or named `_` (if used implicitly). Alternatively, prefix the name with `_` to silence this warning:
2026-10-09T23:29:08.8853568Z   [apply] _depth
2026-10-09T23:29:08.8853705Z 
2026-10-09T23:29:08.8853994Z Note: This linter can be disabled with `set_option linter.unusedVariables false`
2026-10-09T23:29:08.8854681Z warning: packages/core/src/Ps/Core/Subst.lean:100:11: Variable name `depth` is not explicitly referenced.
2026-10-09T23:29:08.8855060Z 
2026-10-09T23:29:08.8855585Z Hint: The binding can be removed (if unused) or named `_` (if used implicitly). Alternatively, prefix the name with `_` to silence this warning:
2026-10-09T23:29:08.8856141Z   [apply] _depth
2026-10-09T23:29:08.8856265Z 
2026-10-09T23:29:08.8856551Z Note: This linter can be disabled with `set_option linter.unusedVariables false`
2026-10-09T23:29:08.8857227Z warning: packages/core/src/Ps/Core/Subst.lean:146:11: Variable name `depth` is not explicitly referenced.
2026-10-09T23:29:08.8857744Z 
2026-10-09T23:29:08.8858292Z Hint: The binding can be removed (if unused) or named `_` (if used implicitly). Alternatively, prefix the name with `_` to silence this warning:
2026-10-09T23:29:08.8858872Z   [apply] _depth
2026-10-09T23:29:08.8859007Z 
2026-10-09T23:29:08.8859313Z Note: This linter can be disabled with `set_option linter.unusedVariables false`
2026-10-09T23:29:08.8859835Z ⚠ [32/153] Replayed Ps.Core.LevelSubst
2026-10-09T23:29:08.8860467Z warning: packages/core/src/Ps/Core/LevelSubst.lean:8:11: Variable name `arguments` is not explicitly referenced.
2026-10-09T23:29:08.8860883Z 
2026-10-09T23:29:08.8861411Z Hint: The binding can be removed (if unused) or named `_` (if used implicitly). Alternatively, prefix the name with `_` to silence this warning:
2026-10-09T23:29:08.8861986Z   [apply] _arguments
2026-10-09T23:29:08.8862127Z 
2026-10-09T23:29:08.8862426Z Note: This linter can be disabled with `set_option linter.unusedVariables false`
2026-10-09T23:29:08.8863146Z warning: packages/core/src/Ps/Core/LevelSubst.lean:9:13: Variable name `target` is not explicitly referenced.
2026-10-09T23:29:08.8863541Z 
2026-10-09T23:29:08.8864080Z Hint: The binding can be removed (if unused) or named `_` (if used implicitly). Alternatively, prefix the name with `_` to silence this warning:
2026-10-09T23:29:08.8864826Z   [apply] _target
2026-10-09T23:29:08.8864958Z 
2026-10-09T23:29:08.8865265Z Note: This linter can be disabled with `set_option linter.unusedVariables false`
2026-10-09T23:29:08.8865788Z ⚠ [33/153] Replayed Ps.Meta.LevelContext
2026-10-09T23:29:08.8866456Z warning: packages/meta/src/Ps/Meta/LevelContext.lean:59:4: Variable name `assignment` is not explicitly referenced.
2026-10-09T23:29:08.8866893Z 
2026-10-09T23:29:08.8867530Z Hint: The binding can be removed (if unused) or named `_` (if used implicitly). Alternatively, prefix the name with `_` to silence this warning:
2026-10-09T23:29:08.8868114Z   [apply] _assignment
2026-10-09T23:29:08.8868261Z 
2026-10-09T23:29:08.8868557Z Note: This linter can be disabled with `set_option linter.unusedVariables false`
2026-10-09T23:29:08.8869048Z ⚠ [38/153] Replayed Ps.Meta.Unify
2026-10-09T23:29:08.8869663Z warning: packages/meta/src/Ps/Meta/Unify.lean:90:11: Variable name `environment` is not explicitly referenced.
2026-10-09T23:29:08.8870070Z 
2026-10-09T23:29:08.8870596Z Hint: The binding can be removed (if unused) or named `_` (if used implicitly). Alternatively, prefix the name with `_` to silence this warning:
2026-10-09T23:29:08.8871166Z   [apply] _environment
2026-10-09T23:29:08.8871307Z 
2026-10-09T23:29:08.8871730Z Note: This linter can be disabled with `set_option linter.unusedVariables false`
2026-10-09T23:29:08.8872466Z warning: packages/meta/src/Ps/Meta/Unify.lean:91:11: Variable name `localContext` is not explicitly referenced.
2026-10-09T23:29:08.8872862Z 
2026-10-09T23:29:08.8873387Z Hint: The binding can be removed (if unused) or named `_` (if used implicitly). Alternatively, prefix the name with `_` to silence this warning:
2026-10-09T23:29:08.8873962Z   [apply] _localContext
2026-10-09T23:29:08.8874106Z 
2026-10-09T23:29:08.8874398Z Note: This linter can be disabled with `set_option linter.unusedVariables false`
2026-10-09T23:29:08.8875106Z warning: packages/meta/src/Ps/Meta/Unify.lean:93:11: Variable name `left` is not explicitly referenced.
2026-10-09T23:29:08.8875517Z 
2026-10-09T23:29:08.8876043Z Hint: The binding can be removed (if unused) or named `_` (if used implicitly). Alternatively, prefix the name with `_` to silence this warning:
2026-10-09T23:29:08.8876632Z   [apply] _left
2026-10-09T23:29:08.8876773Z 
2026-10-09T23:29:08.8877071Z Note: This linter can be disabled with `set_option linter.unusedVariables false`
2026-10-09T23:29:08.8877869Z warning: packages/meta/src/Ps/Meta/Unify.lean:94:11: Variable name `right` is not explicitly referenced.
2026-10-09T23:29:08.8878255Z 
2026-10-09T23:29:08.8878782Z Hint: The binding can be removed (if unused) or named `_` (if used implicitly). Alternatively, prefix the name with `_` to silence this warning:
2026-10-09T23:29:08.8879345Z   [apply] _right
2026-10-09T23:29:08.8879481Z 
2026-10-09T23:29:08.8879785Z Note: This linter can be disabled with `set_option linter.unusedVariables false`
2026-10-09T23:29:08.8881100Z warning: packages/meta/src/Ps/Meta/Unify.lean:178:17: Variable name `leftName` is not explicitly referenced.
2026-10-09T23:29:08.8881745Z 
2026-10-09T23:29:08.8882636Z Hint: The binding can be removed (if unused) or named `_` (if used implicitly). Alternatively, prefix the name with `_` to silence this warning:
2026-10-09T23:29:08.8885953Z   [apply] _leftName
2026-10-09T23:29:08.8886165Z 
2026-10-09T23:29:08.8886598Z Note: This linter can be disabled with `set_option linter.unusedVariables false`
2026-10-09T23:29:08.8887785Z warning: packages/meta/src/Ps/Meta/Unify.lean:207:21: Variable name `leftName` is not explicitly referenced.
2026-10-09T23:29:08.8888350Z 
2026-10-09T23:29:08.8889100Z Hint: The binding can be removed (if unused) or named `_` (if used implicitly). Alternatively, prefix the name with `_` to silence this warning:
2026-10-09T23:29:08.8889897Z   [apply] _leftName
2026-10-09T23:29:08.8890073Z 
2026-10-09T23:29:08.8890479Z Note: This linter can be disabled with `set_option linter.unusedVariables false`
2026-10-09T23:29:08.8891505Z ⚠ [41/153] Replayed Ps.Elab.Literal
2026-10-09T23:29:08.8892349Z warning: packages/elab/src/Ps/Elab/Literal.lean:166:11: Variable name `chars` is not explicitly referenced.
2026-10-09T23:29:08.8892893Z 
2026-10-09T23:29:08.8893654Z Hint: The binding can be removed (if unused) or named `_` (if used implicitly). Alternatively, prefix the name with `_` to silence this warning:
2026-10-09T23:29:08.8894429Z   [apply] _chars
2026-10-09T23:29:08.8894600Z 
2026-10-09T23:29:08.8895004Z Note: This linter can be disabled with `set_option linter.unusedVariables false`
2026-10-09T23:29:08.8896021Z warning: packages/elab/src/Ps/Elab/Literal.lean:167:13: Variable name `charsRev` is not explicitly referenced.
2026-10-09T23:29:08.8896579Z 
2026-10-09T23:29:08.8897532Z Hint: The binding can be removed (if unused) or named `_` (if used implicitly). Alternatively, prefix the name with `_` to silence this warning:
2026-10-09T23:29:08.8898319Z   [apply] _charsRev
2026-10-09T23:29:08.8898507Z 
2026-10-09T23:29:08.8898910Z Note: This linter can be disabled with `set_option linter.unusedVariables false`
2026-10-09T23:29:08.8899575Z ⚠ [42/153] Replayed Ps.Elab.Term
2026-10-09T23:29:08.8900364Z warning: packages/elab/src/Ps/Elab/Term.lean:2890:11: Variable name `context` is not explicitly referenced.
2026-10-09T23:29:08.8900901Z 
2026-10-09T23:29:08.8901825Z Hint: The binding can be removed (if unused) or named `_` (if used implicitly). Alternatively, prefix the name with `_` to silence this warning:
2026-10-09T23:29:08.8918437Z   [apply] _context
2026-10-09T23:29:08.8918639Z 
2026-10-09T23:29:08.8919088Z Note: This linter can be disabled with `set_option linter.unusedVariables false`
2026-10-09T23:29:08.8920106Z warning: packages/elab/src/Ps/Elab/Term.lean:2891:13: Variable name `recursion` is not explicitly referenced.
2026-10-09T23:29:08.8920663Z 
2026-10-09T23:29:08.8921431Z Hint: The binding can be removed (if unused) or named `_` (if used implicitly). Alternatively, prefix the name with `_` to silence this warning:
2026-10-09T23:29:08.8922236Z   [apply] _recursion
2026-10-09T23:29:08.8922427Z 
2026-10-09T23:29:08.8922845Z Note: This linter can be disabled with `set_option linter.unusedVariables false`
2026-10-09T23:29:08.8923818Z warning: packages/elab/src/Ps/Elab/Term.lean:2892:15: Variable name `index` is not explicitly referenced.
2026-10-09T23:29:08.8924354Z 
2026-10-09T23:29:08.8925098Z Hint: The binding can be removed (if unused) or named `_` (if used implicitly). Alternatively, prefix the name with `_` to silence this warning:
2026-10-09T23:29:08.8925855Z   [apply] _index
2026-10-09T23:29:08.8926023Z 
2026-10-09T23:29:08.8926429Z Note: This linter can be disabled with `set_option linter.unusedVariables false`
2026-10-09T23:29:08.8927152Z ⚠ [47/153] Replayed Ps.Erasure.Expr
2026-10-09T23:29:08.8928152Z warning: packages/erasure/src/Ps/Erasure/Expr.lean:1074:21: Variable name `name` is not explicitly referenced.
2026-10-09T23:29:08.8928708Z 
2026-10-09T23:29:08.8929453Z Hint: The binding can be removed (if unused) or named `_` (if used implicitly). Alternatively, prefix the name with `_` to silence this warning:
2026-10-09T23:29:08.8930236Z   [apply] _name
2026-10-09T23:29:08.8930407Z 
2026-10-09T23:29:08.8930804Z Note: This linter can be disabled with `set_option linter.unusedVariables false`
2026-10-09T23:29:08.8931488Z ⚠ [54/153] Replayed Ps.BackendTs.Expr
2026-10-09T23:29:08.8932381Z warning: packages/backend-ts/src/Ps/BackendTs/Expr.lean:631:32: Variable name `fieldName` is not explicitly referenced.
2026-10-09T23:29:08.8932988Z 
2026-10-09T23:29:08.8933729Z Hint: The binding can be removed (if unused) or named `_` (if used implicitly). Alternatively, prefix the name with `_` to silence this warning:
2026-10-09T23:29:08.8934502Z   [apply] _fieldName
2026-10-09T23:29:08.8934687Z 
2026-10-09T23:29:08.8935092Z Note: This linter can be disabled with `set_option linter.unusedVariables false`
2026-10-09T23:29:08.8935744Z ⚠ [58/153] Replayed Ps.CompilerIr.Check
2026-10-09T23:29:08.8937055Z warning: packages/compiler-ir/src/Ps/CompilerIr/Check.lean:690:27: Variable name `scope` is not explicitly referenced.
2026-10-09T23:29:08.8937773Z 
2026-10-09T23:29:08.8938401Z Hint: The binding can be removed (if unused) or named `_` (if used implicitly). Alternatively, prefix the name with `_` to silence this warning:
2026-10-09T23:29:08.8939371Z   [apply] _scope
2026-10-09T23:29:08.8939575Z 
2026-10-09T23:29:08.8940089Z Note: This linter can be disabled with `set_option linter.unusedVariables false`
2026-10-09T23:29:08.8940705Z ⚠ [66/153] Replayed Ps.Host.TypeScriptCompiler
2026-10-09T23:29:08.8941451Z warning: host/src/Ps/Host/TypeScriptCompiler.lean:15:10: `String.dropRight` has been deprecated: Use `String.dropEnd` instead
2026-10-09T23:29:08.8941920Z 
2026-10-09T23:29:08.8942109Z Note: The updated constant has a different type:
2026-10-09T23:29:08.8942479Z   String → Nat → String.Slice
2026-10-09T23:29:08.8942751Z instead of
2026-10-09T23:29:08.8942998Z   String → Nat → String
2026-10-09T23:29:08.8943361Z ⚠ [67/153] Replayed Ps.Host.CompilerDriver
2026-10-09T23:29:08.8944066Z warning: host/src/Ps/Host/CompilerDriver.lean:118:23: `String.dropRight` has been deprecated: Use `String.dropEnd` instead
2026-10-09T23:29:08.8944518Z 
2026-10-09T23:29:08.8944707Z Note: The updated constant has a different type:
2026-10-09T23:29:08.8945229Z   String → Nat → String.Slice
2026-10-09T23:29:08.8945480Z instead of
2026-10-09T23:29:08.8945717Z   String → Nat → String
2026-10-09T23:29:08.8946058Z ⚠ [137/153] Replayed StrictSourceCompile
2026-10-09T23:29:08.8946738Z warning: scripts/StrictSourceCompile.lean:111:38: `String.dropRight` has been deprecated: Use `String.dropEnd` instead
2026-10-09T23:29:08.8947182Z 
2026-10-09T23:29:08.8947579Z Note: The updated constant has a different type:
2026-10-09T23:29:08.8947925Z   String → Nat → String.Slice
2026-10-09T23:29:08.8948167Z instead of
2026-10-09T23:29:08.8948410Z   String → Nat → String
2026-10-09T23:29:08.8948728Z ⚠ [140/153] Replayed IrCheckerTests
2026-10-09T23:29:08.8949312Z warning: test/IrCheckerTests.lean:47:42: Variable name `emptyResult` is not explicitly referenced.
2026-10-09T23:29:08.8949679Z 
2026-10-09T23:29:08.8950251Z Hint: The binding can be removed (if unused) or named `_` (if used implicitly). Alternatively, prefix the name with `_` to silence this warning:
2026-10-09T23:29:08.8950879Z   [apply] _emptyResult
2026-10-09T23:29:08.8951024Z 
2026-10-09T23:29:08.8951342Z Note: This linter can be disabled with `set_option linter.unusedVariables false`
2026-10-09T23:29:08.8951851Z ⚠ [144/153] Replayed BootstrapTests
2026-10-09T23:29:08.8952398Z warning: test/BootstrapTests.lean:335:10: Variable name `id` is not explicitly referenced.
2026-10-09T23:29:08.8952756Z 
2026-10-09T23:29:08.8953304Z Hint: The binding can be removed (if unused) or named `_` (if used implicitly). Alternatively, prefix the name with `_` to silence this warning:
2026-10-09T23:29:08.8953876Z   [apply] _id
2026-10-09T23:29:08.8954007Z 
2026-10-09T23:29:08.8954310Z Note: This linter can be disabled with `set_option linter.unusedVariables false`
2026-10-09T23:29:08.8954800Z Build completed successfully (153 jobs).
2026-10-09T23:29:08.9345299Z ##[group]Run regression_status=0
2026-10-09T23:29:08.9345647Z [36;1mregression_status=0[0m
2026-10-09T23:29:08.9346052Z [36;1mfor target in psc1_tests psc1_translation_tests psc1_erasure_tests; do[0m
2026-10-09T23:29:08.9346538Z [36;1m  if ! lake exe "$target"; then regression_status=1; fi[0m
2026-10-09T23:29:08.9346877Z [36;1mdone[0m
2026-10-09T23:29:08.9347124Z [36;1mexit "$regression_status"[0m
2026-10-09T23:29:08.9415615Z shell: /usr/bin/bash -e {0}
2026-10-09T23:29:08.9415903Z env:
2026-10-09T23:29:08.9416302Z   PSC0_TSC: /home/runner/work/_temp/psc0-typescript-7.0.2/node_modules/typescript/bin/tsc
2026-10-09T23:29:08.9416782Z   PSC0_TYPESCRIPT_VERSION: 7.0.2
2026-10-09T23:29:08.9417066Z ##[endgroup]
2026-10-09T23:29:09.4209521Z ⚠ [4/76] Replayed Ps.Syntax.Cursor
2026-10-09T23:29:09.4210579Z warning: packages/syntax/src/Ps/Syntax/Cursor.lean:51:14: Variable name `head` is not explicitly referenced.
2026-10-09T23:29:09.4211796Z 
2026-10-09T23:29:09.4212979Z Hint: The binding can be removed (if unused) or named `_` (if used implicitly). Alternatively, prefix the name with `_` to silence this warning:
2026-10-09T23:29:09.4213982Z   [apply] _head
2026-10-09T23:29:09.4214200Z 
2026-10-09T23:29:09.4214726Z Note: This linter can be disabled with `set_option linter.unusedVariables false`
2026-10-09T23:29:09.4215982Z warning: packages/syntax/src/Ps/Syntax/Cursor.lean:51:19: Variable name `tail` is not explicitly referenced.
2026-10-09T23:29:09.4216664Z 
2026-10-09T23:29:09.4217830Z Hint: The binding can be removed (if unused) or named `_` (if used implicitly). Alternatively, prefix the name with `_` to silence this warning:
2026-10-09T23:29:09.4218800Z   [apply] _tail
2026-10-09T23:29:09.4218994Z 
2026-10-09T23:29:09.4219497Z Note: This linter can be disabled with `set_option linter.unusedVariables false`
2026-10-09T23:29:09.4220723Z warning: packages/syntax/src/Ps/Syntax/Cursor.lean:56:19: Variable name `rest` is not explicitly referenced.
2026-10-09T23:29:09.4221394Z 
2026-10-09T23:29:09.4222351Z Hint: The binding can be removed (if unused) or named `_` (if used implicitly). Alternatively, prefix the name with `_` to silence this warning:
2026-10-09T23:29:09.4223237Z   [apply] _rest
2026-10-09T23:29:09.4223361Z 
2026-10-09T23:29:09.4223669Z Note: This linter can be disabled with `set_option linter.unusedVariables false`
2026-10-09T23:29:09.4224435Z warning: packages/syntax/src/Ps/Syntax/Cursor.lean:89:14: Variable name `first` is not explicitly referenced.
2026-10-09T23:29:09.4224870Z 
2026-10-09T23:29:09.4225437Z Hint: The binding can be removed (if unused) or named `_` (if used implicitly). Alternatively, prefix the name with `_` to silence this warning:
2026-10-09T23:29:09.4226029Z   [apply] _first
2026-10-09T23:29:09.4226163Z 
2026-10-09T23:29:09.4226479Z Note: This linter can be disabled with `set_option linter.unusedVariables false`
2026-10-09T23:29:09.4227239Z warning: packages/syntax/src/Ps/Syntax/Cursor.lean:92:25: Variable name `tail` is not explicitly referenced.
2026-10-09T23:29:09.4227941Z 
2026-10-09T23:29:09.4228730Z Hint: The binding can be removed (if unused) or named `_` (if used implicitly). Alternatively, prefix the name with `_` to silence this warning:
2026-10-09T23:29:09.4229618Z   [apply] _tail
2026-10-09T23:29:09.4229802Z 
2026-10-09T23:29:09.4230256Z Note: This linter can be disabled with `set_option linter.unusedVariables false`
2026-10-09T23:29:09.4231072Z ⚠ [6/76] Replayed Ps.Syntax.Lexer
2026-10-09T23:29:09.4232057Z warning: packages/syntax/src/Ps/Syntax/Lexer.lean:89:11: Variable name `depth` is not explicitly referenced.
2026-10-09T23:29:09.4232698Z 
2026-10-09T23:29:09.4233528Z Hint: The binding can be removed (if unused) or named `_` (if used implicitly). Alternatively, prefix the name with `_` to silence this warning:
2026-10-09T23:29:09.4234249Z   [apply] _depth
2026-10-09T23:29:09.4234391Z 
2026-10-09T23:29:09.4234726Z Note: This linter can be disabled with `set_option linter.unusedVariables false`
2026-10-09T23:29:09.4235818Z warning: packages/syntax/src/Ps/Syntax/Lexer.lean:89:25: Variable name `remaining` is not explicitly referenced.
2026-10-09T23:29:09.4236245Z 
2026-10-09T23:29:09.4236778Z Hint: The binding can be removed (if unused) or named `_` (if used implicitly). Alternatively, prefix the name with `_` to silence this warning:
2026-10-09T23:29:09.4237568Z   [apply] _remaining
2026-10-09T23:29:09.4237771Z 
2026-10-09T23:29:09.4238075Z Note: This linter can be disabled with `set_option linter.unusedVariables false`
2026-10-09T23:29:09.4238813Z warning: packages/syntax/src/Ps/Syntax/Lexer.lean:406:11: Variable name `remaining` is not explicitly referenced.
2026-10-09T23:29:09.4239224Z 
2026-10-09T23:29:09.4239754Z Hint: The binding can be removed (if unused) or named `_` (if used implicitly). Alternatively, prefix the name with `_` to silence this warning:
2026-10-09T23:29:09.4240316Z   [apply] _remaining
2026-10-09T23:29:09.4240596Z 
2026-10-09T23:29:09.4240889Z Note: This linter can be disabled with `set_option linter.unusedVariables false`
2026-10-09T23:29:09.4241601Z warning: packages/syntax/src/Ps/Syntax/Lexer.lean:406:82: Variable name `charsRev` is not explicitly referenced.
2026-10-09T23:29:09.4241998Z 
2026-10-09T23:29:09.4242518Z Hint: The binding can be removed (if unused) or named `_` (if used implicitly). Alternatively, prefix the name with `_` to silence this warning:
2026-10-09T23:29:09.4243083Z   [apply] _charsRev
2026-10-09T23:29:09.4243229Z 
2026-10-09T23:29:09.4243555Z Note: This linter can be disabled with `set_option linter.unusedVariables false`
2026-10-09T23:29:09.4244118Z ⚠ [8/76] Replayed Ps.Syntax.ParserState
2026-10-09T23:29:09.4244835Z warning: packages/syntax/src/Ps/Syntax/ParserState.lean:30:20: Variable name `rest` is not explicitly referenced.
2026-10-09T23:29:09.4245277Z 
2026-10-09T23:29:09.4245826Z Hint: The binding can be removed (if unused) or named `_` (if used implicitly). Alternatively, prefix the name with `_` to silence this warning:
2026-10-09T23:29:09.4246424Z   [apply] _rest
2026-10-09T23:29:09.4246571Z 
2026-10-09T23:29:09.4246885Z Note: This linter can be disabled with `set_option linter.unusedVariables false`
2026-10-09T23:29:09.4247584Z ⚠ [14/76] Replayed Ps.Core.Abstract
2026-10-09T23:29:09.4248208Z warning: packages/core/src/Ps/Core/Abstract.lean:8:11: Variable name `depth` is not explicitly referenced.
2026-10-09T23:29:09.4248611Z 
2026-10-09T23:29:09.4249161Z Hint: The binding can be removed (if unused) or named `_` (if used implicitly). Alternatively, prefix the name with `_` to silence this warning:
2026-10-09T23:29:09.4249732Z   [apply] _depth
2026-10-09T23:29:09.4249871Z 
2026-10-09T23:29:09.4250178Z Note: This linter can be disabled with `set_option linter.unusedVariables false`
2026-10-09T23:29:09.4250899Z warning: packages/core/src/Ps/Core/Abstract.lean:16:11: Variable name `depth` is not explicitly referenced.
2026-10-09T23:29:09.4251295Z 
2026-10-09T23:29:09.4251840Z Hint: The binding can be removed (if unused) or named `_` (if used implicitly). Alternatively, prefix the name with `_` to silence this warning:
2026-10-09T23:29:09.4252401Z   [apply] _depth
2026-10-09T23:29:09.4252532Z 
2026-10-09T23:29:09.4252821Z Note: This linter can be disabled with `set_option linter.unusedVariables false`
2026-10-09T23:29:09.4253508Z warning: packages/core/src/Ps/Core/Abstract.lean:18:11: Variable name `depth` is not explicitly referenced.
2026-10-09T23:29:09.4253895Z 
2026-10-09T23:29:09.4254417Z Hint: The binding can be removed (if unused) or named `_` (if used implicitly). Alternatively, prefix the name with `_` to silence this warning:
2026-10-09T23:29:09.4254968Z   [apply] _depth
2026-10-09T23:29:09.4255095Z 
2026-10-09T23:29:09.4255384Z Note: This linter can be disabled with `set_option linter.unusedVariables false`
2026-10-09T23:29:09.4256062Z warning: packages/core/src/Ps/Core/Abstract.lean:20:11: Variable name `depth` is not explicitly referenced.
2026-10-09T23:29:09.4256447Z 
2026-10-09T23:29:09.4257128Z Hint: The binding can be removed (if unused) or named `_` (if used implicitly). Alternatively, prefix the name with `_` to silence this warning:
2026-10-09T23:29:09.4257943Z   [apply] _depth
2026-10-09T23:29:09.4258101Z 
2026-10-09T23:29:09.4258483Z Note: This linter can be disabled with `set_option linter.unusedVariables false`
2026-10-09T23:29:09.4259421Z warning: packages/core/src/Ps/Core/Abstract.lean:66:11: Variable name `depth` is not explicitly referenced.
2026-10-09T23:29:09.4259956Z 
2026-10-09T23:29:09.4260694Z Hint: The binding can be removed (if unused) or named `_` (if used implicitly). Alternatively, prefix the name with `_` to silence this warning:
2026-10-09T23:29:09.4261436Z   [apply] _depth
2026-10-09T23:29:09.4261594Z 
2026-10-09T23:29:09.4261901Z Note: This linter can be disabled with `set_option linter.unusedVariables false`
2026-10-09T23:29:09.4262450Z ⚠ [22/76] Replayed Ps.Meta.LevelContext
2026-10-09T23:29:09.4263125Z warning: packages/meta/src/Ps/Meta/LevelContext.lean:59:4: Variable name `assignment` is not explicitly referenced.
2026-10-09T23:29:09.4263706Z 
2026-10-09T23:29:09.4264266Z Hint: The binding can be removed (if unused) or named `_` (if used implicitly). Alternatively, prefix the name with `_` to silence this warning:
2026-10-09T23:29:09.4264884Z   [apply] _assignment
2026-10-09T23:29:09.4265040Z 
2026-10-09T23:29:09.4265347Z Note: This linter can be disabled with `set_option linter.unusedVariables false`
2026-10-09T23:29:09.4265864Z ⚠ [24/76] Replayed Ps.Core.LevelSubst
2026-10-09T23:29:09.4266484Z warning: packages/core/src/Ps/Core/LevelSubst.lean:8:11: Variable name `arguments` is not explicitly referenced.
2026-10-09T23:29:09.4266896Z 
2026-10-09T23:29:09.4267601Z Hint: The binding can be removed (if unused) or named `_` (if used implicitly). Alternatively, prefix the name with `_` to silence this warning:
2026-10-09T23:29:09.4268182Z   [apply] _arguments
2026-10-09T23:29:09.4268330Z 
2026-10-09T23:29:09.4268633Z Note: This linter can be disabled with `set_option linter.unusedVariables false`
2026-10-09T23:29:09.4269380Z warning: packages/core/src/Ps/Core/LevelSubst.lean:9:13: Variable name `target` is not explicitly referenced.
2026-10-09T23:29:09.4269783Z 
2026-10-09T23:29:09.4270316Z Hint: The binding can be removed (if unused) or named `_` (if used implicitly). Alternatively, prefix the name with `_` to silence this warning:
2026-10-09T23:29:09.4270881Z   [apply] _target
2026-10-09T23:29:09.4271019Z 
2026-10-09T23:29:09.4271321Z Note: This linter can be disabled with `set_option linter.unusedVariables false`
2026-10-09T23:29:09.4271816Z ⚠ [25/76] Replayed Ps.Core.Subst
2026-10-09T23:29:09.4272435Z warning: packages/core/src/Ps/Core/Subst.lean:14:11: Variable name `cutoff` is not explicitly referenced.
2026-10-09T23:29:09.4272833Z 
2026-10-09T23:29:09.4273387Z Hint: The binding can be removed (if unused) or named `_` (if used implicitly). Alternatively, prefix the name with `_` to silence this warning:
2026-10-09T23:29:09.4273981Z   [apply] _cutoff
2026-10-09T23:29:09.4274118Z 
2026-10-09T23:29:09.4274433Z Note: This linter can be disabled with `set_option linter.unusedVariables false`
2026-10-09T23:29:09.4275159Z warning: packages/core/src/Ps/Core/Subst.lean:16:11: Variable name `cutoff` is not explicitly referenced.
2026-10-09T23:29:09.4275536Z 
2026-10-09T23:29:09.4276060Z Hint: The binding can be removed (if unused) or named `_` (if used implicitly). Alternatively, prefix the name with `_` to silence this warning:
2026-10-09T23:29:09.4276630Z   [apply] _cutoff
2026-10-09T23:29:09.4276761Z 
2026-10-09T23:29:09.4277049Z Note: This linter can be disabled with `set_option linter.unusedVariables false`
2026-10-09T23:29:09.4277900Z warning: packages/core/src/Ps/Core/Subst.lean:18:11: Variable name `cutoff` is not explicitly referenced.
2026-10-09T23:29:09.4278274Z 
2026-10-09T23:29:09.4278807Z Hint: The binding can be removed (if unused) or named `_` (if used implicitly). Alternatively, prefix the name with `_` to silence this warning:
2026-10-09T23:29:09.4279391Z   [apply] _cutoff
2026-10-09T23:29:09.4279525Z 
2026-10-09T23:29:09.4280009Z Note: This linter can be disabled with `set_option linter.unusedVariables false`
2026-10-09T23:29:09.4280710Z warning: packages/core/src/Ps/Core/Subst.lean:20:11: Variable name `cutoff` is not explicitly referenced.
2026-10-09T23:29:09.4281087Z 
2026-10-09T23:29:09.4281621Z Hint: The binding can be removed (if unused) or named `_` (if used implicitly). Alternatively, prefix the name with `_` to silence this warning:
2026-10-09T23:29:09.4282186Z   [apply] _cutoff
2026-10-09T23:29:09.4282317Z 
2026-10-09T23:29:09.4282611Z Note: This linter can be disabled with `set_option linter.unusedVariables false`
2026-10-09T23:29:09.4283280Z warning: packages/core/src/Ps/Core/Subst.lean:66:11: Variable name `cutoff` is not explicitly referenced.
2026-10-09T23:29:09.4283646Z 
2026-10-09T23:29:09.4284170Z Hint: The binding can be removed (if unused) or named `_` (if used implicitly). Alternatively, prefix the name with `_` to silence this warning:
2026-10-09T23:29:09.4284870Z   [apply] _cutoff
2026-10-09T23:29:09.4285002Z 
2026-10-09T23:29:09.4285308Z Note: This linter can be disabled with `set_option linter.unusedVariables false`
2026-10-09T23:29:09.4286011Z warning: packages/core/src/Ps/Core/Subst.lean:94:11: Variable name `depth` is not explicitly referenced.
2026-10-09T23:29:09.4286385Z 
2026-10-09T23:29:09.4286909Z Hint: The binding can be removed (if unused) or named `_` (if used implicitly). Alternatively, prefix the name with `_` to silence this warning:
2026-10-09T23:29:09.4287636Z   [apply] _depth
2026-10-09T23:29:09.4287776Z 
2026-10-09T23:29:09.4288078Z Note: This linter can be disabled with `set_option linter.unusedVariables false`
2026-10-09T23:29:09.4288761Z warning: packages/core/src/Ps/Core/Subst.lean:96:11: Variable name `depth` is not explicitly referenced.
2026-10-09T23:29:09.4289145Z 
2026-10-09T23:29:09.4289666Z Hint: The binding can be removed (if unused) or named `_` (if used implicitly). Alternatively, prefix the name with `_` to silence this warning:
2026-10-09T23:29:09.4290237Z   [apply] _depth
2026-10-09T23:29:09.4290363Z 
2026-10-09T23:29:09.4290658Z Note: This linter can be disabled with `set_option linter.unusedVariables false`
2026-10-09T23:29:09.4291324Z warning: packages/core/src/Ps/Core/Subst.lean:98:11: Variable name `depth` is not explicitly referenced.
2026-10-09T23:29:09.4291689Z 
2026-10-09T23:29:09.4292206Z Hint: The binding can be removed (if unused) or named `_` (if used implicitly). Alternatively, prefix the name with `_` to silence this warning:
2026-10-09T23:29:09.4292786Z   [apply] _depth
2026-10-09T23:29:09.4292920Z 
2026-10-09T23:29:09.4293229Z Note: This linter can be disabled with `set_option linter.unusedVariables false`
2026-10-09T23:29:09.4293944Z warning: packages/core/src/Ps/Core/Subst.lean:100:11: Variable name `depth` is not explicitly referenced.
2026-10-09T23:29:09.4294330Z 
2026-10-09T23:29:09.4294868Z Hint: The binding can be removed (if unused) or named `_` (if used implicitly). Alternatively, prefix the name with `_` to silence this warning:
2026-10-09T23:29:09.4295444Z   [apply] _depth
2026-10-09T23:29:09.4295576Z 
2026-10-09T23:29:09.4295873Z Note: This linter can be disabled with `set_option linter.unusedVariables false`
2026-10-09T23:29:09.4296559Z warning: packages/core/src/Ps/Core/Subst.lean:146:11: Variable name `depth` is not explicitly referenced.
2026-10-09T23:29:09.4296929Z 
2026-10-09T23:29:09.4297614Z Hint: The binding can be removed (if unused) or named `_` (if used implicitly). Alternatively, prefix the name with `_` to silence this warning:
2026-10-09T23:29:09.4298187Z   [apply] _depth
2026-10-09T23:29:09.4298320Z 
2026-10-09T23:29:09.4298623Z Note: This linter can be disabled with `set_option linter.unusedVariables false`
2026-10-09T23:29:09.4299131Z ⚠ [28/76] Replayed Ps.Meta.Unify
2026-10-09T23:29:09.4299735Z warning: packages/meta/src/Ps/Meta/Unify.lean:90:11: Variable name `environment` is not explicitly referenced.
2026-10-09T23:29:09.4300146Z 
2026-10-09T23:29:09.4300820Z Hint: The binding can be removed (if unused) or named `_` (if used implicitly). Alternatively, prefix the name with `_` to silence this warning:
2026-10-09T23:29:09.4301400Z   [apply] _environment
2026-10-09T23:29:09.4301554Z 
2026-10-09T23:29:09.4301861Z Note: This linter can be disabled with `set_option linter.unusedVariables false`
2026-10-09T23:29:09.4302579Z warning: packages/meta/src/Ps/Meta/Unify.lean:91:11: Variable name `localContext` is not explicitly referenced.
2026-10-09T23:29:09.4302980Z 
2026-10-09T23:29:09.4303505Z Hint: The binding can be removed (if unused) or named `_` (if used implicitly). Alternatively, prefix the name with `_` to silence this warning:
2026-10-09T23:29:09.4304063Z   [apply] _localContext
2026-10-09T23:29:09.4304216Z 
2026-10-09T23:29:09.4304509Z Note: This linter can be disabled with `set_option linter.unusedVariables false`
2026-10-09T23:29:09.4305195Z warning: packages/meta/src/Ps/Meta/Unify.lean:93:11: Variable name `left` is not explicitly referenced.
2026-10-09T23:29:09.4305703Z 
2026-10-09T23:29:09.4306237Z Hint: The binding can be removed (if unused) or named `_` (if used implicitly). Alternatively, prefix the name with `_` to silence this warning:
2026-10-09T23:29:09.4306796Z   [apply] _left
2026-10-09T23:29:09.4306933Z 
2026-10-09T23:29:09.4307248Z Note: This linter can be disabled with `set_option linter.unusedVariables false`
2026-10-09T23:29:09.4308162Z warning: packages/meta/src/Ps/Meta/Unify.lean:94:11: Variable name `right` is not explicitly referenced.
2026-10-09T23:29:09.4308539Z 
2026-10-09T23:29:09.4309072Z Hint: The binding can be removed (if unused) or named `_` (if used implicitly). Alternatively, prefix the name with `_` to silence this warning:
2026-10-09T23:29:09.4309729Z   [apply] _right
2026-10-09T23:29:09.4309920Z 
2026-10-09T23:29:09.4310401Z Note: This linter can be disabled with `set_option linter.unusedVariables false`
2026-10-09T23:29:09.4311569Z warning: packages/meta/src/Ps/Meta/Unify.lean:178:17: Variable name `leftName` is not explicitly referenced.
2026-10-09T23:29:09.4312241Z 
2026-10-09T23:29:09.4313082Z Hint: The binding can be removed (if unused) or named `_` (if used implicitly). Alternatively, prefix the name with `_` to silence this warning:
2026-10-09T23:29:09.4313954Z   [apply] _leftName
2026-10-09T23:29:09.4314154Z 
2026-10-09T23:29:09.4314652Z Note: This linter can be disabled with `set_option linter.unusedVariables false`
2026-10-09T23:29:09.4315964Z warning: packages/meta/src/Ps/Meta/Unify.lean:207:21: Variable name `leftName` is not explicitly referenced.
2026-10-09T23:29:09.4316681Z 
2026-10-09T23:29:09.4317798Z Hint: The binding can be removed (if unused) or named `_` (if used implicitly). Alternatively, prefix the name with `_` to silence this warning:
2026-10-09T23:29:09.4318841Z   [apply] _leftName
2026-10-09T23:29:09.4319062Z 
2026-10-09T23:29:09.4319578Z Note: This linter can be disabled with `set_option linter.unusedVariables false`
2026-10-09T23:29:09.4320480Z ⚠ [33/76] Replayed Ps.Elab.Literal
2026-10-09T23:29:09.4321523Z warning: packages/elab/src/Ps/Elab/Literal.lean:166:11: Variable name `chars` is not explicitly referenced.
2026-10-09T23:29:09.4322233Z 
2026-10-09T23:29:09.4323191Z Hint: The binding can be removed (if unused) or named `_` (if used implicitly). Alternatively, prefix the name with `_` to silence this warning:
2026-10-09T23:29:09.4324166Z   [apply] _chars
2026-10-09T23:29:09.4324326Z 
2026-10-09T23:29:09.4324679Z Note: This linter can be disabled with `set_option linter.unusedVariables false`
2026-10-09T23:29:09.4326127Z warning: packages/elab/src/Ps/Elab/Literal.lean:167:13: Variable name `charsRev` is not explicitly referenced.
2026-10-09T23:29:09.4326821Z 
2026-10-09T23:29:09.4327582Z Hint: The binding can be removed (if unused) or named `_` (if used implicitly). Alternatively, prefix the name with `_` to silence this warning:
2026-10-09T23:29:09.4328257Z   [apply] _charsRev
2026-10-09T23:29:09.4328483Z 
2026-10-09T23:29:09.4328829Z Note: This linter can be disabled with `set_option linter.unusedVariables false`
2026-10-09T23:29:09.4329478Z ⚠ [34/76] Replayed Ps.Elab.Term
2026-10-09T23:29:09.4330365Z warning: packages/elab/src/Ps/Elab/Term.lean:2890:11: Variable name `context` is not explicitly referenced.
2026-10-09T23:29:09.4330788Z 
2026-10-09T23:29:09.4331447Z Hint: The binding can be removed (if unused) or named `_` (if used implicitly). Alternatively, prefix the name with `_` to silence this warning:
2026-10-09T23:29:09.4332162Z   [apply] _context
2026-10-09T23:29:09.4332295Z 
2026-10-09T23:29:09.4332722Z Note: This linter can be disabled with `set_option linter.unusedVariables false`
2026-10-09T23:29:09.4333569Z warning: packages/elab/src/Ps/Elab/Term.lean:2891:13: Variable name `recursion` is not explicitly referenced.
2026-10-09T23:29:09.4333972Z 
2026-10-09T23:29:09.4334636Z Hint: The binding can be removed (if unused) or named `_` (if used implicitly). Alternatively, prefix the name with `_` to silence this warning:
2026-10-09T23:29:09.4335330Z   [apply] _recursion
2026-10-09T23:29:09.4335619Z 
2026-10-09T23:29:09.4336034Z Note: This linter can be disabled with `set_option linter.unusedVariables false`
2026-10-09T23:29:09.4336994Z warning: packages/elab/src/Ps/Elab/Term.lean:2892:15: Variable name `index` is not explicitly referenced.
2026-10-09T23:29:09.4337676Z 
2026-10-09T23:29:09.4338517Z Hint: The binding can be removed (if unused) or named `_` (if used implicitly). Alternatively, prefix the name with `_` to silence this warning:
2026-10-09T23:29:09.4339427Z   [apply] _index
2026-10-09T23:29:09.4339617Z 
2026-10-09T23:29:09.4340092Z Note: This linter can be disabled with `set_option linter.unusedVariables false`
2026-10-09T23:29:09.4340930Z ⚠ [38/76] Replayed BootstrapTests
2026-10-09T23:29:09.4341778Z warning: test/BootstrapTests.lean:335:10: Variable name `id` is not explicitly referenced.
2026-10-09T23:29:09.4342329Z 
2026-10-09T23:29:09.4343228Z Hint: The binding can be removed (if unused) or named `_` (if used implicitly). Alternatively, prefix the name with `_` to silence this warning:
2026-10-09T23:29:09.4344233Z   [apply] _id
2026-10-09T23:29:09.4344451Z 
2026-10-09T23:29:09.4345063Z Note: This linter can be disabled with `set_option linter.unusedVariables false`
2026-10-09T23:29:09.4376128Z PSC1_TEST_PASS: dual-source core elaboration
2026-10-09T23:29:09.4376927Z PSC1_TEST_PASS: dual-source binder kinds elaboration
2026-10-09T23:29:09.4377763Z PSC1_TEST_PASS: dual-source simple parse
2026-10-09T23:29:09.4378368Z PSC1_TEST_PASS: dual-source binder application parse
2026-10-09T23:29:09.4378799Z PSC1_TEST_PASS: dual-source binder kinds parse
2026-10-09T23:29:09.4379337Z PSC1_TEST_PASS: dual-source typed lambda parse
2026-10-09T23:29:09.4379754Z PSC1_TEST_PASS: dual-source typed lambda elaboration
2026-10-09T23:29:09.4380189Z PSC1_TEST_PASS: structure stops before partial def
2026-10-09T23:29:09.4380567Z PSC1_TEST_PASS: Lean list literal sugar
2026-10-09T23:29:09.4380912Z PSC1_TEST_PASS: Lean list pattern sugar
2026-10-09T23:29:09.4381280Z PSC1_TEST_PASS: repeated wildcard match binders
2026-10-09T23:29:09.4381659Z PSC1_TEST_PASS: Lean Nat match sugar
2026-10-09T23:29:09.4382017Z PSC1_TEST_PASS: Lean grouped typed binders
2026-10-09T23:29:09.4382584Z PSC1_TEST_PASS: lambda match uses expected type
2026-10-09T23:29:09.4383234Z PSC1_TEST_PASS: two-argument equation definition
2026-10-09T23:29:09.4383837Z PSC1_TEST_PASS: dual-source Pi parse
2026-10-09T23:29:09.4384448Z PSC1_TEST_PASS: dual-source Pi lambda declaration
2026-10-09T23:29:09.4385093Z PSC1_TEST_PASS: dual-source annotated let
2026-10-09T23:29:09.4385622Z PSC1_TEST_PASS: dual-source inferred let
2026-10-09T23:29:09.4385973Z PSC1_TEST_PASS: dual-source Bool literal
2026-10-09T23:29:09.4386523Z PSC1_TEST_PASS: dual-source if
2026-10-09T23:29:09.4386853Z PSC1_TEST_PASS: inductive metadata lookup
2026-10-09T23:29:09.4387253Z PSC1_TEST_PASS: bootstrap List/Option type constructors
2026-10-09T23:29:09.4387885Z PSC1_TEST_PASS: positive nested recursive field
2026-10-09T23:29:09.4388297Z PSC1_TEST_PASS: reject negative nested recursive field
2026-10-09T23:29:09.4388747Z PSC1_TEST_PASS: Lean product inside application parse
2026-10-09T23:29:09.4389350Z PSC1_TEST_PASS: dual-source basic match parse
2026-10-09T23:29:09.4389741Z PSC1_TEST_PASS: Lean nested match dedent parse
2026-10-09T23:29:09.4390127Z PSC1_TEST_PASS: constructor match pattern parse
2026-10-09T23:29:09.4390524Z PSC1_TEST_PASS: dual-source basic match elaboration
2026-10-09T23:29:09.4390936Z PSC1_TEST_PASS: dual-source field match elaboration
2026-10-09T23:29:09.4391297Z PSC1_TEST_PASS: defeq beta under forall
2026-10-09T23:29:09.4391674Z PSC1_TEST_PASS: dual-source inductive enum parse
2026-10-09T23:29:09.4392069Z PSC1_TEST_PASS: dual-source inductive field parse
2026-10-09T23:29:09.4392488Z PSC1_TEST_PASS: dual-source inductive enum elaboration
2026-10-09T23:29:09.4392908Z PSC1_TEST_PASS: dual-source inductive field elaboration
2026-10-09T23:29:09.4393315Z PSC1_TEST_PASS: dual-source Type Prop elaboration
2026-10-09T23:29:09.4393699Z PSC1_TEST_PASS: dual-source parametric inductive
2026-10-09T23:29:09.4394291Z PSC1_TEST_PASS: Lean implicit constructor elaborates
2026-10-09T23:29:09.4395061Z PSC1_TEST_PASS: ProofScript implicit constructor elaborates
2026-10-09T23:29:09.4395702Z PSC1_TEST_PASS: Lean implicit constructor application
2026-10-09T23:29:09.4396309Z PSC1_TEST_PASS: ProofScript implicit constructor application
2026-10-09T23:29:09.4396952Z PSC1_TEST_PASS: dual-source implicit constructor application
2026-10-09T23:29:09.4399368Z PSC1_TEST_PASS: dual-source structural recursion
2026-10-09T23:29:09.4400122Z PSC1_TEST_PASS: dual-source controlled partial definition
2026-10-09T23:29:09.4401001Z PSC1_TEST_PASS: reject non-decreasing structural recursion
2026-10-09T23:29:09.4401740Z PSC1_TEST_PASS: reject changed invariant structural recursion
2026-10-09T23:29:09.4402413Z PSC1_TEST_PASS: dual-source String literal
2026-10-09T23:29:09.4402796Z PSC1_TEST_PASS: reject invalid String escapes
2026-10-09T23:29:09.4403174Z PSC1_TEST_PASS: dual-source grouping
2026-10-09T23:29:09.4403521Z PSC1_TEST_PASS: dual-source Unit
2026-10-09T23:29:09.4403879Z PSC1_TEST_PASS: Lean parenthesized application
2026-10-09T23:29:09.4404259Z PSC1_TEST_PASS: dual-source Char literal
2026-10-09T23:29:09.4404611Z PSC1_TEST_PASS: reject invalid Char escapes
2026-10-09T23:29:09.4404992Z PSC1_TEST_PASS: ProofScript explicit Unit call
2026-10-09T23:29:09.4405371Z PSC1_TEST_PASS: ProofScript accepts spaced call
2026-10-09T23:29:09.4405822Z PSC1_TEST_PASS: ProofScript empty call preserves no arguments
2026-10-09T23:29:09.4406312Z PSC1_TEST_PASS: ProofScript empty call rejected by elaboration
2026-10-09T23:29:09.4406765Z PSC1_TEST_PASS: Lean interleaved binder kinds parse
2026-10-09T23:29:09.4407202Z PSC1_TEST_PASS: Lean interleaved binder kinds elaboration
2026-10-09T23:29:09.4407903Z PSC1_TEST_PASS: ProofScript rejects interleaved declaration binders
2026-10-09T23:29:09.4408383Z PSC1_TEST_PASS: lexer UTF-8 byte offsets
2026-10-09T23:29:09.4408737Z PSC1_TEST_PASS: lexer nested trivia
2026-10-09T23:29:09.4409078Z PSC1_TEST_PASS: module graph
2026-10-09T23:29:09.4409406Z PSC1_TEST_PASS: global instance synthesis
2026-10-09T23:29:09.4409775Z PSC1_TEST_PASS: generic instance synthesis
2026-10-09T23:29:09.4410144Z PSC1_TEST_PASS: dependent instance synthesis
2026-10-09T23:29:09.4410507Z PSC1_TEST_PASS: local instance synthesis
2026-10-09T23:29:09.4410849Z PSC1_TEST_PASS: transactional unification
2026-10-09T23:29:09.4411192Z PSC1_TEST_PASS: binder-info unification
2026-10-09T23:29:09.4411555Z PSC1_TEST_PASS: level metavariable unification
2026-10-09T23:29:09.4411929Z PSC1_TEST_PASS: scoped metavariable assignment
2026-10-09T23:29:09.4412303Z PSC1_TEST_PASS: reject out-of-scope assignment
2026-10-09T23:29:09.4412617Z PSC1_TEST_PASS: beta WHNF
2026-10-09T23:29:09.4412918Z PSC1_TEST_PASS: infer identity
2026-10-09T23:29:09.4413212Z PSC1_BOOTSTRAP_TESTS: PASS
2026-10-09T23:29:09.9534717Z ⚠ [3/32] Replayed Ps.Syntax.Cursor
2026-10-09T23:29:09.9535792Z warning: packages/syntax/src/Ps/Syntax/Cursor.lean:51:14: Variable name `head` is not explicitly referenced.
2026-10-09T23:29:09.9536465Z 
2026-10-09T23:29:09.9537962Z Hint: The binding can be removed (if unused) or named `_` (if used implicitly). Alternatively, prefix the name with `_` to silence this warning:
2026-10-09T23:29:09.9538893Z   [apply] _head
2026-10-09T23:29:09.9539088Z 
2026-10-09T23:29:09.9539567Z Note: This linter can be disabled with `set_option linter.unusedVariables false`
2026-10-09T23:29:09.9540733Z warning: packages/syntax/src/Ps/Syntax/Cursor.lean:51:19: Variable name `tail` is not explicitly referenced.
2026-10-09T23:29:09.9541370Z 
2026-10-09T23:29:09.9542253Z Hint: The binding can be removed (if unused) or named `_` (if used implicitly). Alternatively, prefix the name with `_` to silence this warning:
2026-10-09T23:29:09.9543140Z   [apply] _tail
2026-10-09T23:29:09.9543331Z 
2026-10-09T23:29:09.9543806Z Note: This linter can be disabled with `set_option linter.unusedVariables false`
2026-10-09T23:29:09.9544932Z warning: packages/syntax/src/Ps/Syntax/Cursor.lean:56:19: Variable name `rest` is not explicitly referenced.
2026-10-09T23:29:09.9545787Z 
2026-10-09T23:29:09.9546655Z Hint: The binding can be removed (if unused) or named `_` (if used implicitly). Alternatively, prefix the name with `_` to silence this warning:
2026-10-09T23:29:09.9547753Z   [apply] _rest
2026-10-09T23:29:09.9547952Z 
2026-10-09T23:29:09.9548424Z Note: This linter can be disabled with `set_option linter.unusedVariables false`
2026-10-09T23:29:09.9549582Z warning: packages/syntax/src/Ps/Syntax/Cursor.lean:89:14: Variable name `first` is not explicitly referenced.
2026-10-09T23:29:09.9550217Z 
2026-10-09T23:29:09.9551082Z Hint: The binding can be removed (if unused) or named `_` (if used implicitly). Alternatively, prefix the name with `_` to silence this warning:
2026-10-09T23:29:09.9551974Z   [apply] _first
2026-10-09T23:29:09.9552163Z 
2026-10-09T23:29:09.9552628Z Note: This linter can be disabled with `set_option linter.unusedVariables false`
2026-10-09T23:29:09.9553789Z warning: packages/syntax/src/Ps/Syntax/Cursor.lean:92:25: Variable name `tail` is not explicitly referenced.
2026-10-09T23:29:09.9554419Z 
2026-10-09T23:29:09.9555278Z Hint: The binding can be removed (if unused) or named `_` (if used implicitly). Alternatively, prefix the name with `_` to silence this warning:
2026-10-09T23:29:09.9556178Z   [apply] _tail
2026-10-09T23:29:09.9556365Z 
2026-10-09T23:29:09.9556823Z Note: This linter can be disabled with `set_option linter.unusedVariables false`
2026-10-09T23:29:09.9557782Z ⚠ [5/32] Replayed Ps.Syntax.Lexer
2026-10-09T23:29:09.9558719Z warning: packages/syntax/src/Ps/Syntax/Lexer.lean:89:11: Variable name `depth` is not explicitly referenced.
2026-10-09T23:29:09.9559349Z 
2026-10-09T23:29:09.9560221Z Hint: The binding can be removed (if unused) or named `_` (if used implicitly). Alternatively, prefix the name with `_` to silence this warning:
2026-10-09T23:29:09.9561116Z   [apply] _depth
2026-10-09T23:29:09.9561311Z 
2026-10-09T23:29:09.9561787Z Note: This linter can be disabled with `set_option linter.unusedVariables false`
2026-10-09T23:29:09.9562977Z warning: packages/syntax/src/Ps/Syntax/Lexer.lean:89:25: Variable name `remaining` is not explicitly referenced.
2026-10-09T23:29:09.9563622Z 
2026-10-09T23:29:09.9564489Z Hint: The binding can be removed (if unused) or named `_` (if used implicitly). Alternatively, prefix the name with `_` to silence this warning:
2026-10-09T23:29:09.9565391Z   [apply] _remaining
2026-10-09T23:29:09.9565608Z 
2026-10-09T23:29:09.9566102Z Note: This linter can be disabled with `set_option linter.unusedVariables false`
2026-10-09T23:29:09.9567279Z warning: packages/syntax/src/Ps/Syntax/Lexer.lean:406:11: Variable name `remaining` is not explicitly referenced.
2026-10-09T23:29:09.9568090Z 
2026-10-09T23:29:09.9568962Z Hint: The binding can be removed (if unused) or named `_` (if used implicitly). Alternatively, prefix the name with `_` to silence this warning:
2026-10-09T23:29:09.9569869Z   [apply] _remaining
2026-10-09T23:29:09.9570081Z 
2026-10-09T23:29:09.9570564Z Note: This linter can be disabled with `set_option linter.unusedVariables false`
2026-10-09T23:29:09.9571955Z warning: packages/syntax/src/Ps/Syntax/Lexer.lean:406:82: Variable name `charsRev` is not explicitly referenced.
2026-10-09T23:29:09.9572614Z 
2026-10-09T23:29:09.9573503Z Hint: The binding can be removed (if unused) or named `_` (if used implicitly). Alternatively, prefix the name with `_` to silence this warning:
2026-10-09T23:29:09.9574426Z   [apply] _charsRev
2026-10-09T23:29:09.9574624Z 
2026-10-09T23:29:09.9575116Z Note: This linter can be disabled with `set_option linter.unusedVariables false`
2026-10-09T23:29:09.9575936Z ⚠ [8/32] Replayed Ps.Syntax.ParserState
2026-10-09T23:29:09.9576951Z warning: packages/syntax/src/Ps/Syntax/ParserState.lean:30:20: Variable name `rest` is not explicitly referenced.
2026-10-09T23:29:09.9577772Z 
2026-10-09T23:29:09.9578649Z Hint: The binding can be removed (if unused) or named `_` (if used implicitly). Alternatively, prefix the name with `_` to silence this warning:
2026-10-09T23:29:09.9579737Z   [apply] _rest
2026-10-09T23:29:09.9579939Z 
2026-10-09T23:29:09.9580438Z Note: This linter can be disabled with `set_option linter.unusedVariables false`
2026-10-09T23:29:09.9675002Z PSC1_TRANSLATION_PASS: unsupported ProofScript do rejected
2026-10-09T23:29:09.9675780Z PSC1_TRANSLATION_PASS: explicit compiler effect calls preserve translation
2026-10-09T23:29:09.9676509Z PSC1_TRANSLATION_PASS: explicit Unit argument survives canonical printing
2026-10-09T23:29:09.9677203Z PSC1_TRANSLATION_PASS: grouped and dependent ProofScript binder types
2026-10-09T23:29:09.9677943Z PSC1_TRANSLATION_PASS: nested function binder canonical round trip
2026-10-09T23:29:09.9678571Z PSC1_TRANSLATION_PASS: complex application .lean <-> .ps
2026-10-09T23:29:09.9679037Z PSC1_TRANSLATION_PASS: partial def .lean <-> .ps
2026-10-09T23:29:09.9679546Z PSC1_TRANSLATION_PASS: structure .lean <-> .ps
2026-10-09T23:29:09.9680028Z PSC1_TRANSLATION_PASS: .lean -> .ps -> .lean
2026-10-09T23:29:09.9680426Z PSC1_TRANSLATION_PASS: .ps -> .lean -> .ps
2026-10-09T23:29:10.4817239Z ⚠ [3/96] Replayed Ps.Syntax.Cursor
2026-10-09T23:29:10.4818646Z warning: packages/syntax/src/Ps/Syntax/Cursor.lean:51:14: Variable name `head` is not explicitly referenced.
2026-10-09T23:29:10.4819347Z 
2026-10-09T23:29:10.4820312Z Hint: The binding can be removed (if unused) or named `_` (if used implicitly). Alternatively, prefix the name with `_` to silence this warning:
2026-10-09T23:29:10.4821281Z   [apply] _head
2026-10-09T23:29:10.4821423Z 
2026-10-09T23:29:10.4821747Z Note: This linter can be disabled with `set_option linter.unusedVariables false`
2026-10-09T23:29:10.4822500Z warning: packages/syntax/src/Ps/Syntax/Cursor.lean:51:19: Variable name `tail` is not explicitly referenced.
2026-10-09T23:29:10.4822907Z 
2026-10-09T23:29:10.4823452Z Hint: The binding can be removed (if unused) or named `_` (if used implicitly). Alternatively, prefix the name with `_` to silence this warning:
2026-10-09T23:29:10.4824041Z   [apply] _tail
2026-10-09T23:29:10.4824180Z 
2026-10-09T23:29:10.4824496Z Note: This linter can be disabled with `set_option linter.unusedVariables false`
2026-10-09T23:29:10.4825245Z warning: packages/syntax/src/Ps/Syntax/Cursor.lean:56:19: Variable name `rest` is not explicitly referenced.
2026-10-09T23:29:10.4825678Z 
2026-10-09T23:29:10.4826235Z Hint: The binding can be removed (if unused) or named `_` (if used implicitly). Alternatively, prefix the name with `_` to silence this warning:
2026-10-09T23:29:10.4826803Z   [apply] _rest
2026-10-09T23:29:10.4826939Z 
2026-10-09T23:29:10.4827249Z Note: This linter can be disabled with `set_option linter.unusedVariables false`
2026-10-09T23:29:10.4828208Z warning: packages/syntax/src/Ps/Syntax/Cursor.lean:89:14: Variable name `first` is not explicitly referenced.
2026-10-09T23:29:10.4828612Z 
2026-10-09T23:29:10.4829162Z Hint: The binding can be removed (if unused) or named `_` (if used implicitly). Alternatively, prefix the name with `_` to silence this warning:
2026-10-09T23:29:10.4829747Z   [apply] _first
2026-10-09T23:29:10.4829885Z 
2026-10-09T23:29:10.4830585Z Note: This linter can be disabled with `set_option linter.unusedVariables false`
2026-10-09T23:29:10.4831334Z warning: packages/syntax/src/Ps/Syntax/Cursor.lean:92:25: Variable name `tail` is not explicitly referenced.
2026-10-09T23:29:10.4831743Z 
2026-10-09T23:29:10.4832297Z Hint: The binding can be removed (if unused) or named `_` (if used implicitly). Alternatively, prefix the name with `_` to silence this warning:
2026-10-09T23:29:10.4832884Z   [apply] _tail
2026-10-09T23:29:10.4833025Z 
2026-10-09T23:29:10.4833337Z Note: This linter can be disabled with `set_option linter.unusedVariables false`
2026-10-09T23:29:10.4833866Z ⚠ [5/96] Replayed Ps.Syntax.Lexer
2026-10-09T23:29:10.4834478Z warning: packages/syntax/src/Ps/Syntax/Lexer.lean:89:11: Variable name `depth` is not explicitly referenced.
2026-10-09T23:29:10.4834875Z 
2026-10-09T23:29:10.4835398Z Hint: The binding can be removed (if unused) or named `_` (if used implicitly). Alternatively, prefix the name with `_` to silence this warning:
2026-10-09T23:29:10.4836140Z   [apply] _depth
2026-10-09T23:29:10.4836279Z 
2026-10-09T23:29:10.4836576Z Note: This linter can be disabled with `set_option linter.unusedVariables false`
2026-10-09T23:29:10.4837314Z warning: packages/syntax/src/Ps/Syntax/Lexer.lean:89:25: Variable name `remaining` is not explicitly referenced.
2026-10-09T23:29:10.4837977Z 
2026-10-09T23:29:10.4838521Z Hint: The binding can be removed (if unused) or named `_` (if used implicitly). Alternatively, prefix the name with `_` to silence this warning:
2026-10-09T23:29:10.4839107Z   [apply] _remaining
2026-10-09T23:29:10.4839256Z 
2026-10-09T23:29:10.4839551Z Note: This linter can be disabled with `set_option linter.unusedVariables false`
2026-10-09T23:29:10.4840289Z warning: packages/syntax/src/Ps/Syntax/Lexer.lean:406:11: Variable name `remaining` is not explicitly referenced.
2026-10-09T23:29:10.4840694Z 
2026-10-09T23:29:10.4841228Z Hint: The binding can be removed (if unused) or named `_` (if used implicitly). Alternatively, prefix the name with `_` to silence this warning:
2026-10-09T23:29:10.4841802Z   [apply] _remaining
2026-10-09T23:29:10.4841952Z 
2026-10-09T23:29:10.4842245Z Note: This linter can be disabled with `set_option linter.unusedVariables false`
2026-10-09T23:29:10.4842964Z warning: packages/syntax/src/Ps/Syntax/Lexer.lean:406:82: Variable name `charsRev` is not explicitly referenced.
2026-10-09T23:29:10.4843361Z 
2026-10-09T23:29:10.4843883Z Hint: The binding can be removed (if unused) or named `_` (if used implicitly). Alternatively, prefix the name with `_` to silence this warning:
2026-10-09T23:29:10.4844443Z   [apply] _charsRev
2026-10-09T23:29:10.4844581Z 
2026-10-09T23:29:10.4844873Z Note: This linter can be disabled with `set_option linter.unusedVariables false`
2026-10-09T23:29:10.4845390Z ⚠ [8/96] Replayed Ps.Syntax.ParserState
2026-10-09T23:29:10.4846040Z warning: packages/syntax/src/Ps/Syntax/ParserState.lean:30:20: Variable name `rest` is not explicitly referenced.
2026-10-09T23:29:10.4846474Z 
2026-10-09T23:29:10.4847017Z Hint: The binding can be removed (if unused) or named `_` (if used implicitly). Alternatively, prefix the name with `_` to silence this warning:
2026-10-09T23:29:10.4847695Z   [apply] _rest
2026-10-09T23:29:10.4847826Z 
2026-10-09T23:29:10.4848129Z Note: This linter can be disabled with `set_option linter.unusedVariables false`
2026-10-09T23:29:10.4848633Z ⚠ [19/96] Replayed Ps.Core.Abstract
2026-10-09T23:29:10.4849257Z warning: packages/core/src/Ps/Core/Abstract.lean:8:11: Variable name `depth` is not explicitly referenced.
2026-10-09T23:29:10.4849650Z 
2026-10-09T23:29:10.4850170Z Hint: The binding can be removed (if unused) or named `_` (if used implicitly). Alternatively, prefix the name with `_` to silence this warning:
2026-10-09T23:29:10.4850743Z   [apply] _depth
2026-10-09T23:29:10.4850881Z 
2026-10-09T23:29:10.4851176Z Note: This linter can be disabled with `set_option linter.unusedVariables false`
2026-10-09T23:29:10.4852042Z warning: packages/core/src/Ps/Core/Abstract.lean:16:11: Variable name `depth` is not explicitly referenced.
2026-10-09T23:29:10.4852442Z 
2026-10-09T23:29:10.4852983Z Hint: The binding can be removed (if unused) or named `_` (if used implicitly). Alternatively, prefix the name with `_` to silence this warning:
2026-10-09T23:29:10.4853549Z   [apply] _depth
2026-10-09T23:29:10.4853687Z 
2026-10-09T23:29:10.4853992Z Note: This linter can be disabled with `set_option linter.unusedVariables false`
2026-10-09T23:29:10.4854722Z warning: packages/core/src/Ps/Core/Abstract.lean:18:11: Variable name `depth` is not explicitly referenced.
2026-10-09T23:29:10.4855163Z 
2026-10-09T23:29:10.4855696Z Hint: The binding can be removed (if unused) or named `_` (if used implicitly). Alternatively, prefix the name with `_` to silence this warning:
2026-10-09T23:29:10.4856268Z   [apply] _depth
2026-10-09T23:29:10.4856407Z 
2026-10-09T23:29:10.4856714Z Note: This linter can be disabled with `set_option linter.unusedVariables false`
2026-10-09T23:29:10.4857789Z warning: packages/core/src/Ps/Core/Abstract.lean:20:11: Variable name `depth` is not explicitly referenced.
2026-10-09T23:29:10.4858184Z 
2026-10-09T23:29:10.4858718Z Hint: The binding can be removed (if unused) or named `_` (if used implicitly). Alternatively, prefix the name with `_` to silence this warning:
2026-10-09T23:29:10.4859282Z   [apply] _depth
2026-10-09T23:29:10.4859414Z 
2026-10-09T23:29:10.4859713Z Note: This linter can be disabled with `set_option linter.unusedVariables false`
2026-10-09T23:29:10.4860409Z warning: packages/core/src/Ps/Core/Abstract.lean:66:11: Variable name `depth` is not explicitly referenced.
2026-10-09T23:29:10.4860789Z 
2026-10-09T23:29:10.4861312Z Hint: The binding can be removed (if unused) or named `_` (if used implicitly). Alternatively, prefix the name with `_` to silence this warning:
2026-10-09T23:29:10.4861866Z   [apply] _depth
2026-10-09T23:29:10.4861990Z 
2026-10-09T23:29:10.4862286Z Note: This linter can be disabled with `set_option linter.unusedVariables false`
2026-10-09T23:29:10.4862787Z ⚠ [20/96] Replayed Ps.Core.Subst
2026-10-09T23:29:10.4863373Z warning: packages/core/src/Ps/Core/Subst.lean:14:11: Variable name `cutoff` is not explicitly referenced.
2026-10-09T23:29:10.4863747Z 
2026-10-09T23:29:10.4864271Z Hint: The binding can be removed (if unused) or named `_` (if used implicitly). Alternatively, prefix the name with `_` to silence this warning:
2026-10-09T23:29:10.4864838Z   [apply] _cutoff
2026-10-09T23:29:10.4864969Z 
2026-10-09T23:29:10.4865267Z Note: This linter can be disabled with `set_option linter.unusedVariables false`
2026-10-09T23:29:10.4865974Z warning: packages/core/src/Ps/Core/Subst.lean:16:11: Variable name `cutoff` is not explicitly referenced.
2026-10-09T23:29:10.4866399Z 
2026-10-09T23:29:10.4867072Z Hint: The binding can be removed (if unused) or named `_` (if used implicitly). Alternatively, prefix the name with `_` to silence this warning:
2026-10-09T23:29:10.4867956Z   [apply] _cutoff
2026-10-09T23:29:10.4868116Z 
2026-10-09T23:29:10.4868535Z Note: This linter can be disabled with `set_option linter.unusedVariables false`
2026-10-09T23:29:10.4869470Z warning: packages/core/src/Ps/Core/Subst.lean:18:11: Variable name `cutoff` is not explicitly referenced.
2026-10-09T23:29:10.4869941Z 
2026-10-09T23:29:10.4870495Z Hint: The binding can be removed (if unused) or named `_` (if used implicitly). Alternatively, prefix the name with `_` to silence this warning:
2026-10-09T23:29:10.4871072Z   [apply] _cutoff
2026-10-09T23:29:10.4871198Z 
2026-10-09T23:29:10.4871499Z Note: This linter can be disabled with `set_option linter.unusedVariables false`
2026-10-09T23:29:10.4872196Z warning: packages/core/src/Ps/Core/Subst.lean:20:11: Variable name `cutoff` is not explicitly referenced.
2026-10-09T23:29:10.4872561Z 
2026-10-09T23:29:10.4873090Z Hint: The binding can be removed (if unused) or named `_` (if used implicitly). Alternatively, prefix the name with `_` to silence this warning:
2026-10-09T23:29:10.4873659Z   [apply] _cutoff
2026-10-09T23:29:10.4873780Z 
2026-10-09T23:29:10.4874219Z Note: This linter can be disabled with `set_option linter.unusedVariables false`
2026-10-09T23:29:10.4874912Z warning: packages/core/src/Ps/Core/Subst.lean:66:11: Variable name `cutoff` is not explicitly referenced.
2026-10-09T23:29:10.4875278Z 
2026-10-09T23:29:10.4875801Z Hint: The binding can be removed (if unused) or named `_` (if used implicitly). Alternatively, prefix the name with `_` to silence this warning:
2026-10-09T23:29:10.4876362Z   [apply] _cutoff
2026-10-09T23:29:10.4876483Z 
2026-10-09T23:29:10.4876772Z Note: This linter can be disabled with `set_option linter.unusedVariables false`
2026-10-09T23:29:10.4877652Z warning: packages/core/src/Ps/Core/Subst.lean:94:11: Variable name `depth` is not explicitly referenced.
2026-10-09T23:29:10.4878133Z 
2026-10-09T23:29:10.4878665Z Hint: The binding can be removed (if unused) or named `_` (if used implicitly). Alternatively, prefix the name with `_` to silence this warning:
2026-10-09T23:29:10.4879378Z   [apply] _depth
2026-10-09T23:29:10.4879515Z 
2026-10-09T23:29:10.4879819Z Note: This linter can be disabled with `set_option linter.unusedVariables false`
2026-10-09T23:29:10.4880517Z warning: packages/core/src/Ps/Core/Subst.lean:96:11: Variable name `depth` is not explicitly referenced.
2026-10-09T23:29:10.4880889Z 
2026-10-09T23:29:10.4881405Z Hint: The binding can be removed (if unused) or named `_` (if used implicitly). Alternatively, prefix the name with `_` to silence this warning:
2026-10-09T23:29:10.4881968Z   [apply] _depth
2026-10-09T23:29:10.4882098Z 
2026-10-09T23:29:10.4882386Z Note: This linter can be disabled with `set_option linter.unusedVariables false`
2026-10-09T23:29:10.4883070Z warning: packages/core/src/Ps/Core/Subst.lean:98:11: Variable name `depth` is not explicitly referenced.
2026-10-09T23:29:10.4883435Z 
2026-10-09T23:29:10.4883946Z Hint: The binding can be removed (if unused) or named `_` (if used implicitly). Alternatively, prefix the name with `_` to silence this warning:
2026-10-09T23:29:10.4884509Z   [apply] _depth
2026-10-09T23:29:10.4884639Z 
2026-10-09T23:29:10.4884916Z Note: This linter can be disabled with `set_option linter.unusedVariables false`
2026-10-09T23:29:10.4885605Z warning: packages/core/src/Ps/Core/Subst.lean:100:11: Variable name `depth` is not explicitly referenced.
2026-10-09T23:29:10.4885984Z 
2026-10-09T23:29:10.4886492Z Hint: The binding can be removed (if unused) or named `_` (if used implicitly). Alternatively, prefix the name with `_` to silence this warning:
2026-10-09T23:29:10.4887076Z   [apply] _depth
2026-10-09T23:29:10.4887197Z 
2026-10-09T23:29:10.4887693Z Note: This linter can be disabled with `set_option linter.unusedVariables false`
2026-10-09T23:29:10.4888388Z warning: packages/core/src/Ps/Core/Subst.lean:146:11: Variable name `depth` is not explicitly referenced.
2026-10-09T23:29:10.4888761Z 
2026-10-09T23:29:10.4889283Z Hint: The binding can be removed (if unused) or named `_` (if used implicitly). Alternatively, prefix the name with `_` to silence this warning:
2026-10-09T23:29:10.4889850Z   [apply] _depth
2026-10-09T23:29:10.4889973Z 
2026-10-09T23:29:10.4890263Z Note: This linter can be disabled with `set_option linter.unusedVariables false`
2026-10-09T23:29:10.4890815Z ⚠ [23/96] Replayed Ps.Core.LevelSubst
2026-10-09T23:29:10.4891434Z warning: packages/core/src/Ps/Core/LevelSubst.lean:8:11: Variable name `arguments` is not explicitly referenced.
2026-10-09T23:29:10.4891851Z 
2026-10-09T23:29:10.4892380Z Hint: The binding can be removed (if unused) or named `_` (if used implicitly). Alternatively, prefix the name with `_` to silence this warning:
2026-10-09T23:29:10.4892935Z   [apply] _arguments
2026-10-09T23:29:10.4893080Z 
2026-10-09T23:29:10.4893369Z Note: This linter can be disabled with `set_option linter.unusedVariables false`
2026-10-09T23:29:10.4894077Z warning: packages/core/src/Ps/Core/LevelSubst.lean:9:13: Variable name `target` is not explicitly referenced.
2026-10-09T23:29:10.4894484Z 
2026-10-09T23:29:10.4895142Z Hint: The binding can be removed (if unused) or named `_` (if used implicitly). Alternatively, prefix the name with `_` to silence this warning:
2026-10-09T23:29:10.4895714Z   [apply] _target
2026-10-09T23:29:10.4895847Z 
2026-10-09T23:29:10.4896147Z Note: This linter can be disabled with `set_option linter.unusedVariables false`
2026-10-09T23:29:10.4896660Z ⚠ [24/96] Replayed Ps.Meta.LevelContext
2026-10-09T23:29:10.4897318Z warning: packages/meta/src/Ps/Meta/LevelContext.lean:59:4: Variable name `assignment` is not explicitly referenced.
2026-10-09T23:29:10.4897948Z 
2026-10-09T23:29:10.4898486Z Hint: The binding can be removed (if unused) or named `_` (if used implicitly). Alternatively, prefix the name with `_` to silence this warning:
2026-10-09T23:29:10.4899057Z   [apply] _assignment
2026-10-09T23:29:10.4899195Z 
2026-10-09T23:29:10.4899489Z Note: This linter can be disabled with `set_option linter.unusedVariables false`
2026-10-09T23:29:10.4900102Z ⚠ [29/96] Replayed Ps.Meta.Unify
2026-10-09T23:29:10.4914891Z warning: packages/meta/src/Ps/Meta/Unify.lean:90:11: Variable name `environment` is not explicitly referenced.
2026-10-09T23:29:10.4915405Z 
2026-10-09T23:29:10.4915989Z Hint: The binding can be removed (if unused) or named `_` (if used implicitly). Alternatively, prefix the name with `_` to silence this warning:
2026-10-09T23:29:10.4916592Z   [apply] _environment
2026-10-09T23:29:10.4916749Z 
2026-10-09T23:29:10.4917070Z Note: This linter can be disabled with `set_option linter.unusedVariables false`
2026-10-09T23:29:10.4918208Z warning: packages/meta/src/Ps/Meta/Unify.lean:91:11: Variable name `localContext` is not explicitly referenced.
2026-10-09T23:29:10.4918891Z 
2026-10-09T23:29:10.4919742Z Hint: The binding can be removed (if unused) or named `_` (if used implicitly). Alternatively, prefix the name with `_` to silence this warning:
2026-10-09T23:29:10.4920624Z   [apply] _localContext
2026-10-09T23:29:10.4920856Z 
2026-10-09T23:29:10.4921388Z Note: This linter can be disabled with `set_option linter.unusedVariables false`
2026-10-09T23:29:10.4922614Z warning: packages/meta/src/Ps/Meta/Unify.lean:93:11: Variable name `left` is not explicitly referenced.
2026-10-09T23:29:10.4923298Z 
2026-10-09T23:29:10.4924299Z Hint: The binding can be removed (if unused) or named `_` (if used implicitly). Alternatively, prefix the name with `_` to silence this warning:
2026-10-09T23:29:10.4925336Z   [apply] _left
2026-10-09T23:29:10.4925571Z 
2026-10-09T23:29:10.4926090Z Note: This linter can be disabled with `set_option linter.unusedVariables false`
2026-10-09T23:29:10.4927284Z warning: packages/meta/src/Ps/Meta/Unify.lean:94:11: Variable name `right` is not explicitly referenced.
2026-10-09T23:29:10.4928070Z 
2026-10-09T23:29:10.4929002Z Hint: The binding can be removed (if unused) or named `_` (if used implicitly). Alternatively, prefix the name with `_` to silence this warning:
2026-10-09T23:29:10.4929974Z   [apply] _right
2026-10-09T23:29:10.4930196Z 
2026-10-09T23:29:10.4930703Z Note: This linter can be disabled with `set_option linter.unusedVariables false`
2026-10-09T23:29:10.4931953Z warning: packages/meta/src/Ps/Meta/Unify.lean:178:17: Variable name `leftName` is not explicitly referenced.
2026-10-09T23:29:10.4932651Z 
2026-10-09T23:29:10.4933588Z Hint: The binding can be removed (if unused) or named `_` (if used implicitly). Alternatively, prefix the name with `_` to silence this warning:
2026-10-09T23:29:10.4934563Z   [apply] _leftName
2026-10-09T23:29:10.4934782Z 
2026-10-09T23:29:10.4935286Z Note: This linter can be disabled with `set_option linter.unusedVariables false`
2026-10-09T23:29:10.4936490Z warning: packages/meta/src/Ps/Meta/Unify.lean:207:21: Variable name `leftName` is not explicitly referenced.
2026-10-09T23:29:10.4937175Z 
2026-10-09T23:29:10.4938263Z Hint: The binding can be removed (if unused) or named `_` (if used implicitly). Alternatively, prefix the name with `_` to silence this warning:
2026-10-09T23:29:10.4939261Z   [apply] _leftName
2026-10-09T23:29:10.4939485Z 
2026-10-09T23:29:10.4940281Z Note: This linter can be disabled with `set_option linter.unusedVariables false`
2026-10-09T23:29:10.4941252Z ⚠ [32/96] Replayed Ps.Elab.Literal
2026-10-09T23:29:10.4942278Z warning: packages/elab/src/Ps/Elab/Literal.lean:166:11: Variable name `chars` is not explicitly referenced.
2026-10-09T23:29:10.4942965Z 
2026-10-09T23:29:10.4943932Z Hint: The binding can be removed (if unused) or named `_` (if used implicitly). Alternatively, prefix the name with `_` to silence this warning:
2026-10-09T23:29:10.4944939Z   [apply] _chars
2026-10-09T23:29:10.4945161Z 
2026-10-09T23:29:10.4945671Z Note: This linter can be disabled with `set_option linter.unusedVariables false`
2026-10-09T23:29:10.4946951Z warning: packages/elab/src/Ps/Elab/Literal.lean:167:13: Variable name `charsRev` is not explicitly referenced.
2026-10-09T23:29:10.4947859Z 
2026-10-09T23:29:10.4948869Z Hint: The binding can be removed (if unused) or named `_` (if used implicitly). Alternatively, prefix the name with `_` to silence this warning:
2026-10-09T23:29:10.4950206Z   [apply] _charsRev
2026-10-09T23:29:10.4950463Z 
2026-10-09T23:29:10.4951048Z Note: This linter can be disabled with `set_option linter.unusedVariables false`
2026-10-09T23:29:10.4952010Z ⚠ [33/96] Replayed Ps.Elab.Term
2026-10-09T23:29:10.4953144Z warning: packages/elab/src/Ps/Elab/Term.lean:2890:11: Variable name `context` is not explicitly referenced.
2026-10-09T23:29:10.4953916Z 
2026-10-09T23:29:10.4955051Z Hint: The binding can be removed (if unused) or named `_` (if used implicitly). Alternatively, prefix the name with `_` to silence this warning:
2026-10-09T23:29:10.4956179Z   [apply] _context
2026-10-09T23:29:10.4956447Z 
2026-10-09T23:29:10.4957044Z Note: This linter can be disabled with `set_option linter.unusedVariables false`
2026-10-09T23:29:10.4958618Z warning: packages/elab/src/Ps/Elab/Term.lean:2891:13: Variable name `recursion` is not explicitly referenced.
2026-10-09T23:29:10.4959389Z 
2026-10-09T23:29:10.4960415Z Hint: The binding can be removed (if unused) or named `_` (if used implicitly). Alternatively, prefix the name with `_` to silence this warning:
2026-10-09T23:29:10.4961434Z   [apply] _recursion
2026-10-09T23:29:10.4961660Z 
2026-10-09T23:29:10.4962195Z Note: This linter can be disabled with `set_option linter.unusedVariables false`
2026-10-09T23:29:10.4963461Z warning: packages/elab/src/Ps/Elab/Term.lean:2892:15: Variable name `index` is not explicitly referenced.
2026-10-09T23:29:10.4964152Z 
2026-10-09T23:29:10.4965122Z Hint: The binding can be removed (if unused) or named `_` (if used implicitly). Alternatively, prefix the name with `_` to silence this warning:
2026-10-09T23:29:10.4966135Z   [apply] _index
2026-10-09T23:29:10.4966338Z 
2026-10-09T23:29:10.4966865Z Note: This linter can be disabled with `set_option linter.unusedVariables false`
2026-10-09T23:29:10.4967865Z ⚠ [39/96] Replayed Ps.Erasure.Expr
2026-10-09T23:29:10.4968939Z warning: packages/erasure/src/Ps/Erasure/Expr.lean:1074:21: Variable name `name` is not explicitly referenced.
2026-10-09T23:29:10.4969676Z 
2026-10-09T23:29:10.4970671Z Hint: The binding can be removed (if unused) or named `_` (if used implicitly). Alternatively, prefix the name with `_` to silence this warning:
2026-10-09T23:29:10.4971672Z   [apply] _name
2026-10-09T23:29:10.4971882Z 
2026-10-09T23:29:10.4972409Z Note: This linter can be disabled with `set_option linter.unusedVariables false`
2026-10-09T23:29:10.4973245Z ⚠ [46/96] Replayed Ps.BackendTs.Expr
2026-10-09T23:29:10.4974422Z warning: packages/backend-ts/src/Ps/BackendTs/Expr.lean:631:32: Variable name `fieldName` is not explicitly referenced.
2026-10-09T23:29:10.4975211Z 
2026-10-09T23:29:10.4976202Z Hint: The binding can be removed (if unused) or named `_` (if used implicitly). Alternatively, prefix the name with `_` to silence this warning:
2026-10-09T23:29:10.4977216Z   [apply] _fieldName
2026-10-09T23:29:10.4977553Z 
2026-10-09T23:29:10.4978088Z Note: This linter can be disabled with `set_option linter.unusedVariables false`
2026-10-09T23:29:10.5007113Z PSC1_ERASURE_PASS: dual-source Lean-native identity
2026-10-09T23:29:10.5008226Z PSC1_ERASURE_PASS: dual-source Lean-native generic identity
2026-10-09T23:29:10.5008968Z PSC1_ERASURE_PASS: dual-source Lean-native let
2026-10-09T23:29:10.5009623Z PSC1_ERASURE_PASS: dual-source Lean-native if
2026-10-09T23:29:10.5010328Z PSC1_ERASURE_PASS: dual-source Lean-native Maybe match
2026-10-09T23:29:10.5011318Z PSC1_ERASURE_PASS: dual-source Lean-native structure projection
2026-10-09T23:29:10.5012198Z PSC1_ERASURE_PASS: dual-source Lean-native structural recursion
2026-10-09T23:29:10.5012940Z PSC1_ERASURE_PASS: dual-source Lean-native Int
2026-10-09T23:29:10.5013643Z PSC1_ERASURE_PASS: dual-source Lean-native Array basics
2026-10-09T23:29:10.5014370Z PSC1_ERASURE_PASS: dual-source Lean-native Array map
2026-10-09T23:29:10.5015090Z PSC1_ERASURE_PASS: dual-source Lean-native Array foldl
2026-10-09T23:29:10.5015885Z PSC1_ERASURE_PASS: dual-source Lean-native Array higher-order
2026-10-09T23:29:10.5016921Z PSC1_ERASURE_PASS: dual-source Lean-native partial application
2026-10-09T23:29:10.5017897Z PSC1_ERASURE_PASS: dual-source Lean-native text primitives
2026-10-09T23:29:10.5018778Z PSC1_ERASURE_PASS: dual-source Lean-native String raw-position bridge
2026-10-09T23:29:10.5019694Z PSC1_ERASURE_PASS: dual-source Lean-native controlled partial def
2026-10-09T23:29:10.5020344Z PSC1_ERASURE_TESTS: PASS
2026-10-09T23:29:10.5429541Z ##[group]Run lake build psc2_lean_checked_seed
2026-10-09T23:29:10.5429966Z [36;1mlake build psc2_lean_checked_seed[0m
2026-10-09T23:29:10.5512320Z shell: /usr/bin/bash -e {0}
2026-10-09T23:29:10.5512620Z env:
2026-10-09T23:29:10.5513040Z   PSC0_TSC: /home/runner/work/_temp/psc0-typescript-7.0.2/node_modules/typescript/bin/tsc
2026-10-09T23:29:10.5513538Z   PSC0_TYPESCRIPT_VERSION: 7.0.2
2026-10-09T23:29:10.5513839Z ##[endgroup]
2026-10-09T23:29:11.1093831Z info: psc2LeanChecked: no previous manifest, creating one from scratch
2026-10-09T23:29:11.1094796Z info: updating toolchain to 'leanprover/lean4:v4.34.0'
2026-10-09T23:29:11.1095412Z info: restarting Lake via Elan
2026-10-09T23:29:11.4738921Z info: psc2LeanChecked: no previous manifest, creating one from scratch
2026-10-09T23:29:11.4739776Z info: toolchain not updated; already up-to-date
2026-10-09T23:29:12.4546200Z ⚠ [4/145] Replayed Ps.Syntax.Cursor
2026-10-09T23:29:12.4547690Z warning: packages/syntax/src/Ps/Syntax/Cursor.lean:51:14: Variable name `head` is not explicitly referenced.
2026-10-09T23:29:12.4548400Z 
2026-10-09T23:29:12.4549365Z Hint: The binding can be removed (if unused) or named `_` (if used implicitly). Alternatively, prefix the name with `_` to silence this warning:
2026-10-09T23:29:12.4550363Z   [apply] _head
2026-10-09T23:29:12.4550570Z 
2026-10-09T23:29:12.4551079Z Note: This linter can be disabled with `set_option linter.unusedVariables false`
2026-10-09T23:29:12.4552330Z warning: packages/syntax/src/Ps/Syntax/Cursor.lean:51:19: Variable name `tail` is not explicitly referenced.
2026-10-09T23:29:12.4552992Z 
2026-10-09T23:29:12.4553527Z Hint: The binding can be removed (if unused) or named `_` (if used implicitly). Alternatively, prefix the name with `_` to silence this warning:
2026-10-09T23:29:12.4554122Z   [apply] _tail
2026-10-09T23:29:12.4554262Z 
2026-10-09T23:29:12.4554565Z Note: This linter can be disabled with `set_option linter.unusedVariables false`
2026-10-09T23:29:12.4555308Z warning: packages/syntax/src/Ps/Syntax/Cursor.lean:56:19: Variable name `rest` is not explicitly referenced.
2026-10-09T23:29:12.4555724Z 
2026-10-09T23:29:12.4556257Z Hint: The binding can be removed (if unused) or named `_` (if used implicitly). Alternatively, prefix the name with `_` to silence this warning:
2026-10-09T23:29:12.4556836Z   [apply] _rest
2026-10-09T23:29:12.4556975Z 
2026-10-09T23:29:12.4557277Z Note: This linter can be disabled with `set_option linter.unusedVariables false`
2026-10-09T23:29:12.4558148Z warning: packages/syntax/src/Ps/Syntax/Cursor.lean:89:14: Variable name `first` is not explicitly referenced.
2026-10-09T23:29:12.4558565Z 
2026-10-09T23:29:12.4559116Z Hint: The binding can be removed (if unused) or named `_` (if used implicitly). Alternatively, prefix the name with `_` to silence this warning:
2026-10-09T23:29:12.4559698Z   [apply] _first
2026-10-09T23:29:12.4559835Z 
2026-10-09T23:29:12.4560137Z Note: This linter can be disabled with `set_option linter.unusedVariables false`
2026-10-09T23:29:12.4560886Z warning: packages/syntax/src/Ps/Syntax/Cursor.lean:92:25: Variable name `tail` is not explicitly referenced.
2026-10-09T23:29:12.4561301Z 
2026-10-09T23:29:12.4561856Z Hint: The binding can be removed (if unused) or named `_` (if used implicitly). Alternatively, prefix the name with `_` to silence this warning:
2026-10-09T23:29:12.4562462Z   [apply] _tail
2026-10-09T23:29:12.4562602Z 
2026-10-09T23:29:12.4562911Z Note: This linter can be disabled with `set_option linter.unusedVariables false`
2026-10-09T23:29:12.4563465Z ⚠ [6/145] Replayed Ps.Syntax.Lexer
2026-10-09T23:29:12.4564505Z warning: packages/syntax/src/Ps/Syntax/Lexer.lean:89:11: Variable name `depth` is not explicitly referenced.
2026-10-09T23:29:12.4564919Z 
2026-10-09T23:29:12.4565478Z Hint: The binding can be removed (if unused) or named `_` (if used implicitly). Alternatively, prefix the name with `_` to silence this warning:
2026-10-09T23:29:12.4566069Z   [apply] _depth
2026-10-09T23:29:12.4566207Z 
2026-10-09T23:29:12.4566730Z Note: This linter can be disabled with `set_option linter.unusedVariables false`
2026-10-09T23:29:12.4567595Z warning: packages/syntax/src/Ps/Syntax/Lexer.lean:89:25: Variable name `remaining` is not explicitly referenced.
2026-10-09T23:29:12.4568015Z 
2026-10-09T23:29:12.4568554Z Hint: The binding can be removed (if unused) or named `_` (if used implicitly). Alternatively, prefix the name with `_` to silence this warning:
2026-10-09T23:29:12.4569123Z   [apply] _remaining
2026-10-09T23:29:12.4569272Z 
2026-10-09T23:29:12.4569569Z Note: This linter can be disabled with `set_option linter.unusedVariables false`
2026-10-09T23:29:12.4570328Z warning: packages/syntax/src/Ps/Syntax/Lexer.lean:406:11: Variable name `remaining` is not explicitly referenced.
2026-10-09T23:29:12.4570739Z 
2026-10-09T23:29:12.4571292Z Hint: The binding can be removed (if unused) or named `_` (if used implicitly). Alternatively, prefix the name with `_` to silence this warning:
2026-10-09T23:29:12.4571867Z   [apply] _remaining
2026-10-09T23:29:12.4572007Z 
2026-10-09T23:29:12.4572307Z Note: This linter can be disabled with `set_option linter.unusedVariables false`
2026-10-09T23:29:12.4573035Z warning: packages/syntax/src/Ps/Syntax/Lexer.lean:406:82: Variable name `charsRev` is not explicitly referenced.
2026-10-09T23:29:12.4573434Z 
2026-10-09T23:29:12.4573959Z Hint: The binding can be removed (if unused) or named `_` (if used implicitly). Alternatively, prefix the name with `_` to silence this warning:
2026-10-09T23:29:12.4574515Z   [apply] _charsRev
2026-10-09T23:29:12.4574657Z 
2026-10-09T23:29:12.4574967Z Note: This linter can be disabled with `set_option linter.unusedVariables false`
2026-10-09T23:29:12.4575502Z ⚠ [9/145] Replayed Ps.Syntax.ParserState
2026-10-09T23:29:12.4576165Z warning: packages/syntax/src/Ps/Syntax/ParserState.lean:30:20: Variable name `rest` is not explicitly referenced.
2026-10-09T23:29:12.4576589Z 
2026-10-09T23:29:12.4577139Z Hint: The binding can be removed (if unused) or named `_` (if used implicitly). Alternatively, prefix the name with `_` to silence this warning:
2026-10-09T23:29:12.4577827Z   [apply] _rest
2026-10-09T23:29:12.4577954Z 
2026-10-09T23:29:12.4578258Z Note: This linter can be disabled with `set_option linter.unusedVariables false`
2026-10-09T23:29:12.4578760Z ⚠ [21/145] Replayed Ps.Core.Abstract
2026-10-09T23:29:12.4579372Z warning: packages/core/src/Ps/Core/Abstract.lean:8:11: Variable name `depth` is not explicitly referenced.
2026-10-09T23:29:12.4579771Z 
2026-10-09T23:29:12.4580303Z Hint: The binding can be removed (if unused) or named `_` (if used implicitly). Alternatively, prefix the name with `_` to silence this warning:
2026-10-09T23:29:12.4580876Z   [apply] _depth
2026-10-09T23:29:12.4581010Z 
2026-10-09T23:29:12.4581309Z Note: This linter can be disabled with `set_option linter.unusedVariables false`
2026-10-09T23:29:12.4582016Z warning: packages/core/src/Ps/Core/Abstract.lean:16:11: Variable name `depth` is not explicitly referenced.
2026-10-09T23:29:12.4582404Z 
2026-10-09T23:29:12.4582928Z Hint: The binding can be removed (if unused) or named `_` (if used implicitly). Alternatively, prefix the name with `_` to silence this warning:
2026-10-09T23:29:12.4583481Z   [apply] _depth
2026-10-09T23:29:12.4583609Z 
2026-10-09T23:29:12.4583901Z Note: This linter can be disabled with `set_option linter.unusedVariables false`
2026-10-09T23:29:12.4584593Z warning: packages/core/src/Ps/Core/Abstract.lean:18:11: Variable name `depth` is not explicitly referenced.
2026-10-09T23:29:12.4584977Z 
2026-10-09T23:29:12.4585499Z Hint: The binding can be removed (if unused) or named `_` (if used implicitly). Alternatively, prefix the name with `_` to silence this warning:
2026-10-09T23:29:12.4586240Z   [apply] _depth
2026-10-09T23:29:12.4586371Z 
2026-10-09T23:29:12.4586671Z Note: This linter can be disabled with `set_option linter.unusedVariables false`
2026-10-09T23:29:12.4587539Z warning: packages/core/src/Ps/Core/Abstract.lean:20:11: Variable name `depth` is not explicitly referenced.
2026-10-09T23:29:12.4588187Z 
2026-10-09T23:29:12.4588734Z Hint: The binding can be removed (if unused) or named `_` (if used implicitly). Alternatively, prefix the name with `_` to silence this warning:
2026-10-09T23:29:12.4589304Z   [apply] _depth
2026-10-09T23:29:12.4589436Z 
2026-10-09T23:29:12.4589738Z Note: This linter can be disabled with `set_option linter.unusedVariables false`
2026-10-09T23:29:12.4590454Z warning: packages/core/src/Ps/Core/Abstract.lean:66:11: Variable name `depth` is not explicitly referenced.
2026-10-09T23:29:12.4590845Z 
2026-10-09T23:29:12.4591371Z Hint: The binding can be removed (if unused) or named `_` (if used implicitly). Alternatively, prefix the name with `_` to silence this warning:
2026-10-09T23:29:12.4591938Z   [apply] _depth
2026-10-09T23:29:12.4592076Z 
2026-10-09T23:29:12.4592369Z Note: This linter can be disabled with `set_option linter.unusedVariables false`
2026-10-09T23:29:12.4592869Z ⚠ [22/145] Replayed Ps.Core.Subst
2026-10-09T23:29:12.4593462Z warning: packages/core/src/Ps/Core/Subst.lean:14:11: Variable name `cutoff` is not explicitly referenced.
2026-10-09T23:29:12.4593840Z 
2026-10-09T23:29:12.4594369Z Hint: The binding can be removed (if unused) or named `_` (if used implicitly). Alternatively, prefix the name with `_` to silence this warning:
2026-10-09T23:29:12.4594938Z   [apply] _cutoff
2026-10-09T23:29:12.4595069Z 
2026-10-09T23:29:12.4595372Z Note: This linter can be disabled with `set_option linter.unusedVariables false`
2026-10-09T23:29:12.4596063Z warning: packages/core/src/Ps/Core/Subst.lean:16:11: Variable name `cutoff` is not explicitly referenced.
2026-10-09T23:29:12.4596433Z 
2026-10-09T23:29:12.4596958Z Hint: The binding can be removed (if unused) or named `_` (if used implicitly). Alternatively, prefix the name with `_` to silence this warning:
2026-10-09T23:29:12.4597629Z   [apply] _cutoff
2026-10-09T23:29:12.4597751Z 
2026-10-09T23:29:12.4598043Z Note: This linter can be disabled with `set_option linter.unusedVariables false`
2026-10-09T23:29:12.4598727Z warning: packages/core/src/Ps/Core/Subst.lean:18:11: Variable name `cutoff` is not explicitly referenced.
2026-10-09T23:29:12.4599097Z 
2026-10-09T23:29:12.4599616Z Hint: The binding can be removed (if unused) or named `_` (if used implicitly). Alternatively, prefix the name with `_` to silence this warning:
2026-10-09T23:29:12.4600177Z   [apply] _cutoff
2026-10-09T23:29:12.4600304Z 
2026-10-09T23:29:12.4600588Z Note: This linter can be disabled with `set_option linter.unusedVariables false`
2026-10-09T23:29:12.4601287Z warning: packages/core/src/Ps/Core/Subst.lean:20:11: Variable name `cutoff` is not explicitly referenced.
2026-10-09T23:29:12.4601675Z 
2026-10-09T23:29:12.4602196Z Hint: The binding can be removed (if unused) or named `_` (if used implicitly). Alternatively, prefix the name with `_` to silence this warning:
2026-10-09T23:29:12.4602769Z   [apply] _cutoff
2026-10-09T23:29:12.4602904Z 
2026-10-09T23:29:12.4603212Z Note: This linter can be disabled with `set_option linter.unusedVariables false`
2026-10-09T23:29:12.4603922Z warning: packages/core/src/Ps/Core/Subst.lean:66:11: Variable name `cutoff` is not explicitly referenced.
2026-10-09T23:29:12.4604304Z 
2026-10-09T23:29:12.4604833Z Hint: The binding can be removed (if unused) or named `_` (if used implicitly). Alternatively, prefix the name with `_` to silence this warning:
2026-10-09T23:29:12.4605398Z   [apply] _cutoff
2026-10-09T23:29:12.4605529Z 
2026-10-09T23:29:12.4605823Z Note: This linter can be disabled with `set_option linter.unusedVariables false`
2026-10-09T23:29:12.4606515Z warning: packages/core/src/Ps/Core/Subst.lean:94:11: Variable name `depth` is not explicitly referenced.
2026-10-09T23:29:12.4607058Z 
2026-10-09T23:29:12.4607699Z Hint: The binding can be removed (if unused) or named `_` (if used implicitly). Alternatively, prefix the name with `_` to silence this warning:
2026-10-09T23:29:12.4608279Z   [apply] _depth
2026-10-09T23:29:12.4608411Z 
2026-10-09T23:29:12.4608832Z Note: This linter can be disabled with `set_option linter.unusedVariables false`
2026-10-09T23:29:12.4609541Z warning: packages/core/src/Ps/Core/Subst.lean:96:11: Variable name `depth` is not explicitly referenced.
2026-10-09T23:29:12.4609918Z 
2026-10-09T23:29:12.4610446Z Hint: The binding can be removed (if unused) or named `_` (if used implicitly). Alternatively, prefix the name with `_` to silence this warning:
2026-10-09T23:29:12.4611004Z   [apply] _depth
2026-10-09T23:29:12.4611137Z 
2026-10-09T23:29:12.4611432Z Note: This linter can be disabled with `set_option linter.unusedVariables false`
2026-10-09T23:29:12.4612117Z warning: packages/core/src/Ps/Core/Subst.lean:98:11: Variable name `depth` is not explicitly referenced.
2026-10-09T23:29:12.4612495Z 
2026-10-09T23:29:12.4613023Z Hint: The binding can be removed (if unused) or named `_` (if used implicitly). Alternatively, prefix the name with `_` to silence this warning:
2026-10-09T23:29:12.4613579Z   [apply] _depth
2026-10-09T23:29:12.4613705Z 
2026-10-09T23:29:12.4613999Z Note: This linter can be disabled with `set_option linter.unusedVariables false`
2026-10-09T23:29:12.4614715Z warning: packages/core/src/Ps/Core/Subst.lean:100:11: Variable name `depth` is not explicitly referenced.
2026-10-09T23:29:12.4615090Z 
2026-10-09T23:29:12.4615611Z Hint: The binding can be removed (if unused) or named `_` (if used implicitly). Alternatively, prefix the name with `_` to silence this warning:
2026-10-09T23:29:12.4616169Z   [apply] _depth
2026-10-09T23:29:12.4616286Z 
2026-10-09T23:29:12.4616577Z Note: This linter can be disabled with `set_option linter.unusedVariables false`
2026-10-09T23:29:12.4617264Z warning: packages/core/src/Ps/Core/Subst.lean:146:11: Variable name `depth` is not explicitly referenced.
2026-10-09T23:29:12.4617743Z 
2026-10-09T23:29:12.4618284Z Hint: The binding can be removed (if unused) or named `_` (if used implicitly). Alternatively, prefix the name with `_` to silence this warning:
2026-10-09T23:29:12.4618854Z   [apply] _depth
2026-10-09T23:29:12.4618981Z 
2026-10-09T23:29:12.4619291Z Note: This linter can be disabled with `set_option linter.unusedVariables false`
2026-10-09T23:29:12.4619812Z ⚠ [33/145] Replayed Ps.Core.LevelSubst
2026-10-09T23:29:12.4620440Z warning: packages/core/src/Ps/Core/LevelSubst.lean:8:11: Variable name `arguments` is not explicitly referenced.
2026-10-09T23:29:12.4620849Z 
2026-10-09T23:29:12.4621374Z Hint: The binding can be removed (if unused) or named `_` (if used implicitly). Alternatively, prefix the name with `_` to silence this warning:
2026-10-09T23:29:12.4621937Z   [apply] _arguments
2026-10-09T23:29:12.4622082Z 
2026-10-09T23:29:12.4622384Z Note: This linter can be disabled with `set_option linter.unusedVariables false`
2026-10-09T23:29:12.4623101Z warning: packages/core/src/Ps/Core/LevelSubst.lean:9:13: Variable name `target` is not explicitly referenced.
2026-10-09T23:29:12.4623502Z 
2026-10-09T23:29:12.4624025Z Hint: The binding can be removed (if unused) or named `_` (if used implicitly). Alternatively, prefix the name with `_` to silence this warning:
2026-10-09T23:29:12.4624588Z   [apply] _target
2026-10-09T23:29:12.4624722Z 
2026-10-09T23:29:12.4625015Z Note: This linter can be disabled with `set_option linter.unusedVariables false`
2026-10-09T23:29:12.4625508Z ⚠ [34/145] Replayed Ps.Meta.LevelContext
2026-10-09T23:29:12.4626167Z warning: packages/meta/src/Ps/Meta/LevelContext.lean:59:4: Variable name `assignment` is not explicitly referenced.
2026-10-09T23:29:12.4626590Z 
2026-10-09T23:29:12.4627120Z Hint: The binding can be removed (if unused) or named `_` (if used implicitly). Alternatively, prefix the name with `_` to silence this warning:
2026-10-09T23:29:12.4628077Z   [apply] _assignment
2026-10-09T23:29:12.4628222Z 
2026-10-09T23:29:12.4628525Z Note: This linter can be disabled with `set_option linter.unusedVariables false`
2026-10-09T23:29:12.4629031Z ⚠ [39/145] Replayed Ps.Meta.Unify
2026-10-09T23:29:12.4629635Z warning: packages/meta/src/Ps/Meta/Unify.lean:90:11: Variable name `environment` is not explicitly referenced.
2026-10-09T23:29:12.4630033Z 
2026-10-09T23:29:12.4630685Z Hint: The binding can be removed (if unused) or named `_` (if used implicitly). Alternatively, prefix the name with `_` to silence this warning:
2026-10-09T23:29:12.4631266Z   [apply] _environment
2026-10-09T23:29:12.4631412Z 
2026-10-09T23:29:12.4631707Z Note: This linter can be disabled with `set_option linter.unusedVariables false`
2026-10-09T23:29:12.4632437Z warning: packages/meta/src/Ps/Meta/Unify.lean:91:11: Variable name `localContext` is not explicitly referenced.
2026-10-09T23:29:12.4632839Z 
2026-10-09T23:29:12.4633370Z Hint: The binding can be removed (if unused) or named `_` (if used implicitly). Alternatively, prefix the name with `_` to silence this warning:
2026-10-09T23:29:12.4633951Z   [apply] _localContext
2026-10-09T23:29:12.4634105Z 
2026-10-09T23:29:12.4634403Z Note: This linter can be disabled with `set_option linter.unusedVariables false`
2026-10-09T23:29:12.4635106Z warning: packages/meta/src/Ps/Meta/Unify.lean:93:11: Variable name `left` is not explicitly referenced.
2026-10-09T23:29:12.4635485Z 
2026-10-09T23:29:12.4636020Z Hint: The binding can be removed (if unused) or named `_` (if used implicitly). Alternatively, prefix the name with `_` to silence this warning:
2026-10-09T23:29:12.4636589Z   [apply] _left
2026-10-09T23:29:12.4636718Z 
2026-10-09T23:29:12.4637020Z Note: This linter can be disabled with `set_option linter.unusedVariables false`
2026-10-09T23:29:12.4637835Z warning: packages/meta/src/Ps/Meta/Unify.lean:94:11: Variable name `right` is not explicitly referenced.
2026-10-09T23:29:12.4638220Z 
2026-10-09T23:29:12.4638756Z Hint: The binding can be removed (if unused) or named `_` (if used implicitly). Alternatively, prefix the name with `_` to silence this warning:
2026-10-09T23:29:12.4639313Z   [apply] _right
2026-10-09T23:29:12.4639448Z 
2026-10-09T23:29:12.4639753Z Note: This linter can be disabled with `set_option linter.unusedVariables false`
2026-10-09T23:29:12.4640482Z warning: packages/meta/src/Ps/Meta/Unify.lean:178:17: Variable name `leftName` is not explicitly referenced.
2026-10-09T23:29:12.4640879Z 
2026-10-09T23:29:12.4641411Z Hint: The binding can be removed (if unused) or named `_` (if used implicitly). Alternatively, prefix the name with `_` to silence this warning:
2026-10-09T23:29:12.4641979Z   [apply] _leftName
2026-10-09T23:29:12.4642117Z 
2026-10-09T23:29:12.4642412Z Note: This linter can be disabled with `set_option linter.unusedVariables false`
2026-10-09T23:29:12.4643122Z warning: packages/meta/src/Ps/Meta/Unify.lean:207:21: Variable name `leftName` is not explicitly referenced.
2026-10-09T23:29:12.4643515Z 
2026-10-09T23:29:12.4644046Z Hint: The binding can be removed (if unused) or named `_` (if used implicitly). Alternatively, prefix the name with `_` to silence this warning:
2026-10-09T23:29:12.4644603Z   [apply] _leftName
2026-10-09T23:29:12.4644737Z 
2026-10-09T23:29:12.4645043Z Note: This linter can be disabled with `set_option linter.unusedVariables false`
2026-10-09T23:29:12.4645537Z ⚠ [42/145] Replayed Ps.Elab.Literal
2026-10-09T23:29:12.4646142Z warning: packages/elab/src/Ps/Elab/Literal.lean:166:11: Variable name `chars` is not explicitly referenced.
2026-10-09T23:29:12.4646578Z 
2026-10-09T23:29:12.4647115Z Hint: The binding can be removed (if unused) or named `_` (if used implicitly). Alternatively, prefix the name with `_` to silence this warning:
2026-10-09T23:29:12.4647783Z   [apply] _chars
2026-10-09T23:29:12.4647925Z 
2026-10-09T23:29:12.4648227Z Note: This linter can be disabled with `set_option linter.unusedVariables false`
2026-10-09T23:29:12.4648971Z warning: packages/elab/src/Ps/Elab/Literal.lean:167:13: Variable name `charsRev` is not explicitly referenced.
2026-10-09T23:29:12.4649529Z 
2026-10-09T23:29:12.4650059Z Hint: The binding can be removed (if unused) or named `_` (if used implicitly). Alternatively, prefix the name with `_` to silence this warning:
2026-10-09T23:29:12.4650633Z   [apply] _charsRev
2026-10-09T23:29:12.4650771Z 
2026-10-09T23:29:12.4651173Z Note: This linter can be disabled with `set_option linter.unusedVariables false`
2026-10-09T23:29:12.4651666Z ⚠ [43/145] Replayed Ps.Elab.Term
2026-10-09T23:29:12.4652260Z warning: packages/elab/src/Ps/Elab/Term.lean:2890:11: Variable name `context` is not explicitly referenced.
2026-10-09T23:29:12.4652656Z 
2026-10-09T23:29:12.4653182Z Hint: The binding can be removed (if unused) or named `_` (if used implicitly). Alternatively, prefix the name with `_` to silence this warning:
2026-10-09T23:29:12.4653744Z   [apply] _context
2026-10-09T23:29:12.4653882Z 
2026-10-09T23:29:12.4654179Z Note: This linter can be disabled with `set_option linter.unusedVariables false`
2026-10-09T23:29:12.4654903Z warning: packages/elab/src/Ps/Elab/Term.lean:2891:13: Variable name `recursion` is not explicitly referenced.
2026-10-09T23:29:12.4655295Z 
2026-10-09T23:29:12.4655841Z Hint: The binding can be removed (if unused) or named `_` (if used implicitly). Alternatively, prefix the name with `_` to silence this warning:
2026-10-09T23:29:12.4656417Z   [apply] _recursion
2026-10-09T23:29:12.4656577Z 
2026-10-09T23:29:12.4656883Z Note: This linter can be disabled with `set_option linter.unusedVariables false`
2026-10-09T23:29:12.4657700Z warning: packages/elab/src/Ps/Elab/Term.lean:2892:15: Variable name `index` is not explicitly referenced.
2026-10-09T23:29:12.4658100Z 
2026-10-09T23:29:12.4658638Z Hint: The binding can be removed (if unused) or named `_` (if used implicitly). Alternatively, prefix the name with `_` to silence this warning:
2026-10-09T23:29:12.4659200Z   [apply] _index
2026-10-09T23:29:12.4659336Z 
2026-10-09T23:29:12.4659632Z Note: This linter can be disabled with `set_option linter.unusedVariables false`
2026-10-09T23:29:12.4660130Z ⚠ [48/145] Replayed Ps.Erasure.Expr
2026-10-09T23:29:12.4660752Z warning: packages/erasure/src/Ps/Erasure/Expr.lean:1074:21: Variable name `name` is not explicitly referenced.
2026-10-09T23:29:12.4661156Z 
2026-10-09T23:29:12.4661687Z Hint: The binding can be removed (if unused) or named `_` (if used implicitly). Alternatively, prefix the name with `_` to silence this warning:
2026-10-09T23:29:12.4662248Z   [apply] _name
2026-10-09T23:29:12.4662381Z 
2026-10-09T23:29:12.4662678Z Note: This linter can be disabled with `set_option linter.unusedVariables false`
2026-10-09T23:29:12.4663186Z ⚠ [55/145] Replayed Ps.BackendTs.Expr
2026-10-09T23:29:12.4663877Z warning: packages/backend-ts/src/Ps/BackendTs/Expr.lean:631:32: Variable name `fieldName` is not explicitly referenced.
2026-10-09T23:29:12.4664324Z 
2026-10-09T23:29:12.4664874Z Hint: The binding can be removed (if unused) or named `_` (if used implicitly). Alternatively, prefix the name with `_` to silence this warning:
2026-10-09T23:29:12.4665459Z   [apply] _fieldName
2026-10-09T23:29:12.4665614Z 
2026-10-09T23:29:12.4665924Z Note: This linter can be disabled with `set_option linter.unusedVariables false`
2026-10-09T23:29:12.4666435Z ⚠ [59/145] Replayed Ps.CompilerIr.Check
2026-10-09T23:29:12.4667130Z warning: packages/compiler-ir/src/Ps/CompilerIr/Check.lean:690:27: Variable name `scope` is not explicitly referenced.
2026-10-09T23:29:12.4667770Z 
2026-10-09T23:29:12.4668335Z Hint: The binding can be removed (if unused) or named `_` (if used implicitly). Alternatively, prefix the name with `_` to silence this warning:
2026-10-09T23:29:12.4668920Z   [apply] _scope
2026-10-09T23:29:12.4669057Z 
2026-10-09T23:29:12.4669361Z Note: This linter can be disabled with `set_option linter.unusedVariables false`
2026-10-09T23:29:12.7553339Z ✔ [131/145] Built PsKernelLean.Error (314ms)
2026-10-09T23:29:12.9555349Z ✔ [132/145] Built PsKernelLean.Error:c.o (191ms)
2026-10-09T23:29:13.6607102Z ✔ [133/145] Built PsKernelLean.Convert (958ms)
2026-10-09T23:29:13.9610649Z ✔ [134/145] Built PsKernelLean.Convert:c.o (300ms)
2026-10-09T23:29:14.8669329Z ✔ [135/145] Built PsKernelLean.Protocol (1.2s)
2026-10-09T23:29:14.8688845Z ✔ [136/145] Built PsKernelLean.Prelude (1.2s)
2026-10-09T23:29:15.3641830Z ✔ [137/145] Built PsKernelLean.Protocol:c.o (532ms)
2026-10-09T23:29:15.3642710Z ✔ [138/145] Built PsKernelLean.Prelude:c.o (529ms)
2026-10-09T23:29:15.9649238Z ✔ [139/145] Built PsKernelLean.Admission (1.1s)
2026-10-09T23:29:16.0650376Z ✔ [140/145] Built PsKernelLean.Admission:c.o (128ms)
2026-10-09T23:29:16.8661858Z ✔ [141/145] Built Ps.Host.LeanChecked (912ms)
2026-10-09T23:29:16.9650989Z ✔ [142/145] Built Ps.Host.LeanChecked:c.o (111ms)
2026-10-09T23:29:17.9661752Z ⚠ [143/145] Built LeanCheckedSeed (1.1s)
2026-10-09T23:29:17.9662533Z warning: ../scripts/LeanCheckedSeed.lean:108:13: `String.trim` has been deprecated: Use `String.trimAscii` instead
2026-10-09T23:29:17.9662987Z 
2026-10-09T23:29:17.9663233Z Note: The updated constant has a different type:
2026-10-09T23:29:17.9663628Z   String → String.Slice
2026-10-09T23:29:17.9663896Z instead of
2026-10-09T23:29:17.9664141Z   String → String
2026-10-09T23:29:17.9664769Z warning: ../scripts/LeanCheckedSeed.lean:111:18: `String.trim` has been deprecated: Use `String.trimAscii` instead
2026-10-09T23:29:17.9665196Z 
2026-10-09T23:29:17.9665400Z Note: The updated constant has a different type:
2026-10-09T23:29:17.9665759Z   String → String.Slice
2026-10-09T23:29:17.9666007Z instead of
2026-10-09T23:29:17.9666247Z   String → String
2026-10-09T23:29:18.4668739Z ✔ [144/145] Built LeanCheckedSeed:c.o (497ms)
2026-10-09T23:29:19.2677869Z ✔ [145/145] Built psc2_lean_checked_seed:exe (774ms)
2026-10-09T23:29:19.2841728Z Build completed successfully (145 jobs).
2026-10-09T23:29:19.3533236Z ##[group]Run test -x lean-checked/.lake/build/bin/psc2_lean_checked_seed
2026-10-09T23:29:19.3533792Z [36;1mtest -x lean-checked/.lake/build/bin/psc2_lean_checked_seed[0m
2026-10-09T23:29:19.3534312Z [36;1mnpm run --workspace @proofscript/pskernel-lean-wasm verify:prebuilt[0m
2026-10-09T23:29:19.3535070Z [36;1mnode --test scripts/proofscript-source.test.mjs scripts/checked-source-snapshot.test.mjs scripts/checked-seed-session.test.mjs[0m
2026-10-09T23:29:19.3535933Z [36;1mnode --test --test-name-pattern='^actual PS build (rejects|resolves|prepares)' scripts/checked-build.test.mjs[0m
2026-10-09T23:29:19.3536535Z [36;1mnode scripts/selfhost-source-isolation-tests.mjs[0m
2026-10-09T23:29:19.3536955Z [36;1mnode scripts/native-workspace-isolation.test.mjs[0m
2026-10-09T23:29:19.3627842Z shell: /usr/bin/bash -e {0}
2026-10-09T23:29:19.3628120Z env:
2026-10-09T23:29:19.3628531Z   PSC0_TSC: /home/runner/work/_temp/psc0-typescript-7.0.2/node_modules/typescript/bin/tsc
2026-10-09T23:29:19.3629048Z   PSC0_TYPESCRIPT_VERSION: 7.0.2
2026-10-09T23:29:19.3629323Z ##[endgroup]
2026-10-09T23:29:19.4979980Z 
2026-10-09T23:29:19.4980882Z > @proofscript/pskernel-lean-wasm@4.34.0 verify:prebuilt
2026-10-09T23:29:19.4981681Z > node host/verify-prebuilt.mjs
2026-10-09T23:29:19.4981997Z 
2026-10-09T23:29:19.5373253Z PSC2_LEAN_KERNEL_WASM_PREBUILT_VERIFY: PASS 2177471 bytes 1b21b2483df7e8de7542873c24eaff2501539b1b
2026-10-09T23:29:19.5965029Z TAP version 13
2026-10-09T23:29:19.9229220Z # Subtest: real lean module session emits only after the explicit Wasm check
2026-10-09T23:29:19.9239829Z ok 1 - real lean module session emits only after the explicit Wasm check
2026-10-09T23:29:19.9241088Z   ---
2026-10-09T23:29:19.9241733Z   duration_ms: 282.651191
2026-10-09T23:29:19.9242357Z   type: 'test'
2026-10-09T23:29:19.9242986Z   ...
2026-10-09T23:29:19.9682107Z # Subtest: real lean module session blocks emission on rejection
2026-10-09T23:29:19.9684101Z ok 2 - real lean module session blocks emission on rejection
2026-10-09T23:29:19.9684853Z   ---
2026-10-09T23:29:19.9685305Z   duration_ms: 46.171424
2026-10-09T23:29:19.9685803Z   type: 'test'
2026-10-09T23:29:19.9686038Z   ...
2026-10-09T23:29:20.1636742Z # Subtest: real ps module session emits only after the explicit Wasm check
2026-10-09T23:29:20.1637940Z ok 3 - real ps module session emits only after the explicit Wasm check
2026-10-09T23:29:20.1638543Z   ---
2026-10-09T23:29:20.1638774Z   duration_ms: 194.398314
2026-10-09T23:29:20.1639034Z   type: 'test'
2026-10-09T23:29:20.1639256Z   ...
2026-10-09T23:29:20.2005649Z # Subtest: real ps module session blocks emission on rejection
2026-10-09T23:29:20.2006734Z ok 4 - real ps module session blocks emission on rejection
2026-10-09T23:29:20.2007577Z   ---
2026-10-09T23:29:20.2007969Z   duration_ms: 37.190646
2026-10-09T23:29:20.2008369Z   type: 'test'
2026-10-09T23:29:20.2008825Z   ...
2026-10-09T23:29:20.2009501Z # Subtest: module partition must exactly reproduce the immutable source
2026-10-09T23:29:20.2010518Z ok 5 - module partition must exactly reproduce the immutable source
2026-10-09T23:29:20.2010950Z   ---
2026-10-09T23:29:20.2011191Z   duration_ms: 0.471308
2026-10-09T23:29:20.2011487Z   type: 'test'
2026-10-09T23:29:20.2011727Z   ...
2026-10-09T23:29:20.2099068Z # Subtest: standalone source snapshot does not reread changed files
2026-10-09T23:29:20.2100063Z ok 6 - standalone source snapshot does not reread changed files
2026-10-09T23:29:20.2100693Z   ---
2026-10-09T23:29:20.2101026Z   duration_ms: 21.192122
2026-10-09T23:29:20.2101494Z   type: 'test'
2026-10-09T23:29:20.2102140Z   ...
2026-10-09T23:29:20.2102797Z # Subtest: PS dependency cannot be shadowed by Lean sibling
2026-10-09T23:29:20.2103590Z ok 7 - PS dependency cannot be shadowed by Lean sibling
2026-10-09T23:29:20.2104138Z   ---
2026-10-09T23:29:20.2104477Z   duration_ms: 9.757881
2026-10-09T23:29:20.2104867Z   type: 'test'
2026-10-09T23:29:20.2105209Z   ...
2026-10-09T23:29:20.2106157Z # Subtest: missing PS dependency cannot fall back to Lean
2026-10-09T23:29:20.2106968Z ok 8 - missing PS dependency cannot fall back to Lean
2026-10-09T23:29:20.2107684Z   ---
2026-10-09T23:29:20.2108008Z   duration_ms: 8.942505
2026-10-09T23:29:20.2108448Z   type: 'test'
2026-10-09T23:29:20.2108847Z   ...
2026-10-09T23:29:20.2109226Z # Subtest: cycles rejected
2026-10-09T23:29:20.2109669Z ok 9 - cycles rejected
2026-10-09T23:29:20.2110015Z   ---
2026-10-09T23:29:20.2110363Z   duration_ms: 6.673994
2026-10-09T23:29:20.2110711Z   type: 'test'
2026-10-09T23:29:20.2111011Z   ...
2026-10-09T23:29:20.2111468Z # Subtest: symlink dependency escape rejected
2026-10-09T23:29:20.2112052Z ok 10 - symlink dependency escape rejected
2026-10-09T23:29:20.2112496Z   ---
2026-10-09T23:29:20.2112777Z   duration_ms: 4.79529
2026-10-09T23:29:20.2113118Z   type: 'test'
2026-10-09T23:29:20.2113424Z   ...
2026-10-09T23:29:20.2114066Z # Subtest: generated manifest is verified by the same production resolver
2026-10-09T23:29:20.2118454Z ok 11 - generated manifest is verified by the same production resolver
2026-10-09T23:29:20.2118890Z   ---
2026-10-09T23:29:20.2119216Z   duration_ms: 10.279665
2026-10-09T23:29:20.2119610Z   type: 'test'
2026-10-09T23:29:20.2119840Z   ...
2026-10-09T23:29:20.2120289Z # Subtest: PS snapshot requires an actual parser adapter
2026-10-09T23:29:20.2120890Z ok 12 - PS snapshot requires an actual parser adapter
2026-10-09T23:29:20.2121260Z   ---
2026-10-09T23:29:20.2121516Z   duration_ms: 6.348856
2026-10-09T23:29:20.2121818Z   type: 'test'
2026-10-09T23:29:20.2122077Z   ...
2026-10-09T23:29:20.2122626Z # Subtest: PS snapshot validates raw import bytes before dependency access
2026-10-09T23:29:20.2123217Z ok 13 - PS snapshot validates raw import bytes before dependency access
2026-10-09T23:29:20.2123614Z   ---
2026-10-09T23:29:20.2123832Z   duration_ms: 3.455495
2026-10-09T23:29:20.2124110Z   type: 'test'
2026-10-09T23:29:20.2124322Z   ...
2026-10-09T23:29:20.2124841Z # Subtest: PS import cycles retain their dependency error
2026-10-09T23:29:20.2125478Z ok 14 - PS import cycles retain their dependency error
2026-10-09T23:29:20.2125794Z   ---
2026-10-09T23:29:20.2126095Z   duration_ms: 6.586964
2026-10-09T23:29:20.2126337Z   type: 'test'
2026-10-09T23:29:20.2126952Z   ...
2026-10-09T23:29:20.2127845Z # Subtest: generated source adapter delegates complete raw source and AST import names
2026-10-09T23:29:20.2128794Z ok 15 - generated source adapter delegates complete raw source and AST import names
2026-10-09T23:29:20.2129295Z   ---
2026-10-09T23:29:20.2129575Z   duration_ms: 2.898158
2026-10-09T23:29:20.2129923Z   type: 'test'
2026-10-09T23:29:20.2130125Z   ...
2026-10-09T23:29:20.2130658Z # Subtest: generated parser errors and missing parser API cannot become empty imports
2026-10-09T23:29:20.2131481Z ok 16 - generated parser errors and missing parser API cannot become empty imports
2026-10-09T23:29:20.2131964Z   ---
2026-10-09T23:29:20.2132164Z   duration_ms: 0.609737
2026-10-09T23:29:20.2132480Z   type: 'test'
2026-10-09T23:29:20.2132757Z   ...
2026-10-09T23:29:20.2133221Z # Subtest: generated import-list shape failure cannot silently hide a dependency
2026-10-09T23:29:20.2134070Z ok 17 - generated import-list shape failure cannot silently hide a dependency
2026-10-09T23:29:20.2134523Z   ---
2026-10-09T23:29:20.2150441Z   duration_ms: 0.264067
2026-10-09T23:29:20.2150884Z   type: 'test'
2026-10-09T23:29:20.2151188Z   ...
2026-10-09T23:29:20.2151963Z # Subtest: current PS host refuses historical and mismatched compiler grammar identities before parsing
2026-10-09T23:29:20.2153044Z ok 18 - current PS host refuses historical and mismatched compiler grammar identities before parsing
2026-10-09T23:29:20.2153509Z   ---
2026-10-09T23:29:20.2153726Z   duration_ms: 0.436216
2026-10-09T23:29:20.2153975Z   type: 'test'
2026-10-09T23:29:20.2154191Z   ...
2026-10-09T23:29:20.2154743Z # Subtest: reusable PS preparation rejects old and mismatched grammars before compiler operations
2026-10-09T23:29:20.2155933Z ok 19 - reusable PS preparation rejects old and mismatched grammars before compiler operations
2026-10-09T23:29:20.2156453Z   ---
2026-10-09T23:29:20.2156705Z   duration_ms: 1.17097
2026-10-09T23:29:20.2156973Z   type: 'test'
2026-10-09T23:29:20.2157212Z   ...
2026-10-09T23:29:20.2157933Z # Subtest: reusable current PS preparation binds grammar in cold and warm receipts
2026-10-09T23:29:20.2158634Z ok 20 - reusable current PS preparation binds grammar in cold and warm receipts
2026-10-09T23:29:20.2159047Z   ---
2026-10-09T23:29:20.2159285Z   duration_ms: 1.754217
2026-10-09T23:29:20.2159566Z   type: 'test'
2026-10-09T23:29:20.2159782Z   ...
2026-10-09T23:29:20.2160415Z # Subtest: reusable historical Lean preparation retains its receipt and warm state after PS refusal
2026-10-09T23:29:20.2161247Z ok 21 - reusable historical Lean preparation retains its receipt and warm state after PS refusal
2026-10-09T23:29:20.2161746Z   ---
2026-10-09T23:29:20.2161978Z   duration_ms: 0.778781
2026-10-09T23:29:20.2162252Z   type: 'test'
2026-10-09T23:29:20.2162487Z   ...
2026-10-09T23:29:20.2163074Z # Subtest: actual native parser discovers commented imports and preserves legal literal/comment bytes
2026-10-09T23:29:20.2163919Z ok 22 - actual native parser discovers commented imports and preserves legal literal/comment bytes
2026-10-09T23:29:20.2164377Z   ---
2026-10-09T23:29:20.2164593Z   duration_ms: 49.106451
2026-10-09T23:29:20.2164864Z   type: 'test'
2026-10-09T23:29:20.2165099Z   ...
2026-10-09T23:29:20.2165412Z # Subtest: actual native parser rejects semicolon import
2026-10-09T23:29:20.2165880Z ok 23 - actual native parser rejects semicolon import
2026-10-09T23:29:20.2166189Z   ---
2026-10-09T23:29:20.2166404Z   duration_ms: 55.190257
2026-10-09T23:29:20.2166633Z   type: 'test'
2026-10-09T23:29:20.2166956Z   ...
2026-10-09T23:29:20.2167618Z # Subtest: actual native parser rejects tab in import
2026-10-09T23:29:20.2168328Z ok 24 - actual native parser rejects tab in import
2026-10-09T23:29:20.2168816Z   ---
2026-10-09T23:29:20.2169045Z   duration_ms: 45.677375
2026-10-09T23:29:20.2169299Z   type: 'test'
2026-10-09T23:29:20.2169508Z   ...
2026-10-09T23:29:20.2169830Z # Subtest: actual native parser rejects lone CR in import
2026-10-09T23:29:20.2170249Z ok 25 - actual native parser rejects lone CR in import
2026-10-09T23:29:20.2170743Z   ---
2026-10-09T23:29:20.2170959Z   duration_ms: 41.664683
2026-10-09T23:29:20.2171189Z   type: 'test'
2026-10-09T23:29:20.2171392Z   ...
2026-10-09T23:29:20.2171745Z # Subtest: actual native parser rejects old declaration separator
2026-10-09T23:29:20.2172229Z ok 26 - actual native parser rejects old declaration separator
2026-10-09T23:29:20.2172556Z   ---
2026-10-09T23:29:20.2172753Z   duration_ms: 46.180862
2026-10-09T23:29:20.2172979Z   type: 'test'
2026-10-09T23:29:20.2173176Z   ...
2026-10-09T23:29:20.2173614Z # Subtest: PS file reads reject malformed UTF-8 and retain a leading BOM for the lexer
2026-10-09T23:29:20.2174244Z ok 27 - PS file reads reject malformed UTF-8 and retain a leading BOM for the lexer
2026-10-09T23:29:20.2174638Z   ---
2026-10-09T23:29:20.2174844Z   duration_ms: 14.884408
2026-10-09T23:29:20.2175074Z   type: 'test'
2026-10-09T23:29:20.2175280Z   ...
2026-10-09T23:29:20.2175463Z 1..27
2026-10-09T23:29:20.2175666Z # tests 27
2026-10-09T23:29:20.2175870Z # suites 0
2026-10-09T23:29:20.2176072Z # pass 27
2026-10-09T23:29:20.2176270Z # fail 0
2026-10-09T23:29:20.2176467Z # cancelled 0
2026-10-09T23:29:20.2176686Z # skipped 0
2026-10-09T23:29:20.2176881Z # todo 0
2026-10-09T23:29:20.2177107Z # duration_ms 631.543325
2026-10-09T23:29:20.2623916Z TAP version 13
2026-10-09T23:29:20.4724175Z # Subtest: actual PS build rejects semicolon import before dependency lookup
2026-10-09T23:29:20.4730818Z ok 1 - actual PS build rejects semicolon import before dependency lookup
2026-10-09T23:29:20.4731432Z   ---
2026-10-09T23:29:20.4731767Z   duration_ms: 161.761917
2026-10-09T23:29:20.4732145Z   type: 'test'
2026-10-09T23:29:20.4732456Z   ...
2026-10-09T23:29:20.6312047Z # Subtest: actual PS build rejects tab in import before dependency lookup
2026-10-09T23:29:20.6313890Z ok 2 - actual PS build rejects tab in import before dependency lookup
2026-10-09T23:29:20.6314738Z   ---
2026-10-09T23:29:20.6315103Z   duration_ms: 159.028462
2026-10-09T23:29:20.6315454Z   type: 'test'
2026-10-09T23:29:20.6315681Z   ...
2026-10-09T23:29:20.7880409Z # Subtest: actual PS build resolves a commented unused import and cannot ignore a missing file
2026-10-09T23:29:20.7882051Z ok 3 - actual PS build resolves a commented unused import and cannot ignore a missing file
2026-10-09T23:29:20.7883033Z   ---
2026-10-09T23:29:20.7883686Z   duration_ms: 156.610257
2026-10-09T23:29:20.7884145Z   type: 'test'
2026-10-09T23:29:20.7884492Z   ...
2026-10-09T23:29:21.1829152Z # Subtest: actual PS build prepares complete imported modules in dependency order
2026-10-09T23:29:21.1830772Z ok 4 - actual PS build prepares complete imported modules in dependency order
2026-10-09T23:29:21.1831749Z   ---
2026-10-09T23:29:21.1832410Z   duration_ms: 395.237764
2026-10-09T23:29:21.1832871Z   type: 'test'
2026-10-09T23:29:21.1833258Z   ...
2026-10-09T23:29:21.1935035Z 1..4
2026-10-09T23:29:21.1936121Z # tests 4
2026-10-09T23:29:21.1936581Z # suites 0
2026-10-09T23:29:21.1937057Z # pass 4
2026-10-09T23:29:21.1937648Z # fail 0
2026-10-09T23:29:21.1938179Z # cancelled 0
2026-10-09T23:29:21.1938770Z # skipped 0
2026-10-09T23:29:21.1939164Z # todo 0
2026-10-09T23:29:21.1939655Z # duration_ms 942.622673
2026-10-09T23:29:21.4116112Z PSC2_SELFHOST_SOURCE_ISOLATION_CASE: PASS nested generated workspace without stdlib
2026-10-09T23:29:21.5912755Z PSC2_SELFHOST_SOURCE_ISOLATION_CASE: PASS isolated generated workspace without stdlib
2026-10-09T23:29:21.7685522Z PSC2_SELFHOST_SOURCE_ISOLATION_CASE: PASS stale Lean sibling cannot shadow canonical PS
2026-10-09T23:29:21.8226938Z PSC2_SELFHOST_SOURCE_ISOLATION_CASE: PASS tampered source bytes
2026-10-09T23:29:21.8756818Z PSC2_SELFHOST_SOURCE_ISOLATION_CASE: PASS missing PS cannot fall back to Lean
2026-10-09T23:29:21.9281634Z PSC2_SELFHOST_SOURCE_ISOLATION_CASE: PASS unlisted imported source
2026-10-09T23:29:21.9823744Z PSC2_SELFHOST_SOURCE_ISOLATION_CASE: PASS manifest includes unreachable source
2026-10-09T23:29:22.0336977Z PSC2_SELFHOST_SOURCE_ISOLATION_CASE: PASS manifest entry mismatch
2026-10-09T23:29:22.0851948Z PSC2_SELFHOST_SOURCE_ISOLATION_CASE: PASS malformed manifest cannot fall back to parent
2026-10-09T23:29:22.1378708Z PSC2_SELFHOST_SOURCE_ISOLATION_CASE: PASS generation tag mismatch
2026-10-09T23:29:22.1903575Z PSC2_SELFHOST_SOURCE_ISOLATION_CASE: PASS ambiguous generation manifests
2026-10-09T23:29:22.2442688Z PSC2_SELFHOST_SOURCE_ISOLATION_CASE: PASS symlink cannot escape generated root
2026-10-09T23:29:22.2977186Z PSC2_SELFHOST_SOURCE_ISOLATION_CASE: PASS cyclic source imports
2026-10-09T23:29:22.4766582Z PSC2_SELFHOST_SOURCE_ISOLATION_CASE: PASS selfhost generation manifest accepted
2026-10-09T23:29:22.4790939Z PSC2_SELFHOST_SOURCE_ISOLATION: PASS (14 passed; 0 platform skips; compiler double and pinned TypeScript)
2026-10-09T23:29:22.5560820Z PSC2_NATIVE_WORKSPACE_ISOLATION: PASS (bootstrap, selfhost and project roots without stdlib; original sources rejected)
2026-10-09T23:29:22.5684588Z ##[group]Run node scripts/selfhost-replay-runtime.test.mjs
2026-10-09T23:29:22.5685089Z [36;1mnode scripts/selfhost-replay-runtime.test.mjs[0m
2026-10-09T23:29:22.5685504Z [36;1mnode scripts/checked-erasure-name-index.test.mjs[0m
2026-10-09T23:29:22.5754226Z shell: /usr/bin/bash -e {0}
2026-10-09T23:29:22.5754517Z env:
2026-10-09T23:29:22.5754916Z   PSC0_TSC: /home/runner/work/_temp/psc0-typescript-7.0.2/node_modules/typescript/bin/tsc
2026-10-09T23:29:22.5755384Z   PSC0_TYPESCRIPT_VERSION: 7.0.2
2026-10-09T23:29:22.5755655Z ##[endgroup]
2026-10-09T23:29:22.9642808Z PSC2_NATIVE_TYPESCRIPT_CLI: PASS (exact profile, unrelated config, installed override and PATH discovery, precompile rejection and no fallback)
2026-10-09T23:29:23.0030061Z PSC2_NATIVE_WORKSPACE_ISOLATION: PASS (bootstrap, selfhost and project roots without stdlib; original sources rejected)
2026-10-09T23:29:26.0754843Z PSC2_SELFHOST_REPLAY_RUNTIME: PASS (strict TypeScript; 20000-step recursion, function results, name collisions, generic lists and exact UTF-8 positions)
2026-10-09T23:29:26.1439063Z TAP version 13
2026-10-09T23:29:27.5104860Z # Subtest: generated erasure indexes preserve collisions, structured names, precedence and output reservations
2026-10-09T23:29:27.5113089Z ok 1 - generated erasure indexes preserve collisions, structured names, precedence and output reservations
2026-10-09T23:29:27.5113908Z   ---
2026-10-09T23:29:27.5114253Z   duration_ms: 1367.125123
2026-10-09T23:29:27.5114639Z   type: 'test'
2026-10-09T23:29:27.5114964Z   ...
2026-10-09T23:29:27.5124417Z 1..1
2026-10-09T23:29:27.5127122Z # tests 1
2026-10-09T23:29:27.5128244Z # suites 0
2026-10-09T23:29:27.5128902Z # pass 1
2026-10-09T23:29:27.5130543Z # fail 0
2026-10-09T23:29:27.5132490Z # cancelled 0
2026-10-09T23:29:27.5134007Z # skipped 0
2026-10-09T23:29:27.5134512Z # todo 0
2026-10-09T23:29:27.5135100Z # duration_ms 1374.064437
2026-10-09T23:29:27.5342192Z ##[group]Run node --input-type=module <<'NODE'
2026-10-09T23:29:27.5342626Z [36;1mnode --input-type=module <<'NODE'[0m
2026-10-09T23:29:27.5342958Z [36;1mimport assert from 'node:assert/strict';[0m
2026-10-09T23:29:27.5343382Z [36;1mimport { mkdir, writeFile } from 'node:fs/promises';[0m
2026-10-09T23:29:27.5343757Z [36;1mimport path from 'node:path';[0m
2026-10-09T23:29:27.5344206Z [36;1mimport { readSelectedAuthoringSeed } from './scripts/sh1-successor-seed.mjs';[0m
2026-10-09T23:29:27.5344787Z [36;1mimport { loadGeneratedCompiler } from './scripts/sh1-source-snapshot.mjs';[0m
2026-10-09T23:29:27.5345291Z [36;1mimport { valueTag } from './scripts/sh1-capabilities.mjs';[0m
2026-10-09T23:29:27.5345888Z [36;1mimport { runMigrationWorkerConformance } from './scripts/sh1-migration-worker-conformance.mjs';[0m
2026-10-09T23:29:27.5346717Z [36;1mimport { migrationWorkerAbiProbeSource, runMigrationWorkerAbiProbe } from './scripts/sh1-migration-worker-abi.mjs';[0m
2026-10-09T23:29:27.5347666Z [36;1mconst selected = await readSelectedAuthoringSeed();[0m
2026-10-09T23:29:27.5348138Z [36;1massert.equal(selected.mode, 'qualified');[0m
2026-10-09T23:29:27.5348606Z [36;1massert.equal(selected.manifest.kind, 'psc0-qualified-successor-seed');[0m
2026-10-09T23:29:27.5349394Z [36;1mconst loaded = await loadGeneratedCompiler(path.resolve(selected.compilerPath), {[0m
2026-10-09T23:29:27.5350017Z [36;1m  expectedSha256: selected.manifest.expectedArtifacts.javascriptSha256,[0m
2026-10-09T23:29:27.5350455Z [36;1m});[0m
2026-10-09T23:29:27.5350726Z [36;1mawait mkdir('dist/sh1', { recursive: true });[0m
2026-10-09T23:29:27.5351246Z [36;1mawait writeFile('dist/sh1/worker-abi-probe.lean', migrationWorkerAbiProbeSource, 'utf8');[0m
2026-10-09T23:29:27.5351760Z [36;1mconst started = performance.now();[0m
2026-10-09T23:29:27.5352197Z [36;1mconst report = runMigrationWorkerConformance(loaded.compiler, valueTag);[0m
2026-10-09T23:29:27.5352646Z [36;1massert.equal(report.cases, 87);[0m
2026-10-09T23:29:27.5353077Z [36;1mconst abiProbe = runMigrationWorkerAbiProbe(loaded.compiler, valueTag);[0m
2026-10-09T23:29:27.5353581Z [36;1massert.equal(abiProbe.signatureTypeAnnotations, 12);[0m
2026-10-09T23:29:27.5354048Z [36;1massert.equal(abiProbe.typedGenericPartialWrappers, 12);[0m
2026-10-09T23:29:27.5354525Z [36;1massert.equal(abiProbe.currentSourceCoreOrIrCompared, false);[0m
2026-10-09T23:29:27.5354925Z [36;1mconst receipt = {[0m
2026-10-09T23:29:27.5355372Z [36;1m  schemaVersion: 1, evidence: 'migration-fixture-authenticated-reference-preflight',[0m
2026-10-09T23:29:27.5356012Z [36;1m  recipeSourceRef: process.env.GITHUB_SHA, referenceSourceRef: selected.sourceRef,[0m
2026-10-09T23:29:27.5356524Z [36;1m  referenceCompilerSha256: loaded.compilerSha256,[0m
2026-10-09T23:29:27.5356942Z [36;1m  selectedSeedIdentitySha256: selected.identitySha256,[0m
2026-10-09T23:29:27.5357685Z [36;1m  elapsedMs: performance.now() - started, report, abiProbe, passed: true,[0m
2026-10-09T23:29:27.5358231Z [36;1m  compilerBuilt: false, currentSourceQualifiedByThisCheck: false,[0m
2026-10-09T23:29:27.5358628Z [36;1m};[0m
2026-10-09T23:29:27.5358941Z [36;1mawait writeFile('dist/sh1/worker-harness-reference.json',[0m
2026-10-09T23:29:27.5359375Z [36;1m  JSON.stringify(receipt, null, 2) + '\n', 'utf8');[0m
2026-10-09T23:29:27.5359854Z [36;1mconsole.log('PSC0_SH1_WORKER_HARNESS_REFERENCE: ' + JSON.stringify(receipt));[0m
2026-10-09T23:29:27.5360264Z [36;1mNODE[0m
2026-10-09T23:29:27.5429408Z shell: /usr/bin/bash -e {0}
2026-10-09T23:29:27.5429694Z env:
2026-10-09T23:29:27.5430084Z   PSC0_TSC: /home/runner/work/_temp/psc0-typescript-7.0.2/node_modules/typescript/bin/tsc
2026-10-09T23:29:27.5430545Z   PSC0_TYPESCRIPT_VERSION: 7.0.2
2026-10-09T23:29:27.5430816Z ##[endgroup]
2026-10-09T23:29:29.3522531Z PSC0_SH1_WORKER_HARNESS_REFERENCE: {"schemaVersion":1,"evidence":"migration-fixture-authenticated-reference-preflight","recipeSourceRef":"00e963bb8c84fc9b29f7cc8228f1520de5ca2081","referenceSourceRef":"fe2560aba0f347b1caf8d000d371464642d44f23","referenceCompilerSha256":"70db0131fa3af62f7193576407ad529be10df2f4296c712f53f7c31f42209061","selectedSeedIdentitySha256":"47d88158e075f766f0d146ba3a13b28744c6e196d9844c71f4e52dc7351e2225","elapsedMs":1533.885476,"report":{"schemaVersion":1,"evidence":"finite-migration-worker-generated-export-conformance","cases":87,"families":[{"family":"F1","workerCases":44,"wrapperCases":7,"observations":[{"name":"local-zero-fresh","result":"x$0"},{"name":"local-zero-colliding","result":"x$7"},{"name":"local-first-free","result":"x$7"},{"name":"local-exhaustion-can-collide","result":"x$8"},{"name":"local-global-collision-chain","result":"x$9"},{"name":"local-global-only-collision","result":"x$5"},{"name":"local-duplicates-consume-one-candidate","result":"x$6"},{"name":"local-future-collision-does-not-skip-free","result":"x$7"},{"name":"local-arbitrary-base","result":"é_$3"},{"name":"local-large-nat-index","result":"x$9007199254740993"},{"name":"eta-zero","result":["error","fuelExhausted"]},{"name":"eta-first-free","result":["ok","__ps_eta_4"]},{"name":"eta-used-exhausts","result":["error","fuelExhausted"]},{"name":"eta-used-collision","result":["ok","__ps_eta_5"]},{"name":"eta-body-collision","result":["ok","__ps_eta_5"]},{"name":"eta-used-and-body-chain","result":["ok","__ps_eta_6"]},{"name":"eta-lambda-binder-counts","result":["ok","__ps_eta_5"]},{"name":"eta-let-binder-counts","result":["ok","__ps_eta_5"]},{"name":"eta-record-label-does-not-count","result":["ok","__ps_eta_4"]},{"name":"eta-last-inspected-depth","result":["ok","__ps_eta_4"]},{"name":"eta-conservative-depth-exhaustion","result":["error","fuelExhausted"]},{"name":"eta-zero-with-deep-body","result":["error","fuelExhausted"]},{"name":"eta-large-nat-index","result":["ok","__ps_eta_9007199254740993"]},{"name":"match-zero","result":"__ps$match$overflow"},{"name":"match-zero-colliding-overflow","result":"__ps$match$overflow"},{"name":"match-first-free","result":"__ps$match$7"},{"name":"match-collision-exhausts","result":"__ps$match$overflow"},{"name":"match-collision-chain","result":"__ps$match$9"},{"name":"match-lambda-binder-counts","result":"__ps$match$8"},{"name":"match-record-label-does-not-count","result":"__ps$match$7"},{"name":"match-last-inspected-depth","result":"__ps$match$7"},{"name":"match-conservative-depth-exhaustion","result":"__ps$match$overflow"},{"name":"match-large-nat-index","result":"__ps$match$9007199254740993"},{"name":"internal-zero","result":["poverflow","8"]},{"name":"internal-zero-colliding-overflow","result":["poverflow","8"]},{"name":"internal-first-free","result":["p7","8"]},{"name":"internal-one-collision-exhausts","result":["poverflow","9"]},{"name":"internal-all-collisions-exhaust","result":["poverflow","11"]},{"name":"internal-first-free-after-chain","result":["p9","10"]},{"name":"internal-duplicate-used-names","result":["p8","9"]},{"name":"internal-future-collision-does-not-skip-free","result":["p7","8"]},{"name":"internal-empty-prefix","result":["2","3"]},{"name":"internal-arbitrary-prefix","result":["é_$8","9"]},{"name":"internal-large-nat-index","result":["p9007199254740993","9007199254740994"]},{"name":"wrapper-reserved-arguments","result":"_arguments"},{"name":"wrapper-reserved-eval-collision","result":"_eval$3"},{"name":"wrapper-underscore-fallback","result":"tmp$12"},{"name":"wrapper-sanitized-global-collision","result":"x_y$3"},{"name":"wrapper-match-argument-order","result":"__ps$match$8"},{"name":"wrapper-internal-argument-order","result":["p9","10"]},{"name":"wrapper-eta-parameter-order","result":["__ps_eta_1","__ps_eta_2"]}],"observationSha256":"637829f32a117a029b9f95bb7e19313239ca3ea42977f62961102534c785aa2b"},{"family":"F2","cases":36,"observations":[{"name":"preparation-empty-state","result":{"sourceKind":"lean","declarationsRev":[{"tag":"definitionDecl","levelParams":[],"name":{"tag":"str","parent":{"tag":"anonymous"},"value":"f2Prefix"},"type":{"tag":"constE","levels":[],"name":{"tag":"str","parent":{"tag":"anonymous"},"value":"Nat"}},"value":{"tag":"lit","value":{"tag":"natural","value":"11"}}}],"environment":{"declarationCount":82,"addedNewestFirst":["f2Prefix"],"declarations":[{"tag":"definitionDecl","levelParams":[],"name":{"tag":"str","parent":{"tag":"anonymous"},"value":"f2Prefix"},"type":{"tag":"constE","levels":[],"name":{"tag":"str","parent":{"tag":"anonymous"},"value":"Nat"}},"value":{"tag":"lit","value":{"tag":"natural","value":"11"}}}]}}},{"name":"preparation-ordered-dependencies","result":{"sourceKind":"lean","declarationsRev":[{"tag":"definitionDecl","levelParams":[],"name":{"tag":"str","parent":{"tag":"anonymous"},"value":"f2Last"},"type":{"tag":"constE","levels":[],"name":{"tag":"str","parent":{"tag":"anonymous"},"value":"Nat"}},"value":{"tag":"constE","levels":[],"name":{"tag":"str","parent":{"tag":"anonymous"},"value":"f2Next"}}},{"tag":"definitionDecl","levelParams":[],"name":{"tag":"str","parent":{"tag":"anonymous"},"value":"f2Next"},"type":{"tag":"constE","levels":[],"name":{"tag":"str","parent":{"tag":"anonymous"},"value":"Nat"}},"value":{"tag":"constE","levels":[],"name":{"tag":"str","parent":{"tag":"anonymous"},"value":"f2Base"}}},{"tag":"definitionDecl","levelParams":[],"name":{"tag":"str","parent":{"tag":"anonymous"},"value":"f2Base"},"type":{"tag":"constE","levels":[],"name":{"tag":"str","parent":{"tag":"anonymous"},"value":"Nat"}},"value":{"tag":"lit","value":{"tag":"natural","value":"17"}}},{"tag":"definitionDecl","levelParams":[],"name":{"tag":"str","parent":{"tag":"anonymous"},"value":"f2Prefix"},"type":{"tag":"constE","levels":[],"name":{"tag":"str","parent":{"tag":"anonymous"},"value":"Nat"}},"value":{"tag":"lit","value":{"tag":"natural","value":"11"}}}],"environment":{"declarationCount":85,"addedNewestFirst":["f2Last","f2Next","f2Base","f2Prefix"],"declarations":[{"tag":"definitionDecl","levelParams":[],"name":{"tag":"str","parent":{"tag":"anonymous"},"value":"f2Last"},"type":{"tag":"constE","levels":[],"name":{"tag":"str","parent":{"tag":"anonymous"},"value":"Nat"}},"value":{"tag":"constE","levels":[],"name":{"tag":"str","parent":{"tag":"anonymous"},"value":"f2Next"}}},{"tag":"definitionDecl","levelParams":[],"name":{"tag":"str","parent":{"tag":"anonymous"},"value":"f2Next"},"type":{"tag":"constE","levels":[],"name":{"tag":"str","parent":{"tag":"anonymous"},"value":"Nat"}},"value":{"tag":"constE","levels":[],"name":{"tag":"str","parent":{"tag":"anonymous"},"value":"f2Base"}}},{"tag":"definitionDecl","levelParams":[],"name":{"tag":"str","parent":{"tag":"anonymous"},"value":"f2Base"},"type":{"tag":"constE","levels":[],"name":{"tag":"str","parent":{"tag":"anonymous"},"value":"Nat"}},"value":{"tag":"lit","value":{"tag":"natural","value":"17"}}},{"tag":"definitionDecl","levelParams":[],"name":{"tag":"str","parent":{"tag":"anonymous"},"value":"f2Prefix"},"type":{"tag":"constE","levels":[],"name":{"tag":"str","parent":{"tag":"anonymous"},"value":"Nat"}},"value":{"tag":"lit","value":{"tag":"natural","value":"11"}}}]}}},{"name":"preparation-first-parse-error","result":{"tag":"leanFrontend","error":{"tag":"parse","error":{"tag":"expectedText","actual":"","expected":"term","span":{"start":{"byteOffset":"22","column":"1","line":"2"},"stop":{"byteOffset":"22","column":"1","line":"2"}}}}}},{"name":"preparation-middle-elaboration-error","result":{"tag":"elaboration","error":{"tag":"unknownName","name":{"tag":"str","parent":{"tag":"anonymous"},"value":"f2MissingSecond"}}}},{"name":"preparation-parsed-step-correspondence","result":{"sourceKind":"lean","declarationsRev":[{"tag":"definitionDecl","levelParams":[],"name":{"tag":"str","parent":{"tag":"anonymous"},"value":"f2Last"},"type":{"tag":"constE","levels":[],"name":{"tag":"str","parent":{"tag":"anonymous"},"value":"Nat"}},"value":{"tag":"constE","levels":[],"name":{"tag":"str","parent":{"tag":"anonymous"},"value":"f2Next"}}},{"tag":"definitionDecl","levelParams":[],"name":{"tag":"str","parent":{"tag":"anonymous"},"value":"f2Next"},"type":{"tag":"constE","levels":[],"name":{"tag":"str","parent":{"tag":"anonymous"},"value":"Nat"}},"value":{"tag":"constE","levels":[],"name":{"tag":"str","parent":{"tag":"anonymous"},"value":"f2Base"}}},{"tag":"definitionDecl","levelParams":[],"name":{"tag":"str","parent":{"tag":"anonymous"},"value":"f2Base"},"type":{"tag":"constE","levels":[],"name":{"tag":"str","parent":{"tag":"anonymous"},"value":"Nat"}},"value":{"tag":"lit","value":{"tag":"natural","value":"17"}}},{"tag":"definitionDecl","levelParams":[],"name":{"tag":"str","parent":{"tag":"anonymous"},"value":"f2Prefix"},"type":{"tag":"constE","levels":[],"name":{"tag":"str","parent":{"tag":"anonymous"},"value":"Nat"}},"value":{"tag":"lit","value":{"tag":"natural","value":"11"}}}],"environment":{"declarationCount":85,"addedNewestFirst":["f2Last","f2Next","f2Base","f2Prefix"],"declarations":[{"tag":"definitionDecl","levelParams":[],"name":{"tag":"str","parent":{"tag":"anonymous"},"value":"f2Last"},"type":{"tag":"constE","levels":[],"name":{"tag":"str","parent":{"tag":"anonymous"},"value":"Nat"}},"value":{"tag":"constE","levels":[],"name":{"tag":"str","parent":{"tag":"anonymous"},"value":"f2Next"}}},{"tag":"definitionDecl","levelParams":[],"name":{"tag":"str","parent":{"tag":"anonymous"},"value":"f2Next"},"type":{"tag":"constE","levels":[],"name":{"tag":"str","parent":{"tag":"anonymous"},"value":"Nat"}},"value":{"tag":"constE","levels":[],"name":{"tag":"str","parent":{"tag":"anonymous"},"value":"f2Base"}}},{"tag":"definitionDecl","levelParams":[],"name":{"tag":"str","parent":{"tag":"anonymous"},"value":"f2Base"},"type":{"tag":"constE","levels":[],"name":{"tag":"str","parent":{"tag":"anonymous"},"value":"Nat"}},"value":{"tag":"lit","value":{"tag":"natural","value":"17"}}},{"tag":"definitionDecl","levelParams":[],"name":{"tag":"str","parent":{"tag":"anonymous"},"value":"f2Prefix"},"type":{"tag":"constE","levels":[],"name":{"tag":"str","parent":{"tag":"anonymous"},"value":"Nat"}},"value":{"tag":"lit","value":{"tag":"natural","value":"11"}}}]}}},{"name":"add-empty-environment","result":{"declarationCount":82,"addedNewestFirst":["f2Prefix"],"declarations":[{"tag":"definitionDecl","levelParams":[],"name":{"tag":"str","parent":{"tag":"anonymous"},"value":"f2Prefix"},"type":{"tag":"constE","levels":[],"name":{"tag":"str","parent":{"tag":"anonymous"},"value":"Nat"}},"value":{"tag":"lit","value":{"tag":"natural","value":"11"}}}]}},{"name":"add-ordered-declarations","result":{"declarationCount":84,"addedNewestFirst":["f2Second","f2First","f2Prefix"],"declarations":[{"tag":"definitionDecl","levelParams":[],"name":{"tag":"str","parent":{"tag":"anonymous"},"value":"f2Second"},"type":{"tag":"constE","levels":[],"name":{"tag":"str","parent":{"tag":"anonymous"},"value":"Nat"}},"value":{"tag":"lit","value":{"tag":"natural","value":"23"}}},{"tag":"definitionDecl","levelParams":[],"name":{"tag":"str","parent":{"tag":"anonymous"},"value":"f2First"},"type":{"tag":"constE","levels":[],"name":{"tag":"str","parent":{"tag":"anonymous"},"value":"Nat"}},"value":{"tag":"lit","value":{"tag":"natural","value":"17"}}},{"tag":"definitionDecl","levelParams":[],"name":{"tag":"str","parent":{"tag":"anonymous"},"value":"f2Prefix"},"type":{"tag":"constE","levels":[],"name":{"tag":"str","parent":{"tag":"anonymous"},"value":"Nat"}},"value":{"tag":"lit","value":{"tag":"natural","value":"11"}}}]}},{"name":"add-duplicate-initial","result":{"tag":"duplicateDeclaration","name":{"tag":"str","parent":{"tag":"anonymous"},"value":"f2Prefix"}}},{"name":"add-duplicate-earlier-input","result":{"tag":"duplicateDeclaration","name":{"tag":"str","parent":{"tag":"anonymous"},"value":"f2First"}}},{"name":"add-owned-bootstrap-replacement","result":[{"name":"Prod","environment":{"declarationCount":1,"addedNewestFirst":["Prod"],"declarations":[{"tag":"definitionDecl","levelParams":[],"name":{"tag":"str","parent":{"tag":"anonymous"},"value":"Prod"},"type":{"tag":"constE","levels":[],"name":{"tag":"str","parent":{"tag":"anonymous"},"value":"Nat"}},"value":{"tag":"lit","value":{"tag":"natural","value":"7"}}}]},"rejection":{"tag":"duplicateDeclaration","name":{"tag":"str","parent":{"tag":"anonymous"},"value":"Prod"}}},{"name":"List","environment":{"declarationCount":1,"addedNewestFirst":["List"],"declarations":[{"tag":"definitionDecl","levelParams":[],"name":{"tag":"str","parent":{"tag":"anonymous"},"value":"List"},"type":{"tag":"constE","levels":[],"name":{"tag":"str","parent":{"tag":"anonymous"},"value":"Nat"}},"value":{"tag":"lit","value":{"tag":"natural","value":"7"}}}]},"rejection":{"tag":"duplicateDeclaration","name":{"tag":"str","parent":{"tag":"anonymous"},"value":"List"}}},{"name":"Option","environment":{"declarationCount":1,"addedNewestFirst":["Option"],"declarations":[{"tag":"definitionDecl","levelParams":[],"name":{"tag":"str","parent":{"tag":"anonymous"},"value":"Option"},"type":{"tag":"constE","levels":[],"name":{"tag":"str","parent":{"tag":"anonymous"},"value":"Nat"}},"value":{"tag":"lit","value":{"tag":"natural","value":"7"}}}]},"rejection":{"tag":"duplicateDeclaration","name":{"tag":"str","parent":{"tag":"anonymous"},"value":"Option"}}}]},{"name":"elab-empty-reverse-accumulator","result":{"declarations":[{"tag":"definitionDecl","levelParams":[],"name":{"tag":"str","parent":{"tag":"anonymous"},"value":"f2Prefix"},"type":{"tag":"constE","levels":[],"name":{"tag":"str","parent":{"tag":"anonymous"},"value":"Nat"}},"value":{"tag":"lit","value":{"tag":"natural","value":"11"}}},{"tag":"definitionDecl","levelParams":[],"name":{"tag":"str","parent":{"tag":"anonymous"},"value":"f2First"},"type":{"tag":"constE","levels":[],"name":{"tag":"str","parent":{"tag":"anonymous"},"value":"Nat"}},"value":{"tag":"lit","value":{"tag":"natural","value":"17"}}},{"tag":"definitionDecl","levelParams":[],"name":{"tag":"str","parent":{"tag":"anonymous"},"value":"f2Second"},"type":{"tag":"constE","levels":[],"name":{"tag":"str","parent":{"tag":"anonymous"},"value":"Nat"}},"value":{"tag":"lit","value":{"tag":"natural","value":"23"}}}],"environment":{"declarationCount":84,"addedNewestFirst":["f2Second","f2First","f2Prefix"],"declarations":[{"tag":"definitionDecl","levelParams":[],"name":{"tag":"str","parent":{"tag":"anonymous"},"value":"f2Second"},"type":{"tag":"constE","levels":[],"name":{"tag":"str","parent":{"tag":"anonymous"},"value":"Nat"}},"value":{"tag":"lit","value":{"tag":"natural","value":"23"}}},{"tag":"definitionDecl","levelParams":[],"name":{"tag":"str","parent":{"tag":"anonymous"},"value":"f2First"},"type":{"tag":"constE","levels":[],"name":{"tag":"str","parent":{"tag":"anonymous"},"value":"Nat"}},"value":{"tag":"lit","value":{"tag":"natural","value":"17"}}},{"tag":"definitionDecl","levelParams":[],"name":{"tag":"str","parent":{"tag":"anonymous"},"value":"f2Prefix"},"type":{"tag":"constE","levels":[],"name":{"tag":"str","parent":{"tag":"anonymous"},"value":"Nat"}},"value":{"tag":"lit","value":{"tag":"natural","value":"11"}}}]}}},{"name":"elab-ordered-batches","result":{"declarations":[{"tag":"definitionDecl","levelParams":[],"name":{"tag":"str","parent":{"tag":"anonymous"},"value":"f2Prefix"},"type":{"tag":"constE","levels":[],"name":{"tag":"str","parent":{"tag":"anonymous"},"value":"Nat"}},"value":{"tag":"lit","value":{"tag":"natural","value":"11"}}},{"tag":"inductiveDecl","info":{"constructors":[{"tag":"str","parent":{"tag":"str","parent":{"tag":"anonymous"},"value":"F2Cell"},"value":"mk"}],"isStructure":true,"levelParams":[],"name":{"tag":"str","parent":{"tag":"anonymous"},"value":"F2Cell"},"numIndices":"0","numParams":"0","type":{"tag":"sortE","level":{"tag":"succ","of":{"tag":"zero"}}}}},{"tag":"constructorDecl","info":{"constructorIndex":"0","inductiveName":{"tag":"str","parent":{"tag":"anonymous"},"value":"F2Cell"},"levelParams":[],"name":{"tag":"str","parent":{"tag":"str","parent":{"tag":"anonymous"},"value":"F2Cell"},"value":"mk"},"numFields":"1","numParams":"0","recursiveFields":[],"type":{"tag":"forallE","binder":{"tag":"explicit"},"body":{"tag":"constE","levels":[],"name":{"tag":"str","parent":{"tag":"anonymous"},"value":"F2Cell"}},"name":{"tag":"str","parent":{"tag":"anonymous"},"value":"value"},"type":{"tag":"constE","levels":[],"name":{"tag":"str","parent":{"tag":"anonymous"},"value":"Nat"}}}}},{"tag":"recursorDecl","info":{"inductiveNames":[{"tag":"str","parent":{"tag":"anonymous"},"value":"F2Cell"}],"levelParams":[{"tag":"str","parent":{"tag":"anonymous"},"value":"u"}],"name":{"tag":"str","parent":{"tag":"str","parent":{"tag":"anonymous"},"value":"F2Cell"},"value":"rec"},"numIndices":"0","numMinors":"1","numMotives":"1","numParams":"0","type":{"tag":"forallE","binder":{"tag":"explicit"},"body":{"tag":"forallE","binder":{"tag":"explicit"},"body":{"tag":"forallE","binder":{"tag":"explicit"},"body":{"tag":"app","arg":{"tag":"bvar","index":"0"},"fn":{"tag":"bvar","index":"2"}},"name":{"tag":"str","parent":{"tag":"anonymous"},"value":"_major"},"type":{"tag":"constE","levels":[],"name":{"tag":"str","parent":{"tag":"anonymous"},"value":"F2Cell"}}},"name":{"tag":"num","parent":{"tag":"str","parent":{"tag":"anonymous"},"value":"_minor"},"value":"0"},"type":{"tag":"forallE","binder":{"tag":"explicit"},"body":{"tag":"app","arg":{"tag":"app","arg":{"tag":"bvar","index":"0"},"fn":{"tag":"constE","levels":[],"name":{"tag":"str","parent":{"tag":"str","parent":{"tag":"anonymous"},"value":"F2Cell"},"value":"mk"}}},"fn":{"tag":"bvar","index":"1"}},"name":{"tag":"str","parent":{"tag":"anonymous"},"value":"value"},"type":{"tag":"constE","levels":[],"name":{"tag":"str","parent":{"tag":"anonymous"},"value":"Nat"}}}},"name":{"tag":"str","parent":{"tag":"anonymous"},"value":"_motive"},"type":{"tag":"forallE","binder":{"tag":"explicit"},"body":{"tag":"sortE","level":{"tag":"param","name":{"tag":"str","parent":{"tag":"anonymous"},"value":"u"}}},"name":{"tag":"str","parent":{"tag":"anonymous"},"value":"_major"},"type":{"tag":"constE","levels":[],"name":{"tag":"str","parent":{"tag":"anonymous"},"value":"F2Cell"}}}}}},{"tag":"definitionDecl","levelParams":[],"name":{"tag":"str","parent":{"tag":"anonymous"},"value":"f2Cell"},"type":{"tag":"constE","levels":[],"name":{"tag":"str","parent":{"tag":"anonymous"},"value":"F2Cell"}},"value":{"tag":"app","arg":{"tag":"lit","value":{"tag":"natural","value":"31"}},"fn":{"tag":"constE","levels":[],"name":{"tag":"str","parent":{"tag":"str","parent":{"tag":"anonymous"},"value":"F2Cell"},"value":"mk"}}}},{"tag":"definitionDecl","levelParams":[],"name":{"tag":"str","parent":{"tag":"anonymous"},"value":"f2Read"},"type":{"tag":"constE","levels":[],"name":{"tag":"str","parent":{"tag":"anonymous"},"value":"Nat"}},"value":{"tag":"proj","index":"0","typeName":{"tag":"str","parent":{"tag":"anonymous"},"value":"F2Cell"},"value":{"tag":"constE","levels":[],"name":{"tag":"str","parent":{"tag":"anonymous"},"value":"f2Cell"}}}}],"environment":{"declarationCount":87,"addedNewestFirst":["f2Read","f2Cell","F2Cell.rec","F2Cell.mk","F2Cell","f2Prefix"],"declarations":[{"tag":"definitionDecl","levelParams":[],"name":{"tag":"str","parent":{"tag":"anonymous"},"value":"f2Read"},"type":{"tag":"constE","levels":[],"name":{"tag":"str","parent":{"tag":"anonymous"},"value":"Nat"}},"value":{"tag":"proj","index":"0","typeName":{"tag":"str","parent":{"tag":"anonymous"},"value":"F2Cell"},"value":{"tag":"constE","levels":[],"name":{"tag":"str","parent":{"tag":"anonymous"},"value":"f2Cell"}}}},{"tag":"definitionDecl","levelParams":[],"name":{"tag":"str","parent":{"tag":"anonymous"},"value":"f2Cell"},"type":{"tag":"constE","levels":[],"name":{"tag":"str","parent":{"tag":"anonymous"},"value":"F2Cell"}},"value":{"tag":"app","arg":{"tag":"lit","value":{"tag":"natural","value":"31"}},"fn":{"tag":"constE","levels":[],"name":{"tag":"str","parent":{"tag":"str","parent":{"tag":"anonymous"},"value":"F2Cell"},"value":"mk"}}}},{"tag":"recursorDecl","info":{"inductiveNames":[{"tag":"str","parent":{"tag":"anonymous"},"value":"F2Cell"}],"levelParams":[{"tag":"str","parent":{"tag":"anonymous"},"value":"u"}],"name":{"tag":"str","parent":{"tag":"str","parent":{"tag":"anonymous"},"value":"F2Cell"},"value":"rec"},"numIndices":"0","numMinors":"1","numMotives":"1","numParams":"0","type":{"tag":"forallE","binder":{"tag":"explicit"},"body":{"tag":"forallE","binder":{"tag":"explicit"},"body":{"tag":"forallE","binder":{"tag":"explicit"},"body":{"tag":"app","arg":{"tag":"bvar","index":"0"},"fn":{"tag":"bvar","index":"2"}},"name":{"tag":"str","parent":{"tag":"anonymous"},"value":"_major"},"type":{"tag":"constE","levels":[],"name":{"tag":"str","parent":{"tag":"anonymous"},"value":"F2Cell"}}},"name":{"tag":"num","parent":{"tag":"str","parent":{"tag":"anonymous"},"value":"_minor"},"value":"0"},"type":{"tag":"forallE","binder":{"tag":"explicit"},"body":{"tag":"app","arg":{"tag":"app","arg":{"tag":"bvar","index":"0"},"fn":{"tag":"constE","levels":[],"name":{"tag":"str","parent":{"tag":"str","parent":{"tag":"anonymous"},"value":"F2Cell"},"value":"mk"}}},"fn":{"tag":"bvar","index":"1"}},"name":{"tag":"str","parent":{"tag":"anonymous"},"value":"value"},"type":{"tag":"constE","levels":[],"name":{"tag":"str","parent":{"tag":"anonymous"},"value":"Nat"}}}},"name":{"tag":"str","parent":{"tag":"anonymous"},"value":"_motive"},"type":{"tag":"forallE","binder":{"tag":"explicit"},"body":{"tag":"sortE","level":{"tag":"param","name":{"tag":"str","parent":{"tag":"anonymous"},"value":"u"}}},"name":{"tag":"str","parent":{"tag":"anonymous"},"value":"_major"},"type":{"tag":"constE","levels":[],"name":{"tag":"str","parent":{"tag":"anonymous"},"value":"F2Cell"}}}}}},{"tag":"constructorDecl","info":{"constructorIndex":"0","inductiveName":{"tag":"str","parent":{"tag":"anonymous"},"value":"F2Cell"},"levelParams":[],"name":{"tag":"str","parent":{"tag":"str","parent":{"tag":"anonymous"},"value":"F2Cell"},"value":"mk"},"numFields":"1","numParams":"0","recursiveFields":[],"type":{"tag":"forallE","binder":{"tag":"explicit"},"body":{"tag":"constE","levels":[],"name":{"tag":"str","parent":{"tag":"anonymous"},"value":"F2Cell"}},"name":{"tag":"str","parent":{"tag":"anonymous"},"value":"value"},"type":{"tag":"constE","levels":[],"name":{"tag":"str","parent":{"tag":"anonymous"},"value":"Nat"}}}}},{"tag":"inductiveDecl","info":{"constructors":[{"tag":"str","parent":{"tag":"str","parent":{"tag":"anonymous"},"value":"F2Cell"},"value":"mk"}],"isStructure":true,"levelParams":[],"name":{"tag":"str","parent":{"tag":"anonymous"},"value":"F2Cell"},"numIndices":"0","numParams":"0","type":{"tag":"sortE","level":{"tag":"succ","of":{"tag":"zero"}}}}},{"tag":"definitionDecl","levelParams":[],"name":{"tag":"str","parent":{"tag":"anonymous"},"value":"f2Prefix"},"type":{"tag":"constE","levels":[],"name":{"tag":"str","parent":{"tag":"anonymous"},"value":"Nat"}},"value":{"tag":"lit","value":{"tag":"natural","value":"11"}}}]}}},{"name":"elab-first-failure","result":{"tag":"unknownName","name":{"tag":"str","parent":{"tag":"anonymous"},"value":"f2MissingFirst"}}},{"name":"elab-duplicate-before-tail-failure","result":{"tag":"duplicateDeclaration","name":{"tag":"str","parent":{"tag":"anonymous"},"value":"f2Prefix"}}},{"name":"names-empty-state","result":{"used":["usedBefore"],"entriesRev":[["before","before_output"]]}},{"name":"names-kind-whitelist","result":{"used":["F2ChoiceA","f2Theorem","f2Partial","f2First","usedBefore"],"entriesRev":[["F2ChoiceA","F2ChoiceA"],["f2Theorem","f2Theorem"],["f2Partial","f2Partial"],["f2First","f2First"],["before","before_output"]]}},{"name":"names-sanitizing-collisions","result":{"used":["a_b____","a_b___","a_b__","a_b","a_b_"],"entriesRev":[["a.b","a_b____"],["a_b","a_b___"],["a.b","a_b__"],["before","before_output"]]}},{"name":"names-prefix-and-fallback","result":{"used":["decl","_1name"],"entriesRev":[["","decl"],["1name","_1name"]]}},{"name":"erase-empty-reverse-accumulator","result":[{"body":{"tag":"literal","value":{"tag":"natural","value":"5"}},"name":"keptA","parameters":[],"resultType":{"tag":"primitive","name":{"tag":"nat"}},"typeParameters":[]},{"body":{"tag":"literal","value":{"tag":"natural","value":"6"}},"name":"keptB","parameters":[],"resultType":{"tag":"primitive","name":{"tag":"nat"}},"typeParameters":[]}]},{"name":"erase-definition-and-partial","result":[{"body":{"tag":"literal","value":{"tag":"natural","value":"5"}},"name":"keptA","parameters":[],"resultType":{"tag":"primitive","name":{"tag":"nat"}},"typeParameters":[]},{"body":{"tag":"literal","value":{"tag":"natural","value":"17"}},"name":"runtime_first","parameters":[],"resultType":{"tag":"primitive","name":{"tag":"nat"}},"typeParameters":[]},{"body":{"tag":"literal","value":{"tag":"natural","value":"29"}},"name":"runtime_partial","parameters":[],"resultType":{"tag":"primitive","name":{"tag":"nat"}},"typeParameters":[]}]},{"name":"erase-proof-omission","result":[{"body":{"tag":"literal","value":{"tag":"natural","value":"17"}},"name":"runtime_first","parameters":[],"resultType":{"tag":"primitive","name":{"tag":"nat"}},"typeParameters":[]},{"body":{"tag":"literal","value":{"tag":"natural","value":"23"}},"name":"f2Second","parameters":[],"resultType":{"tag":"primitive","name":{"tag":"nat"}},"typeParameters":[]}]},{"name":"erase-skipped-variants","result":[{"body":{"tag":"literal","value":{"tag":"natural","value":"17"}},"name":"runtime_first","parameters":[],"resultType":{"tag":"primitive","name":{"tag":"nat"}},"typeParameters":[]}]},{"name":"erase-first-refusal","result":{"tag":"unknownLocal","id":"701"}},{"name":"structures-empty-reverse-accumulator","result":{"ir":[{"fields":[],"name":"keptRecordA","typeParameters":[]},{"fields":[],"name":"keptRecordB","typeParameters":[]}],"scope":{"currentDefinition":{"tag":"some","value":{"name":"keptDefinition","runtimeParameters":["keptRuntime"],"typeArgumentsRev":[]}},"declarationNames":{"byCore":{"tag":"branch","left":{"tag":"branch","left":{"tag":"branch","left":{"tag":"branch","left":{"tag":"empty"},"right":{"tag":"branch","left":{"tag":"branch","left":{"tag":"empty"},"right":{"tag":"branch","left":{"tag":"branch","left":{"tag":"empty"},"right":{"tag":"branch","left":{"tag":"branch","left":{"tag":"branch","left":{"tag":"empty"},"right":{"tag":"branch","left":{"tag":"empty"},"right":{"tag":"branch","left":{"tag":"branch","left":{"tag":"empty"},"right":{"tag":"branch","left":{"tag":"branch","left":{"tag":"empty"},"right":{"tag":"bucket","entries":[{"fst":{"tag":"str","parent":{"tag":"anonymous"},"value":"F2RecordB"},"snd":"record_B"}]}},"right":{"tag":"empty"}}},"right":{"tag":"empty"}}}},"right":{"tag":"empty"}},"right":{"tag":"empty"}}},"right":{"tag":"empty"}}},"right":{"tag":"empty"}}},"right":{"tag":"empty"}},"right":{"tag":"branch","left":{"tag":"empty"},"right":{"tag":"branch","left":{"tag":"empty"},"right":{"tag":"branch","left":{"tag":"branch","left":{"tag":"branch","left":{"tag":"empty"},"right":{"tag":"branch","left":{"tag":"empty"},"right":{"tag":"branch","left":{"tag":"branch","left":{"tag":"empty"},"right":{"tag":"branch","left":{"tag":"branch","left":{"tag":"empty"},"right":{"tag":"branch","left":{"tag":"empty"},"right":{"tag":"branch","left":{"tag":"empty"},"right":{"tag":"branch","left":{"tag":"branch","left":{"tag":"empty"},"right":{"tag":"bucket","entries":[{"fst":{"tag":"str","parent":{"tag":"anonymous"},"value":"F2ChoiceA"},"snd":"choice_A"}]}},"right":{"tag":"empty"}}}}},"right":{"tag":"empty"}}},"right":{"tag":"empty"}}}},"right":{"tag":"empty"}},"right":{"tag":"empty"}}}}},"right":{"tag":"branch","left":{"tag":"empty"},"right":{"tag":"branch","left":{"tag":"empty"},"right":{"tag":"branch","left":{"tag":"branch","left":{"tag":"branch","left":{"tag":"empty"},"right":{"tag":"branch","left":{"tag":"branch","left":{"tag":"empty"},"right":{"tag":"branch","left":{"tag":"branch","left":{"tag":"branch","left":{"tag":"empty"},"right":{"tag":"branch","left":{"tag":"empty"},"right":{"tag":"branch","left":{"tag":"branch","left":{"tag":"empty"},"right":{"tag":"branch","left":{"tag":"branch","left":{"tag":"empty"},"right":{"tag":"bucket","entries":[{"fst":{"tag":"str","parent":{"tag":"anonymous"},"value":"F2RecordA"},"snd":"record_A"}]}},"right":{"tag":"empty"}}},"right":{"tag":"empty"}}}},"right":{"tag":"empty"}},"right":{"tag":"empty"}}},"right":{"tag":"empty"}}},"right":{"tag":"empty"}},"right":{"tag":"branch","left":{"tag":"branch","left":{"tag":"branch","left":{"tag":"empty"},"right":{"tag":"branch","left":{"tag":"empty"},"right":{"tag":"branch","left":{"tag":"branch","left":{"tag":"empty"},"right":{"tag":"branch","left":{"tag":"branch","left":{"tag":"empty"},"right":{"tag":"branch","left":{"tag":"empty"},"right":{"tag":"branch","left":{"tag":"empty"},"right":{"tag":"branch","left":{"tag":"branch","left":{"tag":"empty"},"right":{"tag":"bucket","entries":[{"fst":{"tag":"str","parent":{"tag":"anonymous"},"value":"F2ChoiceB"},"snd":"choice_B"}]}},"right":{"tag":"empty"}}}}},"right":{"tag":"empty"}}},"right":{"tag":"empty"}}}},"right":{"tag":"empty"}},"right":{"tag":"empty"}}}}}},"byOutput":{"tag":"branch","left":{"tag":"branch","left":{"tag":"branch","left":{"tag":"branch","left":{"tag":"branch","left":{"tag":"branch","left":{"tag":"branch","left":{"tag":"empty"},"right":{"tag":"branch","left":{"tag":"empty"},"right":{"tag":"branch","left":{"tag":"empty"},"right":{"tag":"branch","left":{"tag":"empty"},"right":{"tag":"branch","left":{"tag":"empty"},"right":{"tag":"branch","left":{"tag":"empty"},"right":{"tag":"branch","left":{"tag":"empty"},"right":{"tag":"branch","left":{"tag":"empty"},"right":{"tag":"branch","left":{"tag":"branch","left":{"tag":"bucket","entries":[{"fst":{"tag":"str","parent":{"tag":"anonymous"},"value":"record_A"},"snd":true}]},"right":{"tag":"empty"}},"right":{"tag":"empty"}}}}}}}}}},"right":{"tag":"empty"}},"right":{"tag":"empty"}},"right":{"tag":"branch","left":{"tag":"branch","left":{"tag":"branch","left":{"tag":"branch","left":{"tag":"empty"},"right":{"tag":"branch","left":{"tag":"branch","left":{"tag":"empty"},"right":{"tag":"branch","left":{"tag":"empty"},"right":{"tag":"branch","left":{"tag":"branch","left":{"tag":"empty"},"right":{"tag":"branch","left":{"tag":"empty"},"right":{"tag":"branch","left":{"tag":"empty"},"right":{"tag":"branch","left":{"tag":"empty"},"right":{"tag":"bucket","entries":[{"fst":{"tag":"str","parent":{"tag":"anonymous"},"value":"choice_A"},"snd":true}]}}}}},"right":{"tag":"empty"}}}},"right":{"tag":"empty"}}},"right":{"tag":"empty"}},"right":{"tag":"empty"}},"right":{"tag":"empty"}}},"right":{"tag":"empty"}},"right":{"tag":"empty"}},"right":{"tag":"branch","left":{"tag":"branch","left":{"tag":"branch","left":{"tag":"branch","left":{"tag":"branch","left":{"tag":"branch","left":{"tag":"empty"},"right":{"tag":"branch","left":{"tag":"empty"},"right":{"tag":"branch","left":{"tag":"empty"},"right":{"tag":"branch","left":{"tag":"empty"},"right":{"tag":"branch","left":{"tag":"empty"},"right":{"tag":"branch","left":{"tag":"empty"},"right":{"tag":"branch","left":{"tag":"empty"},"right":{"tag":"branch","left":{"tag":"empty"},"right":{"tag":"branch","left":{"tag":"branch","left":{"tag":"bucket","entries":[{"fst":{"tag":"str","parent":{"tag":"anonymous"},"value":"record_B"},"snd":true}]},"right":{"tag":"empty"}},"right":{"tag":"empty"}}}}}}}}}},"right":{"tag":"empty"}},"right":{"tag":"empty"}},"right":{"tag":"branch","left":{"tag":"branch","left":{"tag":"branch","left":{"tag":"branch","left":{"tag":"empty"},"right":{"tag":"branch","left":{"tag":"branch","left":{"tag":"empty"},"right":{"tag":"branch","left":{"tag":"empty"},"right":{"tag":"branch","left":{"tag":"branch","left":{"tag":"empty"},"right":{"tag":"branch","left":{"tag":"empty"},"right":{"tag":"branch","left":{"tag":"empty"},"right":{"tag":"branch","left":{"tag":"empty"},"right":{"tag":"bucket","entries":[{"fst":{"tag":"str","parent":{"tag":"anonymous"},"value":"choice_B"},"snd":true}]}}}}},"right":{"tag":"empty"}}}},"right":{"tag":"empty"}}},"right":{"tag":"empty"}},"right":{"tag":"empty"}},"right":{"tag":"empty"}}},"right":{"tag":"empty"}},"right":{"tag":"empty"}}},"count":"4"},"erasedLocals":[],"localContext":{"declarations":[{"tag":"binding","binder":{"tag":"explicit"},"id":"0","type":{"tag":"constE","levels":[],"name":{"tag":"str","parent":{"tag":"anonymous"},"value":"Nat"}},"userName":{"tag":"str","parent":{"tag":"anonymous"},"value":"keptLocal"}}],"nextId":"1"},"runtimeConstructors":{"tag":"empty"},"runtimeExpressions":[{"fst":"0","snd":{"tag":"var","name":"keptRuntime"}}],"runtimeLocals":[{"fst":"0","snd":"keptRuntime"}],"runtimeRecursors":{"tag":"branch","left":{"tag":"empty"},"right":{"tag":"branch","left":{"tag":"branch","left":{"tag":"branch","left":{"tag":"branch","left":{"tag":"branch","left":{"tag":"empty"},"right":{"tag":"branch","left":{"tag":"empty"},"right":{"tag":"branch","left":{"tag":"empty"},"right":{"tag":"branch","left":{"tag":"empty"},"right":{"tag":"branch","left":{"tag":"empty"},"right":{"tag":"branch","left":{"tag":"branch","left":{"tag":"branch","left":{"tag":"branch","left":{"tag":"empty"},"right":{"tag":"branch","left":{"tag":"branch","left":{"tag":"bucket","entries":[{"fst":{"tag":"str","parent":{"tag":"str","parent":{"tag":"anonymous"},"value":"Nat"},"value":"rec"},"snd":{"constructors":[{"coreName":{"tag":"str","parent":{"tag":"str","parent":{"tag":"anonymous"},"value":"Nat"},"value":"zero"},"fields":[],"inductiveName":"Nat","name":"zero","numParams":"0"},{"coreName":{"tag":"str","parent":{"tag":"str","parent":{"tag":"anonymous"},"value":"Nat"},"value":"succ"},"fields":[{"name":"predecessor","recursive":true,"sourceIndex":"0","type":{"tag":"primitive","name":{"tag":"nat"}}}],"inductiveName":"Nat","name":"succ","numParams":"0"}],"coreName":{"tag":"str","parent":{"tag":"anonymous"},"value":"Nat"},"name":"Nat","numParams":"0","recursorName":{"tag":"str","parent":{"tag":"str","parent":{"tag":"anonymous"},"value":"Nat"},"value":"rec"},"typeParameters":[]}}]},"right":{"tag":"empty"}},"right":{"tag":"empty"}}},"right":{"tag":"empty"}},"right":{"tag":"empty"}},"right":{"tag":"empty"}}}}}}},"right":{"tag":"empty"}},"right":{"tag":"empty"}},"right":{"tag":"empty"}},"right":{"tag":"empty"}}},"runtimeStructureConstructors":{"tag":"empty"},"runtimeStructures":{"tag":"empty"},"typeLocals":[]}}},{"name":"structures-mixed-stream","result":{"ir":[{"fields":[],"name":"keptRecordA","typeParameters":[]},{"fields":[{"name":"value","type":{"tag":"primitive","name":{"tag":"nat"}}}],"name":"record_A","typeParameters":[]},{"fields":[{"name":"prior","type":{"tag":"named","arguments":[],"name":"record_A"}}],"name":"record_B","typeParameters":[]}],"runtimeStructures":[{"constructorName":{"tag":"str","parent":{"tag":"str","parent":{"tag":"anonymous"},"value":"F2RecordA"},"value":"mk"},"coreName":{"tag":"str","parent":{"tag":"anonymous"},"value":"F2RecordA"},"fields":[{"name":"value","projectionIndex":"0","sourceIndex":"0","type":{"tag":"primitive","name":{"tag":"nat"}}}],"name":"record_A","numParams":"0","typeParameters":[]},{"constructorName":{"tag":"str","parent":{"tag":"str","parent":{"tag":"anonymous"},"value":"F2RecordB"},"value":"mk"},"coreName":{"tag":"str","parent":{"tag":"anonymous"},"value":"F2RecordB"},"fields":[{"name":"prior","projectionIndex":"0","sourceIndex":"0","type":{"tag":"named","arguments":[],"name":"record_A"}}],"name":"record_B","numParams":"0","typeParameters":[]}]}},{"name":"structures-threaded-scope","result":{"ir":[{"fields":[],"name":"keptRecordA","typeParameters":[]},{"fields":[],"name":"keptRecordB","typeParameters":[]},{"fields":[{"name":"prior","type":{"tag":"named","arguments":[],"name":"record_A"}}],"name":"record_B","typeParameters":[]}],"runtimeStructures":[{"constructorName":{"tag":"str","parent":{"tag":"str","parent":{"tag":"anonymous"},"value":"F2RecordA"},"value":"mk"},"coreName":{"tag":"str","parent":{"tag":"anonymous"},"value":"F2RecordA"},"fields":[{"name":"value","projectionIndex":"0","sourceIndex":"0","type":{"tag":"primitive","name":{"tag":"nat"}}}],"name":"record_A","numParams":"0","typeParameters":[]},{"constructorName":{"tag":"str","parent":{"tag":"str","parent":{"tag":"anonymous"},"value":"F2RecordB"},"value":"mk"},"coreName":{"tag":"str","parent":{"tag":"anonymous"},"value":"F2RecordB"},"fields":[{"name":"prior","projectionIndex":"0","sourceIndex":"0","type":{"tag":"named","arguments":[],"name":"record_A"}}],"name":"record_B","numParams":"0","typeParameters":[]}]}},{"name":"structures-first-refusal","result":{"tag":"unknownConstant","name":{"tag":"str","parent":{"tag":"str","parent":{"tag":"anonymous"},"value":"F2RecordA"},"value":"missingFirst"}}},{"name":"inductives-empty-reverse-accumulator","result":{"ir":[{"constructors":[],"name":"keptChoiceA","typeParameters":[]},{"constructors":[],"name":"keptChoiceB","typeParameters":[]}],"scope":{"currentDefinition":{"tag":"some","value":{"name":"keptDefinition","runtimeParameters":["keptRuntime"],"typeArgumentsRev":[]}},"declarationNames":{"byCore":{"tag":"branch","left":{"tag":"branch","left":{"tag":"branch","left":{"tag":"branch","left":{"tag":"empty"},"right":{"tag":"branch","left":{"tag":"branch","left":{"tag":"empty"},"right":{"tag":"branch","left":{"tag":"branch","left":{"tag":"empty"},"right":{"tag":"branch","left":{"tag":"branch","left":{"tag":"branch","left":{"tag":"empty"},"right":{"tag":"branch","left":{"tag":"empty"},"right":{"tag":"branch","left":{"tag":"branch","left":{"tag":"empty"},"right":{"tag":"branch","left":{"tag":"branch","left":{"tag":"empty"},"right":{"tag":"bucket","entries":[{"fst":{"tag":"str","parent":{"tag":"anonymous"},"value":"F2RecordB"},"snd":"record_B"}]}},"right":{"tag":"empty"}}},"right":{"tag":"empty"}}}},"right":{"tag":"empty"}},"right":{"tag":"empty"}}},"right":{"tag":"empty"}}},"right":{"tag":"empty"}}},"right":{"tag":"empty"}},"right":{"tag":"branch","left":{"tag":"empty"},"right":{"tag":"branch","left":{"tag":"empty"},"right":{"tag":"branch","left":{"tag":"branch","left":{"tag":"branch","left":{"tag":"empty"},"right":{"tag":"branch","left":{"tag":"empty"},"right":{"tag":"branch","left":{"tag":"branch","left":{"tag":"empty"},"right":{"tag":"branch","left":{"tag":"branch","left":{"tag":"empty"},"right":{"tag":"branch","left":{"tag":"empty"},"right":{"tag":"branch","left":{"tag":"empty"},"right":{"tag":"branch","left":{"tag":"branch","left":{"tag":"empty"},"right":{"tag":"bucket","entries":[{"fst":{"tag":"str","parent":{"tag":"anonymous"},"value":"F2ChoiceA"},"snd":"choice_A"}]}},"right":{"tag":"empty"}}}}},"right":{"tag":"empty"}}},"right":{"tag":"empty"}}}},"right":{"tag":"empty"}},"right":{"tag":"empty"}}}}},"right":{"tag":"branch","left":{"tag":"empty"},"right":{"tag":"branch","left":{"tag":"empty"},"right":{"tag":"branch","left":{"tag":"branch","left":{"tag":"branch","left":{"tag":"empty"},"right":{"tag":"branch","left":{"tag":"branch","left":{"tag":"empty"},"right":{"tag":"branch","left":{"tag":"branch","left":{"tag":"branch","left":{"tag":"empty"},"right":{"tag":"branch","left":{"tag":"empty"},"right":{"tag":"branch","left":{"tag":"branch","left":{"tag":"empty"},"right":{"tag":"branch","left":{"tag":"branch","left":{"tag":"empty"},"right":{"tag":"bucket","entries":[{"fst":{"tag":"str","parent":{"tag":"anonymous"},"value":"F2RecordA"},"snd":"record_A"}]}},"right":{"tag":"empty"}}},"right":{"tag":"empty"}}}},"right":{"tag":"empty"}},"right":{"tag":"empty"}}},"right":{"tag":"empty"}}},"right":{"tag":"empty"}},"right":{"tag":"branch","left":{"tag":"branch","left":{"tag":"branch","left":{"tag":"empty"},"right":{"tag":"branch","left":{"tag":"empty"},"right":{"tag":"branch","left":{"tag":"branch","left":{"tag":"empty"},"right":{"tag":"branch","left":{"tag":"branch","left":{"tag":"empty"},"right":{"tag":"branch","left":{"tag":"empty"},"right":{"tag":"branch","left":{"tag":"empty"},"right":{"tag":"branch","left":{"tag":"branch","left":{"tag":"empty"},"right":{"tag":"bucket","entries":[{"fst":{"tag":"str","parent":{"tag":"anonymous"},"value":"F2ChoiceB"},"snd":"choice_B"}]}},"right":{"tag":"empty"}}}}},"right":{"tag":"empty"}}},"right":{"tag":"empty"}}}},"right":{"tag":"empty"}},"right":{"tag":"empty"}}}}}},"byOutput":{"tag":"branch","left":{"tag":"branch","left":{"tag":"branch","left":{"tag":"branch","left":{"tag":"branch","left":{"tag":"branch","left":{"tag":"branch","left":{"tag":"empty"},"right":{"tag":"branch","left":{"tag":"empty"},"right":{"tag":"branch","left":{"tag":"empty"},"right":{"tag":"branch","left":{"tag":"empty"},"right":{"tag":"branch","left":{"tag":"empty"},"right":{"tag":"branch","left":{"tag":"empty"},"right":{"tag":"branch","left":{"tag":"empty"},"right":{"tag":"branch","left":{"tag":"empty"},"right":{"tag":"branch","left":{"tag":"branch","left":{"tag":"bucket","entries":[{"fst":{"tag":"str","parent":{"tag":"anonymous"},"value":"record_A"},"snd":true}]},"right":{"tag":"empty"}},"right":{"tag":"empty"}}}}}}}}}},"right":{"tag":"empty"}},"right":{"tag":"empty"}},"right":{"tag":"branch","left":{"tag":"branch","left":{"tag":"branch","left":{"tag":"branch","left":{"tag":"empty"},"right":{"tag":"branch","left":{"tag":"branch","left":{"tag":"empty"},"right":{"tag":"branch","left":{"tag":"empty"},"right":{"tag":"branch","left":{"tag":"branch","left":{"tag":"empty"},"right":{"tag":"branch","left":{"tag":"empty"},"right":{"tag":"branch","left":{"tag":"empty"},"right":{"tag":"branch","left":{"tag":"empty"},"right":{"tag":"bucket","entries":[{"fst":{"tag":"str","parent":{"tag":"anonymous"},"value":"choice_A"},"snd":true}]}}}}},"right":{"tag":"empty"}}}},"right":{"tag":"empty"}}},"right":{"tag":"empty"}},"right":{"tag":"empty"}},"right":{"tag":"empty"}}},"right":{"tag":"empty"}},"right":{"tag":"empty"}},"right":{"tag":"branch","left":{"tag":"branch","left":{"tag":"branch","left":{"tag":"branch","left":{"tag":"branch","left":{"tag":"branch","left":{"tag":"empty"},"right":{"tag":"branch","left":{"tag":"empty"},"right":{"tag":"branch","left":{"tag":"empty"},"right":{"tag":"branch","left":{"tag":"empty"},"right":{"tag":"branch","left":{"tag":"empty"},"right":{"tag":"branch","left":{"tag":"empty"},"right":{"tag":"branch","left":{"tag":"empty"},"right":{"tag":"branch","left":{"tag":"empty"},"right":{"tag":"branch","left":{"tag":"branch","left":{"tag":"bucket","entries":[{"fst":{"tag":"str","parent":{"tag":"anonymous"},"value":"record_B"},"snd":true}]},"right":{"tag":"empty"}},"right":{"tag":"empty"}}}}}}}}}},"right":{"tag":"empty"}},"right":{"tag":"empty"}},"right":{"tag":"branch","left":{"tag":"branch","left":{"tag":"branch","left":{"tag":"branch","left":{"tag":"empty"},"right":{"tag":"branch","left":{"tag":"branch","left":{"tag":"empty"},"right":{"tag":"branch","left":{"tag":"empty"},"right":{"tag":"branch","left":{"tag":"branch","left":{"tag":"empty"},"right":{"tag":"branch","left":{"tag":"empty"},"right":{"tag":"branch","left":{"tag":"empty"},"right":{"tag":"branch","left":{"tag":"empty"},"right":{"tag":"bucket","entries":[{"fst":{"tag":"str","parent":{"tag":"anonymous"},"value":"choice_B"},"snd":true}]}}}}},"right":{"tag":"empty"}}}},"right":{"tag":"empty"}}},"right":{"tag":"empty"}},"right":{"tag":"empty"}},"right":{"tag":"empty"}}},"right":{"tag":"empty"}},"right":{"tag":"empty"}}},"count":"4"},"erasedLocals":[],"localContext":{"declarations":[{"tag":"binding","binder":{"tag":"explicit"},"id":"0","type":{"tag":"constE","levels":[],"name":{"tag":"str","parent":{"tag":"anonymous"},"value":"Nat"}},"userName":{"tag":"str","parent":{"tag":"anonymous"},"value":"keptLocal"}}],"nextId":"1"},"runtimeConstructors":{"tag":"empty"},"runtimeExpressions":[{"fst":"0","snd":{"tag":"var","name":"keptRuntime"}}],"runtimeLocals":[{"fst":"0","snd":"keptRuntime"}],"runtimeRecursors":{"tag":"branch","left":{"tag":"empty"},"right":{"tag":"branch","left":{"tag":"branch","left":{"tag":"branch","left":{"tag":"branch","left":{"tag":"branch","left":{"tag":"empty"},"right":{"tag":"branch","left":{"tag":"empty"},"right":{"tag":"branch","left":{"tag":"empty"},"right":{"tag":"branch","left":{"tag":"empty"},"right":{"tag":"branch","left":{"tag":"empty"},"right":{"tag":"branch","left":{"tag":"branch","left":{"tag":"branch","left":{"tag":"branch","left":{"tag":"empty"},"right":{"tag":"branch","left":{"tag":"branch","left":{"tag":"bucket","entries":[{"fst":{"tag":"str","parent":{"tag":"str","parent":{"tag":"anonymous"},"value":"Nat"},"value":"rec"},"snd":{"constructors":[{"coreName":{"tag":"str","parent":{"tag":"str","parent":{"tag":"anonymous"},"value":"Nat"},"value":"zero"},"fields":[],"inductiveName":"Nat","name":"zero","numParams":"0"},{"coreName":{"tag":"str","parent":{"tag":"str","parent":{"tag":"anonymous"},"value":"Nat"},"value":"succ"},"fields":[{"name":"predecessor","recursive":true,"sourceIndex":"0","type":{"tag":"primitive","name":{"tag":"nat"}}}],"inductiveName":"Nat","name":"succ","numParams":"0"}],"coreName":{"tag":"str","parent":{"tag":"anonymous"},"value":"Nat"},"name":"Nat","numParams":"0","recursorName":{"tag":"str","parent":{"tag":"str","parent":{"tag":"anonymous"},"value":"Nat"},"value":"rec"},"typeParameters":[]}}]},"right":{"tag":"empty"}},"right":{"tag":"empty"}}},"right":{"tag":"empty"}},"right":{"tag":"empty"}},"right":{"tag":"empty"}}}}}}},"right":{"tag":"empty"}},"right":{"tag":"empty"}},"right":{"tag":"empty"}},"right":{"tag":"empty"}}},"runtimeStructureConstructors":{"tag":"empty"},"runtimeStructures":{"tag":"empty"},"typeLocals":[]}}},{"name":"inductives-mixed-stream","result":{"ir":[{"constructors":[],"name":"keptChoiceA","typeParameters":[]},{"constructors":[{"fields":[],"name":"first"},{"fields":[],"name":"second"}],"name":"choice_A","typeParameters":[]},{"constructors":[{"fields":[{"name":"prior","type":{"tag":"named","arguments":[],"name":"choice_A"}}],"name":"wrap"}],"name":"choice_B","typeParameters":[]}],"runtime":{"recursors":[{"constructors":[{"coreName":{"tag":"str","parent":{"tag":"str","parent":{"tag":"anonymous"},"value":"F2ChoiceA"},"value":"first"},"fields":[],"inductiveName":"choice_A","name":"first","numParams":"0"},{"coreName":{"tag":"str","parent":{"tag":"str","parent":{"tag":"anonymous"},"value":"F2ChoiceA"},"value":"second"},"fields":[],"inductiveName":"choice_A","name":"second","numParams":"0"}],"coreName":{"tag":"str","parent":{"tag":"anonymous"},"value":"F2ChoiceA"},"name":"choice_A","numParams":"0","recursorName":{"tag":"str","parent":{"tag":"str","parent":{"tag":"anonymous"},"value":"F2ChoiceA"},"value":"rec"},"typeParameters":[]},{"constructors":[{"coreName":{"tag":"str","parent":{"tag":"str","parent":{"tag":"anonymous"},"value":"F2ChoiceB"},"value":"wrap"},"fields":[{"name":"prior","recursive":false,"sourceIndex":"0","type":{"tag":"named","arguments":[],"name":"choice_A"}}],"inductiveName":"choice_B","name":"wrap","numParams":"0"}],"coreName":{"tag":"str","parent":{"tag":"anonymous"},"value":"F2ChoiceB"},"name":"choice_B","numParams":"0","recursorName":{"tag":"str","parent":{"tag":"str","parent":{"tag":"anonymous"},"value":"F2ChoiceB"},"value":"rec"},"typeParameters":[]}],"constructors":[{"coreName":{"tag":"str","parent":{"tag":"str","parent":{"tag":"anonymous"},"value":"F2ChoiceA"},"value":"first"},"fields":[],"inductiveName":"choice_A","name":"first","numParams":"0"},{"coreName":{"tag":"str","parent":{"tag":"str","parent":{"tag":"anonymous"},"value":"F2ChoiceA"},"value":"second"},"fields":[],"inductiveName":"choice_A","name":"second","numParams":"0"},{"coreName":{"tag":"str","parent":{"tag":"str","parent":{"tag":"anonymous"},"value":"F2ChoiceB"},"value":"wrap"},"fields":[{"name":"prior","recursive":false,"sourceIndex":"0","type":{"tag":"named","arguments":[],"name":"choice_A"}}],"inductiveName":"choice_B","name":"wrap","numParams":"0"}]}}},{"name":"inductives-threaded-scope","result":{"ir":[{"constructors":[],"name":"keptChoiceA","typeParameters":[]},{"constructors":[],"name":"keptChoiceB","typeParameters":[]},{"constructors":[{"fields":[{"name":"prior","type":{"tag":"named","arguments":[],"name":"choice_A"}}],"name":"wrap"}],"name":"choice_B","typeParameters":[]}],"runtime":{"recursors":[{"constructors":[{"coreName":{"tag":"str","parent":{"tag":"str","parent":{"tag":"anonymous"},"value":"F2ChoiceA"},"value":"first"},"fields":[],"inductiveName":"choice_A","name":"first","numParams":"0"},{"coreName":{"tag":"str","parent":{"tag":"str","parent":{"tag":"anonymous"},"value":"F2ChoiceA"},"value":"second"},"fields":[],"inductiveName":"choice_A","name":"second","numParams":"0"}],"coreName":{"tag":"str","parent":{"tag":"anonymous"},"value":"F2ChoiceA"},"name":"choice_A","numParams":"0","recursorName":{"tag":"str","parent":{"tag":"str","parent":{"tag":"anonymous"},"value":"F2ChoiceA"},"value":"rec"},"typeParameters":[]},{"constructors":[{"coreName":{"tag":"str","parent":{"tag":"str","parent":{"tag":"anonymous"},"value":"F2ChoiceB"},"value":"wrap"},"fields":[{"name":"prior","recursive":false,"sourceIndex":"0","type":{"tag":"named","arguments":[],"name":"choice_A"}}],"inductiveName":"choice_B","name":"wrap","numParams":"0"}],"coreName":{"tag":"str","parent":{"tag":"anonymous"},"value":"F2ChoiceB"},"name":"choice_B","numParams":"0","recursorName":{"tag":"str","parent":{"tag":"str","parent":{"tag":"anonymous"},"value":"F2ChoiceB"},"value":"rec"},"typeParameters":[]}],"constructors":[{"coreName":{"tag":"str","parent":{"tag":"str","parent":{"tag":"anonymous"},"value":"F2ChoiceA"},"value":"first"},"fields":[],"inductiveName":"choice_A","name":"first","numParams":"0"},{"coreName":{"tag":"str","parent":{"tag":"str","parent":{"tag":"anonymous"},"value":"F2ChoiceA"},"value":"second"},"fields":[],"inductiveName":"choice_A","name":"second","numParams":"0"},{"coreName":{"tag":"str","parent":{"tag":"str","parent":{"tag":"anonymous"},"value":"F2ChoiceB"},"value":"wrap"},"fields":[{"name":"prior","recursive":false,"sourceIndex":"0","type":{"tag":"named","arguments":[],"name":"choice_A"}}],"inductiveName":"choice_B","name":"wrap","numParams":"0"}]}}},{"name":"inductives-first-refusal","result":{"tag":"unknownConstant","name":{"tag":"str","parent":{"tag":"str","parent":{"tag":"anonymous"},"value":"F2ChoiceA"},"value":"missingFirst"}}},{"name":"symbols-empty-state","result":{"used":["usedBefore"],"nextIndex":"3","entriesRev":[["before","usedBefore"]]}},{"name":"symbols-collision-and-index","result":{"used":["p6","p4","p3","p5"],"nextIndex":"7","entriesRev":[["beta","p6"],["alpha","p4"],["prior","p3"]]}},{"name":"symbols-duplicate-source-names","result":{"used":["p1","p0"],"nextIndex":"2","entriesRev":[["duplicate","p1"],["duplicate","p0"]]}},{"name":"symbols-brand-wrapper","result":[["keptRecordA","__ps$brand$1"],["keptRecordB","__ps$brand$2"]]},{"name":"symbols-tag-wrapper","result":[["keptChoiceA","__ps$tag$1"],["keptChoiceB","__ps$tag$2"]]}],"observationSha256":"8ff7547b87a96a8d2f7cc964e08b2b050fc3344b4b2309f66fac0566e8247d59"}],"observationSha256":"697616ab48daf77a44b90ce20085432593ddce9a06fdad124a5a898ece3621be","scope":{"eachCompilerOwnsAllTaggedInputs":true,"irRecordsUseExistingCompilerFactories":true,"copiedRecordsRetainOwningCompilerBrands":true,"hostStructuralFixtureRecords":["PsErasureNameState","PsTsSymbolMapState","PsErasureCurrentDefinition"],"hostStructuralFixtureBoundary":"Explicit unbranded non-IR host records with owning-compiler tagged children; their exercised paths project fields or reset the marker, and do not inspect brands. They are not compiler-created branded records and never enter original-IR carrier checking.","independentExplicitExpectations":true,"saturatedPublicArgumentOrderChecked":true,"completePublicTypes":"separate migration ABI gate","pscPartialApplications":"separate typed migration ABI probes","performanceImprovementClaimed":false,"exhaustiveForAllInputs":false,"kernelChecked":false}},"abiProbe":{"schemaVersion":1,"evidence":"isolated-migration-signature-and-partial-probe","sourceSha256":"b8a51317306f4803aaba1a7553999aa41599861d5d0677a2d8f8686f69a3f41b","sourceKind":"lean","abstractTypeDeclarations":19,"abstractTypeNames":["PsCompilerError","PsCompilerPreparationState","PsDeclaration","PsElabError","PsElabModuleResult","PsEnvironment","PsErasureError","PsErasureNameState","PsErasureScope","PsPreparedInductivesResult","PsPreparedStructuresResult","PsSyntaxDeclaration","PsTsFreshNameResult","PsTsSymbolMapState","PsVerifiedIrDeclaration","PsVerifiedIrExpr","PsVerifiedIrInductive","PsVerifiedIrParameter","PsVerifiedIrStructure"],"signatureTypeAnnotations":12,"typedGenericPartialWrappers":12,"declarationCount":69,"referenceTypes":[{"name":"psErasureLocalNameWithFuel","completePublicType":"PsErasureScope -> String -> Nat -> Nat -> String","coreType":["forallE",[["binder",["explicit",[]]],["body",["forallE",[["binder",["explicit",[]]],["body",["forallE",[["binder",["explicit",[]]],["body",["forallE",[["binder",["explicit",[]]],["body",["constE",[["levels",["nil",[]]],["name",["str",[["parent",["anonymous",[]]],["value","String"]]]]]]],["type",["constE",[["levels",["nil",[]]],["name",["str",[["parent",["anonymous",[]]],["value","Nat"]]]]]]]]]],["type",["constE",[["levels",["nil",[]]],["name",["str",[["parent",["anonymous",[]]],["value","Nat"]]]]]]]]]],["type",["constE",[["levels",["nil",[]]],["name",["str",[["parent",["anonymous",[]]],["value","String"]]]]]]]]]],["type",["constE",[["levels",["nil",[]]],["name",["str",[["parent",["anonymous",[]]],["value","PsErasureScope"]]]]]]]]],"originalOuterArguments":3,"partialApplicationType":"Nat -> String","genericPartialWrapperElaborated":true},{"name":"psErasureEtaNameWithFuel","completePublicType":"PsVerifiedIrExpr -> List PsVerifiedIrParameter -> Nat -> Nat -> Except PsErasureError String","coreType":["forallE",[["binder",["explicit",[]]],["body",["forallE",[["binder",["explicit",[]]],["body",["forallE",[["binder",["explicit",[]]],["body",["forallE",[["binder",["explicit",[]]],["body",["app",[["arg",["constE",[["levels",["nil",[]]],["name",["str",[["parent",["anonymous",[]]],["value","String"]]]]]]],["fn",["app",[["arg",["constE",[["levels",["nil",[]]],["name",["str",[["parent",["anonymous",[]]],["value","PsErasureError"]]]]]]],["fn",["constE",[["levels",["nil",[]]],["name",["str",[["parent",["anonymous",[]]],["value","Except"]]]]]]]]]]]]],["type",["constE",[["levels",["nil",[]]],["name",["str",[["parent",["anonymous",[]]],["value","Nat"]]]]]]]]]],["type",["constE",[["levels",["nil",[]]],["name",["str",[["parent",["anonymous",[]]],["value","Nat"]]]]]]]]]],["type",["app",[["arg",["constE",[["levels",["nil",[]]],["name",["str",[["parent",["anonymous",[]]],["value","PsVerifiedIrParameter"]]]]]]],["fn",["constE",[["levels",["nil",[]]],["name",["str",[["parent",["anonymous",[]]],["value","List"]]]]]]]]]]]]],["type",["constE",[["levels",["nil",[]]],["name",["str",[["parent",["anonymous",[]]],["value","PsVerifiedIrExpr"]]]]]]]]],"originalOuterArguments":3,"partialApplicationType":"Nat -> Except PsErasureError String","genericPartialWrapperElaborated":true},{"name":"psTsFreshMatchTempWorker","completePublicType":"PsVerifiedIrExpr -> Nat -> Nat -> String","coreType":["forallE",[["binder",["explicit",[]]],["body",["forallE",[["binder",["explicit",[]]],["body",["forallE",[["binder",["explicit",[]]],["body",["constE",[["levels",["nil",[]]],["name",["str",[["parent",["anonymous",[]]],["value","String"]]]]]]],["type",["constE",[["levels",["nil",[]]],["name",["str",[["parent",["anonymous",[]]],["value","Nat"]]]]]]]]]],["type",["constE",[["levels",["nil",[]]],["name",["str",[["parent",["anonymous",[]]],["value","Nat"]]]]]]]]]],["type",["constE",[["levels",["nil",[]]],["name",["str",[["parent",["anonymous",[]]],["value","PsVerifiedIrExpr"]]]]]]]]],"originalOuterArguments":2,"partialApplicationType":"Nat -> String","genericPartialWrapperElaborated":true},{"name":"psTsFreshInternalWorker","completePublicType":"List String -> String -> Nat -> Nat -> PsTsFreshNameResult","coreType":["forallE",[["binder",["explicit",[]]],["body",["forallE",[["binder",["explicit",[]]],["body",["forallE",[["binder",["explicit",[]]],["body",["forallE",[["binder",["explicit",[]]],["body",["constE",[["levels",["nil",[]]],["name",["str",[["parent",["anonymous",[]]],["value","PsTsFreshNameResult"]]]]]]],["type",["constE",[["levels",["nil",[]]],["name",["str",[["parent",["anonymous",[]]],["value","Nat"]]]]]]]]]],["type",["constE",[["levels",["nil",[]]],["name",["str",[["parent",["anonymous",[]]],["value","Nat"]]]]]]]]]],["type",["constE",[["levels",["nil",[]]],["name",["str",[["parent",["anonymous",[]]],["value","String"]]]]]]]]]],["type",["app",[["arg",["constE",[["levels",["nil",[]]],["name",["str",[["parent",["anonymous",[]]],["value","String"]]]]]]],["fn",["constE",[["levels",["nil",[]]],["name",["str",[["parent",["anonymous",[]]],["value","List"]]]]]]]]]]]],"originalOuterArguments":3,"partialApplicationType":"Nat -> PsTsFreshNameResult","genericPartialWrapperElaborated":true},{"name":"psCompilerPreparationSourcesWorker","completePublicType":"List String -> PsCompilerPreparationState -> Except PsCompilerError PsCompilerPreparationState","coreType":["forallE",[["binder",["explicit",[]]],["body",["forallE",[["binder",["explicit",[]]],["body",["app",[["arg",["constE",[["levels",["nil",[]]],["name",["str",[["parent",["anonymous",[]]],["value","PsCompilerPreparationState"]]]]]]],["fn",["app",[["arg",["constE",[["levels",["nil",[]]],["name",["str",[["parent",["anonymous",[]]],["value","PsCompilerError"]]]]]]],["fn",["constE",[["levels",["nil",[]]],["name",["str",[["parent",["anonymous",[]]],["value","Except"]]]]]]]]]]]]],["type",["constE",[["levels",["nil",[]]],["name",["str",[["parent",["anonymous",[]]],["value","PsCompilerPreparationState"]]]]]]]]]],["type",["app",[["arg",["constE",[["levels",["nil",[]]],["name",["str",[["parent",["anonymous",[]]],["value","String"]]]]]]],["fn",["constE",[["levels",["nil",[]]],["name",["str",[["parent",["anonymous",[]]],["value","List"]]]]]]]]]]]],"originalOuterArguments":1,"partialApplicationType":"PsCompilerPreparationState -> Except PsCompilerError PsCompilerPreparationState","genericPartialWrapperElaborated":true},{"name":"psAddDeclarationListWorker","completePublicType":"List PsDeclaration -> PsEnvironment -> Except PsElabError PsEnvironment","coreType":["forallE",[["binder",["explicit",[]]],["body",["forallE",[["binder",["explicit",[]]],["body",["app",[["arg",["constE",[["levels",["nil",[]]],["name",["str",[["parent",["anonymous",[]]],["value","PsEnvironment"]]]]]]],["fn",["app",[["arg",["constE",[["levels",["nil",[]]],["name",["str",[["parent",["anonymous",[]]],["value","PsElabError"]]]]]]],["fn",["constE",[["levels",["nil",[]]],["name",["str",[["parent",["anonymous",[]]],["value","Except"]]]]]]]]]]]]],["type",["constE",[["levels",["nil",[]]],["name",["str",[["parent",["anonymous",[]]],["value","PsEnvironment"]]]]]]]]]],["type",["app",[["arg",["constE",[["levels",["nil",[]]],["name",["str",[["parent",["anonymous",[]]],["value","PsDeclaration"]]]]]]],["fn",["constE",[["levels",["nil",[]]],["name",["str",[["parent",["anonymous",[]]],["value","List"]]]]]]]]]]]],"originalOuterArguments":1,"partialApplicationType":"PsEnvironment -> Except PsElabError PsEnvironment","genericPartialWrapperElaborated":true},{"name":"psElabDeclarationsWorker","completePublicType":"List PsSyntaxDeclaration -> PsEnvironment -> List PsDeclaration -> Except PsElabError PsElabModuleResult","coreType":["forallE",[["binder",["explicit",[]]],["body",["forallE",[["binder",["explicit",[]]],["body",["forallE",[["binder",["explicit",[]]],["body",["app",[["arg",["constE",[["levels",["nil",[]]],["name",["str",[["parent",["anonymous",[]]],["value","PsElabModuleResult"]]]]]]],["fn",["app",[["arg",["constE",[["levels",["nil",[]]],["name",["str",[["parent",["anonymous",[]]],["value","PsElabError"]]]]]]],["fn",["constE",[["levels",["nil",[]]],["name",["str",[["parent",["anonymous",[]]],["value","Except"]]]]]]]]]]]]],["type",["app",[["arg",["constE",[["levels",["nil",[]]],["name",["str",[["parent",["anonymous",[]]],["value","PsDeclaration"]]]]]]],["fn",["constE",[["levels",["nil",[]]],["name",["str",[["parent",["anonymous",[]]],["value","List"]]]]]]]]]]]]],["type",["constE",[["levels",["nil",[]]],["name",["str",[["parent",["anonymous",[]]],["value","PsEnvironment"]]]]]]]]]],["type",["app",[["arg",["constE",[["levels",["nil",[]]],["name",["str",[["parent",["anonymous",[]]],["value","PsSyntaxDeclaration"]]]]]]],["fn",["constE",[["levels",["nil",[]]],["name",["str",[["parent",["anonymous",[]]],["value","List"]]]]]]]]]]]],"originalOuterArguments":1,"partialApplicationType":"PsEnvironment -> List PsDeclaration -> Except PsElabError PsElabModuleResult","genericPartialWrapperElaborated":true},{"name":"psBuildErasureDeclarationNamesWorker","completePublicType":"List PsDeclaration -> PsErasureNameState -> PsErasureNameState","coreType":["forallE",[["binder",["explicit",[]]],["body",["forallE",[["binder",["explicit",[]]],["body",["constE",[["levels",["nil",[]]],["name",["str",[["parent",["anonymous",[]]],["value","PsErasureNameState"]]]]]]],["type",["constE",[["levels",["nil",[]]],["name",["str",[["parent",["anonymous",[]]],["value","PsErasureNameState"]]]]]]]]]],["type",["app",[["arg",["constE",[["levels",["nil",[]]],["name",["str",[["parent",["anonymous",[]]],["value","PsDeclaration"]]]]]]],["fn",["constE",[["levels",["nil",[]]],["name",["str",[["parent",["anonymous",[]]],["value","List"]]]]]]]]]]]],"originalOuterArguments":1,"partialApplicationType":"PsErasureNameState -> PsErasureNameState","genericPartialWrapperElaborated":true},{"name":"psEraseDefinitionsLoopWorker","completePublicType":"PsEnvironment -> PsErasureScope -> List PsDeclaration -> List PsVerifiedIrDeclaration -> Except PsErasureError (List PsVerifiedIrDeclaration)","coreType":["forallE",[["binder",["explicit",[]]],["body",["forallE",[["binder",["explicit",[]]],["body",["forallE",[["binder",["explicit",[]]],["body",["forallE",[["binder",["explicit",[]]],["body",["app",[["arg",["app",[["arg",["constE",[["levels",["nil",[]]],["name",["str",[["parent",["anonymous",[]]],["value","PsVerifiedIrDeclaration"]]]]]]],["fn",["constE",[["levels",["nil",[]]],["name",["str",[["parent",["anonymous",[]]],["value","List"]]]]]]]]]],["fn",["app",[["arg",["constE",[["levels",["nil",[]]],["name",["str",[["parent",["anonymous",[]]],["value","PsErasureError"]]]]]]],["fn",["constE",[["levels",["nil",[]]],["name",["str",[["parent",["anonymous",[]]],["value","Except"]]]]]]]]]]]]],["type",["app",[["arg",["constE",[["levels",["nil",[]]],["name",["str",[["parent",["anonymous",[]]],["value","PsVerifiedIrDeclaration"]]]]]]],["fn",["constE",[["levels",["nil",[]]],["name",["str",[["parent",["anonymous",[]]],["value","List"]]]]]]]]]]]]],["type",["app",[["arg",["constE",[["levels",["nil",[]]],["name",["str",[["parent",["anonymous",[]]],["value","PsDeclaration"]]]]]]],["fn",["constE",[["levels",["nil",[]]],["name",["str",[["parent",["anonymous",[]]],["value","List"]]]]]]]]]]]]],["type",["constE",[["levels",["nil",[]]],["name",["str",[["parent",["anonymous",[]]],["value","PsErasureScope"]]]]]]]]]],["type",["constE",[["levels",["nil",[]]],["name",["str",[["parent",["anonymous",[]]],["value","PsEnvironment"]]]]]]]]],"originalOuterArguments":3,"partialApplicationType":"List PsVerifiedIrDeclaration -> Except PsErasureError (List PsVerifiedIrDeclaration)","genericPartialWrapperElaborated":true},{"name":"psPrepareRuntimeStructures","completePublicType":"PsEnvironment -> List PsDeclaration -> List PsDeclaration -> PsErasureScope -> List PsVerifiedIrStructure -> Except PsErasureError PsPreparedStructuresResult","coreType":["forallE",[["binder",["explicit",[]]],["body",["forallE",[["binder",["explicit",[]]],["body",["forallE",[["binder",["explicit",[]]],["body",["forallE",[["binder",["explicit",[]]],["body",["forallE",[["binder",["explicit",[]]],["body",["app",[["arg",["constE",[["levels",["nil",[]]],["name",["str",[["parent",["anonymous",[]]],["value","PsPreparedStructuresResult"]]]]]]],["fn",["app",[["arg",["constE",[["levels",["nil",[]]],["name",["str",[["parent",["anonymous",[]]],["value","PsErasureError"]]]]]]],["fn",["constE",[["levels",["nil",[]]],["name",["str",[["parent",["anonymous",[]]],["value","Except"]]]]]]]]]]]]],["type",["app",[["arg",["constE",[["levels",["nil",[]]],["name",["str",[["parent",["anonymous",[]]],["value","PsVerifiedIrStructure"]]]]]]],["fn",["constE",[["levels",["nil",[]]],["name",["str",[["parent",["anonymous",[]]],["value","List"]]]]]]]]]]]]],["type",["constE",[["levels",["nil",[]]],["name",["str",[["parent",["anonymous",[]]],["value","PsErasureScope"]]]]]]]]]],["type",["app",[["arg",["constE",[["levels",["nil",[]]],["name",["str",[["parent",["anonymous",[]]],["value","PsDeclaration"]]]]]]],["fn",["constE",[["levels",["nil",[]]],["name",["str",[["parent",["anonymous",[]]],["value","List"]]]]]]]]]]]]],["type",["app",[["arg",["constE",[["levels",["nil",[]]],["name",["str",[["parent",["anonymous",[]]],["value","PsDeclaration"]]]]]]],["fn",["constE",[["levels",["nil",[]]],["name",["str",[["parent",["anonymous",[]]],["value","List"]]]]]]]]]]]]],["type",["constE",[["levels",["nil",[]]],["name",["str",[["parent",["anonymous",[]]],["value","PsEnvironment"]]]]]]]]],"originalOuterArguments":3,"partialApplicationType":"PsErasureScope -> List PsVerifiedIrStructure -> Except PsErasureError PsPreparedStructuresResult","genericPartialWrapperElaborated":true},{"name":"psPrepareRuntimeInductives","completePublicType":"PsEnvironment -> List PsDeclaration -> List PsDeclaration -> PsErasureScope -> List PsVerifiedIrInductive -> Except PsErasureError PsPreparedInductivesResult","coreType":["forallE",[["binder",["explicit",[]]],["body",["forallE",[["binder",["explicit",[]]],["body",["forallE",[["binder",["explicit",[]]],["body",["forallE",[["binder",["explicit",[]]],["body",["forallE",[["binder",["explicit",[]]],["body",["app",[["arg",["constE",[["levels",["nil",[]]],["name",["str",[["parent",["anonymous",[]]],["value","PsPreparedInductivesResult"]]]]]]],["fn",["app",[["arg",["constE",[["levels",["nil",[]]],["name",["str",[["parent",["anonymous",[]]],["value","PsErasureError"]]]]]]],["fn",["constE",[["levels",["nil",[]]],["name",["str",[["parent",["anonymous",[]]],["value","Except"]]]]]]]]]]]]],["type",["app",[["arg",["constE",[["levels",["nil",[]]],["name",["str",[["parent",["anonymous",[]]],["value","PsVerifiedIrInductive"]]]]]]],["fn",["constE",[["levels",["nil",[]]],["name",["str",[["parent",["anonymous",[]]],["value","List"]]]]]]]]]]]]],["type",["constE",[["levels",["nil",[]]],["name",["str",[["parent",["anonymous",[]]],["value","PsErasureScope"]]]]]]]]]],["type",["app",[["arg",["constE",[["levels",["nil",[]]],["name",["str",[["parent",["anonymous",[]]],["value","PsDeclaration"]]]]]]],["fn",["constE",[["levels",["nil",[]]],["name",["str",[["parent",["anonymous",[]]],["value","List"]]]]]]]]]]]]],["type",["app",[["arg",["constE",[["levels",["nil",[]]],["name",["str",[["parent",["anonymous",[]]],["value","PsDeclaration"]]]]]]],["fn",["constE",[["levels",["nil",[]]],["name",["str",[["parent",["anonymous",[]]],["value","List"]]]]]]]]]]]]],["type",["constE",[["levels",["nil",[]]],["name",["str",[["parent",["anonymous",[]]],["value","PsEnvironment"]]]]]]]]],"originalOuterArguments":3,"partialApplicationType":"PsErasureScope -> List PsVerifiedIrInductive -> Except PsErasureError PsPreparedInductivesResult","genericPartialWrapperElaborated":true},{"name":"psTsBuildSymbolMap","completePublicType":"String -> List String -> PsTsSymbolMapState -> PsTsSymbolMapState","coreType":["forallE",[["binder",["explicit",[]]],["body",["forallE",[["binder",["explicit",[]]],["body",["forallE",[["binder",["explicit",[]]],["body",["constE",[["levels",["nil",[]]],["name",["str",[["parent",["anonymous",[]]],["value","PsTsSymbolMapState"]]]]]]],["type",["constE",[["levels",["nil",[]]],["name",["str",[["parent",["anonymous",[]]],["value","PsTsSymbolMapState"]]]]]]]]]],["type",["app",[["arg",["constE",[["levels",["nil",[]]],["name",["str",[["parent",["anonymous",[]]],["value","String"]]]]]]],["fn",["constE",[["levels",["nil",[]]],["name",["str",[["parent",["anonymous",[]]],["value","List"]]]]]]]]]]]]],["type",["constE",[["levels",["nil",[]]],["name",["str",[["parent",["anonymous",[]]],["value","String"]]]]]]]]],"originalOuterArguments":2,"partialApplicationType":"PsTsSymbolMapState -> PsTsSymbolMapState","genericPartialWrapperElaborated":true}],"referenceTypeSha256":"a65845d1f9f30b55f1b8b3599c264ae39e4c35fe7c84367575ea6b504644ab82","phase":"elaboration-and-admission-encoding","mergedIntoAuthoritativeClosure":false,"erasedOrEmitted":false,"runtimeExecuted":false,"currentSourceCoreOrIrCompared":false,"fullBaselineClosurePreparedAgain":false},"passed":true,"compilerBuilt":false,"currentSourceQualifiedByThisCheck":false}
2026-10-09T23:29:29.3789764Z ##[group]Run node scripts/sh1-qualify.mjs native-candidate --native .lake/build/bin/psc1 --out dist/sh1/development
2026-10-09T23:29:29.3790608Z [36;1mnode scripts/sh1-qualify.mjs native-candidate --native .lake/build/bin/psc1 --out dist/sh1/development[0m
2026-10-09T23:29:29.3859222Z shell: /usr/bin/bash -e {0}
2026-10-09T23:29:29.3859613Z env:
2026-10-09T23:29:29.3860090Z   PSC0_TSC: /home/runner/work/_temp/psc0-typescript-7.0.2/node_modules/typescript/bin/tsc
2026-10-09T23:29:29.3860562Z   PSC0_TYPESCRIPT_VERSION: 7.0.2
2026-10-09T23:29:29.3860828Z ##[endgroup]
2026-10-09T23:29:32.5344343Z PSC0_SH1_STRICT_SOURCE_NATIVE_REJECTED: {"schemaVersion":1,"evidence":"native-atomic-source-refusal","strictSh1Qualified":false,"semanticContractQualified":false,"providerChecked":false,"stage":"source","code":"source-compiler","moduleName":"Ps.Erasure.Expr","detail":"641:31: expected '=>', got '('"}
2026-10-09T23:29:32.5345807Z uncaught exception: PSC0_SH1_STRICT_SOURCE_NATIVE_REJECTED
2026-10-09T23:29:32.5356841Z node:internal/modules/run_main:123
2026-10-09T23:29:32.5357978Z     triggerUncaughtException(
2026-10-09T23:29:32.5358613Z     ^
2026-10-09T23:29:32.5358804Z 
2026-10-09T23:29:32.5359246Z AssertionError [ERR_ASSERTION]: PSC0_SH1_STRICT_NATIVE_EXECUTION
2026-10-09T23:29:32.5359765Z 
2026-10-09T23:29:32.5359931Z 1 !== 0
2026-10-09T23:29:32.5360107Z 
2026-10-09T23:29:32.5360801Z     at nativeCandidate (file:///home/runner/work/pskernel/pskernel/psc0/scripts/sh1-qualify.mjs:918:10)
2026-10-09T23:29:32.5361722Z     at async file:///home/runner/work/pskernel/pskernel/psc0/scripts/sh1-qualify.mjs:1058:3 {
2026-10-09T23:29:32.5362204Z   generatedMessage: false,
2026-10-09T23:29:32.5362485Z   code: 'ERR_ASSERTION',
2026-10-09T23:29:32.5362735Z   actual: 1,
2026-10-09T23:29:32.5362950Z   expected: 0,
2026-10-09T23:29:32.5363188Z   operator: 'strictEqual',
2026-10-09T23:29:32.5363433Z   diff: 'simple'
2026-10-09T23:29:32.5363665Z }
2026-10-09T23:29:32.5363780Z 
2026-10-09T23:29:32.5363883Z Node.js v22.23.3
2026-10-09T23:29:32.5422921Z ##[error]Process completed with exit code 1.
2026-10-09T23:29:32.5501602Z ##[group]Run actions/cache/save@v4
2026-10-09T23:29:32.5501881Z with:
2026-10-09T23:29:32.5502097Z   path: psc0/.lake/build
2026-10-09T23:29:32.5502839Z   key: psc0-sh1-current-v1-Linux-X64-345295c92e112d8a5f19f7c147c3db40b6f4598f2c2154577e66ac53440ca424-ts7.0.2-00e963bb8c84fc9b29f7cc8228f1520de5ca2081
2026-10-09T23:29:32.5503781Z   enableCrossOsArchive: false
2026-10-09T23:29:32.5504046Z env:
2026-10-09T23:29:32.5504421Z   PSC0_TSC: /home/runner/work/_temp/psc0-typescript-7.0.2/node_modules/typescript/bin/tsc
2026-10-09T23:29:32.5504874Z   PSC0_TYPESCRIPT_VERSION: 7.0.2
2026-10-09T23:29:32.5505142Z ##[endgroup]
2026-10-09T23:29:32.6618388Z (node:4038) [DEP0040] DeprecationWarning: The `punycode` module is deprecated. Please use a userland alternative instead.
2026-10-09T23:29:32.6619356Z (Use `node --trace-deprecation ...` to show where the warning was created)
2026-10-09T23:29:32.6810716Z [command]/usr/bin/tar --posix -cf cache.tzst --exclude cache.tzst -P -C /home/runner/work/pskernel/pskernel --files-from manifest.txt --use-compress-program zstdmt
2026-10-09T23:29:33.0473433Z (node:4038) [DEP0169] DeprecationWarning: `url.parse()` behavior is not standardized and prone to errors that have security implications. Use the WHATWG URL API instead. CVEs are not issued for `url.parse()` vulnerabilities.
2026-10-09T23:29:33.6143650Z Sent 24184780 of 24184780 (100.0%), 39.8 MBs/sec
2026-10-09T23:29:33.7144726Z Cache saved with key: psc0-sh1-current-v1-Linux-X64-345295c92e112d8a5f19f7c147c3db40b6f4598f2c2154577e66ac53440ca424-ts7.0.2-00e963bb8c84fc9b29f7cc8228f1520de5ca2081
2026-10-09T23:29:33.7276487Z ##[group]Run actions/upload-artifact@v4
2026-10-09T23:29:33.7276991Z with:
2026-10-09T23:29:33.7277820Z   name: psc0-sh1-ts7.0.2-00e963bb8c84fc9b29f7cc8228f1520de5ca2081
2026-10-09T23:29:33.7279006Z   path: psc0/dist/sh1
psc0/.selfhost-seeds
psc0/dist/sh1-native-seed-recovery
psc0/dist/sh1-seed-selection
psc0/dist/typescript-profile

2026-10-09T23:29:33.7280079Z   include-hidden-files: true
2026-10-09T23:29:33.7280519Z   if-no-files-found: ignore
2026-10-09T23:29:33.7280946Z   retention-days: 30
2026-10-09T23:29:33.7281325Z   compression-level: 6
2026-10-09T23:29:33.7281723Z   overwrite: false
2026-10-09T23:29:33.7282111Z env:
2026-10-09T23:29:33.7282723Z   PSC0_TSC: /home/runner/work/_temp/psc0-typescript-7.0.2/node_modules/typescript/bin/tsc
2026-10-09T23:29:33.7283498Z   PSC0_TYPESCRIPT_VERSION: 7.0.2
2026-10-09T23:29:33.7283926Z ##[endgroup]
2026-10-09T23:29:33.9246626Z (node:4058) [DEP0040] DeprecationWarning: The `punycode` module is deprecated. Please use a userland alternative instead.
2026-10-09T23:29:33.9247614Z (Use `node --trace-deprecation ...` to show where the warning was created)
2026-10-09T23:29:33.9415780Z Multiple search paths detected. Calculating the least common ancestor of all paths
2026-10-09T23:29:33.9419113Z The least common ancestor is /home/runner/work/pskernel/pskernel/psc0. This will be the root directory of the artifact
2026-10-09T23:29:33.9420298Z With the provided path, there will be 44 files uploaded
2026-10-09T23:29:33.9438334Z Artifact name is valid!
2026-10-09T23:29:33.9458297Z Root directory input is valid!
2026-10-09T23:29:34.1723041Z Beginning upload of artifact content to blob storage
2026-10-09T23:29:34.3115272Z (node:4058) [DEP0169] DeprecationWarning: `url.parse()` behavior is not standardized and prone to errors that have security implications. Use the WHATWG URL API instead. CVEs are not issued for `url.parse()` vulnerabilities.
2026-10-09T23:29:34.5836841Z Uploaded bytes 463965
2026-10-09T23:29:34.6188464Z Finished uploading artifact content to blob storage!
2026-10-09T23:29:34.6189833Z SHA256 digest of uploaded artifact zip is 2045862d164cad3c781e3c5a21440bc1ae588398044b096e37437c89e28ae693
2026-10-09T23:29:34.6190997Z Finalizing artifact upload
2026-10-09T23:29:34.8285824Z Artifact psc0-sh1-ts7.0.2-00e963bb8c84fc9b29f7cc8228f1520de5ca2081.zip successfully finalized. Artifact ID 11651005983
2026-10-09T23:29:34.8287721Z Artifact psc0-sh1-ts7.0.2-00e963bb8c84fc9b29f7cc8228f1520de5ca2081 has been successfully uploaded! Final size is 463965 bytes. Artifact ID is 11651005983
2026-10-09T23:29:34.8289404Z Artifact download URL: https://github.com/dwijayuda/pskernel/actions/runs/38004581681/artifacts/11651005983
2026-10-09T23:29:34.9472669Z Post job cleanup.
2026-10-09T23:29:35.0340234Z [command]/usr/bin/git version
2026-10-09T23:29:35.0384564Z git version 2.55.0
2026-10-09T23:29:35.0421787Z Temporarily overriding HOME='/home/runner/work/_temp/177ecccc-f780-4540-8a4f-d5b9ffa7301b' before making global git config changes
2026-10-09T23:29:35.0423568Z Adding repository directory to the temporary git global config as a safe directory
2026-10-09T23:29:35.0433107Z [command]/usr/bin/git config --global --add safe.directory /home/runner/work/pskernel/pskernel
2026-10-09T23:29:35.0554987Z [command]/usr/bin/git config --local --name-only --get-regexp core\.sshCommand
2026-10-09T23:29:35.0597877Z [command]/usr/bin/git submodule foreach --recursive sh -c "git config --local --name-only --get-regexp 'core\.sshCommand' && git config --local --unset-all 'core.sshCommand' || :"
2026-10-09T23:29:35.0897025Z [command]/usr/bin/git config --local --name-only --get-regexp http\.https\:\/\/github\.com\/\.extraheader
2026-10-09T23:29:35.0925142Z http.https://github.com/.extraheader
2026-10-09T23:29:35.0947347Z [command]/usr/bin/git config --local --unset-all http.https://github.com/.extraheader
2026-10-09T23:29:35.2604959Z [command]/usr/bin/git submodule foreach --recursive sh -c "git config --local --name-only --get-regexp 'http\.https\:\/\/github\.com\/\.extraheader' && git config --local --unset-all 'http.https://github.com/.extraheader' || :"
2026-10-09T23:29:35.2884492Z [command]/usr/bin/git config --local --name-only --get-regexp ^includeIf\.gitdir:
2026-10-09T23:29:35.2923874Z [command]/usr/bin/git submodule foreach --recursive git config --local --show-origin --name-only --get-regexp remote.origin.url
2026-10-09T23:29:35.3354757Z Evaluate and set job outputs
2026-10-09T23:29:35.3360354Z Set output 'qualified'
2026-10-09T23:29:35.3362451Z Set output 'node-version'
2026-10-09T23:29:35.3363554Z Cleaning up orphan processes
2026-10-09T23:29:35.3687759Z ##[warning]Node.js 20 is deprecated. The following actions target Node.js 20 but are being forced to run on Node.js 24: actions/cache/restore@v4, actions/cache/save@v4, actions/checkout@v4, actions/github-script@v7, actions/setup-node@v4, actions/upload-artifact@v4. For more information see: https://github.blog/changelog/2025-09-19-deprecation-of-node-20-on-github-actions-runners/
